timestamp,asset_id,failure_type,maintenance_status,machine_failure,air_temperature_k,process_temperature_k,rotational_speed_rpm,torque_nm,tool_wear_min
2025-01-01 00:00:00,M14860,No Failure,Operational,0,298.1,308.6,1551,42.8,0
2025-01-01 01:00:00,L47181,No Failure,Operational,0,298.2,308.7,1408,46.3,3
2025-01-01 02:00:00,L47182,No Failure,Operational,0,298.1,308.5,1498,49.4,5
2025-01-01 03:00:00,L47183,No Failure,Operational,0,298.2,308.6,1433,39.5,7
2025-01-01 04:00:00,L47184,No Failure,Operational,0,298.2,308.7,1408,40.0,9
2025-01-01 05:00:00,M14865,No Failure,Operational,0,298.1,308.6,1425,41.9,11
2025-01-01 06:00:00,L47186,No Failure,Operational,0,298.1,308.6,1558,42.4,14
2025-01-01 07:00:00,L47187,No Failure,Operational,0,298.1,308.6,1527,40.2,16
2025-01-01 08:00:00,M14868,No Failure,Operational,0,298.3,308.7,1667,28.6,18
2025-01-01 09:00:00,M14869,No Failure,Operational,0,298.5,309.0,1741,28.0,21
2025-01-01 10:00:00,H29424,No Failure,Operational,0,298.4,308.9,1782,23.9,24
2025-01-01 11:00:00,H29425,No Failure,Operational,0,298.6,309.1,1423,44.3,29
2025-01-01 12:00:00,M14872,No Failure,Operational,0,298.6,309.1,1339,51.1,34
2025-01-01 13:00:00,M14873,No Failure,Operational,0,298.6,309.2,1742,30.0,37
2025-01-01 14:00:00,L47194,No Failure,Operational,0,298.6,309.2,2035,19.6,40
2025-01-01 15:00:00,L47195,No Failure,Operational,0,298.6,309.2,1542,48.4,42
2025-01-01 16:00:00,M14876,No Failure,Operational,0,298.6,309.2,1311,46.6,44
2025-01-01 17:00:00,M14877,No Failure,Operational,0,298.7,309.2,1410,45.6,47
2025-01-01 18:00:00,H29432,No Failure,Operational,0,298.8,309.2,1306,54.5,50
2025-01-01 19:00:00,M14879,No Failure,Operational,0,298.9,309.3,1632,32.5,55
2025-01-01 20:00:00,H29434,No Failure,Operational,0,298.9,309.3,1375,42.7,58
2025-01-01 21:00:00,L47201,No Failure,Operational,0,298.8,309.3,1450,44.8,63
2025-01-01 22:00:00,M14882,No Failure,Operational,0,298.9,309.3,1581,30.7,65
2025-01-01 23:00:00,L47203,No Failure,Operational,0,299.0,309.4,1758,25.7,68
2025-01-02 00:00:00,M14884,No Failure,Operational,0,299.0,309.4,1561,37.3,70
2025-01-02 01:00:00,L47205,No Failure,Operational,0,299.0,309.5,1861,23.3,73
2025-01-02 02:00:00,L47206,No Failure,Operational,0,299.1,309.5,1512,39.0,75
2025-01-02 03:00:00,H29441,No Failure,Operational,0,299.1,309.4,1811,24.6,77
2025-01-02 04:00:00,L47208,No Failure,Operational,0,299.1,309.4,1439,44.2,82
2025-01-02 05:00:00,L47209,No Failure,Operational,0,299.0,309.4,1693,30.1,84
2025-01-02 06:00:00,M14890,No Failure,Operational,0,299.1,309.5,1339,48.2,86
2025-01-02 07:00:00,L47211,No Failure,Operational,0,299.0,309.4,1798,25.5,89
2025-01-02 08:00:00,L47212,No Failure,Operational,0,299.0,309.4,1419,48.3,91
2025-01-02 09:00:00,L47213,No Failure,Operational,0,298.9,309.3,1665,32.5,93
2025-01-02 10:00:00,M14894,No Failure,Operational,0,298.8,309.1,1559,34.7,95
2025-01-02 11:00:00,M14895,No Failure,Operational,0,298.8,309.2,1452,48.6,98
2025-01-02 12:00:00,M14896,No Failure,Operational,0,298.9,309.2,1581,36.7,101
2025-01-02 13:00:00,L47217,No Failure,Operational,0,298.8,309.1,1439,39.2,104
2025-01-02 14:00:00,H29452,No Failure,Operational,0,298.9,309.2,1379,50.7,106
2025-01-02 15:00:00,L47219,No Failure,Operational,0,298.8,309.1,1350,52.5,111
2025-01-02 16:00:00,L47220,No Failure,Operational,0,298.8,309.1,1362,45.4,113
2025-01-02 17:00:00,L47221,No Failure,Operational,0,298.8,309.1,1368,50.8,115
2025-01-02 18:00:00,M14902,No Failure,Operational,0,298.8,309.1,1368,49.1,117
2025-01-02 19:00:00,H29457,No Failure,Operational,0,298.8,309.2,1372,48.5,120
2025-01-02 20:00:00,M14904,No Failure,Operational,0,298.8,309.1,1472,47.5,125
2025-01-02 21:00:00,L47225,No Failure,Operational,0,298.8,309.1,1489,49.1,128
2025-01-02 22:00:00,M14906,No Failure,Operational,0,298.7,309.0,1843,25.8,130
2025-01-02 23:00:00,L47227,No Failure,Operational,0,298.8,309.1,1418,46.3,133
2025-01-03 00:00:00,H29462,No Failure,Operational,0,298.8,309.2,1425,53.9,135
2025-01-03 01:00:00,M14909,No Failure,Operational,0,298.9,309.2,1412,44.1,140
2025-01-03 02:00:00,L47230,Power Failure,Maintenance Required,1,298.9,309.1,2861,4.6,143
2025-01-03 03:00:00,L47231,No Failure,Operational,0,298.9,309.1,1383,54.9,145
2025-01-03 04:00:00,H29466,No Failure,Operational,0,298.8,309.0,1497,43.8,147
2025-01-03 05:00:00,L47233,No Failure,Operational,0,298.7,309.0,1565,35.1,152
2025-01-03 06:00:00,L47234,No Failure,Operational,0,298.7,309.0,1691,30.1,154
2025-01-03 07:00:00,L47235,No Failure,Operational,0,298.8,309.1,1512,40.7,156
2025-01-03 08:00:00,L47236,No Failure,Operational,0,298.8,309.1,1477,42.4,158
2025-01-03 09:00:00,L47237,No Failure,Operational,0,298.8,309.1,1513,40.3,160
2025-01-03 10:00:00,M14918,No Failure,Operational,0,298.8,309.0,1661,29.5,162
2025-01-03 11:00:00,L47239,No Failure,Operational,0,298.8,309.1,1378,54.4,165
2025-01-03 12:00:00,L47240,No Failure,Operational,0,298.8,309.1,1393,52.6,167
2025-01-03 13:00:00,M14921,No Failure,Operational,0,298.8,309.0,1592,38.2,169
2025-01-03 14:00:00,L47242,No Failure,Operational,0,298.8,309.0,1829,22.9,172
2025-01-03 15:00:00,M14923,No Failure,Operational,0,298.9,309.0,1812,25.9,174
2025-01-03 16:00:00,L47244,No Failure,Operational,0,299.0,309.1,1523,38.6,177
2025-01-03 17:00:00,L47245,No Failure,Operational,0,299.0,309.1,1394,45.1,179
2025-01-03 18:00:00,M14926,No Failure,Operational,0,298.9,308.9,1679,28.7,181
2025-01-03 19:00:00,H29481,No Failure,Operational,0,298.8,308.9,1466,44.1,184
2025-01-03 20:00:00,L47248,No Failure,Operational,0,298.8,308.9,1527,32.4,189
2025-01-03 21:00:00,L47249,Power Failure,Maintenance Required,1,298.9,309.0,1410,65.7,191
2025-01-03 22:00:00,M14930,No Failure,Operational,0,298.9,309.0,1924,22.6,193
2025-01-03 23:00:00,L47251,No Failure,Operational,0,298.9,309.1,1452,45.5,196
2025-01-04 00:00:00,L47252,No Failure,Operational,0,298.9,309.1,1369,44.4,198
2025-01-04 01:00:00,L47253,No Failure,Operational,0,299.0,309.1,1592,35.0,200
2025-01-04 02:00:00,L47254,No Failure,Operational,0,298.9,309.0,1601,32.3,202
2025-01-04 03:00:00,L47255,No Failure,Operational,0,298.8,308.9,1379,46.7,204
2025-01-04 04:00:00,L47256,No Failure,Operational,0,298.8,308.9,1461,47.9,206
2025-01-04 05:00:00,L47257,Tool Wear Failure,Maintenance Required,1,298.8,308.9,1455,41.3,208
2025-01-04 06:00:00,L47258,No Failure,Operational,0,298.8,308.9,1398,51.5,0
2025-01-04 07:00:00,L47259,No Failure,Operational,0,298.8,308.9,1402,37.9,2
2025-01-04 08:00:00,H29494,No Failure,Operational,0,298.8,308.8,1445,49.9,4
2025-01-04 09:00:00,L47261,No Failure,Operational,0,298.9,308.9,1450,47.5,9
2025-01-04 10:00:00,L47262,No Failure,Operational,0,298.9,308.9,1453,40.8,11
2025-01-04 11:00:00,L47263,No Failure,Operational,0,299.0,309.0,1469,40.1,13
2025-01-04 12:00:00,L47264,No Failure,Operational,0,298.9,308.9,1422,47.6,15
2025-01-04 13:00:00,M14945,No Failure,Operational,0,299.0,309.0,1804,26.8,17
2025-01-04 14:00:00,H29500,No Failure,Operational,0,299.0,309.0,1436,43.9,20
2025-01-04 15:00:00,L47267,No Failure,Operational,0,299.0,309.0,1544,31.8,25
2025-01-04 16:00:00,M14948,No Failure,Operational,0,299.0,309.0,1419,45.2,27
2025-01-04 17:00:00,M14949,No Failure,Operational,0,298.9,308.9,1487,39.5,30
2025-01-04 18:00:00,L47270,No Failure,Operational,0,298.9,308.9,1753,25.8,33
2025-01-04 19:00:00,L47271,No Failure,Operational,0,298.9,308.9,1830,24.9,35
2025-01-04 20:00:00,M14952,No Failure,Operational,0,298.9,308.9,1727,27.1,37
2025-01-04 21:00:00,L47273,No Failure,Operational,0,299.1,309.0,1450,43.0,40
2025-01-04 22:00:00,L47274,No Failure,Operational,0,299.0,308.9,1622,31.9,42
2025-01-04 23:00:00,M14955,No Failure,Operational,0,299.0,309.0,1351,52.2,44
2025-01-05 00:00:00,M14956,No Failure,Operational,0,299.0,309.0,1575,35.3,47
2025-01-05 01:00:00,M14957,No Failure,Operational,0,298.9,308.9,1750,29.9,50
2025-01-05 02:00:00,L47278,No Failure,Operational,0,298.9,308.8,1529,32.7,53
2025-01-05 03:00:00,L47279,No Failure,Operational,0,298.8,308.8,1523,44.4,55
2025-01-05 04:00:00,L47280,No Failure,Operational,0,298.8,308.9,1852,25.0,57
2025-01-05 05:00:00,L47281,No Failure,Operational,0,298.8,308.8,1991,20.7,59
2025-01-05 06:00:00,L47282,No Failure,Operational,0,298.8,308.8,1555,40.6,61
2025-01-05 07:00:00,M14963,No Failure,Operational,0,298.8,308.8,1441,40.5,63
2025-01-05 08:00:00,L47284,No Failure,Operational,0,298.8,308.7,1450,43.4,66
2025-01-05 09:00:00,L47285,No Failure,Operational,0,298.8,308.7,1591,31.1,68
2025-01-05 10:00:00,L47286,No Failure,Operational,0,298.8,308.7,1445,48.5,70
2025-01-05 11:00:00,M14967,No Failure,Operational,0,298.8,308.8,1497,46.8,72
2025-01-05 12:00:00,H29522,No Failure,Operational,0,298.9,308.8,1621,32.7,75
2025-01-05 13:00:00,L47289,No Failure,Operational,0,298.9,308.7,1572,34.1,80
2025-01-05 14:00:00,L47290,No Failure,Operational,0,298.8,308.6,1872,22.5,82
2025-01-05 15:00:00,H29525,No Failure,Operational,0,298.7,308.6,1499,43.5,84
2025-01-05 16:00:00,M14972,No Failure,Operational,0,298.8,308.7,1498,39.5,89
2025-01-05 17:00:00,M14973,No Failure,Operational,0,298.8,308.6,1486,41.9,92
2025-01-05 18:00:00,L47294,No Failure,Operational,0,298.8,308.6,1680,29.4,95
2025-01-05 19:00:00,L47295,No Failure,Operational,0,298.8,308.6,1431,45.7,97
2025-01-05 20:00:00,L47296,No Failure,Operational,0,298.9,308.7,1564,34.1,99
2025-01-05 21:00:00,L47297,No Failure,Operational,0,298.8,308.6,1599,33.0,101
2025-01-05 22:00:00,M14978,No Failure,Operational,0,298.8,308.6,1707,28.1,103
2025-01-05 23:00:00,L47299,No Failure,Operational,0,298.7,308.5,1467,40.7,106
2025-01-06 00:00:00,L47300,No Failure,Operational,0,298.9,308.7,1433,44.7,108
2025-01-06 01:00:00,L47301,No Failure,Operational,0,298.9,308.7,1558,41.2,110
2025-01-06 02:00:00,L47302,No Failure,Operational,0,299.0,308.8,1310,50.7,112
2025-01-06 03:00:00,L47303,No Failure,Operational,0,298.9,308.7,1546,43.4,114
2025-01-06 04:00:00,L47304,No Failure,Operational,0,298.9,308.7,1727,29.4,116
2025-01-06 05:00:00,L47305,No Failure,Operational,0,298.9,308.6,1560,32.2,118
2025-01-06 06:00:00,L47306,No Failure,Operational,0,299.0,308.6,1329,60.5,120
2025-01-06 07:00:00,L47307,No Failure,Operational,0,298.9,308.6,1413,46.5,122
2025-01-06 08:00:00,L47308,No Failure,Operational,0,299.0,308.6,1587,38.6,124
2025-01-06 09:00:00,L47309,No Failure,Operational,0,298.9,308.5,1559,34.3,126
2025-01-06 10:00:00,L47310,No Failure,Operational,0,298.8,308.4,1473,41.1,128
2025-01-06 11:00:00,L47311,No Failure,Operational,0,298.8,308.4,1737,27.7,130
2025-01-06 12:00:00,M14992,No Failure,Operational,0,298.7,308.4,1441,43.2,132
2025-01-06 13:00:00,M14993,No Failure,Operational,0,298.7,308.4,1430,49.6,135
2025-01-06 14:00:00,L47314,No Failure,Operational,0,298.8,308.4,1369,53.0,138
2025-01-06 15:00:00,M14995,No Failure,Operational,0,298.8,308.5,1711,28.5,140
2025-01-06 16:00:00,H29550,No Failure,Operational,0,298.7,308.5,1420,45.7,143
2025-01-06 17:00:00,L47317,No Failure,Operational,0,298.7,308.6,1297,55.3,148
2025-01-06 18:00:00,H29552,No Failure,Operational,0,298.8,308.6,1449,49.4,150
2025-01-06 19:00:00,L47319,No Failure,Operational,0,298.8,308.6,1268,55.8,155
2025-01-06 20:00:00,L47320,No Failure,Operational,0,298.8,308.6,1511,36.1,157
2025-01-06 21:00:00,L47321,No Failure,Operational,0,298.7,308.5,1544,35.2,159
2025-01-06 22:00:00,M15002,No Failure,Operational,0,298.6,308.4,1778,28.2,161
2025-01-06 23:00:00,H29557,No Failure,Operational,0,298.6,308.4,1407,50.5,164
2025-01-07 00:00:00,M15004,No Failure,Operational,0,298.6,308.4,1391,42.4,169
2025-01-07 01:00:00,L47325,No Failure,Operational,0,298.5,308.4,1513,33.6,172
2025-01-07 02:00:00,H29560,No Failure,Operational,0,298.5,308.4,1612,36.1,174
2025-01-07 03:00:00,L47327,No Failure,Operational,0,298.4,308.4,1515,40.1,179
2025-01-07 04:00:00,M15008,No Failure,Operational,0,298.3,308.3,1379,48.0,181
2025-01-07 05:00:00,L47329,No Failure,Operational,0,298.4,308.3,1473,39.9,184
2025-01-07 06:00:00,L47330,No Failure,Operational,0,298.4,308.3,1422,42.7,186
2025-01-07 07:00:00,M15011,No Failure,Operational,0,298.4,308.2,1463,37.6,188
2025-01-07 08:00:00,M15012,No Failure,Operational,0,298.4,308.2,1584,41.0,191
2025-01-07 09:00:00,L47333,No Failure,Operational,0,298.4,308.2,1850,27.0,194
2025-01-07 10:00:00,L47334,No Failure,Operational,0,298.4,308.2,1528,36.2,196
2025-01-07 11:00:00,H29569,No Failure,Operational,0,298.4,308.2,1987,19.8,198
2025-01-07 12:00:00,M15016,No Failure,Operational,0,298.4,308.1,1495,46.0,203
2025-01-07 13:00:00,H29571,No Failure,Operational,0,298.4,308.2,1478,43.5,206
2025-01-07 14:00:00,M15018,No Failure,Operational,0,298.4,308.2,1499,40.0,211
2025-01-07 15:00:00,L47339,No Failure,Operational,0,298.4,308.2,1471,47.0,214
2025-01-07 16:00:00,L47340,Overstrain Failure,Maintenance Required,1,298.4,308.2,1282,60.7,216
2025-01-07 17:00:00,L47341,Overstrain Failure,Maintenance Required,1,298.3,308.1,1412,52.3,218
2025-01-07 18:00:00,L47342,No Failure,Operational,0,298.3,308.1,1586,35.5,0
2025-01-07 19:00:00,M15023,No Failure,Operational,0,298.4,308.2,1468,43.8,2
2025-01-07 20:00:00,M15024,No Failure,Operational,0,298.5,308.3,1440,43.6,5
2025-01-07 21:00:00,L47345,No Failure,Operational,0,298.5,308.4,1733,26.0,8
2025-01-07 22:00:00,H29580,No Failure,Operational,0,298.4,308.2,1612,32.6,10
2025-01-07 23:00:00,H29581,No Failure,Operational,0,298.4,308.3,1458,42.9,15
2025-01-08 00:00:00,L47348,Power Failure,Maintenance Required,1,298.4,308.3,1433,62.3,20
2025-01-08 01:00:00,L47349,No Failure,Operational,0,298.4,308.3,1318,59.1,22
2025-01-08 02:00:00,M15030,No Failure,Operational,0,298.4,308.2,1610,35.0,24
2025-01-08 03:00:00,L47351,No Failure,Operational,0,298.2,308.1,1462,50.8,27
2025-01-08 04:00:00,M15032,No Failure,Operational,0,298.1,308.0,1924,20.8,29
2025-01-08 05:00:00,M15033,No Failure,Operational,0,298.2,308.0,1591,33.7,32
2025-01-08 06:00:00,L47354,No Failure,Operational,0,298.2,308.1,1306,58.3,35
2025-01-08 07:00:00,L47355,No Failure,Operational,0,298.2,308.1,1382,43.5,37
2025-01-08 08:00:00,L47356,No Failure,Operational,0,298.2,308.1,1618,34.7,39
2025-01-08 09:00:00,L47357,No Failure,Operational,0,298.2,308.2,1988,21.4,41
2025-01-08 10:00:00,L47358,No Failure,Operational,0,298.2,308.2,1436,50.2,43
2025-01-08 11:00:00,L47359,No Failure,Operational,0,298.2,308.3,1304,49.8,45
2025-01-08 12:00:00,L47360,No Failure,Operational,0,298.2,308.3,1475,49.9,47
2025-01-08 13:00:00,H29595,No Failure,Operational,0,298.2,308.3,1824,24.2,49
2025-01-08 14:00:00,M15042,No Failure,Operational,0,298.1,308.2,1342,48.1,54
2025-01-08 15:00:00,L47363,No Failure,Operational,0,298.1,308.2,1485,40.7,57
2025-01-08 16:00:00,L47364,No Failure,Operational,0,298.2,308.2,1667,30.6,59
2025-01-08 17:00:00,L47365,No Failure,Operational,0,298.2,308.2,1446,38.2,61
2025-01-08 18:00:00,L47366,No Failure,Operational,0,298.1,308.3,1301,56.0,63
2025-01-08 19:00:00,L47367,No Failure,Operational,0,298.2,308.4,1379,43.1,65
2025-01-08 20:00:00,L47368,No Failure,Operational,0,298.3,308.5,1606,33.6,67
2025-01-08 21:00:00,M15049,No Failure,Operational,0,298.3,308.4,1539,43.4,69
2025-01-08 22:00:00,L47370,No Failure,Operational,0,298.2,308.4,1477,49.9,72
2025-01-08 23:00:00,L47371,No Failure,Operational,0,298.2,308.4,1666,34.6,74
2025-01-09 00:00:00,H29606,No Failure,Operational,0,298.2,308.4,1398,51.8,76
2025-01-09 01:00:00,H29607,No Failure,Operational,0,298.2,308.4,1678,34.6,81
2025-01-09 02:00:00,M15054,Power Failure,Maintenance Required,1,298.2,308.5,2678,10.7,86
2025-01-09 03:00:00,L47375,No Failure,Operational,0,298.3,308.5,1453,42.9,89
2025-01-09 04:00:00,H29610,No Failure,Operational,0,298.3,308.6,1432,49.5,91
2025-01-09 05:00:00,M15057,No Failure,Operational,0,298.4,308.6,1527,40.9,96
2025-01-09 06:00:00,L47378,No Failure,Operational,0,298.4,308.7,1588,35.0,99
2025-01-09 07:00:00,L47379,No Failure,Operational,0,298.4,308.6,1433,47.1,101
2025-01-09 08:00:00,L47380,No Failure,Operational,0,298.4,308.6,1609,35.0,103
2025-01-09 09:00:00,L47381,No Failure,Operational,0,298.3,308.5,1575,41.2,105
2025-01-09 10:00:00,M15062,No Failure,Operational,0,298.4,308.5,1636,35.7,107
2025-01-09 11:00:00,L47383,No Failure,Operational,0,298.4,308.5,1490,37.9,110
2025-01-09 12:00:00,L47384,No Failure,Operational,0,298.4,308.5,1741,32.8,112
2025-01-09 13:00:00,M15065,No Failure,Operational,0,298.5,308.6,1344,53.0,114
2025-01-09 14:00:00,L47386,No Failure,Operational,0,298.5,308.7,1609,35.3,117
2025-01-09 15:00:00,M15067,Power Failure,Maintenance Required,1,298.4,308.7,1421,60.7,119
2025-01-09 16:00:00,L47388,No Failure,Operational,0,298.4,308.6,1591,36.7,122
2025-01-09 17:00:00,L47389,No Failure,Operational,0,298.4,308.6,1477,44.0,124
2025-01-09 18:00:00,L47390,No Failure,Operational,0,298.4,308.7,1523,36.1,126
2025-01-09 19:00:00,L47391,No Failure,Operational,0,298.5,308.7,1575,33.9,128
2025-01-09 20:00:00,H29626,No Failure,Operational,0,298.4,308.7,1344,52.9,130
2025-01-09 21:00:00,L47393,No Failure,Operational,0,298.4,308.7,1386,44.9,135
2025-01-09 22:00:00,M15074,No Failure,Operational,0,298.3,308.6,1589,37.1,137
2025-01-09 23:00:00,L47395,No Failure,Operational,0,298.3,308.6,1548,40.3,140
2025-01-10 00:00:00,L47396,No Failure,Operational,0,298.3,308.6,1499,38.3,142
2025-01-10 01:00:00,L47397,No Failure,Operational,0,298.3,308.5,1664,31.6,144
2025-01-10 02:00:00,L47398,No Failure,Operational,0,298.3,308.6,1447,38.1,146
2025-01-10 03:00:00,M15079,No Failure,Operational,0,298.3,308.5,1434,46.2,148
2025-01-10 04:00:00,L47400,No Failure,Operational,0,298.3,308.5,1416,52.7,151
2025-01-10 05:00:00,H29635,No Failure,Operational,0,298.4,308.5,1827,24.3,153
2025-01-10 06:00:00,L47402,No Failure,Operational,0,298.4,308.6,1304,45.0,158
2025-01-10 07:00:00,L47403,No Failure,Operational,0,298.4,308.6,1569,34.4,160
2025-01-10 08:00:00,L47404,No Failure,Operational,0,298.3,308.6,1584,29.3,162
2025-01-10 09:00:00,L47405,No Failure,Operational,0,298.3,308.5,1362,53.8,164
2025-01-10 10:00:00,L47406,No Failure,Operational,0,298.3,308.4,1329,49.2,166
2025-01-10 11:00:00,L47407,No Failure,Operational,0,298.3,308.5,1539,36.1,168
2025-01-10 12:00:00,M15088,No Failure,Operational,0,298.3,308.5,1629,37.1,170
2025-01-10 13:00:00,L47409,No Failure,Operational,0,298.3,308.5,1538,32.2,173
2025-01-10 14:00:00,L47410,No Failure,Operational,0,298.3,308.6,1570,34.8,175
2025-01-10 15:00:00,L47411,No Failure,Operational,0,298.3,308.4,1408,43.1,177
2025-01-10 16:00:00,L47412,No Failure,Operational,0,298.2,308.4,1424,47.6,179
2025-01-10 17:00:00,L47413,No Failure,Operational,0,298.2,308.4,1512,34.9,181
2025-01-10 18:00:00,L47414,No Failure,Operational,0,298.2,308.4,1478,42.9,183
2025-01-10 19:00:00,M15095,No Failure,Operational,0,298.1,308.3,1680,33.7,185
2025-01-10 20:00:00,L47416,No Failure,Operational,0,298.1,308.3,1495,38.7,188
2025-01-10 21:00:00,M15097,No Failure,Operational,0,298.0,308.1,1552,36.6,190
2025-01-10 22:00:00,L47418,No Failure,Operational,0,297.9,308.1,1393,50.3,193
2025-01-10 23:00:00,L47419,No Failure,Operational,0,298.0,308.2,1611,30.6,195
2025-01-11 00:00:00,M15100,No Failure,Operational,0,298.0,308.1,1339,51.6,197
2025-01-11 01:00:00,L47421,No Failure,Operational,0,298.0,308.1,1777,24.3,200
2025-01-11 02:00:00,L47422,Overstrain Failure,Maintenance Required,1,298.0,308.2,1348,58.8,202
2025-01-11 03:00:00,L47423,No Failure,Operational,0,298.0,308.2,1442,44.1,204
2025-01-11 04:00:00,M15104,No Failure,Operational,0,298.0,308.2,1395,49.1,206
2025-01-11 05:00:00,M15105,No Failure,Operational,0,297.9,308.1,1627,31.4,209
2025-01-11 06:00:00,L47426,No Failure,Operational,0,297.9,308.1,1585,33.5,212
2025-01-11 07:00:00,L47427,No Failure,Operational,0,298.0,308.2,1469,45.5,214
2025-01-11 08:00:00,L47428,Overstrain Failure,Maintenance Required,1,298.0,308.3,1362,56.8,216
2025-01-11 09:00:00,L47429,Overstrain Failure,Maintenance Required,1,298.0,308.3,1405,56.2,218
2025-01-11 10:00:00,L47430,No Failure,Operational,0,298.0,308.3,1662,32.7,0
2025-01-11 11:00:00,M15111,No Failure,Operational,0,298.0,308.2,1466,42.6,2
2025-01-11 12:00:00,L47432,No Failure,Operational,0,298.0,308.2,1620,35.8,5
2025-01-11 13:00:00,L47433,No Failure,Operational,0,298.0,308.2,1357,48.2,7
2025-01-11 14:00:00,L47434,No Failure,Operational,0,298.0,308.2,1514,37.9,9
2025-01-11 15:00:00,L47435,No Failure,Operational,0,298.0,308.2,1489,40.4,11
2025-01-11 16:00:00,L47436,No Failure,Operational,0,298.1,308.3,1331,63.0,13
2025-01-11 17:00:00,L47437,No Failure,Operational,0,298.0,308.0,1615,29.5,15
2025-01-11 18:00:00,L47438,No Failure,Operational,0,298.1,308.2,1482,37.9,17
2025-01-11 19:00:00,M15119,Power Failure,Maintenance Required,1,298.1,308.2,1420,63.9,19
2025-01-11 20:00:00,M15120,No Failure,Operational,0,298.2,308.3,1522,49.1,22
2025-01-11 21:00:00,L47441,No Failure,Operational,0,298.1,308.2,1654,32.1,25
2025-01-11 22:00:00,M15122,No Failure,Operational,0,298.1,308.2,1736,26.8,27
2025-01-11 23:00:00,M15123,No Failure,Operational,0,298.0,308.1,1587,32.3,30
2025-01-12 00:00:00,L47444,No Failure,Operational,0,298.1,308.2,1390,47.5,33
2025-01-12 01:00:00,L47445,No Failure,Operational,0,298.0,308.1,1454,37.1,35
2025-01-12 02:00:00,H29680,No Failure,Operational,0,298.0,308.1,1440,43.7,37
2025-01-12 03:00:00,L47447,No Failure,Operational,0,297.9,308.0,1954,21.1,42
2025-01-12 04:00:00,H29682,No Failure,Operational,0,297.9,308.0,1800,24.8,44
2025-01-12 05:00:00,L47449,No Failure,Operational,0,298.0,308.0,1524,37.0,49
2025-01-12 06:00:00,H29684,No Failure,Operational,0,298.0,308.0,1520,39.6,51
2025-01-12 07:00:00,M15131,No Failure,Operational,0,298.1,308.1,1452,40.8,56
2025-01-12 08:00:00,L47452,No Failure,Operational,0,298.1,308.1,1484,40.4,59
2025-01-12 09:00:00,L47453,No Failure,Operational,0,298.1,308.0,1426,46.0,61
2025-01-12 10:00:00,L47454,No Failure,Operational,0,298.1,308.0,1652,28.5,63
2025-01-12 11:00:00,L47455,No Failure,Operational,0,298.0,308.0,1401,54.7,65
2025-01-12 12:00:00,M15136,No Failure,Operational,0,298.0,307.9,1750,26.6,67
2025-01-12 13:00:00,H29691,No Failure,Operational,0,298.0,308.0,1479,50.7,70
2025-01-12 14:00:00,M15138,No Failure,Operational,0,298.0,308.0,1620,29.4,75
2025-01-12 15:00:00,L47459,No Failure,Operational,0,298.0,308.1,1819,23.4,78
2025-01-12 16:00:00,M15140,No Failure,Operational,0,298.1,308.1,1456,43.7,80
2025-01-12 17:00:00,L47461,No Failure,Operational,0,298.1,308.0,1626,36.5,83
2025-01-12 18:00:00,M15142,No Failure,Operational,0,298.1,308.1,1390,49.8,85
2025-01-12 19:00:00,L47463,No Failure,Operational,0,298.2,308.2,1469,43.0,88
2025-01-12 20:00:00,L47464,No Failure,Operational,0,298.2,308.3,2051,19.2,90
2025-01-12 21:00:00,L47465,No Failure,Operational,0,298.2,308.3,1568,36.0,92
2025-01-12 22:00:00,L47466,No Failure,Operational,0,298.2,308.3,1589,33.2,94
2025-01-12 23:00:00,L47467,No Failure,Operational,0,298.2,308.3,1805,31.6,96
2025-01-13 00:00:00,H29702,No Failure,Operational,0,298.2,308.4,1385,42.2,98
2025-01-13 01:00:00,L47469,No Failure,Operational,0,298.1,308.4,1436,46.7,103
2025-01-13 02:00:00,L47470,No Failure,Operational,0,298.1,308.4,1438,45.6,105
2025-01-13 03:00:00,L47471,No Failure,Operational,0,298.0,308.3,1473,42.6,107
2025-01-13 04:00:00,L47472,No Failure,Operational,0,298.1,308.4,1335,40.2,109
2025-01-13 05:00:00,H29707,No Failure,Operational,0,298.1,308.5,1392,44.8,111
2025-01-13 06:00:00,M15154,No Failure,Operational,0,298.1,308.5,1372,51.1,116
2025-01-13 07:00:00,M15155,No Failure,Operational,0,298.1,308.6,1716,30.7,119
2025-01-13 08:00:00,L47476,No Failure,Operational,0,298.0,308.5,1395,46.2,122
2025-01-13 09:00:00,L47477,No Failure,Operational,0,298.0,308.5,1713,25.3,124
2025-01-13 10:00:00,H29712,No Failure,Operational,0,297.9,308.5,2129,18.7,126
2025-01-13 11:00:00,M15159,No Failure,Operational,0,297.8,308.3,1567,35.6,131
2025-01-13 12:00:00,L47480,No Failure,Operational,0,297.8,308.4,1622,38.3,134
2025-01-13 13:00:00,L47481,No Failure,Operational,0,297.7,308.4,1740,27.1,136
2025-01-13 14:00:00,H29716,No Failure,Operational,0,297.8,308.4,1512,35.1,138
2025-01-13 15:00:00,M15163,No Failure,Operational,0,297.8,308.4,1479,43.5,143
2025-01-13 16:00:00,L47484,No Failure,Operational,0,297.8,308.4,1737,27.5,146
2025-01-13 17:00:00,L47485,No Failure,Operational,0,297.8,308.4,2129,19.2,148
2025-01-13 18:00:00,L47486,No Failure,Operational,0,297.8,308.4,1374,47.1,150
2025-01-13 19:00:00,M15167,No Failure,Operational,0,297.8,308.4,1579,36.6,152
2025-01-13 20:00:00,L47488,No Failure,Operational,0,297.9,308.5,1305,47.2,155
2025-01-13 21:00:00,M15169,No Failure,Operational,0,297.9,308.5,1449,40.8,157
2025-01-13 22:00:00,H29724,No Failure,Operational,0,298.0,308.6,1526,41.8,160
2025-01-13 23:00:00,M15171,No Failure,Operational,0,298.0,308.6,1453,44.1,165
2025-01-14 00:00:00,L47492,No Failure,Operational,0,297.9,308.6,1468,36.0,168
2025-01-14 01:00:00,L47493,No Failure,Operational,0,298.0,308.6,1313,50.8,170
2025-01-14 02:00:00,M15174,No Failure,Operational,0,297.9,308.5,1300,53.0,172
2025-01-14 03:00:00,L47495,No Failure,Operational,0,297.9,308.4,1646,40.6,175
2025-01-14 04:00:00,L47496,No Failure,Operational,0,297.8,308.4,1714,33.2,177
2025-01-14 05:00:00,L47497,No Failure,Operational,0,297.8,308.4,1685,28.4,179
2025-01-14 06:00:00,L47498,No Failure,Operational,0,297.8,308.4,1512,39.9,181
2025-01-14 07:00:00,L47499,No Failure,Operational,0,297.8,308.4,1612,32.1,183
2025-01-14 08:00:00,H29734,No Failure,Operational,0,297.8,308.4,1550,38.2,185
2025-01-14 09:00:00,L47501,No Failure,Operational,0,297.8,308.4,1518,32.5,190
2025-01-14 10:00:00,L47502,No Failure,Operational,0,297.8,308.5,1448,40.0,192
2025-01-14 11:00:00,L47503,No Failure,Operational,0,297.8,308.5,1561,46.3,194
2025-01-14 12:00:00,M15184,No Failure,Operational,0,297.8,308.5,1488,41.9,196
2025-01-14 13:00:00,L47505,No Failure,Operational,0,297.8,308.5,1699,27.8,199
2025-01-14 14:00:00,L47506,No Failure,Operational,0,297.7,308.5,1501,41.4,201
2025-01-14 15:00:00,L47507,Overstrain Failure,Maintenance Required,1,297.7,308.5,1373,56.7,203
2025-01-14 16:00:00,H29742,No Failure,Operational,0,297.6,308.4,1703,31.4,205
2025-01-14 17:00:00,H29743,No Failure,Operational,0,297.7,308.5,1720,29.9,210
2025-01-14 18:00:00,M15190,No Failure,Operational,0,297.6,308.4,1398,41.9,215
2025-01-14 19:00:00,M15191,No Failure,Operational,0,297.6,308.4,1391,51.9,218
2025-01-14 20:00:00,M15192,No Failure,Operational,0,297.6,308.3,1538,40.2,0
2025-01-14 21:00:00,L47513,No Failure,Operational,0,297.5,308.2,1647,31.3,3
2025-01-14 22:00:00,M15194,No Failure,Operational,0,297.5,308.1,1469,44.8,5
2025-01-14 23:00:00,L47515,No Failure,Operational,0,297.4,308.1,1749,25.9,8
2025-01-15 00:00:00,M15196,No Failure,Operational,0,297.6,308.2,1995,20.5,10
2025-01-15 01:00:00,L47517,No Failure,Operational,0,297.6,308.3,1742,27.7,13
2025-01-15 02:00:00,L47518,No Failure,Operational,0,297.5,308.2,1563,38.2,15
2025-01-15 03:00:00,M15199,No Failure,Operational,0,297.5,308.2,1713,32.2,17
2025-01-15 04:00:00,L47520,No Failure,Operational,0,297.4,308.1,1474,39.4,20
2025-01-15 05:00:00,M15201,No Failure,Operational,0,297.4,308.2,1530,32.6,22
2025-01-15 06:00:00,L47522,No Failure,Operational,0,297.4,308.2,1471,46.5,25
2025-01-15 07:00:00,L47523,No Failure,Operational,0,297.5,308.3,1388,48.6,27
2025-01-15 08:00:00,M15204,No Failure,Operational,0,297.5,308.2,2448,13.8,29
2025-01-15 09:00:00,L47525,No Failure,Operational,0,297.5,308.3,1585,32.9,32
2025-01-15 10:00:00,M15206,No Failure,Operational,0,297.5,308.3,1459,45.2,34
2025-01-15 11:00:00,L47527,No Failure,Operational,0,297.5,308.3,1544,40.8,37
2025-01-15 12:00:00,L47528,No Failure,Operational,0,297.6,308.3,1617,31.7,39
2025-01-15 13:00:00,L47529,No Failure,Operational,0,297.6,308.3,1595,34.3,41
2025-01-15 14:00:00,H29764,No Failure,Operational,0,297.6,308.3,1400,44.3,43
2025-01-15 15:00:00,M15211,No Failure,Operational,0,297.6,308.4,1611,31.0,48
2025-01-15 16:00:00,M15212,No Failure,Operational,0,297.6,308.4,1507,46.0,51
2025-01-15 17:00:00,H29767,No Failure,Operational,0,297.5,308.3,1674,30.0,54
2025-01-15 18:00:00,L47534,No Failure,Operational,0,297.6,308.3,1658,34.3,59
2025-01-15 19:00:00,L47535,No Failure,Operational,0,297.6,308.3,1623,36.9,61
2025-01-15 20:00:00,M15216,No Failure,Operational,0,297.6,308.4,1398,48.9,63
2025-01-15 21:00:00,L47537,No Failure,Operational,0,297.6,308.4,1517,34.2,66
2025-01-15 22:00:00,M15218,No Failure,Operational,0,297.6,308.3,1467,36.7,68
2025-01-15 23:00:00,M15219,No Failure,Operational,0,297.6,308.3,1567,34.6,71
2025-01-16 00:00:00,M15220,No Failure,Operational,0,297.5,308.3,1521,38.2,74
2025-01-16 01:00:00,L47541,No Failure,Operational,0,297.5,308.3,1596,36.8,77
2025-01-16 02:00:00,H29776,No Failure,Operational,0,297.6,308.3,1640,30.9,79
2025-01-16 03:00:00,L47543,No Failure,Operational,0,297.6,308.3,1438,47.8,84
2025-01-16 04:00:00,L47544,No Failure,Operational,0,297.6,308.4,1407,55.2,86
2025-01-16 05:00:00,L47545,No Failure,Operational,0,297.6,308.4,1353,57.5,88
2025-01-16 06:00:00,M15226,No Failure,Operational,0,297.6,308.5,1552,40.9,90
2025-01-16 07:00:00,M15227,No Failure,Operational,0,297.6,308.4,1569,38.3,93
2025-01-16 08:00:00,L47548,No Failure,Operational,0,297.5,308.4,1489,39.5,96
2025-01-16 09:00:00,H29783,No Failure,Operational,0,297.5,308.4,1587,36.1,98
2025-01-16 10:00:00,M15230,No Failure,Operational,0,297.5,308.3,1622,37.2,103
2025-01-16 11:00:00,L47551,No Failure,Operational,0,297.5,308.4,1604,38.1,106
2025-01-16 12:00:00,M15232,No Failure,Operational,0,297.4,308.3,1405,51.7,108
2025-01-16 13:00:00,L47553,No Failure,Operational,0,297.4,308.3,1412,42.0,111
2025-01-16 14:00:00,L47554,No Failure,Operational,0,297.4,308.3,1431,43.0,113
2025-01-16 15:00:00,L47555,No Failure,Operational,0,297.4,308.2,1533,37.4,115
2025-01-16 16:00:00,M15236,No Failure,Operational,0,297.4,308.2,1401,51.9,117
2025-01-16 17:00:00,M15237,No Failure,Operational,0,297.4,308.2,1424,53.9,120
2025-01-16 18:00:00,L47558,No Failure,Operational,0,297.3,308.2,1754,29.4,123
2025-01-16 19:00:00,L47559,No Failure,Operational,0,297.3,308.2,1754,26.8,125
2025-01-16 20:00:00,L47560,Power Failure,Maintenance Required,1,297.5,308.3,2564,12.8,127
2025-01-16 21:00:00,L47561,No Failure,Operational,0,297.5,308.5,1546,40.4,129
2025-01-16 22:00:00,L47562,No Failure,Operational,0,297.5,308.5,1335,48.0,131
2025-01-16 23:00:00,M15243,No Failure,Operational,0,297.5,308.6,1842,27.0,133
2025-01-17 00:00:00,L47564,No Failure,Operational,0,297.5,308.5,1712,26.8,136
2025-01-17 01:00:00,M15245,No Failure,Operational,0,297.6,308.6,1414,45.4,138
2025-01-17 02:00:00,L47566,No Failure,Operational,0,297.6,308.7,1319,50.9,141
2025-01-17 03:00:00,L47567,No Failure,Operational,0,297.7,308.7,1249,60.4,143
2025-01-17 04:00:00,L47568,No Failure,Operational,0,297.6,308.7,1455,48.2,145
2025-01-17 05:00:00,M15249,No Failure,Operational,0,297.6,308.7,1408,54.8,147
2025-01-17 06:00:00,L47570,No Failure,Operational,0,297.6,308.7,1460,46.7,150
2025-01-17 07:00:00,L47571,No Failure,Operational,0,297.6,308.6,1491,38.1,152
2025-01-17 08:00:00,M15252,No Failure,Operational,0,297.6,308.5,1490,43.4,154
2025-01-17 09:00:00,M15253,No Failure,Operational,0,297.5,308.4,1350,52.2,157
2025-01-17 10:00:00,L47574,No Failure,Operational,0,297.5,308.4,1528,39.9,160
2025-01-17 11:00:00,L47575,No Failure,Operational,0,297.4,308.3,1571,37.7,162
2025-01-17 12:00:00,L47576,No Failure,Operational,0,297.4,308.3,1490,42.6,164
2025-01-17 13:00:00,M15257,No Failure,Operational,0,297.4,308.3,1774,28.9,166
2025-01-17 14:00:00,H29812,No Failure,Operational,0,297.4,308.3,1502,43.6,169
2025-01-17 15:00:00,L47579,No Failure,Operational,0,297.4,308.4,1392,49.7,174
2025-01-17 16:00:00,L47580,No Failure,Operational,0,297.4,308.5,2100,16.9,176
2025-01-17 17:00:00,L47581,No Failure,Operational,0,297.5,308.5,1722,30.4,178
2025-01-17 18:00:00,L47582,No Failure,Operational,0,297.4,308.6,1678,32.3,180
2025-01-17 19:00:00,L47583,No Failure,Operational,0,297.3,308.6,1273,59.8,182
2025-01-17 20:00:00,L47584,No Failure,Operational,0,297.3,308.6,1297,45.9,184
2025-01-17 21:00:00,L47585,No Failure,Operational,0,297.3,308.5,1350,57.6,186
2025-01-17 22:00:00,L47586,No Failure,Operational,0,297.4,308.6,1439,51.9,188
2025-01-17 23:00:00,M15267,No Failure,Operational,0,297.4,308.5,1600,42.1,190
2025-01-18 00:00:00,M15268,No Failure,Operational,0,297.4,308.6,1434,44.4,193
2025-01-18 01:00:00,L47589,No Failure,Operational,0,297.4,308.6,1459,41.3,196
2025-01-18 02:00:00,M15270,No Failure,Operational,0,297.5,308.6,1472,44.9,198
2025-01-18 03:00:00,L47591,No Failure,Operational,0,297.5,308.7,1429,44.3,201
2025-01-18 04:00:00,L47592,No Failure,Operational,0,297.5,308.6,1388,48.2,203
2025-01-18 05:00:00,L47593,No Failure,Operational,0,297.4,308.4,1573,34.5,205
2025-01-18 06:00:00,L47594,No Failure,Operational,0,297.4,308.4,1588,32.5,207
2025-01-18 07:00:00,L47595,No Failure,Operational,0,297.5,308.4,1511,42.8,209
2025-01-18 08:00:00,L47596,No Failure,Operational,0,297.4,308.5,1495,37.8,211
2025-01-18 09:00:00,L47597,No Failure,Operational,0,297.4,308.4,1394,50.1,213
2025-01-18 10:00:00,L47598,No Failure,Operational,0,297.4,308.4,2151,17.7,0
2025-01-18 11:00:00,M15279,No Failure,Operational,0,297.3,308.3,1501,38.2,2
2025-01-18 12:00:00,M15280,No Failure,Operational,0,297.3,308.3,1301,39.6,5
2025-01-18 13:00:00,M15281,No Failure,Operational,0,297.3,308.3,1657,31.1,8
2025-01-18 14:00:00,L47602,No Failure,Operational,0,297.3,308.3,1333,55.2,11
2025-01-18 15:00:00,L47603,No Failure,Operational,0,297.3,308.3,1484,43.9,13
2025-01-18 16:00:00,L47604,No Failure,Operational,0,297.3,308.4,1430,45.7,15
2025-01-18 17:00:00,M15285,No Failure,Operational,0,297.3,308.4,1665,28.9,17
2025-01-18 18:00:00,L47606,No Failure,Operational,0,297.4,308.5,1501,44.9,20
2025-01-18 19:00:00,M15287,No Failure,Operational,0,297.5,308.5,1496,42.2,22
2025-01-18 20:00:00,M15288,No Failure,Operational,0,297.6,308.6,1595,36.9,25
2025-01-18 21:00:00,L47609,No Failure,Operational,0,297.5,308.6,1208,62.3,28
2025-01-18 22:00:00,L47610,No Failure,Operational,0,297.5,308.6,1596,37.1,30
2025-01-18 23:00:00,L47611,No Failure,Operational,0,297.5,308.5,1446,41.9,32
2025-01-19 00:00:00,M15292,No Failure,Operational,0,297.6,308.5,1466,39.7,34
2025-01-19 01:00:00,M15293,No Failure,Operational,0,297.6,308.5,1848,23.7,37
2025-01-19 02:00:00,M15294,No Failure,Operational,0,297.5,308.5,1484,44.7,40
2025-01-19 03:00:00,L47615,No Failure,Operational,0,297.4,308.3,1493,41.2,43
2025-01-19 04:00:00,L47616,No Failure,Operational,0,297.3,308.3,1504,36.3,45
2025-01-19 05:00:00,L47617,No Failure,Operational,0,297.3,308.3,1538,38.5,47
2025-01-19 06:00:00,L47618,No Failure,Operational,0,297.4,308.4,1341,52.2,49
2025-01-19 07:00:00,M15299,No Failure,Operational,0,297.4,308.3,1535,34.6,51
2025-01-19 08:00:00,L47620,No Failure,Operational,0,297.4,308.5,1389,39.2,54
2025-01-19 09:00:00,H29855,No Failure,Operational,0,297.5,308.5,1393,46.6,56
2025-01-19 10:00:00,L47622,Power Failure,Maintenance Required,1,297.4,308.5,1399,61.5,61
2025-01-19 11:00:00,H29857,No Failure,Operational,0,297.4,308.5,1469,45.1,63
2025-01-19 12:00:00,L47624,No Failure,Operational,0,297.4,308.4,1582,37.2,68
2025-01-19 13:00:00,L47625,No Failure,Operational,0,297.5,308.6,1793,26.7,70
2025-01-19 14:00:00,L47626,No Failure,Operational,0,297.5,308.6,1452,39.0,72
2025-01-19 15:00:00,M15307,No Failure,Operational,0,297.6,308.7,1376,59.9,74
2025-01-19 16:00:00,L47628,No Failure,Operational,0,297.5,308.6,1552,44.9,77
2025-01-19 17:00:00,L47629,No Failure,Operational,0,297.6,308.7,1622,37.9,79
2025-01-19 18:00:00,M15310,No Failure,Operational,0,297.6,308.7,1419,41.7,81
2025-01-19 19:00:00,H29865,No Failure,Operational,0,297.5,308.6,1440,46.1,84
2025-01-19 20:00:00,M15312,No Failure,Operational,0,297.4,308.6,1643,31.0,89
2025-01-19 21:00:00,L47633,No Failure,Operational,0,297.4,308.7,1510,36.2,92
2025-01-19 22:00:00,L47634,No Failure,Operational,0,297.4,308.7,1468,46.6,94
2025-01-19 23:00:00,L47635,No Failure,Operational,0,297.4,308.7,1429,57.4,96
2025-01-20 00:00:00,H29870,No Failure,Operational,0,297.3,308.7,1478,47.6,98
2025-01-20 01:00:00,L47637,No Failure,Operational,0,297.4,308.6,1276,53.6,103
2025-01-20 02:00:00,L47638,No Failure,Operational,0,297.3,308.6,1486,42.6,105
2025-01-20 03:00:00,L47639,No Failure,Operational,0,297.4,308.6,1476,42.3,107
2025-01-20 04:00:00,H29874,No Failure,Operational,0,297.3,308.6,1431,42.0,109
2025-01-20 05:00:00,L47641,No Failure,Operational,0,297.4,308.7,1402,40.2,114
2025-01-20 06:00:00,L47642,No Failure,Operational,0,297.4,308.7,1433,43.4,116
2025-01-20 07:00:00,L47643,Power Failure,Maintenance Required,1,297.4,308.7,2874,4.2,118
2025-01-20 08:00:00,L47644,No Failure,Operational,0,297.3,308.6,1511,35.7,120
2025-01-20 09:00:00,M15325,No Failure,Operational,0,297.3,308.6,1456,42.9,122
2025-01-20 10:00:00,L47646,No Failure,Operational,0,297.2,308.5,1550,41.5,125
2025-01-20 11:00:00,L47647,No Failure,Operational,0,297.2,308.5,2182,16.5,127
2025-01-20 12:00:00,L47648,No Failure,Operational,0,297.3,308.7,1619,31.6,129
2025-01-20 13:00:00,M15329,No Failure,Operational,0,297.3,308.8,1586,32.7,131
2025-01-20 14:00:00,H29884,No Failure,Operational,0,297.3,308.8,1499,44.2,134
2025-01-20 15:00:00,H29885,No Failure,Operational,0,297.3,308.8,1419,42.4,139
2025-01-20 16:00:00,M15332,No Failure,Operational,0,297.4,309.0,1497,41.8,144
2025-01-20 17:00:00,M15333,No Failure,Operational,0,297.4,309.0,1520,37.0,147
2025-01-20 18:00:00,L47654,No Failure,Operational,0,297.4,309.1,1478,49.8,150
2025-01-20 19:00:00,L47655,No Failure,Operational,0,297.4,309.1,1380,41.1,152
2025-01-20 20:00:00,L47656,No Failure,Operational,0,297.4,309.0,1570,37.9,154
2025-01-20 21:00:00,H29891,No Failure,Operational,0,297.4,309.0,1468,41.4,156
2025-01-20 22:00:00,L47658,No Failure,Operational,0,297.4,309.0,1833,22.6,161
2025-01-20 23:00:00,M15339,No Failure,Operational,0,297.4,308.9,1323,57.3,163
2025-01-21 00:00:00,L47660,No Failure,Operational,0,297.4,309.0,1583,32.0,166
2025-01-21 01:00:00,M15341,No Failure,Operational,0,297.3,309.0,1556,39.5,168
2025-01-21 02:00:00,L47662,No Failure,Operational,0,297.3,309.0,1548,37.4,171
2025-01-21 03:00:00,L47663,No Failure,Operational,0,297.4,309.0,1324,56.9,173
2025-01-21 04:00:00,L47664,No Failure,Operational,0,297.4,309.0,1568,33.7,175
2025-01-21 05:00:00,M15345,No Failure,Operational,0,297.4,309.0,1685,30.7,177
2025-01-21 06:00:00,M15346,No Failure,Operational,0,297.4,309.1,1582,35.9,180
2025-01-21 07:00:00,M15347,No Failure,Operational,0,297.4,309.1,1463,35.0,183
2025-01-21 08:00:00,L47668,No Failure,Operational,0,297.4,309.2,1584,42.8,186
2025-01-21 09:00:00,M15349,No Failure,Operational,0,297.5,309.2,1347,55.8,188
2025-01-21 10:00:00,L47670,No Failure,Operational,0,297.4,309.2,1459,37.9,191
2025-01-21 11:00:00,L47671,No Failure,Operational,0,297.4,309.2,1420,45.6,193
2025-01-21 12:00:00,L47672,No Failure,Operational,0,297.5,309.3,1404,43.5,195
2025-01-21 13:00:00,L47673,No Failure,Operational,0,297.5,309.3,1470,38.8,197
2025-01-21 14:00:00,L47674,No Failure,Operational,0,297.6,309.4,1326,49.8,199
2025-01-21 15:00:00,H29909,No Failure,Operational,0,297.5,309.3,1459,49.7,201
2025-01-21 16:00:00,M15356,No Failure,Operational,0,297.5,309.2,1530,40.0,206
2025-01-21 17:00:00,L47677,No Failure,Operational,0,297.4,309.0,1505,39.2,209
2025-01-21 18:00:00,L47678,No Failure,Operational,0,297.5,309.1,1611,30.2,211
2025-01-21 19:00:00,L47679,No Failure,Operational,0,297.5,309.1,1515,35.1,213
2025-01-21 20:00:00,M15360,No Failure,Operational,0,297.5,309.2,1804,27.4,215
2025-01-21 21:00:00,M15361,No Failure,Operational,0,297.6,309.3,1464,46.2,218
2025-01-21 22:00:00,L47682,No Failure,Operational,0,297.6,309.2,1390,43.3,221
2025-01-21 23:00:00,M15363,No Failure,Operational,0,297.6,309.2,1442,48.1,0
2025-01-22 00:00:00,M15364,No Failure,Operational,0,297.6,309.3,1529,41.9,3
2025-01-22 01:00:00,L47685,No Failure,Operational,0,297.6,309.3,1610,35.0,6
2025-01-22 02:00:00,L47686,No Failure,Operational,0,297.6,309.3,1543,34.3,8
2025-01-22 03:00:00,H29921,No Failure,Operational,0,297.8,309.4,1445,48.2,10
2025-01-22 04:00:00,L47688,No Failure,Operational,0,297.7,309.3,1893,24.6,15
2025-01-22 05:00:00,M15369,No Failure,Operational,0,297.6,309.3,1415,41.3,17
2025-01-22 06:00:00,L47690,No Failure,Operational,0,297.5,309.3,1564,37.5,20
2025-01-22 07:00:00,L47691,No Failure,Operational,0,297.5,309.3,1479,39.4,22
2025-01-22 08:00:00,L47692,No Failure,Operational,0,297.5,309.2,1426,44.8,24
2025-01-22 09:00:00,L47693,No Failure,Operational,0,297.4,309.2,1428,38.8,26
2025-01-22 10:00:00,L47694,No Failure,Operational,0,297.4,309.2,1620,33.2,28
2025-01-22 11:00:00,L47695,No Failure,Operational,0,297.5,309.2,1715,28.0,30
2025-01-22 12:00:00,L47696,No Failure,Operational,0,297.5,309.3,1732,29.9,32
2025-01-22 13:00:00,M15377,No Failure,Operational,0,297.5,309.4,1391,58.2,34
2025-01-22 14:00:00,L47698,No Failure,Operational,0,297.6,309.5,1924,20.6,37
2025-01-22 15:00:00,M15379,No Failure,Operational,0,297.7,309.5,2027,19.8,39
2025-01-22 16:00:00,L47700,No Failure,Operational,0,297.6,309.5,1617,36.2,42
2025-01-22 17:00:00,L47701,No Failure,Operational,0,297.5,309.4,1497,35.8,44
2025-01-22 18:00:00,M15382,No Failure,Operational,0,297.5,309.5,1448,43.7,46
2025-01-22 19:00:00,L47703,No Failure,Operational,0,297.4,309.4,1401,45.9,49
2025-01-22 20:00:00,L47704,No Failure,Operational,0,297.4,309.4,1620,35.4,51
2025-01-22 21:00:00,L47705,No Failure,Operational,0,297.4,309.4,1466,45.5,53
2025-01-22 22:00:00,L47706,No Failure,Operational,0,297.6,309.5,1373,50.6,55
2025-01-22 23:00:00,M15387,No Failure,Operational,0,297.6,309.6,1592,35.8,57
2025-01-23 00:00:00,M15388,No Failure,Operational,0,297.5,309.5,1553,42.4,60
2025-01-23 01:00:00,L47709,No Failure,Operational,0,297.6,309.5,1569,36.2,63
2025-01-23 02:00:00,M15390,No Failure,Operational,0,297.6,309.5,1709,32.2,65
2025-01-23 03:00:00,L47711,No Failure,Operational,0,297.6,309.5,1549,34.9,68
2025-01-23 04:00:00,L47712,No Failure,Operational,0,297.5,309.4,1443,45.4,70
2025-01-23 05:00:00,L47713,No Failure,Operational,0,297.5,309.3,1675,29.8,72
2025-01-23 06:00:00,L47714,No Failure,Operational,0,297.5,309.3,1623,33.4,74
2025-01-23 07:00:00,H29949,No Failure,Operational,0,297.4,309.3,1365,52.4,76
2025-01-23 08:00:00,L47716,No Failure,Operational,0,297.4,309.3,1759,24.8,81
2025-01-23 09:00:00,H29951,No Failure,Operational,0,297.4,309.3,1516,43.0,83
2025-01-23 10:00:00,M15398,No Failure,Operational,0,297.4,309.3,1499,36.8,88
2025-01-23 11:00:00,M15399,No Failure,Operational,0,297.4,309.3,1775,25.8,91
2025-01-23 12:00:00,L47720,No Failure,Operational,0,297.4,309.4,1473,45.5,94
2025-01-23 13:00:00,L47721,No Failure,Operational,0,297.4,309.4,1296,52.3,96
2025-01-23 14:00:00,L47722,No Failure,Operational,0,297.5,309.4,1803,24.7,98
2025-01-23 15:00:00,H29957,No Failure,Operational,0,297.5,309.3,1563,36.1,100
2025-01-23 16:00:00,M15404,No Failure,Operational,0,297.5,309.4,1831,26.6,105
2025-01-23 17:00:00,L47725,No Failure,Operational,0,297.6,309.4,1958,22.1,108
2025-01-23 18:00:00,L47726,No Failure,Operational,0,297.5,309.4,1809,24.3,110
2025-01-23 19:00:00,M15407,No Failure,Operational,0,297.5,309.4,1482,39.3,112
2025-01-23 20:00:00,L47728,No Failure,Operational,0,297.4,309.3,1332,53.2,115
2025-01-23 21:00:00,L47729,No Failure,Operational,0,297.4,309.2,1437,40.4,117
2025-01-23 22:00:00,L47730,No Failure,Operational,0,297.4,309.2,1698,29.4,119
2025-01-23 23:00:00,L47731,No Failure,Operational,0,297.4,309.2,1274,54.3,121
2025-01-24 00:00:00,M15412,No Failure,Operational,0,297.4,309.3,1622,35.0,123
2025-01-24 01:00:00,M15413,No Failure,Operational,0,297.4,309.3,1564,36.0,126
2025-01-24 02:00:00,H29968,No Failure,Operational,0,297.5,309.4,1368,45.3,129
2025-01-24 03:00:00,M15415,No Failure,Operational,0,297.4,309.4,1539,42.2,134
2025-01-24 04:00:00,L47736,No Failure,Operational,0,297.5,309.4,1357,50.1,137
2025-01-24 05:00:00,M15417,No Failure,Operational,0,297.5,309.4,1433,48.3,139
2025-01-24 06:00:00,L47738,No Failure,Operational,0,297.5,309.4,1650,34.6,142
2025-01-24 07:00:00,L47739,No Failure,Operational,0,297.5,309.4,1503,40.6,144
2025-01-24 08:00:00,L47740,No Failure,Operational,0,297.5,309.4,1318,58.2,146
2025-01-24 09:00:00,M15421,No Failure,Operational,0,297.5,309.4,1678,34.4,148
2025-01-24 10:00:00,L47742,No Failure,Operational,0,297.6,309.5,1574,30.9,151
2025-01-24 11:00:00,L47743,No Failure,Operational,0,297.7,309.6,1529,35.2,153
2025-01-24 12:00:00,H29978,No Failure,Operational,0,297.6,309.6,1669,32.1,155
2025-01-24 13:00:00,H29979,No Failure,Operational,0,297.7,309.7,1570,35.8,160
2025-01-24 14:00:00,M15426,No Failure,Operational,0,297.6,309.7,1541,33.7,165
2025-01-24 15:00:00,M15427,No Failure,Operational,0,297.7,309.7,1680,30.2,168
2025-01-24 16:00:00,L47748,No Failure,Operational,0,297.8,309.7,1935,22.1,171
2025-01-24 17:00:00,M15429,No Failure,Operational,0,297.7,309.6,1596,35.2,173
2025-01-24 18:00:00,L47750,No Failure,Operational,0,297.7,309.7,1498,41.0,176
2025-01-24 19:00:00,M15431,No Failure,Operational,0,297.8,309.8,1676,29.0,178
2025-01-24 20:00:00,L47752,No Failure,Operational,0,297.8,309.9,1351,49.0,181
2025-01-24 21:00:00,L47753,No Failure,Operational,0,297.9,309.9,1472,45.0,183
2025-01-24 22:00:00,M15434,No Failure,Operational,0,297.9,310.0,1439,41.7,185
2025-01-24 23:00:00,M15435,No Failure,Operational,0,297.9,309.9,1410,55.4,188
2025-01-25 00:00:00,H29990,No Failure,Operational,0,297.7,309.7,1440,51.1,191
2025-01-25 01:00:00,L47757,No Failure,Operational,0,297.7,309.7,1591,37.7,196
2025-01-25 02:00:00,L47758,No Failure,Operational,0,297.8,309.8,1533,36.8,198
2025-01-25 03:00:00,M15439,No Failure,Operational,0,297.8,309.7,1700,31.3,200
2025-01-25 04:00:00,M15440,No Failure,Operational,0,297.8,309.8,1798,25.5,203
2025-01-25 05:00:00,L47761,No Failure,Operational,0,297.8,309.7,1394,42.9,206
2025-01-25 06:00:00,L47762,No Failure,Operational,0,297.8,309.7,1341,49.2,208
2025-01-25 07:00:00,H29997,No Failure,Operational,0,297.7,309.6,1697,32.2,210
2025-01-25 08:00:00,H29998,No Failure,Operational,0,297.6,309.6,1419,48.2,215
2025-01-25 09:00:00,L47765,No Failure,Operational,0,297.6,309.5,2001,20.5,220
2025-01-25 10:00:00,L47766,Overstrain Failure,Maintenance Required,1,297.6,309.6,1501,49.8,222
2025-01-25 11:00:00,H30001,No Failure,Operational,0,297.6,309.5,1623,33.1,224
2025-01-25 12:00:00,L47768,No Failure,Operational,0,297.6,309.4,1628,33.4,229
2025-01-25 13:00:00,L47769,No Failure,Operational,0,297.6,309.4,1491,40.2,231
2025-01-25 14:00:00,L47770,No Failure,Operational,0,297.5,309.4,1517,36.7,233
2025-01-25 15:00:00,H30005,No Failure,Operational,0,297.5,309.3,1525,41.7,235
2025-01-25 16:00:00,H30006,No Failure,Operational,0,297.5,309.5,1668,27.9,240
2025-01-25 17:00:00,L47773,No Failure,Operational,0,297.5,309.6,1312,50.7,0
2025-01-25 18:00:00,H30008,No Failure,Operational,0,297.6,309.6,1278,50.4,2
2025-01-25 19:00:00,M15455,No Failure,Operational,0,297.6,309.6,1330,53.1,7
2025-01-25 20:00:00,M15456,No Failure,Operational,0,297.6,309.6,1530,37.3,10
2025-01-25 21:00:00,H30011,No Failure,Operational,0,297.6,309.6,1428,46.6,13
2025-01-25 22:00:00,L47778,No Failure,Operational,0,297.7,309.6,1480,47.9,18
2025-01-25 23:00:00,H30013,No Failure,Operational,0,297.7,309.7,1616,31.1,20
2025-01-26 00:00:00,L47780,No Failure,Operational,0,297.8,309.7,1547,37.3,25
2025-01-26 01:00:00,L47781,No Failure,Operational,0,297.9,309.7,2194,16.8,27
2025-01-26 02:00:00,L47782,No Failure,Operational,0,297.9,309.8,2000,21.3,29
2025-01-26 03:00:00,L47783,Power Failure,Maintenance Required,1,297.9,309.8,1336,71.6,31
2025-01-26 04:00:00,L47784,No Failure,Operational,0,297.9,309.9,1542,33.8,33
2025-01-26 05:00:00,M15465,No Failure,Operational,0,297.9,309.8,1693,29.9,35
2025-01-26 06:00:00,L47786,No Failure,Operational,0,297.9,309.8,1461,50.5,38
2025-01-26 07:00:00,M15467,No Failure,Operational,0,298.0,309.9,1565,33.9,40
2025-01-26 08:00:00,L47788,No Failure,Operational,0,298.0,309.9,1403,47.7,43
2025-01-26 09:00:00,L47789,No Failure,Operational,0,298.1,309.9,1629,32.5,45
2025-01-26 10:00:00,L47790,No Failure,Operational,0,298.1,310.0,1534,33.7,47
2025-01-26 11:00:00,L47791,No Failure,Operational,0,298.1,310.0,1553,40.9,49
2025-01-26 12:00:00,L47792,No Failure,Operational,0,298.1,309.9,1563,32.8,51
2025-01-26 13:00:00,L47793,No Failure,Operational,0,298.1,309.9,1634,30.0,53
2025-01-26 14:00:00,M15474,No Failure,Operational,0,298.0,309.9,1445,45.2,55
2025-01-26 15:00:00,L47795,No Failure,Operational,0,298.1,309.9,1642,30.4,58
2025-01-26 16:00:00,H30030,No Failure,Operational,0,298.1,309.9,1686,29.1,60
2025-01-26 17:00:00,M15477,No Failure,Operational,0,298.1,310.0,1393,43.1,65
2025-01-26 18:00:00,H30032,No Failure,Operational,0,298.2,310.0,1433,44.2,68
2025-01-26 19:00:00,L47799,No Failure,Operational,0,298.3,310.0,1507,44.7,73
2025-01-26 20:00:00,M15480,No Failure,Operational,0,298.3,310.1,1389,49.6,75
2025-01-26 21:00:00,L47801,No Failure,Operational,0,298.3,310.1,1408,45.3,78
2025-01-26 22:00:00,M15482,No Failure,Operational,0,298.4,310.2,1725,32.0,80
2025-01-26 23:00:00,L47803,No Failure,Operational,0,298.4,310.1,1926,23.7,83
2025-01-27 00:00:00,H30038,No Failure,Operational,0,298.3,310.1,1509,37.6,85
2025-01-27 01:00:00,L47805,No Failure,Operational,0,298.3,310.1,1545,36.3,90
2025-01-27 02:00:00,L47806,No Failure,Operational,0,298.4,310.1,1533,35.2,92
2025-01-27 03:00:00,L47807,No Failure,Operational,0,298.4,310.1,1455,42.2,94
2025-01-27 04:00:00,M15488,No Failure,Operational,0,298.4,310.1,1335,57.8,96
2025-01-27 05:00:00,L47809,No Failure,Operational,0,298.3,310.1,1523,45.9,99
2025-01-27 06:00:00,L47810,No Failure,Operational,0,298.3,310.0,1460,47.6,101
2025-01-27 07:00:00,L47811,No Failure,Operational,0,298.4,310.0,1554,37.3,103
2025-01-27 08:00:00,H30046,No Failure,Operational,0,298.3,310.0,1419,47.1,105
2025-01-27 09:00:00,L47813,No Failure,Operational,0,298.3,310.0,1442,43.9,110
2025-01-27 10:00:00,L47814,No Failure,Operational,0,298.3,309.9,1507,41.6,112
2025-01-27 11:00:00,L47815,No Failure,Operational,0,298.3,310.0,1858,23.9,114
2025-01-27 12:00:00,L47816,No Failure,Operational,0,298.3,309.9,1463,43.9,116
2025-01-27 13:00:00,L47817,No Failure,Operational,0,298.2,309.7,1585,37.4,118
2025-01-27 14:00:00,L47818,No Failure,Operational,0,298.0,309.6,1536,37.3,120
2025-01-27 15:00:00,L47819,No Failure,Operational,0,298.0,309.6,1403,51.3,122
2025-01-27 16:00:00,M15500,No Failure,Operational,0,297.9,309.6,1515,38.8,124
2025-01-27 17:00:00,L47821,No Failure,Operational,0,297.9,309.5,1390,47.9,127
2025-01-27 18:00:00,M15502,No Failure,Operational,0,297.8,309.4,1226,58.7,129
2025-01-27 19:00:00,M15503,No Failure,Operational,0,297.8,309.4,1495,36.5,132
2025-01-27 20:00:00,H30058,No Failure,Operational,0,297.7,309.4,1608,30.2,135
2025-01-27 21:00:00,L47825,No Failure,Operational,0,297.7,309.4,1392,44.1,140
2025-01-27 22:00:00,M15506,No Failure,Operational,0,297.7,309.4,1461,43.7,142
2025-01-27 23:00:00,L47827,No Failure,Operational,0,297.7,309.3,1559,36.9,145
2025-01-28 00:00:00,H30062,No Failure,Operational,0,297.7,309.3,1400,48.9,147
2025-01-28 01:00:00,M15509,No Failure,Operational,0,297.7,309.2,1732,28.8,152
2025-01-28 02:00:00,L47830,No Failure,Operational,0,297.6,309.2,1611,33.1,155
2025-01-28 03:00:00,L47831,No Failure,Operational,0,297.6,309.1,1503,38.9,157
2025-01-28 04:00:00,L47832,No Failure,Operational,0,297.7,309.2,1391,44.5,159
2025-01-28 05:00:00,L47833,No Failure,Operational,0,297.8,309.3,2015,20.1,161
2025-01-28 06:00:00,L47834,No Failure,Operational,0,297.8,309.2,1683,30.9,163
2025-01-28 07:00:00,L47835,No Failure,Operational,0,297.7,309.1,1435,38.8,165
2025-01-28 08:00:00,M15516,No Failure,Operational,0,297.7,309.1,1732,28.1,167
2025-01-28 09:00:00,L47837,No Failure,Operational,0,297.7,309.2,1365,58.6,170
2025-01-28 10:00:00,L47838,No Failure,Operational,0,297.7,309.1,1562,36.8,172
2025-01-28 11:00:00,L47839,No Failure,Operational,0,297.6,309.1,1449,49.1,174
2025-01-28 12:00:00,M15520,No Failure,Operational,0,297.7,309.2,1700,27.4,176
2025-01-28 13:00:00,M15521,No Failure,Operational,0,297.6,309.0,1427,45.6,179
2025-01-28 14:00:00,M15522,No Failure,Operational,0,297.6,308.9,1479,38.1,182
2025-01-28 15:00:00,L47843,No Failure,Operational,0,297.5,308.9,1469,44.0,185
2025-01-28 16:00:00,L47844,No Failure,Operational,0,297.5,308.9,1390,47.4,187
2025-01-28 17:00:00,L47845,No Failure,Operational,0,297.5,308.9,1729,28.1,189
2025-01-28 18:00:00,L47846,No Failure,Operational,0,297.5,309.0,1470,43.5,191
2025-01-28 19:00:00,L47847,No Failure,Operational,0,297.5,308.9,1459,48.5,193
2025-01-28 20:00:00,L47848,No Failure,Operational,0,297.5,308.9,1738,24.0,195
2025-01-28 21:00:00,H30083,No Failure,Operational,0,297.5,308.9,1471,37.7,197
2025-01-28 22:00:00,L47850,No Failure,Operational,0,297.6,309.0,1822,25.4,202
2025-01-28 23:00:00,L47851,No Failure,Operational,0,297.5,308.9,1554,34.8,204
2025-01-29 00:00:00,M15532,No Failure,Operational,0,297.6,308.9,1433,43.2,206
2025-01-29 01:00:00,L47853,No Failure,Operational,0,297.6,308.9,1449,47.7,209
2025-01-29 02:00:00,L47854,No Failure,Operational,0,297.8,309.0,1456,41.2,0
2025-01-29 03:00:00,M15535,No Failure,Operational,0,297.8,309.1,1424,45.5,2
2025-01-29 04:00:00,H30090,No Failure,Operational,0,297.9,309.2,1577,34.7,5
2025-01-29 05:00:00,L47857,No Failure,Operational,0,297.9,309.2,1478,39.7,10
2025-01-29 06:00:00,M15538,No Failure,Operational,0,297.8,309.2,1295,61.2,12
2025-01-29 07:00:00,L47859,No Failure,Operational,0,297.8,309.2,1372,47.3,15
2025-01-29 08:00:00,M15540,No Failure,Operational,0,297.8,309.1,1432,42.6,17
2025-01-29 09:00:00,M15541,No Failure,Operational,0,297.7,309.0,1656,33.2,20
2025-01-29 10:00:00,H30096,No Failure,Operational,0,297.8,309.0,1410,48.8,23
2025-01-29 11:00:00,L47863,No Failure,Operational,0,297.7,309.0,1874,24.4,28
2025-01-29 12:00:00,L47864,No Failure,Operational,0,297.7,309.0,1538,43.2,30
2025-01-29 13:00:00,M15545,No Failure,Operational,0,297.7,309.0,1636,29.7,32
2025-01-29 14:00:00,M15546,No Failure,Operational,0,297.7,309.0,1504,40.4,35
2025-01-29 15:00:00,M15547,No Failure,Operational,0,297.7,309.0,1531,42.4,38
2025-01-29 16:00:00,H30102,No Failure,Operational,0,297.6,309.0,1735,26.4,41
2025-01-29 17:00:00,H30103,No Failure,Operational,0,297.6,309.0,1354,55.6,46
2025-01-29 18:00:00,H30104,No Failure,Operational,0,297.6,309.0,1413,40.2,51
2025-01-29 19:00:00,L47871,No Failure,Operational,0,297.7,309.1,1563,39.3,56
2025-01-29 20:00:00,L47872,No Failure,Operational,0,297.7,309.1,1479,42.1,58
2025-01-29 21:00:00,L47873,No Failure,Operational,0,297.7,309.1,1477,38.3,60
2025-01-29 22:00:00,L47874,No Failure,Operational,0,297.6,309.1,1394,50.0,62
2025-01-29 23:00:00,L47875,No Failure,Operational,0,297.6,309.0,1487,45.4,64
2025-01-30 00:00:00,M15556,No Failure,Operational,0,297.6,309.0,1815,25.3,66
2025-01-30 01:00:00,M15557,No Failure,Operational,0,297.6,308.8,1453,39.7,69
2025-01-30 02:00:00,L47878,No Failure,Operational,0,297.6,308.8,1539,40.2,72
2025-01-30 03:00:00,H30113,No Failure,Operational,0,297.5,308.7,1416,39.2,74
2025-01-30 04:00:00,M15560,No Failure,Operational,0,297.6,308.8,1683,31.6,79
2025-01-30 05:00:00,L47881,No Failure,Operational,0,297.7,308.8,1515,40.1,82
2025-01-30 06:00:00,M15562,No Failure,Operational,0,297.7,308.9,1531,48.3,84
2025-01-30 07:00:00,H30117,No Failure,Operational,0,297.7,308.9,1479,40.9,87
2025-01-30 08:00:00,L47884,No Failure,Operational,0,297.7,308.9,1516,33.7,92
2025-01-30 09:00:00,L47885,No Failure,Operational,0,297.7,309.0,1507,38.2,94
2025-01-30 10:00:00,M15566,No Failure,Operational,0,297.8,309.0,1434,43.3,96
2025-01-30 11:00:00,L47887,No Failure,Operational,0,297.7,308.9,1838,27.3,99
2025-01-30 12:00:00,M15568,No Failure,Operational,0,297.6,308.8,1416,45.9,101
2025-01-30 13:00:00,M15569,No Failure,Operational,0,297.6,308.8,1357,49.7,104
2025-01-30 14:00:00,M15570,No Failure,Operational,0,297.5,308.7,1697,28.1,107
2025-01-30 15:00:00,L47891,No Failure,Operational,0,297.5,308.7,1443,46.2,110
2025-01-30 16:00:00,L47892,No Failure,Operational,0,297.5,308.7,1453,37.6,112
2025-01-30 17:00:00,L47893,No Failure,Operational,0,297.4,308.6,1439,46.4,114
2025-01-30 18:00:00,L47894,No Failure,Operational,0,297.4,308.6,1609,36.2,116
2025-01-30 19:00:00,L47895,No Failure,Operational,0,297.4,308.6,1324,59.1,118
2025-01-30 20:00:00,H30130,No Failure,Operational,0,297.4,308.6,1420,45.8,120
2025-01-30 21:00:00,L47897,No Failure,Operational,0,297.4,308.7,1545,36.9,125
2025-01-30 22:00:00,L47898,No Failure,Operational,0,297.5,308.8,1477,39.0,127
2025-01-30 23:00:00,L47899,No Failure,Operational,0,297.4,308.8,1447,58.1,129
2025-01-31 00:00:00,L47900,No Failure,Operational,0,297.4,308.9,1809,23.8,131
2025-01-31 01:00:00,L47901,No Failure,Operational,0,297.5,308.9,1696,30.9,133
2025-01-31 02:00:00,L47902,No Failure,Operational,0,297.5,308.9,1427,44.7,135
2025-01-31 03:00:00,M15583,No Failure,Operational,0,297.4,308.9,1500,46.3,137
2025-01-31 04:00:00,L47904,No Failure,Operational,0,297.5,308.9,1390,44.6,140
2025-01-31 05:00:00,L47905,No Failure,Operational,0,297.4,308.8,1640,34.2,142
2025-01-31 06:00:00,M15586,No Failure,Operational,0,297.4,308.8,1628,37.4,144
2025-01-31 07:00:00,H30141,No Failure,Operational,0,297.3,308.6,1499,37.6,147
2025-01-31 08:00:00,M15588,No Failure,Operational,0,297.4,308.7,1425,50.3,152
2025-01-31 09:00:00,L47909,No Failure,Operational,0,297.3,308.6,1586,37.7,155
2025-01-31 10:00:00,M15590,No Failure,Operational,0,297.3,308.6,1471,50.7,157
2025-01-31 11:00:00,M15591,No Failure,Operational,0,297.3,308.6,1431,53.0,160
2025-01-31 12:00:00,L47912,No Failure,Operational,0,297.2,308.6,1924,22.1,163
2025-01-31 13:00:00,M15593,No Failure,Operational,0,297.1,308.4,1421,42.0,165
2025-01-31 14:00:00,H30148,No Failure,Operational,0,297.0,308.4,1305,54.6,168
2025-01-31 15:00:00,L47915,No Failure,Operational,0,296.9,308.4,1557,32.4,173
2025-01-31 16:00:00,L47916,No Failure,Operational,0,296.9,308.3,1555,38.2,175
2025-01-31 17:00:00,H30151,No Failure,Operational,0,296.9,308.3,1474,39.2,177
2025-01-31 18:00:00,L47918,No Failure,Operational,0,296.8,308.3,1506,45.9,182
2025-01-31 19:00:00,L47919,No Failure,Operational,0,296.9,308.4,1390,41.8,184
2025-01-31 20:00:00,M15600,No Failure,Operational,0,296.9,308.4,1450,46.9,186
2025-01-31 21:00:00,L47921,No Failure,Operational,0,296.9,308.3,1513,38.8,189
2025-01-31 22:00:00,L47922,No Failure,Operational,0,296.8,308.2,1643,34.7,191
2025-01-31 23:00:00,L47923,No Failure,Operational,0,296.8,308.2,1361,53.8,193
2025-02-01 00:00:00,L47924,No Failure,Operational,0,296.7,308.1,1450,40.9,195
2025-02-01 01:00:00,L47925,No Failure,Operational,0,296.7,308.0,1451,50.7,197
2025-02-01 02:00:00,L47926,Overstrain Failure,Maintenance Required,1,296.8,308.1,1289,62.0,199
2025-02-01 03:00:00,L47927,No Failure,Operational,0,296.8,308.1,1356,48.3,201
2025-02-01 04:00:00,H30162,No Failure,Operational,0,296.7,308.1,1528,46.3,203
2025-02-01 05:00:00,L47929,No Failure,Operational,0,296.6,308.0,1978,22.3,208
2025-02-01 06:00:00,L47930,No Failure,Operational,0,296.7,308.0,1535,36.8,210
2025-02-01 07:00:00,M15611,No Failure,Operational,0,296.8,308.1,1843,24.2,212
2025-02-01 08:00:00,L47932,No Failure,Operational,0,296.9,308.1,1422,48.7,215
2025-02-01 09:00:00,L47933,No Failure,Operational,0,296.8,308.0,1536,40.4,217
2025-02-01 10:00:00,M15614,No Failure,Operational,0,296.9,308.1,1483,44.3,219
2025-02-01 11:00:00,H30169,No Failure,Operational,0,296.8,308.1,1492,43.7,222
2025-02-01 12:00:00,L47936,No Failure,Operational,0,296.8,308.0,1584,40.4,227
2025-02-01 13:00:00,L47937,No Failure,Operational,0,296.9,308.1,1555,33.7,229
2025-02-01 14:00:00,L47938,No Failure,Operational,0,296.8,308.0,1497,41.7,231
2025-02-01 15:00:00,M15619,No Failure,Operational,0,296.7,307.8,1537,36.3,233
2025-02-01 16:00:00,L47940,No Failure,Operational,0,296.7,307.8,1505,39.4,236
2025-02-01 17:00:00,L47941,No Failure,Operational,0,296.7,307.8,1646,34.6,238
2025-02-01 18:00:00,M15622,No Failure,Operational,0,296.7,307.8,1286,60.5,0
2025-02-01 19:00:00,L47943,No Failure,Operational,0,296.7,307.8,1400,47.5,3
2025-02-01 20:00:00,L47944,No Failure,Operational,0,296.8,307.9,1337,56.5,5
2025-02-01 21:00:00,L47945,No Failure,Operational,0,296.9,308.0,1332,53.9,7
2025-02-01 22:00:00,L47946,No Failure,Operational,0,296.8,308.0,1561,38.3,9
2025-02-01 23:00:00,L47947,No Failure,Operational,0,296.9,308.0,1546,31.1,11
2025-02-02 00:00:00,L47948,No Failure,Operational,0,296.9,308.0,1713,29.3,13
2025-02-02 01:00:00,L47949,No Failure,Operational,0,296.9,308.0,1343,44.5,15
2025-02-02 02:00:00,L47950,No Failure,Operational,0,296.8,308.0,1391,54.4,17
2025-02-02 03:00:00,H30185,No Failure,Operational,0,296.8,308.0,1311,58.6,19
2025-02-02 04:00:00,H30186,No Failure,Operational,0,296.8,308.0,1453,51.0,24
2025-02-02 05:00:00,L47953,No Failure,Operational,0,296.8,308.0,1510,39.4,29
2025-02-02 06:00:00,L47954,No Failure,Operational,0,296.8,307.9,1448,48.8,31
2025-02-02 07:00:00,L47955,No Failure,Operational,0,296.7,307.8,1453,46.0,33
2025-02-02 08:00:00,L47956,No Failure,Operational,0,296.7,307.8,1468,39.2,35
2025-02-02 09:00:00,L47957,No Failure,Operational,0,296.7,307.8,1382,47.5,37
2025-02-02 10:00:00,L47958,No Failure,Operational,0,296.7,308.0,1580,32.2,39
2025-02-02 11:00:00,L47959,No Failure,Operational,0,296.8,308.0,1666,29.8,41
2025-02-02 12:00:00,M15640,No Failure,Operational,0,296.9,308.0,1409,50.7,43
2025-02-02 13:00:00,L47961,No Failure,Operational,0,296.8,308.0,1675,29.7,46
2025-02-02 14:00:00,L47962,No Failure,Operational,0,296.8,307.9,1698,30.8,48
2025-02-02 15:00:00,H30197,No Failure,Operational,0,296.7,307.9,1579,33.4,50
2025-02-02 16:00:00,L47964,No Failure,Operational,0,296.7,307.9,1743,27.9,55
2025-02-02 17:00:00,M15645,No Failure,Operational,0,296.9,308.0,1497,44.8,57
2025-02-02 18:00:00,L47966,No Failure,Operational,0,296.9,308.1,1741,28.8,60
2025-02-02 19:00:00,L47967,No Failure,Operational,0,296.9,308.1,1435,45.3,62
2025-02-02 20:00:00,M15648,No Failure,Operational,0,296.9,308.1,1440,46.3,64
2025-02-02 21:00:00,M15649,No Failure,Operational,0,296.9,308.0,1641,33.3,67
2025-02-02 22:00:00,L47970,No Failure,Operational,0,296.8,307.9,1420,45.4,70
2025-02-02 23:00:00,L47971,No Failure,Operational,0,296.8,307.9,1611,35.4,72
2025-02-03 00:00:00,L47972,No Failure,Operational,0,296.8,307.8,1373,42.9,74
2025-02-03 01:00:00,M15653,No Failure,Operational,0,296.8,307.9,1683,31.8,76
2025-02-03 02:00:00,H30208,No Failure,Operational,0,296.9,307.9,1547,32.6,79
2025-02-03 03:00:00,L47975,No Failure,Operational,0,296.9,307.8,1605,37.0,84
2025-02-03 04:00:00,M15656,No Failure,Operational,0,296.9,307.9,2010,18.9,86
2025-02-03 05:00:00,L47977,No Failure,Operational,0,296.8,307.7,1565,40.1,89
2025-02-03 06:00:00,M15658,No Failure,Operational,0,296.9,307.8,1828,24.6,91
2025-02-03 07:00:00,M15659,No Failure,Operational,0,297.0,307.8,1579,34.1,94
2025-02-03 08:00:00,M15660,No Failure,Operational,0,297.0,307.9,1882,24.2,97
2025-02-03 09:00:00,L47981,No Failure,Operational,0,296.9,307.8,1285,52.1,100
2025-02-03 10:00:00,L47982,No Failure,Operational,0,296.9,307.8,1571,35.0,102
2025-02-03 11:00:00,H30217,No Failure,Operational,0,296.9,307.8,1549,37.8,104
2025-02-03 12:00:00,M15664,No Failure,Operational,0,296.9,307.8,1544,37.6,109
2025-02-03 13:00:00,M15665,No Failure,Operational,0,297.0,307.9,1412,47.4,112
2025-02-03 14:00:00,M15666,No Failure,Operational,0,297.0,307.9,1422,53.0,115
2025-02-03 15:00:00,L47987,No Failure,Operational,0,297.0,307.7,1867,22.8,118
2025-02-03 16:00:00,L47988,No Failure,Operational,0,296.9,307.7,1424,43.3,120
2025-02-03 17:00:00,L47989,No Failure,Operational,0,296.9,307.6,1452,45.7,122
2025-02-03 18:00:00,L47990,No Failure,Operational,0,296.9,307.7,1550,39.7,124
2025-02-03 19:00:00,L47991,No Failure,Operational,0,296.8,307.6,1588,37.6,126
2025-02-03 20:00:00,L47992,No Failure,Operational,0,296.8,307.6,1338,44.4,128
2025-02-03 21:00:00,L47993,No Failure,Operational,0,296.8,307.6,1513,40.0,130
2025-02-03 22:00:00,M15674,No Failure,Operational,0,296.8,307.5,1470,45.9,132
2025-02-03 23:00:00,M15675,No Failure,Operational,0,296.8,307.5,1516,36.7,135
2025-02-04 00:00:00,L47996,No Failure,Operational,0,296.8,307.6,1434,48.3,138
2025-02-04 01:00:00,L47997,No Failure,Operational,0,296.8,307.6,1368,52.0,140
2025-02-04 02:00:00,L47998,No Failure,Operational,0,296.8,307.6,1304,48.7,142
2025-02-04 03:00:00,L47999,No Failure,Operational,0,296.8,307.6,1398,46.7,144
2025-02-04 04:00:00,L48000,No Failure,Operational,0,296.7,307.6,1516,37.4,146
2025-02-04 05:00:00,L48001,No Failure,Operational,0,296.7,307.6,1474,41.7,148
2025-02-04 06:00:00,M15682,No Failure,Operational,0,296.7,307.6,1547,34.7,150
2025-02-04 07:00:00,M15683,No Failure,Operational,0,296.6,307.5,1482,39.9,153
2025-02-04 08:00:00,L48004,No Failure,Operational,0,296.6,307.4,1436,42.8,156
2025-02-04 09:00:00,L48005,No Failure,Operational,0,296.6,307.3,1474,40.0,158
2025-02-04 10:00:00,L48006,No Failure,Operational,0,296.5,307.2,1481,38.2,160
2025-02-04 11:00:00,L48007,No Failure,Operational,0,296.5,307.3,1501,42.1,162
2025-02-04 12:00:00,L48008,No Failure,Operational,0,296.5,307.3,1566,37.2,164
2025-02-04 13:00:00,L48009,No Failure,Operational,0,296.5,307.3,1579,34.5,166
2025-02-04 14:00:00,L48010,No Failure,Operational,0,296.6,307.4,1631,35.0,168
2025-02-04 15:00:00,M15691,No Failure,Operational,0,296.6,307.4,1544,42.3,170
2025-02-04 16:00:00,L48012,No Failure,Operational,0,296.6,307.4,1521,38.6,173
2025-02-04 17:00:00,L48013,No Failure,Operational,0,296.6,307.4,1616,28.0,175
2025-02-04 18:00:00,H30248,No Failure,Operational,0,296.6,307.4,1333,50.2,177
2025-02-04 19:00:00,M15695,No Failure,Operational,0,296.7,307.4,1533,32.5,182
2025-02-04 20:00:00,L48016,No Failure,Operational,0,296.6,307.4,1368,45.1,185
2025-02-04 21:00:00,L48017,No Failure,Operational,0,296.6,307.4,1465,47.8,187
2025-02-04 22:00:00,H30252,No Failure,Operational,0,296.6,307.4,1406,41.5,189
2025-02-04 23:00:00,M15699,No Failure,Operational,0,296.5,307.4,1565,43.5,194
2025-02-05 00:00:00,L48020,No Failure,Operational,0,296.6,307.5,1582,37.9,197
2025-02-05 01:00:00,L48021,No Failure,Operational,0,296.6,307.5,1439,45.5,199
2025-02-05 02:00:00,M15702,No Failure,Operational,0,296.6,307.5,1566,35.0,201
2025-02-05 03:00:00,L48023,No Failure,Operational,0,296.6,307.5,1485,42.7,204
2025-02-05 04:00:00,L48024,No Failure,Operational,0,296.5,307.5,1566,35.1,206
2025-02-05 05:00:00,L48025,No Failure,Operational,0,296.3,307.3,1439,41.5,208
2025-02-05 06:00:00,M15706,No Failure,Operational,0,296.4,307.4,1416,50.0,210
2025-02-05 07:00:00,L48027,Power Failure,Maintenance Required,1,296.4,307.4,2833,5.6,213
2025-02-05 08:00:00,L48028,No Failure,Operational,0,296.3,307.4,1465,47.1,215
2025-02-05 09:00:00,H30263,No Failure,Operational,0,296.4,307.4,1586,35.5,0
2025-02-05 10:00:00,L48030,No Failure,Operational,0,296.3,307.3,1567,31.4,5
2025-02-05 11:00:00,M15711,No Failure,Operational,0,296.2,307.2,1389,48.6,7
2025-02-05 12:00:00,M15712,No Failure,Operational,0,296.3,307.3,1368,49.5,10
2025-02-05 13:00:00,L48033,No Failure,Operational,0,296.3,307.3,1444,49.0,13
2025-02-05 14:00:00,M15714,No Failure,Operational,0,296.3,307.3,1498,41.6,15
2025-02-05 15:00:00,L48035,No Failure,Operational,0,296.1,307.2,1615,30.8,18
2025-02-05 16:00:00,L48036,No Failure,Operational,0,296.1,307.1,1898,22.7,20
2025-02-05 17:00:00,M15717,No Failure,Operational,0,296.1,307.1,1350,53.3,22
2025-02-05 18:00:00,M15718,No Failure,Operational,0,296.2,307.0,1516,37.6,25
2025-02-05 19:00:00,H30273,No Failure,Operational,0,296.2,307.0,1542,40.6,28
2025-02-05 20:00:00,H30274,No Failure,Operational,0,296.1,306.9,1541,32.6,33
2025-02-05 21:00:00,M15721,No Failure,Operational,0,296.1,306.9,1951,23.3,38
2025-02-05 22:00:00,H30276,No Failure,Operational,0,296.1,306.8,1645,31.0,41
2025-02-05 23:00:00,L48043,No Failure,Operational,0,296.0,306.7,1416,44.2,46
2025-02-06 00:00:00,M15724,No Failure,Operational,0,296.0,306.7,2044,22.3,48
2025-02-06 01:00:00,L48045,No Failure,Operational,0,295.9,306.6,1414,50.2,51
2025-02-06 02:00:00,L48046,No Failure,Operational,0,295.9,306.6,1678,26.7,53
2025-02-06 03:00:00,H30281,No Failure,Operational,0,295.9,306.5,1594,33.2,55
2025-02-06 04:00:00,M15728,No Failure,Operational,0,295.8,306.5,1514,37.7,60
2025-02-06 05:00:00,L48049,No Failure,Operational,0,295.8,306.5,1358,49.2,63
2025-02-06 06:00:00,L48050,No Failure,Operational,0,295.8,306.4,1325,56.2,65
2025-02-06 07:00:00,L48051,No Failure,Operational,0,295.8,306.4,1339,53.2,67
2025-02-06 08:00:00,M15732,No Failure,Operational,0,295.8,306.4,1335,51.7,69
2025-02-06 09:00:00,L48053,No Failure,Operational,0,295.9,306.4,1892,21.7,72
2025-02-06 10:00:00,L48054,No Failure,Operational,0,295.9,306.4,1575,28.5,74
2025-02-06 11:00:00,M15735,No Failure,Operational,0,295.8,306.3,1444,45.5,76
2025-02-06 12:00:00,L48056,No Failure,Operational,0,295.7,306.3,1915,22.4,79
2025-02-06 13:00:00,M15737,No Failure,Operational,0,295.6,306.2,1584,33.6,81
2025-02-06 14:00:00,M15738,No Failure,Operational,0,295.7,306.3,1685,34.9,84
2025-02-06 15:00:00,L48059,No Failure,Operational,0,295.8,306.3,1337,54.6,87
2025-02-06 16:00:00,M15740,Power Failure,Maintenance Required,1,295.8,306.3,1235,76.2,89
2025-02-06 17:00:00,L48061,No Failure,Operational,0,295.7,306.2,1464,46.2,92
2025-02-06 18:00:00,M15742,No Failure,Operational,0,295.7,306.2,1739,25.9,94
2025-02-06 19:00:00,L48063,No Failure,Operational,0,295.7,306.3,1490,34.3,97
2025-02-06 20:00:00,L48064,No Failure,Operational,0,295.8,306.4,1356,48.0,99
2025-02-06 21:00:00,L48065,No Failure,Operational,0,295.7,306.2,1397,52.0,101
2025-02-06 22:00:00,L48066,No Failure,Operational,0,295.7,306.2,1458,40.6,103
2025-02-06 23:00:00,H30301,No Failure,Operational,0,295.7,306.2,2161,16.5,105
2025-02-07 00:00:00,M15748,No Failure,Operational,0,295.6,306.1,1651,28.1,110
2025-02-07 01:00:00,L48069,No Failure,Operational,0,295.6,306.1,1389,46.2,113
2025-02-07 02:00:00,L48070,No Failure,Operational,0,295.6,306.0,1370,52.4,115
2025-02-07 03:00:00,L48071,No Failure,Operational,0,295.7,306.1,1408,47.9,117
2025-02-07 04:00:00,L48072,No Failure,Operational,0,295.7,306.1,1343,54.4,119
2025-02-07 05:00:00,M15753,No Failure,Operational,0,295.7,306.2,1423,42.5,121
2025-02-07 06:00:00,L48074,No Failure,Operational,0,295.6,306.2,1426,48.6,124
2025-02-07 07:00:00,M15755,No Failure,Operational,0,295.6,306.2,1435,51.6,126
2025-02-07 08:00:00,L48076,No Failure,Operational,0,295.5,306.1,1573,35.1,129
2025-02-07 09:00:00,L48077,No Failure,Operational,0,295.6,306.2,1612,31.2,131
2025-02-07 10:00:00,L48078,No Failure,Operational,0,295.6,306.2,1446,49.9,133
2025-02-07 11:00:00,H30313,No Failure,Operational,0,295.6,306.2,1329,55.3,135
2025-02-07 12:00:00,L48080,No Failure,Operational,0,295.6,306.2,1569,35.1,140
2025-02-07 13:00:00,H30315,No Failure,Operational,0,295.6,306.1,1256,62.3,142
2025-02-07 14:00:00,L48082,No Failure,Operational,0,295.6,306.1,1383,48.7,147
2025-02-07 15:00:00,L48083,Power Failure,Maintenance Required,1,295.7,306.2,2270,14.6,149
2025-02-07 16:00:00,H30318,No Failure,Operational,0,295.7,306.2,1458,49.8,151
2025-02-07 17:00:00,L48085,No Failure,Operational,0,295.6,306.1,1474,41.2,156
2025-02-07 18:00:00,M15766,No Failure,Operational,0,295.6,306.1,1462,49.2,158
2025-02-07 19:00:00,M15767,No Failure,Operational,0,295.6,306.1,1669,29.0,161
2025-02-07 20:00:00,M15768,No Failure,Operational,0,295.5,306.1,1822,24.3,164
2025-02-07 21:00:00,L48089,No Failure,Operational,0,295.5,306.0,1456,39.2,167
2025-02-07 22:00:00,L48090,No Failure,Operational,0,295.5,306.0,1546,35.9,169
2025-02-07 23:00:00,M15771,No Failure,Operational,0,295.6,306.1,1490,42.7,171
2025-02-08 00:00:00,L48092,No Failure,Operational,0,295.6,306.0,1569,40.4,174
2025-02-08 01:00:00,L48093,No Failure,Operational,0,295.5,306.0,1621,29.5,176
2025-02-08 02:00:00,M15774,No Failure,Operational,0,295.4,305.9,1518,40.6,178
2025-02-08 03:00:00,M15775,No Failure,Operational,0,295.4,305.8,1526,38.2,181
2025-02-08 04:00:00,M15776,No Failure,Operational,0,295.3,305.8,1589,36.2,184
2025-02-08 05:00:00,L48097,No Failure,Operational,0,295.3,305.7,1475,51.0,187
2025-02-08 06:00:00,M15778,No Failure,Operational,0,295.3,305.7,1473,38.5,189
2025-02-08 07:00:00,L48099,No Failure,Operational,0,295.4,305.8,1407,50.7,192
2025-02-08 08:00:00,M15780,No Failure,Operational,0,295.5,305.9,1518,44.1,194
2025-02-08 09:00:00,H30335,No Failure,Operational,0,295.5,305.9,1593,37.2,197
2025-02-08 10:00:00,M15782,No Failure,Operational,0,295.5,305.9,1380,52.4,202
2025-02-08 11:00:00,M15783,No Failure,Operational,0,295.5,306.0,1423,45.3,205
2025-02-08 12:00:00,L48104,No Failure,Operational,0,295.5,306.0,1800,27.6,208
2025-02-08 13:00:00,H30339,No Failure,Operational,0,295.6,306.1,1623,30.9,210
2025-02-08 14:00:00,L48106,Overstrain Failure,Maintenance Required,1,295.6,306.1,1372,55.6,215
2025-02-08 15:00:00,H30341,No Failure,Operational,0,295.6,306.0,1396,52.4,0
2025-02-08 16:00:00,L48108,No Failure,Operational,0,295.6,306.0,1949,21.9,5
2025-02-08 17:00:00,L48109,No Failure,Operational,0,295.6,306.0,1419,51.1,7
2025-02-08 18:00:00,M15790,No Failure,Operational,0,295.5,305.9,1453,47.3,9
2025-02-08 19:00:00,L48111,No Failure,Operational,0,295.5,305.9,1542,36.2,12
2025-02-08 20:00:00,L48112,No Failure,Operational,0,295.6,306.0,1363,50.0,14
2025-02-08 21:00:00,L48113,No Failure,Operational,0,295.5,306.0,1597,37.2,16
2025-02-08 22:00:00,M15794,No Failure,Operational,0,295.5,306.0,1326,50.8,18
2025-02-08 23:00:00,M15795,No Failure,Operational,0,295.5,306.0,1641,36.6,21
2025-02-09 00:00:00,M15796,No Failure,Operational,0,295.6,306.1,1418,46.2,24
2025-02-09 01:00:00,L48117,No Failure,Operational,0,295.6,306.2,1263,61.8,27
2025-02-09 02:00:00,L48118,No Failure,Operational,0,295.6,306.2,1823,25.8,29
2025-02-09 03:00:00,L48119,No Failure,Operational,0,295.5,306.1,1488,40.7,31
2025-02-09 04:00:00,L48120,No Failure,Operational,0,295.6,306.2,1443,48.9,33
2025-02-09 05:00:00,L48121,No Failure,Operational,0,295.6,306.2,1650,28.2,35
2025-02-09 06:00:00,M15802,No Failure,Operational,0,295.7,306.3,1462,44.3,37
2025-02-09 07:00:00,M15803,No Failure,Operational,0,295.6,306.2,1477,45.0,40
2025-02-09 08:00:00,M15804,No Failure,Operational,0,295.7,306.3,1712,28.5,43
2025-02-09 09:00:00,M15805,No Failure,Operational,0,295.7,306.3,1347,50.4,46
2025-02-09 10:00:00,L48126,No Failure,Operational,0,295.6,306.2,1287,54.8,49
2025-02-09 11:00:00,L48127,No Failure,Operational,0,295.6,306.2,1428,44.5,51
2025-02-09 12:00:00,M15808,No Failure,Operational,0,295.6,306.3,1426,45.5,53
2025-02-09 13:00:00,L48129,No Failure,Operational,0,295.6,306.3,1636,32.7,56
2025-02-09 14:00:00,L48130,No Failure,Operational,0,295.6,306.2,1424,42.5,58
2025-02-09 15:00:00,H30365,No Failure,Operational,0,295.6,306.3,1509,35.8,60
2025-02-09 16:00:00,L48132,No Failure,Operational,0,295.5,306.2,1448,48.9,65
2025-02-09 17:00:00,L48133,No Failure,Operational,0,295.5,306.1,1650,32.8,67
2025-02-09 18:00:00,H30368,No Failure,Operational,0,295.6,306.2,1414,42.5,69
2025-02-09 19:00:00,L48135,No Failure,Operational,0,295.6,306.3,1911,20.9,74
2025-02-09 20:00:00,H30370,No Failure,Operational,0,295.6,306.2,1632,32.2,76
2025-02-09 21:00:00,M15817,No Failure,Operational,0,295.7,306.4,1387,40.1,81
2025-02-09 22:00:00,L48138,No Failure,Operational,0,295.8,306.4,1399,47.6,84
2025-02-09 23:00:00,L48139,No Failure,Operational,0,295.8,306.5,1505,35.2,86
2025-02-10 00:00:00,L48140,No Failure,Operational,0,295.8,306.5,1534,37.9,88
2025-02-10 01:00:00,L48141,No Failure,Operational,0,295.8,306.5,1493,40.5,90
2025-02-10 02:00:00,M15822,No Failure,Operational,0,295.8,306.6,1480,43.2,92
2025-02-10 03:00:00,L48143,No Failure,Operational,0,295.8,306.6,1621,31.6,95
2025-02-10 04:00:00,L48144,No Failure,Operational,0,295.7,306.5,1737,26.2,97
2025-02-10 05:00:00,L48145,No Failure,Operational,0,295.8,306.6,1508,46.5,99
2025-02-10 06:00:00,M15826,No Failure,Operational,0,295.8,306.5,1641,32.2,101
2025-02-10 07:00:00,M15827,No Failure,Operational,0,295.9,306.6,1532,38.6,104
2025-02-10 08:00:00,L48148,No Failure,Operational,0,295.9,306.7,1547,40.9,107
2025-02-10 09:00:00,L48149,No Failure,Operational,0,295.9,306.6,1412,41.0,109
2025-02-10 10:00:00,L48150,No Failure,Operational,0,295.8,306.5,1568,35.1,111
2025-02-10 11:00:00,L48151,No Failure,Operational,0,295.9,306.6,1557,41.1,113
2025-02-10 12:00:00,L48152,No Failure,Operational,0,295.8,306.6,1644,35.2,115
2025-02-10 13:00:00,L48153,No Failure,Operational,0,295.9,306.6,1679,30.4,117
2025-02-10 14:00:00,L48154,No Failure,Operational,0,296.0,306.6,1511,35.2,119
2025-02-10 15:00:00,M15835,No Failure,Operational,0,296.0,306.6,1628,36.8,121
2025-02-10 16:00:00,M15836,No Failure,Operational,0,296.0,306.6,1392,51.3,124
2025-02-10 17:00:00,L48157,No Failure,Operational,0,296.0,306.7,1917,21.0,127
2025-02-10 18:00:00,M15838,No Failure,Operational,0,296.2,306.8,1526,42.3,129
2025-02-10 19:00:00,L48159,No Failure,Operational,0,296.2,306.8,1389,53.3,132
2025-02-10 20:00:00,L48160,No Failure,Operational,0,296.1,306.7,1409,42.8,134
2025-02-10 21:00:00,L48161,No Failure,Operational,0,296.2,306.8,1655,31.1,136
2025-02-10 22:00:00,L48162,No Failure,Operational,0,296.2,306.9,1516,39.1,138
2025-02-10 23:00:00,L48163,No Failure,Operational,0,296.2,306.9,1526,34.9,140
2025-02-11 00:00:00,L48164,No Failure,Operational,0,296.3,307.1,1419,48.6,142
2025-02-11 01:00:00,L48165,No Failure,Operational,0,296.4,307.2,1748,25.3,144
2025-02-11 02:00:00,H30400,No Failure,Operational,0,296.4,307.1,1638,32.5,146
2025-02-11 03:00:00,M15847,No Failure,Operational,0,296.3,307.1,1534,33.8,151
2025-02-11 04:00:00,H30402,No Failure,Operational,0,296.3,307.1,1774,25.9,154
2025-02-11 05:00:00,M15849,No Failure,Operational,0,296.2,307.0,2119,18.3,159
2025-02-11 06:00:00,L48170,No Failure,Operational,0,296.2,307.0,1414,48.3,162
2025-02-11 07:00:00,M15851,No Failure,Operational,0,296.1,307.0,1523,42.0,164
2025-02-11 08:00:00,L48172,No Failure,Operational,0,296.1,307.1,1651,35.7,167
2025-02-11 09:00:00,M15853,No Failure,Operational,0,296.1,307.1,1485,36.0,169
2025-02-11 10:00:00,M15854,No Failure,Operational,0,296.2,307.2,1168,63.4,172
2025-02-11 11:00:00,L48175,No Failure,Operational,0,296.3,307.3,1566,35.8,175
2025-02-11 12:00:00,M15856,No Failure,Operational,0,296.3,307.2,1286,51.1,177
2025-02-11 13:00:00,M15857,No Failure,Operational,0,296.3,307.2,1446,45.9,180
2025-02-11 14:00:00,M15858,No Failure,Operational,0,296.4,307.2,2071,19.4,183
2025-02-11 15:00:00,L48179,No Failure,Operational,0,296.3,307.1,1560,33.2,186
2025-02-11 16:00:00,L48180,No Failure,Operational,0,296.3,307.1,1654,29.6,188
2025-02-11 17:00:00,L48181,No Failure,Operational,0,296.3,307.1,1662,32.9,190
2025-02-11 18:00:00,L48182,No Failure,Operational,0,296.3,307.2,1646,35.0,192
2025-02-11 19:00:00,L48183,No Failure,Operational,0,296.2,307.1,1444,46.7,194
2025-02-11 20:00:00,H30418,No Failure,Operational,0,296.3,307.2,1424,42.0,196
2025-02-11 21:00:00,L48185,No Failure,Operational,0,296.2,307.2,1382,52.0,201
2025-02-11 22:00:00,L48186,No Failure,Operational,0,296.2,307.1,1413,53.4,203
2025-02-11 23:00:00,M15867,No Failure,Operational,0,296.2,307.2,1633,31.1,0
2025-02-12 00:00:00,L48188,No Failure,Operational,0,296.2,307.1,1441,41.7,3
2025-02-12 01:00:00,M15869,No Failure,Operational,0,296.2,307.2,1385,44.0,5
2025-02-12 02:00:00,M15870,No Failure,Operational,0,296.2,307.2,1552,34.8,8
2025-02-12 03:00:00,M15871,No Failure,Operational,0,296.2,307.3,1451,42.8,11
2025-02-12 04:00:00,M15872,No Failure,Operational,0,296.1,307.1,1433,38.5,14
2025-02-12 05:00:00,M15873,No Failure,Operational,0,296.1,307.2,1619,29.7,17
2025-02-12 06:00:00,L48194,No Failure,Operational,0,296.2,307.2,1445,41.8,20
2025-02-12 07:00:00,L48195,No Failure,Operational,0,296.2,307.2,1356,43.6,22
2025-02-12 08:00:00,M15876,Power Failure,Maintenance Required,1,296.3,307.2,1319,68.3,24
2025-02-12 09:00:00,L48197,No Failure,Operational,0,296.3,307.2,1637,31.6,27
2025-02-12 10:00:00,L48198,No Failure,Operational,0,296.3,307.2,1291,58.6,29
2025-02-12 11:00:00,L48199,No Failure,Operational,0,296.3,307.3,1398,52.7,31
2025-02-12 12:00:00,L48200,No Failure,Operational,0,296.3,307.3,1372,57.7,33
2025-02-12 13:00:00,M15881,No Failure,Operational,0,296.3,307.2,1454,42.5,35
2025-02-12 14:00:00,L48202,No Failure,Operational,0,296.2,307.2,1515,36.5,38
2025-02-12 15:00:00,L48203,No Failure,Operational,0,296.2,307.3,1881,24.3,40
2025-02-12 16:00:00,L48204,No Failure,Operational,0,296.2,307.3,1711,29.9,42
2025-02-12 17:00:00,L48205,No Failure,Operational,0,296.2,307.3,1475,37.0,44
2025-02-12 18:00:00,L48206,No Failure,Operational,0,296.4,307.4,1512,36.8,46
2025-02-12 19:00:00,M15887,No Failure,Operational,0,296.3,307.4,1335,50.5,48
2025-02-12 20:00:00,L48208,No Failure,Operational,0,296.3,307.4,1472,39.9,51
2025-02-12 21:00:00,M15889,No Failure,Operational,0,296.2,307.3,1477,35.2,53
2025-02-12 22:00:00,L48210,No Failure,Operational,0,296.3,307.4,1760,28.4,56
2025-02-12 23:00:00,L48211,No Failure,Operational,0,296.4,307.5,1549,36.1,58
2025-02-13 00:00:00,L48212,No Failure,Operational,0,296.3,307.4,1648,34.0,60
2025-02-13 01:00:00,H30447,No Failure,Operational,0,296.4,307.5,1556,38.0,62
2025-02-13 02:00:00,M15894,No Failure,Operational,0,296.3,307.4,1958,19.1,67
2025-02-13 03:00:00,L48215,No Failure,Operational,0,296.4,307.4,1403,48.4,70
2025-02-13 04:00:00,M15896,No Failure,Operational,0,296.4,307.5,1684,31.4,72
2025-02-13 05:00:00,H30451,No Failure,Operational,0,296.4,307.5,1596,35.1,75
2025-02-13 06:00:00,L48218,No Failure,Operational,0,296.6,307.6,1498,41.1,80
2025-02-13 07:00:00,L48219,No Failure,Operational,0,296.7,307.7,1524,36.8,82
2025-02-13 08:00:00,L48220,No Failure,Operational,0,296.7,307.7,1502,43.9,84
2025-02-13 09:00:00,L48221,No Failure,Operational,0,296.6,307.6,1809,25.1,86
2025-02-13 10:00:00,L48222,No Failure,Operational,0,296.6,307.6,1542,37.4,88
2025-02-13 11:00:00,L48223,No Failure,Operational,0,296.5,307.6,1431,45.2,90
2025-02-13 12:00:00,L48224,No Failure,Operational,0,296.5,307.6,1512,43.6,92
2025-02-13 13:00:00,H30459,No Failure,Operational,0,296.4,307.5,1403,52.8,94
2025-02-13 14:00:00,L48226,No Failure,Operational,0,296.4,307.5,1331,47.8,99
2025-02-13 15:00:00,M15907,No Failure,Operational,0,296.6,307.7,1474,52.6,101
2025-02-13 16:00:00,L48228,No Failure,Operational,0,296.5,307.6,1607,33.5,104
2025-02-13 17:00:00,L48229,No Failure,Operational,0,296.5,307.6,1415,44.2,106
2025-02-13 18:00:00,L48230,No Failure,Operational,0,296.6,307.6,1671,28.8,108
2025-02-13 19:00:00,L48231,No Failure,Operational,0,296.6,307.7,1556,37.7,110
2025-02-13 20:00:00,L48232,No Failure,Operational,0,296.7,307.7,1927,23.9,112
2025-02-13 21:00:00,M15913,No Failure,Operational,0,296.7,307.7,1597,32.1,114
2025-02-13 22:00:00,H30468,No Failure,Operational,0,296.8,307.8,1627,30.5,117
2025-02-13 23:00:00,L48235,No Failure,Operational,0,296.8,307.8,1480,39.4,122
2025-02-14 00:00:00,L48236,No Failure,Operational,0,296.8,307.8,1565,39.5,124
2025-02-14 01:00:00,L48237,No Failure,Operational,0,296.8,307.8,1573,36.4,126
2025-02-14 02:00:00,L48238,No Failure,Operational,0,296.7,307.8,1605,31.3,128
2025-02-14 03:00:00,M15919,No Failure,Operational,0,296.7,307.9,1874,21.3,130
2025-02-14 04:00:00,H30474,No Failure,Operational,0,296.7,307.9,1424,53.8,133
2025-02-14 05:00:00,L48241,No Failure,Operational,0,296.7,307.9,1420,50.1,138
2025-02-14 06:00:00,L48242,No Failure,Operational,0,296.8,307.9,1372,49.0,140
2025-02-14 07:00:00,M15923,No Failure,Operational,0,296.8,307.8,1664,32.8,142
2025-02-14 08:00:00,M15924,No Failure,Operational,0,296.8,307.9,1409,44.3,145
2025-02-14 09:00:00,L48245,No Failure,Operational,0,296.8,307.9,1718,25.2,148
2025-02-14 10:00:00,M15926,No Failure,Operational,0,296.9,307.8,1544,40.3,150
2025-02-14 11:00:00,L48247,No Failure,Operational,0,296.9,307.8,1466,45.7,153
2025-02-14 12:00:00,L48248,No Failure,Operational,0,296.8,307.8,1394,47.7,155
2025-02-14 13:00:00,M15929,No Failure,Operational,0,296.9,307.8,1840,24.6,157
2025-02-14 14:00:00,M15930,No Failure,Operational,0,296.9,307.8,1477,37.2,160
2025-02-14 15:00:00,L48251,No Failure,Operational,0,296.9,307.8,1425,49.1,163
2025-02-14 16:00:00,M15932,No Failure,Operational,0,297.0,307.9,1414,46.2,165
2025-02-14 17:00:00,L48253,No Failure,Operational,0,297.0,307.8,1414,47.5,168
2025-02-14 18:00:00,L48254,No Failure,Operational,0,297.0,307.9,1595,31.7,170
2025-02-14 19:00:00,H30489,No Failure,Operational,0,296.9,307.8,1345,54.5,172
2025-02-14 20:00:00,L48256,No Failure,Operational,0,296.9,307.7,1653,35.9,177
2025-02-14 21:00:00,L48257,No Failure,Operational,0,296.8,307.6,1547,36.5,179
2025-02-14 22:00:00,H30492,No Failure,Operational,0,296.9,307.7,1656,30.8,181
2025-02-14 23:00:00,L48259,No Failure,Operational,0,297.0,307.7,1731,28.5,186
2025-02-15 00:00:00,L48260,No Failure,Operational,0,297.0,307.8,1774,28.0,188
2025-02-15 01:00:00,L48261,No Failure,Operational,0,297.0,307.8,1521,40.2,190
2025-02-15 02:00:00,H30496,No Failure,Operational,0,297.1,307.9,1420,39.8,192
2025-02-15 03:00:00,L48263,No Failure,Operational,0,297.0,307.8,1683,32.3,197
2025-02-15 04:00:00,M15944,No Failure,Operational,0,297.0,307.7,1498,47.1,199
2025-02-15 05:00:00,L48265,Overstrain Failure,Maintenance Required,1,297.0,307.8,1385,56.4,202
2025-02-15 06:00:00,L48266,No Failure,Operational,0,297.0,307.9,1455,49.0,204
2025-02-15 07:00:00,H30501,Tool Wear Failure,Maintenance Required,1,296.9,307.8,1549,35.8,206
2025-02-15 08:00:00,M15948,No Failure,Operational,0,296.9,307.8,1392,43.9,0
2025-02-15 09:00:00,M15949,No Failure,Operational,0,296.9,307.7,2008,17.5,3
2025-02-15 10:00:00,L48270,No Failure,Operational,0,296.9,307.7,1464,41.4,6
2025-02-15 11:00:00,L48271,No Failure,Operational,0,297.0,307.7,1447,46.4,8
2025-02-15 12:00:00,M15952,No Failure,Operational,0,296.9,307.6,1685,32.0,10
2025-02-15 13:00:00,M15953,No Failure,Operational,0,296.8,307.5,1443,39.2,13
2025-02-15 14:00:00,L48274,No Failure,Operational,0,296.9,307.5,1354,44.4,16
2025-02-15 15:00:00,L48275,Power Failure,Maintenance Required,1,296.9,307.5,2721,9.3,18
2025-02-15 16:00:00,L48276,No Failure,Operational,0,297.0,307.6,1680,35.8,20
2025-02-15 17:00:00,H30511,No Failure,Operational,0,296.9,307.5,1397,48.3,22
2025-02-15 18:00:00,M15958,No Failure,Operational,0,296.9,307.4,1521,37.9,27
2025-02-15 19:00:00,M15959,No Failure,Operational,0,296.8,307.4,1472,43.9,30
2025-02-15 20:00:00,H30514,No Failure,Operational,0,296.8,307.5,1695,30.0,33
2025-02-15 21:00:00,H30515,No Failure,Operational,0,296.7,307.5,1607,33.6,38
2025-02-15 22:00:00,L48282,No Failure,Operational,0,296.8,307.5,1347,54.8,43
2025-02-15 23:00:00,M15963,No Failure,Operational,0,296.7,307.4,1540,38.7,45
2025-02-16 00:00:00,L48284,No Failure,Operational,0,296.6,307.4,1389,42.7,48
2025-02-16 01:00:00,M15965,No Failure,Operational,0,296.6,307.5,1734,27.0,50
2025-02-16 02:00:00,L48286,No Failure,Operational,0,296.7,307.6,1540,38.6,53
2025-02-16 03:00:00,M15967,No Failure,Operational,0,296.7,307.5,1515,42.1,55
2025-02-16 04:00:00,L48288,No Failure,Operational,0,296.6,307.4,1504,45.8,58
2025-02-16 05:00:00,L48289,No Failure,Operational,0,296.6,307.5,1557,35.1,60
2025-02-16 06:00:00,L48290,No Failure,Operational,0,296.5,307.4,1292,52.5,62
2025-02-16 07:00:00,H30525,No Failure,Operational,0,296.5,307.4,1432,49.2,64
2025-02-16 08:00:00,M15972,No Failure,Operational,0,296.5,307.4,1350,55.6,69
2025-02-16 09:00:00,M15973,No Failure,Operational,0,296.6,307.4,1790,25.8,72
2025-02-16 10:00:00,H30528,No Failure,Operational,0,296.4,307.3,1540,37.4,75
2025-02-16 11:00:00,M15975,No Failure,Operational,0,296.4,307.3,2077,19.1,80
2025-02-16 12:00:00,L48296,No Failure,Operational,0,296.4,307.3,1487,37.5,83
2025-02-16 13:00:00,L48297,No Failure,Operational,0,296.5,307.4,1523,40.7,85
2025-02-16 14:00:00,L48298,No Failure,Operational,0,296.5,307.5,1443,41.8,87
2025-02-16 15:00:00,L48299,No Failure,Operational,0,296.5,307.5,1340,59.1,89
2025-02-16 16:00:00,H30534,No Failure,Operational,0,296.6,307.7,1654,31.0,91
2025-02-16 17:00:00,L48301,No Failure,Operational,0,296.6,307.6,1459,40.2,96
2025-02-16 18:00:00,L48302,No Failure,Operational,0,296.5,307.6,1541,38.5,98
2025-02-16 19:00:00,H30537,Power Failure,Maintenance Required,1,296.6,307.7,1386,62.3,100
2025-02-16 20:00:00,M15984,Power Failure,Maintenance Required,1,296.7,307.8,1258,69.0,105
2025-02-16 21:00:00,M15985,No Failure,Operational,0,296.7,307.8,1375,51.4,108
2025-02-16 22:00:00,L48306,No Failure,Operational,0,296.8,307.9,1706,30.8,111
2025-02-16 23:00:00,M15987,No Failure,Operational,0,296.7,307.8,1672,32.4,113
2025-02-17 00:00:00,M15988,No Failure,Operational,0,296.8,307.9,1843,25.2,116
2025-02-17 01:00:00,L48309,No Failure,Operational,0,296.7,307.9,1690,29.6,119
2025-02-17 02:00:00,L48310,No Failure,Operational,0,296.8,307.9,1413,46.5,121
2025-02-17 03:00:00,L48311,No Failure,Operational,0,296.8,307.9,1489,33.4,123
2025-02-17 04:00:00,L48312,No Failure,Operational,0,296.8,307.9,1271,61.4,125
2025-02-17 05:00:00,M15993,No Failure,Operational,0,296.8,307.9,1418,47.9,127
2025-02-17 06:00:00,M15994,No Failure,Operational,0,296.9,307.8,1426,50.7,130
2025-02-17 07:00:00,L48315,No Failure,Operational,0,296.9,307.9,1535,39.2,133
2025-02-17 08:00:00,L48316,No Failure,Operational,0,296.9,307.8,1557,38.1,135
2025-02-17 09:00:00,L48317,No Failure,Operational,0,296.9,307.8,1653,29.7,137
2025-02-17 10:00:00,L48318,No Failure,Operational,0,296.9,307.9,1435,41.6,139
2025-02-17 11:00:00,M15999,No Failure,Operational,0,297.0,307.9,1569,33.3,141
2025-02-17 12:00:00,M16000,No Failure,Operational,0,296.9,307.9,1385,44.8,144
2025-02-17 13:00:00,L48321,No Failure,Operational,0,297.0,307.9,1635,31.6,147
2025-02-17 14:00:00,L48322,No Failure,Operational,0,296.9,307.9,1423,43.9,149
2025-02-17 15:00:00,L48323,No Failure,Operational,0,297.0,307.9,1479,39.2,151
2025-02-17 16:00:00,L48324,Power Failure,Maintenance Required,1,297.0,307.9,1296,69.1,153
2025-02-17 17:00:00,L48325,No Failure,Operational,0,297.0,307.8,1553,33.3,155
2025-02-17 18:00:00,L48326,No Failure,Operational,0,297.0,307.9,1529,42.2,157
2025-02-17 19:00:00,M16007,No Failure,Operational,0,297.1,308.0,1690,25.6,159
2025-02-17 20:00:00,L48328,No Failure,Operational,0,297.1,308.0,1348,58.0,162
2025-02-17 21:00:00,L48329,No Failure,Operational,0,297.2,308.1,1446,38.5,164
2025-02-17 22:00:00,L48330,No Failure,Operational,0,297.1,307.9,1456,50.0,166
2025-02-17 23:00:00,L48331,No Failure,Operational,0,297.0,307.9,1350,47.7,168
2025-02-18 00:00:00,L48332,No Failure,Operational,0,297.1,307.9,1507,38.3,170
2025-02-18 01:00:00,H30567,No Failure,Operational,0,297.0,307.9,1448,45.6,172
2025-02-18 02:00:00,L48334,No Failure,Operational,0,296.9,307.9,1626,29.9,177
2025-02-18 03:00:00,H30569,No Failure,Operational,0,297.0,307.9,1846,27.3,179
2025-02-18 04:00:00,H30570,No Failure,Operational,0,297.0,307.8,1404,40.7,184
2025-02-18 05:00:00,L48337,No Failure,Operational,0,297.0,307.8,1583,37.2,189
2025-02-18 06:00:00,L48338,No Failure,Operational,0,297.0,307.9,1436,47.7,191
2025-02-18 07:00:00,L48339,No Failure,Operational,0,297.0,307.8,1609,35.6,193
2025-02-18 08:00:00,H30574,No Failure,Operational,0,297.0,307.7,1834,23.8,195
2025-02-18 09:00:00,L48341,Overstrain Failure,Maintenance Required,1,297.0,307.8,1316,61.2,200
2025-02-18 10:00:00,L48342,Overstrain Failure,Maintenance Required,1,296.9,307.8,1400,57.1,202
2025-02-18 11:00:00,L48343,No Failure,Operational,0,296.9,307.9,1367,47.1,204
2025-02-18 12:00:00,L48344,No Failure,Operational,0,297.1,308.1,1754,30.3,206
2025-02-18 13:00:00,L48345,No Failure,Operational,0,297.1,308.1,1487,34.6,208
2025-02-18 14:00:00,M16026,No Failure,Operational,0,297.1,308.1,1506,37.7,210
2025-02-18 15:00:00,L48347,Overstrain Failure,Maintenance Required,1,297.0,308.1,1362,52.5,213
2025-02-18 16:00:00,L48348,No Failure,Operational,0,297.1,308.1,1584,36.8,215
2025-02-18 17:00:00,L48349,No Failure,Operational,0,297.0,308.1,1355,43.7,217
2025-02-18 18:00:00,M16030,No Failure,Operational,0,297.1,308.1,1823,24.3,219
2025-02-18 19:00:00,H30585,No Failure,Operational,0,297.0,308.1,1517,41.4,222
2025-02-18 20:00:00,L48352,No Failure,Operational,0,297.1,308.1,1446,36.6,227
2025-02-18 21:00:00,H30587,No Failure,Operational,0,297.1,308.0,1559,38.8,229
2025-02-18 22:00:00,M16034,No Failure,Operational,0,297.1,308.1,1352,44.4,0
2025-02-18 23:00:00,M16035,No Failure,Operational,0,297.2,308.3,1578,37.8,3
2025-02-19 00:00:00,M16036,No Failure,Operational,0,297.2,308.3,1429,42.0,6
2025-02-19 01:00:00,M16037,No Failure,Operational,0,297.2,308.3,1604,39.4,9
2025-02-19 02:00:00,L48358,No Failure,Operational,0,297.3,308.5,1398,60.4,12
2025-02-19 03:00:00,L48359,No Failure,Operational,0,297.3,308.4,1441,43.4,14
2025-02-19 04:00:00,H30594,No Failure,Operational,0,297.3,308.4,1531,35.6,16
2025-02-19 05:00:00,L48361,No Failure,Operational,0,297.2,308.3,1379,52.1,21
2025-02-19 06:00:00,L48362,No Failure,Operational,0,297.3,308.3,1410,48.1,23
2025-02-19 07:00:00,L48363,No Failure,Operational,0,297.3,308.4,1513,40.5,25
2025-02-19 08:00:00,L48364,No Failure,Operational,0,297.3,308.5,1497,47.5,27
2025-02-19 09:00:00,L48365,No Failure,Operational,0,297.3,308.4,1491,46.5,29
2025-02-19 10:00:00,L48366,No Failure,Operational,0,297.3,308.4,1417,47.8,31
2025-02-19 11:00:00,M16047,No Failure,Operational,0,297.4,308.6,1522,38.0,33
2025-02-19 12:00:00,L48368,No Failure,Operational,0,297.3,308.4,1339,52.1,36
2025-02-19 13:00:00,M16049,No Failure,Operational,0,297.2,308.3,1794,27.5,38
2025-02-19 14:00:00,L48370,No Failure,Operational,0,297.2,308.4,1460,42.1,41
2025-02-19 15:00:00,M16051,No Failure,Operational,0,297.2,308.3,1776,28.0,43
2025-02-19 16:00:00,M16052,No Failure,Operational,0,297.2,308.3,1431,43.7,46
2025-02-19 17:00:00,L48373,No Failure,Operational,0,297.1,308.2,1347,50.8,49
2025-02-19 18:00:00,M16054,No Failure,Operational,0,297.0,308.1,1507,43.1,51
2025-02-19 19:00:00,M16055,No Failure,Operational,0,297.0,308.0,1408,47.9,54
2025-02-19 20:00:00,M16056,No Failure,Operational,0,297.0,307.9,1493,34.7,57
2025-02-19 21:00:00,M16057,No Failure,Operational,0,296.9,307.9,1441,47.6,60
2025-02-19 22:00:00,H30612,No Failure,Operational,0,296.9,307.9,1557,36.5,63
2025-02-19 23:00:00,M16059,No Failure,Operational,0,296.9,307.9,1979,20.4,68
2025-02-20 00:00:00,M16060,No Failure,Operational,0,296.9,308.0,1430,55.9,71
2025-02-20 01:00:00,L48381,No Failure,Operational,0,296.9,308.0,1658,41.0,74
2025-02-20 02:00:00,M16062,No Failure,Operational,0,297.0,308.1,1355,51.4,76
2025-02-20 03:00:00,H30617,No Failure,Operational,0,297.0,308.1,1410,47.6,79
2025-02-20 04:00:00,L48384,No Failure,Operational,0,296.9,308.0,1521,34.5,84
2025-02-20 05:00:00,L48385,No Failure,Operational,0,296.8,308.0,1371,54.5,86
2025-02-20 06:00:00,H30620,No Failure,Operational,0,296.9,308.0,1318,53.5,88
2025-02-20 07:00:00,M16067,No Failure,Operational,0,297.0,308.1,1573,34.9,93
2025-02-20 08:00:00,L48388,No Failure,Operational,0,297.0,308.1,1489,44.1,96
2025-02-20 09:00:00,H30623,No Failure,Operational,0,297.0,308.1,2540,13.3,98
2025-02-20 10:00:00,L48390,No Failure,Operational,0,297.0,308.1,1537,39.0,103
2025-02-20 11:00:00,H30625,No Failure,Operational,0,296.9,308.0,1416,46.9,105
2025-02-20 12:00:00,L48392,No Failure,Operational,0,296.9,307.9,1359,56.5,110
2025-02-20 13:00:00,M16073,No Failure,Operational,0,296.8,307.8,1551,38.9,112
2025-02-20 14:00:00,M16074,No Failure,Operational,0,296.8,307.8,1694,33.0,115
2025-02-20 15:00:00,L48395,No Failure,Operational,0,296.8,307.9,1709,28.4,118
2025-02-20 16:00:00,L48396,No Failure,Operational,0,296.9,308.0,1514,41.0,120
2025-02-20 17:00:00,L48397,No Failure,Operational,0,297.0,308.1,1455,43.5,122
2025-02-20 18:00:00,M16078,No Failure,Operational,0,297.0,308.2,1702,30.7,124
2025-02-20 19:00:00,M16079,No Failure,Operational,0,296.9,308.1,1357,41.8,127
2025-02-20 20:00:00,L48400,No Failure,Operational,0,297.0,308.2,1577,29.4,130
2025-02-20 21:00:00,M16081,Random Failure,Operational,0,297.0,308.3,1399,46.4,132
2025-02-20 22:00:00,L48402,No Failure,Operational,0,297.0,308.3,1399,59.0,135
2025-02-20 23:00:00,L48403,No Failure,Operational,0,297.0,308.3,1492,48.1,137
2025-02-21 00:00:00,L48404,No Failure,Operational,0,297.1,308.3,1763,25.7,139
2025-02-21 01:00:00,H30639,No Failure,Operational,0,297.1,308.3,1492,41.5,141
2025-02-21 02:00:00,L48406,No Failure,Operational,0,297.1,308.4,1488,42.5,146
2025-02-21 03:00:00,L48407,No Failure,Operational,0,297.1,308.4,1422,42.1,148
2025-02-21 04:00:00,M16088,No Failure,Operational,0,297.1,308.4,1583,38.2,150
2025-02-21 05:00:00,L48409,No Failure,Operational,0,297.1,308.4,1304,53.5,153
2025-02-21 06:00:00,M16090,No Failure,Operational,0,297.1,308.4,1880,23.5,155
2025-02-21 07:00:00,M16091,No Failure,Operational,0,297.2,308.5,1604,40.7,158
2025-02-21 08:00:00,L48412,No Failure,Operational,0,297.2,308.6,1500,37.1,161
2025-02-21 09:00:00,M16093,No Failure,Operational,0,297.2,308.5,1364,55.6,163
2025-02-21 10:00:00,H30648,No Failure,Operational,0,297.2,308.5,2440,14.0,166
2025-02-21 11:00:00,H30649,No Failure,Operational,0,297.1,308.4,1654,31.4,171
2025-02-21 12:00:00,H30650,No Failure,Operational,0,297.1,308.4,1359,46.6,176
2025-02-21 13:00:00,M16097,No Failure,Operational,0,297.1,308.4,1502,37.3,181
2025-02-21 14:00:00,M16098,No Failure,Operational,0,297.1,308.4,1615,32.6,184
2025-02-21 15:00:00,H30653,No Failure,Operational,0,297.2,308.5,1482,39.3,187
2025-02-21 16:00:00,L48420,No Failure,Operational,0,297.2,308.6,1636,31.3,192
2025-02-21 17:00:00,M16101,No Failure,Operational,0,297.1,308.5,1621,32.4,194
2025-02-21 18:00:00,L48422,No Failure,Operational,0,297.1,308.4,1468,44.4,197
2025-02-21 19:00:00,M16103,No Failure,Operational,0,297.1,308.4,1432,53.4,199
2025-02-21 20:00:00,L48424,No Failure,Operational,0,297.1,308.4,1726,28.4,202
2025-02-21 21:00:00,M16105,No Failure,Operational,0,297.1,308.4,1588,33.4,204
2025-02-21 22:00:00,H30660,No Failure,Operational,0,297.2,308.5,1653,33.3,207
2025-02-21 23:00:00,L48427,No Failure,Operational,0,297.2,308.5,1513,42.9,212
2025-02-22 00:00:00,L48428,No Failure,Operational,0,297.2,308.6,1489,40.2,214
2025-02-22 01:00:00,L48429,No Failure,Operational,0,297.3,308.7,1467,36.8,216
2025-02-22 02:00:00,L48430,No Failure,Operational,0,297.3,308.7,1549,36.1,218
2025-02-22 03:00:00,M16111,No Failure,Operational,0,297.4,308.8,1359,48.7,220
2025-02-22 04:00:00,L48432,No Failure,Operational,0,297.5,308.8,1533,41.5,223
2025-02-22 05:00:00,L48433,No Failure,Operational,0,297.5,308.8,1309,57.3,0
2025-02-22 06:00:00,H30668,No Failure,Operational,0,297.5,308.8,1430,49.4,2
2025-02-22 07:00:00,H30669,No Failure,Operational,0,297.5,308.9,1419,50.7,7
2025-02-22 08:00:00,M16116,No Failure,Operational,0,297.5,308.9,1535,37.7,12
2025-02-22 09:00:00,L48437,No Failure,Operational,0,297.5,308.9,1466,43.0,15
2025-02-22 10:00:00,L48438,No Failure,Operational,0,297.5,308.9,1427,50.4,17
2025-02-22 11:00:00,M16119,No Failure,Operational,0,297.5,308.9,1280,48.5,19
2025-02-22 12:00:00,L48440,No Failure,Operational,0,297.6,309.0,1528,33.8,22
2025-02-22 13:00:00,H30675,No Failure,Operational,0,297.6,309.0,1885,25.2,24
2025-02-22 14:00:00,H30676,No Failure,Operational,0,297.8,309.2,1648,33.0,29
2025-02-22 15:00:00,L48443,No Failure,Operational,0,297.8,309.2,1400,56.9,34
2025-02-22 16:00:00,M16124,No Failure,Operational,0,297.8,309.3,2243,15.7,36
2025-02-22 17:00:00,L48445,No Failure,Operational,0,297.9,309.4,1558,35.7,39
2025-02-22 18:00:00,L48446,No Failure,Operational,0,298.0,309.6,1633,34.8,41
2025-02-22 19:00:00,M16127,No Failure,Operational,0,298.1,309.6,1549,38.7,43
2025-02-22 20:00:00,L48448,No Failure,Operational,0,298.0,309.5,1496,45.8,46
2025-02-22 21:00:00,L48449,No Failure,Operational,0,298.1,309.5,1467,41.8,48
2025-02-22 22:00:00,M16130,No Failure,Operational,0,298.0,309.4,1276,65.9,50
2025-02-22 23:00:00,H30685,No Failure,Operational,0,298.0,309.4,1490,40.5,53
2025-02-23 00:00:00,H30686,No Failure,Operational,0,298.0,309.4,1562,38.1,58
2025-02-23 01:00:00,L48453,No Failure,Operational,0,298.1,309.4,1397,48.2,63
2025-02-23 02:00:00,H30688,No Failure,Operational,0,298.1,309.5,1530,40.2,65
2025-02-23 03:00:00,M16135,No Failure,Operational,0,298.1,309.4,1362,47.6,70
2025-02-23 04:00:00,M16136,No Failure,Operational,0,298.2,309.4,1693,34.4,73
2025-02-23 05:00:00,M16137,No Failure,Operational,0,298.2,309.4,1408,46.5,76
2025-02-23 06:00:00,L48458,No Failure,Operational,0,298.2,309.4,1398,52.9,79
2025-02-23 07:00:00,M16139,No Failure,Operational,0,298.3,309.6,1531,40.1,81
2025-02-23 08:00:00,H30694,No Failure,Operational,0,298.3,309.5,1521,37.1,84
2025-02-23 09:00:00,H30695,No Failure,Operational,0,298.3,309.5,1427,54.3,89
2025-02-23 10:00:00,L48462,No Failure,Operational,0,298.3,309.4,1546,36.1,94
2025-02-23 11:00:00,L48463,No Failure,Operational,0,298.3,309.4,1356,45.4,96
2025-02-23 12:00:00,L48464,Power Failure,Maintenance Required,1,298.4,309.5,2153,15.3,98
2025-02-23 13:00:00,M16145,No Failure,Operational,0,298.5,309.6,1492,41.7,100
2025-02-23 14:00:00,L48466,No Failure,Operational,0,298.5,309.6,1582,40.3,103
2025-02-23 15:00:00,L48467,No Failure,Operational,0,298.5,309.6,1419,41.5,105
2025-02-23 16:00:00,M16148,No Failure,Operational,0,298.5,309.6,1441,48.2,107
2025-02-23 17:00:00,M16149,No Failure,Operational,0,298.6,309.7,1635,32.2,110
2025-02-23 18:00:00,L48470,No Failure,Operational,0,298.6,309.7,1429,45.8,113
2025-02-23 19:00:00,M16151,No Failure,Operational,0,298.6,309.7,1675,28.4,115
2025-02-23 20:00:00,M16152,No Failure,Operational,0,298.7,309.7,1868,23.8,118
2025-02-23 21:00:00,H30707,No Failure,Operational,0,298.7,309.8,1582,33.4,121
2025-02-23 22:00:00,L48474,No Failure,Operational,0,298.8,309.9,1486,40.3,126
2025-02-23 23:00:00,L48475,No Failure,Operational,0,298.7,309.8,1402,54.3,128
2025-02-24 00:00:00,L48476,No Failure,Operational,0,298.7,309.9,1621,34.1,130
2025-02-24 01:00:00,L48477,No Failure,Operational,0,298.8,309.9,1428,42.4,132
2025-02-24 02:00:00,M16158,No Failure,Operational,0,298.7,309.8,1343,53.6,134
2025-02-24 03:00:00,M16159,No Failure,Operational,0,298.7,309.9,1458,40.2,137
2025-02-24 04:00:00,L48480,No Failure,Operational,0,298.7,309.8,1322,57.0,140
2025-02-24 05:00:00,L48481,No Failure,Operational,0,298.7,309.9,1483,32.8,142
2025-02-24 06:00:00,L48482,Random Failure,Operational,0,298.6,309.8,1505,45.7,144
2025-02-24 07:00:00,L48483,No Failure,Operational,0,298.7,309.9,1593,42.5,146
2025-02-24 08:00:00,L48484,No Failure,Operational,0,298.8,310.0,2098,19.6,148
2025-02-24 09:00:00,L48485,No Failure,Operational,0,298.8,310.0,1672,30.4,150
2025-02-24 10:00:00,L48486,No Failure,Operational,0,298.8,310.0,1487,41.4,152
2025-02-24 11:00:00,L48487,No Failure,Operational,0,298.8,310.0,1423,42.1,154
2025-02-24 12:00:00,L48488,No Failure,Operational,0,298.9,310.1,1750,25.0,156
2025-02-24 13:00:00,L48489,No Failure,Operational,0,298.9,310.2,1654,31.1,158
2025-02-24 14:00:00,L48490,No Failure,Operational,0,298.9,310.2,1498,50.2,160
2025-02-24 15:00:00,L48491,No Failure,Operational,0,298.9,310.1,1587,30.2,162
2025-02-24 16:00:00,L48492,No Failure,Operational,0,298.9,310.1,1473,42.6,164
2025-02-24 17:00:00,L48493,No Failure,Operational,0,298.9,310.2,1359,56.9,166
2025-02-24 18:00:00,M16174,No Failure,Operational,0,299.0,310.3,1635,34.5,168
2025-02-24 19:00:00,L48495,No Failure,Operational,0,299.0,310.3,1520,45.0,171
2025-02-24 20:00:00,L48496,No Failure,Operational,0,299.0,310.3,1507,36.7,173
2025-02-24 21:00:00,L48497,No Failure,Operational,0,299.0,310.3,1428,46.3,175
2025-02-24 22:00:00,M16178,No Failure,Operational,0,299.0,310.3,1582,33.3,177
2025-02-24 23:00:00,L48499,No Failure,Operational,0,299.0,310.3,1929,24.4,180
2025-02-25 00:00:00,M16180,No Failure,Operational,0,299.0,310.3,1540,38.1,182
2025-02-25 01:00:00,L48501,No Failure,Operational,0,298.9,310.2,1362,53.0,185
2025-02-25 02:00:00,H30736,No Failure,Operational,0,298.9,310.1,1452,49.9,187
2025-02-25 03:00:00,L48503,No Failure,Operational,0,298.9,310.1,1361,51.7,192
2025-02-25 04:00:00,M16184,Power Failure,Maintenance Required,1,298.8,310.1,1243,74.5,194
2025-02-25 05:00:00,H30739,No Failure,Operational,0,298.8,310.1,1567,36.8,197
2025-02-25 06:00:00,L48506,No Failure,Operational,0,298.9,310.2,1411,46.5,202
2025-02-25 07:00:00,L48507,No Failure,Operational,0,298.8,310.2,1814,26.8,204
2025-02-25 08:00:00,M16188,No Failure,Operational,0,298.8,310.1,1719,28.8,206
2025-02-25 09:00:00,H30743,No Failure,Operational,0,298.8,310.2,1663,30.4,209
2025-02-25 10:00:00,L48510,No Failure,Operational,0,298.9,310.2,1696,30.2,214
2025-02-25 11:00:00,H30745,No Failure,Operational,0,298.9,310.2,1771,26.8,216
2025-02-25 12:00:00,L48512,No Failure,Operational,0,299.0,310.3,1868,24.0,221
2025-02-25 13:00:00,M16193,No Failure,Operational,0,299.0,310.3,1558,35.4,223
2025-02-25 14:00:00,L48514,Overstrain Failure,Maintenance Required,1,299.0,310.4,1365,49.1,226
2025-02-25 15:00:00,L48515,Overstrain Failure,Maintenance Required,1,299.0,310.4,1371,53.8,228
2025-02-25 16:00:00,L48516,No Failure,Operational,0,298.9,310.3,1583,32.6,230
2025-02-25 17:00:00,H30751,No Failure,Operational,0,298.7,310.2,1613,36.0,0
2025-02-25 18:00:00,L48518,No Failure,Operational,0,298.6,310.1,1721,27.2,5
2025-02-25 19:00:00,M16199,No Failure,Operational,0,298.6,310.2,1668,31.5,7
2025-02-25 20:00:00,L48520,No Failure,Operational,0,298.6,310.2,1569,36.3,10
2025-02-25 21:00:00,M16201,No Failure,Operational,0,298.6,310.2,1328,50.5,12
2025-02-25 22:00:00,M16202,No Failure,Operational,0,298.6,310.1,1596,33.0,15
2025-02-25 23:00:00,L48523,No Failure,Operational,0,298.5,310.2,1676,32.7,18
2025-02-26 00:00:00,L48524,No Failure,Operational,0,298.5,310.1,1809,28.9,20
2025-02-26 01:00:00,L48525,No Failure,Operational,0,298.5,310.0,1804,26.1,22
2025-02-26 02:00:00,L48526,No Failure,Operational,0,298.6,310.1,1533,33.9,24
2025-02-26 03:00:00,L48527,No Failure,Operational,0,298.7,310.2,1717,27.3,26
2025-02-26 04:00:00,L48528,No Failure,Operational,0,298.7,310.2,1363,45.5,28
2025-02-26 05:00:00,L48529,No Failure,Operational,0,298.7,310.2,1402,45.9,30
2025-02-26 06:00:00,L48530,No Failure,Operational,0,298.7,310.2,1436,47.5,32
2025-02-26 07:00:00,L48531,No Failure,Operational,0,298.7,310.2,1525,43.7,34
2025-02-26 08:00:00,M16212,No Failure,Operational,0,298.7,310.2,1598,33.3,36
2025-02-26 09:00:00,M16213,No Failure,Operational,0,298.6,310.1,1444,48.1,39
2025-02-26 10:00:00,L48534,No Failure,Operational,0,298.6,310.0,1334,48.0,42
2025-02-26 11:00:00,M16215,No Failure,Operational,0,298.6,310.0,1681,35.5,44
2025-02-26 12:00:00,L48536,No Failure,Operational,0,298.6,309.9,1593,37.4,47
2025-02-26 13:00:00,L48537,No Failure,Operational,0,298.6,309.9,1461,45.7,49
2025-02-26 14:00:00,M16218,No Failure,Operational,0,298.7,310.1,1693,31.9,51
2025-02-26 15:00:00,L48539,No Failure,Operational,0,298.7,310.2,1404,50.3,54
2025-02-26 16:00:00,H30774,No Failure,Operational,0,298.8,310.2,1707,27.6,56
2025-02-26 17:00:00,M16221,No Failure,Operational,0,298.6,310.1,1458,41.9,61
2025-02-26 18:00:00,L48542,No Failure,Operational,0,298.6,310.0,1517,41.2,64
2025-02-26 19:00:00,L48543,No Failure,Operational,0,298.7,310.1,1433,54.6,66
2025-02-26 20:00:00,L48544,No Failure,Operational,0,298.7,310.2,1566,33.1,68
2025-02-26 21:00:00,L48545,No Failure,Operational,0,298.7,310.1,1676,33.5,70
2025-02-26 22:00:00,M16226,No Failure,Operational,0,298.7,310.1,1368,56.8,72
2025-02-26 23:00:00,M16227,No Failure,Operational,0,298.8,310.2,1581,37.5,75
2025-02-27 00:00:00,H30782,No Failure,Operational,0,298.8,310.3,1708,27.1,78
2025-02-27 01:00:00,M16229,No Failure,Operational,0,298.7,310.3,1481,41.5,83
2025-02-27 02:00:00,L48550,No Failure,Operational,0,298.7,310.3,1451,40.0,86
2025-02-27 03:00:00,M16231,No Failure,Operational,0,298.7,310.3,1495,38.7,88
2025-02-27 04:00:00,M16232,No Failure,Operational,0,298.8,310.3,1573,41.8,91
2025-02-27 05:00:00,M16233,No Failure,Operational,0,298.8,310.3,1366,59.0,94
2025-02-27 06:00:00,L48554,No Failure,Operational,0,298.8,310.3,1553,36.8,97
2025-02-27 07:00:00,M16235,No Failure,Operational,0,298.8,310.3,1528,37.1,99
2025-02-27 08:00:00,M16236,No Failure,Operational,0,298.8,310.2,1527,31.2,102
2025-02-27 09:00:00,L48557,No Failure,Operational,0,298.8,310.2,1461,46.7,105
2025-02-27 10:00:00,H30792,No Failure,Operational,0,298.8,310.2,1455,44.9,107
2025-02-27 11:00:00,L48559,No Failure,Operational,0,298.7,310.1,1620,34.8,112
2025-02-27 12:00:00,L48560,No Failure,Operational,0,298.7,310.1,1786,27.7,114
2025-02-27 13:00:00,M16241,No Failure,Operational,0,298.8,310.2,1583,35.7,116
2025-02-27 14:00:00,L48562,No Failure,Operational,0,298.8,310.1,1653,30.3,119
2025-02-27 15:00:00,M16243,No Failure,Operational,0,298.9,310.2,1331,49.0,121
2025-02-27 16:00:00,L48564,No Failure,Operational,0,298.9,310.3,1484,43.8,124
2025-02-27 17:00:00,M16245,No Failure,Operational,0,298.9,310.2,1603,36.1,126
2025-02-27 18:00:00,L48566,No Failure,Operational,0,298.9,310.2,1445,40.0,129
2025-02-27 19:00:00,L48567,No Failure,Operational,0,298.9,310.1,1823,26.1,131
2025-02-27 20:00:00,H30802,No Failure,Operational,0,298.9,310.1,1491,45.3,133
2025-02-27 21:00:00,L48569,No Failure,Operational,0,298.9,310.2,1533,42.8,138
2025-02-27 22:00:00,L48570,No Failure,Operational,0,298.9,310.2,1409,54.8,140
2025-02-27 23:00:00,L48571,Power Failure,Maintenance Required,1,298.9,310.2,2737,8.8,142
2025-02-28 00:00:00,M16252,No Failure,Operational,0,299.0,310.3,1494,46.6,144
2025-02-28 01:00:00,L48573,No Failure,Operational,0,299.1,310.4,1594,33.3,147
2025-02-28 02:00:00,L48574,No Failure,Operational,0,299.1,310.4,1527,44.0,149
2025-02-28 03:00:00,L48575,No Failure,Operational,0,299.1,310.4,1452,39.7,151
2025-02-28 04:00:00,L48576,No Failure,Operational,0,299.0,310.3,1483,39.2,153
2025-02-28 05:00:00,L48577,No Failure,Operational,0,299.1,310.2,1569,38.2,155
2025-02-28 06:00:00,L48578,No Failure,Operational,0,299.1,310.3,1472,46.6,157
2025-02-28 07:00:00,L48579,No Failure,Operational,0,299.0,310.2,1533,43.5,159
2025-02-28 08:00:00,H30814,No Failure,Operational,0,298.9,310.1,1366,62.7,161
2025-02-28 09:00:00,H30815,No Failure,Operational,0,298.9,310.2,1532,37.7,166
2025-02-28 10:00:00,M16262,No Failure,Operational,0,298.9,310.1,1313,56.8,171
2025-02-28 11:00:00,L48583,No Failure,Operational,0,299.0,310.2,1372,48.0,174
2025-02-28 12:00:00,M16264,No Failure,Operational,0,298.9,310.1,1555,40.6,176
2025-02-28 13:00:00,L48585,No Failure,Operational,0,298.9,310.1,1394,42.7,179
2025-02-28 14:00:00,L48586,No Failure,Operational,0,298.9,310.1,1442,48.0,181
2025-02-28 15:00:00,L48587,No Failure,Operational,0,298.9,310.0,1564,33.8,183
2025-02-28 16:00:00,L48588,No Failure,Operational,0,298.9,310.0,1452,48.9,185
2025-02-28 17:00:00,L48589,No Failure,Operational,0,298.9,310.1,1466,42.5,187
2025-02-28 18:00:00,M16270,No Failure,Operational,0,298.9,310.1,1469,53.2,189
2025-02-28 19:00:00,L48591,No Failure,Operational,0,298.9,310.1,1944,23.4,192
2025-02-28 20:00:00,M16272,No Failure,Operational,0,298.8,309.9,1415,53.2,194
2025-02-28 21:00:00,M16273,No Failure,Operational,0,298.7,309.8,1528,36.7,197
2025-02-28 22:00:00,M16274,No Failure,Operational,0,298.7,309.8,1570,42.1,200
2025-02-28 23:00:00,L48595,No Failure,Operational,0,298.7,309.9,1617,33.0,203
2025-03-01 00:00:00,M16276,No Failure,Operational,0,298.7,309.9,2083,18.2,205
2025-03-01 01:00:00,L48597,No Failure,Operational,0,298.7,309.9,1541,38.5,208
2025-03-01 02:00:00,L48598,No Failure,Operational,0,298.8,309.9,1320,47.4,210
2025-03-01 03:00:00,L48599,Overstrain Failure,Maintenance Required,1,298.7,309.8,1354,53.3,212
2025-03-01 04:00:00,M16280,No Failure,Operational,0,298.8,309.9,1495,35.2,214
2025-03-01 05:00:00,L48601,No Failure,Operational,0,298.7,309.8,1589,31.8,217
2025-03-01 06:00:00,L48602,No Failure,Operational,0,298.7,309.8,1530,35.5,0
2025-03-01 07:00:00,L48603,No Failure,Operational,0,298.7,309.8,1539,33.4,2
2025-03-01 08:00:00,L48604,No Failure,Operational,0,298.7,309.7,1462,46.8,4
2025-03-01 09:00:00,L48605,No Failure,Operational,0,298.6,309.7,1356,54.0,6
2025-03-01 10:00:00,M16286,No Failure,Operational,0,298.7,309.7,1622,34.6,8
2025-03-01 11:00:00,L48607,No Failure,Operational,0,298.7,309.8,1394,40.3,11
2025-03-01 12:00:00,L48608,No Failure,Operational,0,298.8,309.9,1568,33.7,13
2025-03-01 13:00:00,M16289,No Failure,Operational,0,298.9,310.0,1456,43.8,15
2025-03-01 14:00:00,L48610,No Failure,Operational,0,298.9,310.0,1378,49.3,18
2025-03-01 15:00:00,M16291,No Failure,Operational,0,298.9,309.9,1404,41.4,20
2025-03-01 16:00:00,L48612,No Failure,Operational,0,298.8,309.8,1437,42.8,23
2025-03-01 17:00:00,L48613,No Failure,Operational,0,298.8,309.8,1363,44.0,25
2025-03-01 18:00:00,M16294,No Failure,Operational,0,298.8,309.8,1377,49.6,27
2025-03-01 19:00:00,H30849,No Failure,Operational,0,298.8,309.9,1526,42.1,30
2025-03-01 20:00:00,H30850,No Failure,Operational,0,298.8,309.8,1510,44.2,35
2025-03-01 21:00:00,H30851,No Failure,Maintenance Required,1,298.8,309.9,1439,45.2,40
2025-03-01 22:00:00,L48618,No Failure,Operational,0,298.8,309.9,1482,39.1,45
2025-03-01 23:00:00,M16299,No Failure,Operational,0,298.8,309.8,1534,37.0,47
2025-03-02 00:00:00,M16300,No Failure,Operational,0,298.8,309.9,1741,27.7,50
2025-03-02 01:00:00,L48621,No Failure,Operational,0,298.8,309.9,1550,38.8,53
2025-03-02 02:00:00,M16302,No Failure,Operational,0,298.8,310.0,1486,38.5,55
2025-03-02 03:00:00,L48623,No Failure,Operational,0,298.9,310.1,1602,38.2,58
2025-03-02 04:00:00,L48624,No Failure,Operational,0,299.0,310.2,1477,37.9,60
2025-03-02 05:00:00,L48625,No Failure,Operational,0,299.0,310.1,1618,29.2,62
2025-03-02 06:00:00,M16306,No Failure,Operational,0,299.0,310.2,1628,35.8,64
2025-03-02 07:00:00,M16307,No Failure,Operational,0,299.0,310.3,1662,33.6,67
2025-03-02 08:00:00,M16308,No Failure,Operational,0,299.0,310.3,1657,31.0,70
2025-03-02 09:00:00,H30863,No Failure,Operational,0,299.0,310.4,1677,30.8,73
2025-03-02 10:00:00,M16310,No Failure,Operational,0,299.0,310.3,1447,39.9,78
2025-03-02 11:00:00,L48631,No Failure,Operational,0,298.9,310.4,1831,25.4,81
2025-03-02 12:00:00,L48632,No Failure,Operational,0,299.0,310.3,1584,34.4,83
2025-03-02 13:00:00,L48633,No Failure,Operational,0,299.1,310.4,1450,40.9,85
2025-03-02 14:00:00,L48634,No Failure,Operational,0,299.1,310.4,1428,46.9,87
2025-03-02 15:00:00,L48635,No Failure,Operational,0,299.0,310.4,1382,53.0,89
2025-03-02 16:00:00,L48636,No Failure,Operational,0,299.0,310.3,1501,43.0,91
2025-03-02 17:00:00,L48637,No Failure,Operational,0,299.0,310.3,1475,42.4,93
2025-03-02 18:00:00,L48638,No Failure,Operational,0,298.9,310.3,1364,54.0,95
2025-03-02 19:00:00,L48639,No Failure,Operational,0,299.0,310.3,1472,36.1,97
2025-03-02 20:00:00,L48640,No Failure,Operational,0,299.0,310.3,1437,47.8,99
2025-03-02 21:00:00,L48641,No Failure,Operational,0,298.9,310.2,1491,45.1,101
2025-03-02 22:00:00,L48642,No Failure,Operational,0,298.9,310.2,1706,27.6,103
2025-03-02 23:00:00,L48643,No Failure,Operational,0,298.8,310.1,1607,39.5,105
2025-03-03 00:00:00,L48644,No Failure,Operational,0,298.8,310.0,1412,46.3,107
2025-03-03 01:00:00,L48645,No Failure,Operational,0,298.7,309.8,1546,40.9,109
2025-03-03 02:00:00,L48646,No Failure,Operational,0,298.7,309.8,1365,50.5,111
2025-03-03 03:00:00,L48647,No Failure,Operational,0,298.6,309.8,1544,30.2,113
2025-03-03 04:00:00,M16328,No Failure,Operational,0,298.6,309.8,1419,44.9,115
2025-03-03 05:00:00,L48649,No Failure,Operational,0,298.6,309.8,1497,41.6,118
2025-03-03 06:00:00,L48650,No Failure,Operational,0,298.5,309.7,1437,42.6,120
2025-03-03 07:00:00,L48651,No Failure,Operational,0,298.5,309.6,1421,53.6,122
2025-03-03 08:00:00,M16332,No Failure,Operational,0,298.5,309.6,1438,44.5,124
2025-03-03 09:00:00,M16333,No Failure,Operational,0,298.5,309.5,1315,48.9,127
2025-03-03 10:00:00,M16334,No Failure,Operational,0,298.5,309.5,1366,61.9,130
2025-03-03 11:00:00,M16335,No Failure,Operational,0,298.4,309.5,1519,35.4,133
2025-03-03 12:00:00,L48656,No Failure,Operational,0,298.4,309.5,1692,28.3,136
2025-03-03 13:00:00,L48657,No Failure,Operational,0,298.3,309.4,1570,35.6,138
2025-03-03 14:00:00,L48658,No Failure,Operational,0,298.3,309.4,1568,35.8,140
2025-03-03 15:00:00,L48659,No Failure,Operational,0,298.2,309.3,1355,43.8,142
2025-03-03 16:00:00,M16340,No Failure,Operational,0,298.2,309.3,2056,18.7,144
2025-03-03 17:00:00,M16341,No Failure,Operational,0,298.2,309.2,1332,60.2,147
2025-03-03 18:00:00,M16342,No Failure,Operational,0,298.1,309.1,1448,52.5,150
2025-03-03 19:00:00,L48663,No Failure,Operational,0,298.0,308.9,1578,35.6,153
2025-03-03 20:00:00,M16344,No Failure,Operational,0,298.0,309.0,1562,39.2,155
2025-03-03 21:00:00,M16345,No Failure,Operational,0,298.1,309.0,1976,19.3,158
2025-03-03 22:00:00,M16346,No Failure,Operational,0,298.2,309.2,1524,34.6,161
2025-03-03 23:00:00,L48667,No Failure,Operational,0,298.2,309.1,1429,48.5,164
2025-03-04 00:00:00,L48668,No Failure,Operational,0,298.2,309.1,1568,36.3,166
2025-03-04 01:00:00,M16349,No Failure,Operational,0,298.2,309.0,1723,26.6,168
2025-03-04 02:00:00,L48670,No Failure,Operational,0,298.2,309.0,1341,43.8,171
2025-03-04 03:00:00,M16351,No Failure,Operational,0,298.1,308.9,1353,46.2,173
2025-03-04 04:00:00,M16352,Power Failure,Maintenance Required,1,298.0,308.7,1479,58.5,176
2025-03-04 05:00:00,L48673,No Failure,Operational,0,298.0,308.8,1496,44.9,179
2025-03-04 06:00:00,M16354,No Failure,Operational,0,298.0,308.7,1377,48.5,181
2025-03-04 07:00:00,H30909,No Failure,Operational,0,297.9,308.5,1383,44.6,184
2025-03-04 08:00:00,L48676,Power Failure,Maintenance Required,1,298.0,308.7,1268,69.4,189
2025-03-04 09:00:00,L48677,No Failure,Operational,0,298.0,308.7,1629,34.3,191
2025-03-04 10:00:00,L48678,No Failure,Operational,0,298.0,308.8,1790,27.2,193
2025-03-04 11:00:00,M16359,No Failure,Operational,0,298.1,308.8,2206,16.3,195
2025-03-04 12:00:00,M16360,No Failure,Operational,0,298.0,308.7,2101,17.4,198
2025-03-04 13:00:00,M16361,No Failure,Operational,0,298.0,308.7,1436,48.2,201
2025-03-04 14:00:00,L48682,No Failure,Operational,0,298.0,308.7,1462,48.2,204
2025-03-04 15:00:00,L48683,No Failure,Operational,0,298.0,308.7,1771,26.2,206
2025-03-04 16:00:00,L48684,No Failure,Operational,0,298.0,308.7,1506,47.0,208
2025-03-04 17:00:00,L48685,No Failure,Operational,0,298.0,308.7,1626,36.7,210
2025-03-04 18:00:00,L48686,No Failure,Operational,0,298.0,308.8,1610,33.7,212
2025-03-04 19:00:00,M16367,No Failure,Operational,0,298.0,308.6,1376,55.7,214
2025-03-04 20:00:00,M16368,No Failure,Operational,0,298.0,308.6,1507,37.3,217
2025-03-04 21:00:00,L48689,Tool Wear Failure,Maintenance Required,1,298.0,308.5,1429,37.7,220
2025-03-04 22:00:00,M16370,No Failure,Operational,0,298.1,308.7,1547,38.9,0
2025-03-04 23:00:00,L48691,No Failure,Operational,0,298.1,308.7,1642,30.3,3
2025-03-05 00:00:00,H30926,No Failure,Operational,0,298.0,308.7,1503,36.3,5
2025-03-05 01:00:00,L48693,No Failure,Operational,0,298.1,308.7,1568,32.9,10
2025-03-05 02:00:00,M16374,No Failure,Operational,0,298.1,308.8,1628,37.6,12
2025-03-05 03:00:00,M16375,No Failure,Operational,0,298.2,308.9,1614,35.5,15
2025-03-05 04:00:00,L48696,No Failure,Operational,0,298.2,308.9,1278,54.0,18
2025-03-05 05:00:00,M16377,No Failure,Operational,0,298.2,308.9,1408,38.8,20
2025-03-05 06:00:00,H30932,No Failure,Operational,0,298.2,309.0,1371,55.7,23
2025-03-05 07:00:00,M16379,No Failure,Operational,0,298.2,308.9,1512,38.5,28
2025-03-05 08:00:00,L48700,No Failure,Operational,0,298.3,309.1,1472,40.1,31
2025-03-05 09:00:00,M16381,No Failure,Operational,0,298.2,308.9,1585,34.3,33
2025-03-05 10:00:00,H30936,No Failure,Operational,0,298.2,309.0,1562,37.7,36
2025-03-05 11:00:00,L48703,No Failure,Operational,0,298.3,309.0,1519,36.9,41
2025-03-05 12:00:00,L48704,No Failure,Operational,0,298.2,309.0,1601,35.8,43
2025-03-05 13:00:00,L48705,No Failure,Operational,0,298.2,309.0,2449,13.8,45
2025-03-05 14:00:00,L48706,No Failure,Operational,0,298.1,309.0,1787,27.6,47
2025-03-05 15:00:00,H30941,No Failure,Operational,0,298.1,309.1,1425,44.5,49
2025-03-05 16:00:00,L48708,No Failure,Operational,0,298.1,309.0,1559,34.0,54
2025-03-05 17:00:00,L48709,No Failure,Operational,0,298.1,309.0,1557,36.0,56
2025-03-05 18:00:00,L48710,No Failure,Operational,0,298.1,309.0,1497,40.5,58
2025-03-05 19:00:00,H30945,No Failure,Operational,0,298.1,309.0,1438,41.4,60
2025-03-05 20:00:00,M16392,No Failure,Operational,0,298.1,308.9,1417,39.2,65
2025-03-05 21:00:00,M16393,No Failure,Operational,0,298.0,308.9,1339,51.4,68
2025-03-05 22:00:00,L48714,No Failure,Operational,0,298.0,308.8,1757,29.1,71
2025-03-05 23:00:00,L48715,No Failure,Operational,0,298.0,308.8,1581,36.1,73
2025-03-06 00:00:00,M16396,No Failure,Operational,0,298.2,308.9,1326,54.4,75
2025-03-06 01:00:00,M16397,No Failure,Operational,0,298.4,309.1,1467,39.6,78
2025-03-06 02:00:00,L48718,No Failure,Operational,0,298.4,309.1,1798,29.6,81
2025-03-06 03:00:00,M16399,No Failure,Operational,0,298.5,309.2,1449,46.4,83
2025-03-06 04:00:00,M16400,No Failure,Operational,0,298.4,309.1,1525,39.3,86
2025-03-06 05:00:00,L48721,No Failure,Operational,0,298.4,309.0,2304,15.1,89
2025-03-06 06:00:00,L48722,No Failure,Operational,0,298.3,308.9,1379,54.7,91
2025-03-06 07:00:00,L48723,No Failure,Operational,0,298.4,308.9,1628,34.9,93
2025-03-06 08:00:00,L48724,No Failure,Operational,0,298.4,309.0,1474,52.7,95
2025-03-06 09:00:00,M16405,No Failure,Operational,0,298.4,309.0,1544,38.8,97
2025-03-06 10:00:00,L48726,No Failure,Operational,0,298.4,308.9,1391,48.4,100
2025-03-06 11:00:00,L48727,No Failure,Operational,0,298.3,308.9,1348,55.5,102
2025-03-06 12:00:00,M16408,No Failure,Operational,0,298.3,308.8,1349,52.1,104
2025-03-06 13:00:00,L48729,No Failure,Operational,0,298.4,308.9,1706,29.5,107
2025-03-06 14:00:00,L48730,No Failure,Operational,0,298.4,308.9,1638,32.4,109
2025-03-06 15:00:00,L48731,No Failure,Operational,0,298.4,308.8,1458,40.1,111
2025-03-06 16:00:00,L48732,No Failure,Operational,0,298.5,308.9,1781,27.8,113
2025-03-06 17:00:00,L48733,No Failure,Operational,0,298.5,308.8,1332,59.1,115
2025-03-06 18:00:00,M16414,No Failure,Operational,0,298.4,308.7,1584,31.7,117
2025-03-06 19:00:00,L48735,No Failure,Operational,0,298.4,308.6,1491,42.0,120
2025-03-06 20:00:00,H30970,No Failure,Operational,0,298.4,308.5,1398,47.1,122
2025-03-06 21:00:00,L48737,No Failure,Operational,0,298.3,308.4,1585,30.6,127
2025-03-06 22:00:00,M16418,No Failure,Operational,0,298.2,308.3,1476,43.5,129
2025-03-06 23:00:00,L48739,No Failure,Operational,0,298.2,308.3,1458,41.8,132
2025-03-07 00:00:00,M16420,No Failure,Operational,0,298.2,308.4,1510,39.9,134
2025-03-07 01:00:00,L48741,No Failure,Operational,0,298.2,308.4,1388,53.8,137
2025-03-07 02:00:00,L48742,No Failure,Operational,0,298.2,308.3,2216,16.8,139
2025-03-07 03:00:00,L48743,No Failure,Operational,0,298.2,308.3,1402,51.0,141
2025-03-07 04:00:00,M16424,No Failure,Operational,0,298.0,308.2,2090,19.0,143
2025-03-07 05:00:00,L48745,No Failure,Operational,0,298.0,308.2,1459,42.1,146
2025-03-07 06:00:00,M16426,No Failure,Operational,0,298.0,308.1,1403,44.8,148
2025-03-07 07:00:00,L48747,No Failure,Operational,0,298.1,308.2,1521,39.3,151
2025-03-07 08:00:00,L48748,No Failure,Operational,0,298.2,308.2,1407,47.1,153
2025-03-07 09:00:00,M16429,No Failure,Operational,0,298.1,308.2,1654,35.3,155
2025-03-07 10:00:00,L48750,No Failure,Operational,0,298.2,308.4,1452,43.5,158
2025-03-07 11:00:00,L48751,No Failure,Operational,0,298.3,308.4,1528,37.3,160
2025-03-07 12:00:00,L48752,No Failure,Operational,0,298.2,308.3,1230,59.6,162
2025-03-07 13:00:00,L48753,No Failure,Operational,0,298.2,308.2,1466,42.4,164
2025-03-07 14:00:00,L48754,No Failure,Operational,0,298.2,308.2,1478,50.1,166
2025-03-07 15:00:00,L48755,No Failure,Operational,0,298.2,308.3,2057,18.0,168
2025-03-07 16:00:00,L48756,No Failure,Operational,0,298.3,308.4,1490,41.7,170
2025-03-07 17:00:00,L48757,No Failure,Operational,0,298.3,308.4,1484,43.4,172
2025-03-07 18:00:00,L48758,No Failure,Operational,0,298.3,308.4,1593,37.0,174
2025-03-07 19:00:00,L48759,No Failure,Operational,0,298.3,308.3,1444,43.8,176
2025-03-07 20:00:00,M16440,No Failure,Operational,0,298.3,308.4,1444,47.5,178
2025-03-07 21:00:00,M16441,No Failure,Operational,0,298.2,308.3,1560,33.0,181
2025-03-07 22:00:00,H30996,No Failure,Operational,0,298.1,308.3,1530,42.0,184
2025-03-07 23:00:00,L48763,Overstrain Failure,Maintenance Required,1,298.2,308.4,1310,61.0,189
2025-03-08 00:00:00,M16444,No Failure,Operational,0,298.2,308.3,1639,33.3,191
2025-03-08 01:00:00,L48765,No Failure,Operational,0,298.2,308.3,1400,48.7,194
2025-03-08 02:00:00,M16446,No Failure,Operational,0,298.3,308.4,1486,44.2,196
2025-03-08 03:00:00,M16447,No Failure,Operational,0,298.2,308.3,1448,43.3,199
2025-03-08 04:00:00,L48768,No Failure,Operational,0,298.2,308.3,1688,32.0,202
2025-03-08 05:00:00,M16449,No Failure,Operational,0,298.1,308.3,1453,41.5,204
2025-03-08 06:00:00,L48770,No Failure,Operational,0,298.2,308.4,1497,37.7,207
2025-03-08 07:00:00,L48771,No Failure,Operational,0,298.2,308.4,1355,49.4,209
2025-03-08 08:00:00,L48772,No Failure,Operational,0,298.1,308.4,1592,38.2,211
2025-03-08 09:00:00,L48773,No Failure,Operational,0,298.0,308.3,1544,34.7,213
2025-03-08 10:00:00,M16454,No Failure,Operational,0,298.0,308.2,1373,51.2,215
2025-03-08 11:00:00,L48775,Overstrain Failure,Maintenance Required,1,298.0,308.2,1365,52.9,218
2025-03-08 12:00:00,L48776,No Failure,Operational,0,298.0,308.1,1877,24.3,0
2025-03-08 13:00:00,L48777,No Failure,Operational,0,297.9,308.1,1531,40.8,2
2025-03-08 14:00:00,L48778,No Failure,Operational,0,297.9,308.0,1501,36.7,4
2025-03-08 15:00:00,L48779,No Failure,Operational,0,297.9,308.0,1490,46.2,6
2025-03-08 16:00:00,M16460,No Failure,Operational,0,297.8,307.8,1543,43.7,8
2025-03-08 17:00:00,L48781,No Failure,Operational,0,297.8,307.8,1597,38.2,11
2025-03-08 18:00:00,H31016,No Failure,Operational,0,297.8,307.9,1600,33.5,13
2025-03-08 19:00:00,M16463,No Failure,Operational,0,297.8,307.8,1622,32.1,18
2025-03-08 20:00:00,L48784,No Failure,Operational,0,297.8,307.8,1452,39.8,21
2025-03-08 21:00:00,L48785,No Failure,Operational,0,297.8,307.8,1396,42.5,23
2025-03-08 22:00:00,L48786,No Failure,Operational,0,297.8,307.7,1505,39.7,25
2025-03-08 23:00:00,L48787,No Failure,Operational,0,297.8,307.8,1412,48.3,27
2025-03-09 00:00:00,L48788,No Failure,Operational,0,297.8,307.7,1393,38.0,29
2025-03-09 01:00:00,L48789,No Failure,Operational,0,297.7,307.7,1581,34.9,31
2025-03-09 02:00:00,L48790,No Failure,Operational,0,297.8,307.8,1573,37.9,33
2025-03-09 03:00:00,M16471,No Failure,Operational,0,297.8,307.9,1726,27.3,35
2025-03-09 04:00:00,M16472,No Failure,Operational,0,297.9,307.9,1540,39.8,38
2025-03-09 05:00:00,L48793,No Failure,Operational,0,297.9,308.0,1296,62.9,41
2025-03-09 06:00:00,M16474,No Failure,Operational,0,297.8,307.9,1802,25.8,43
2025-03-09 07:00:00,L48795,No Failure,Operational,0,297.8,307.9,1447,48.6,46
2025-03-09 08:00:00,H31030,No Failure,Operational,0,297.8,307.8,1662,30.7,48
2025-03-09 09:00:00,L48797,No Failure,Operational,0,297.8,307.8,1563,34.3,53
2025-03-09 10:00:00,L48798,No Failure,Operational,0,297.9,307.8,1286,59.5,55
2025-03-09 11:00:00,L48799,No Failure,Operational,0,297.9,307.7,1590,34.6,57
2025-03-09 12:00:00,L48800,No Failure,Operational,0,297.9,307.7,1492,43.7,59
2025-03-09 13:00:00,L48801,No Failure,Operational,0,297.7,307.6,1844,21.9,61
2025-03-09 14:00:00,H31036,No Failure,Operational,0,297.7,307.6,1538,38.3,63
2025-03-09 15:00:00,L48803,No Failure,Operational,0,297.7,307.6,1921,22.9,68
2025-03-09 16:00:00,M16484,No Failure,Operational,0,297.8,307.8,1310,57.9,70
2025-03-09 17:00:00,L48805,No Failure,Operational,0,297.9,307.8,1365,46.9,73
2025-03-09 18:00:00,M16486,No Failure,Operational,0,297.9,307.8,1303,59.3,75
2025-03-09 19:00:00,L48807,No Failure,Operational,0,297.9,307.8,1499,37.5,78
2025-03-09 20:00:00,L48808,No Failure,Operational,0,297.9,307.8,1451,38.2,80
2025-03-09 21:00:00,M16489,No Failure,Operational,0,297.9,307.9,1336,54.4,82
2025-03-09 22:00:00,L48810,No Failure,Operational,0,297.9,307.9,1412,44.5,85
2025-03-09 23:00:00,L48811,No Failure,Operational,0,298.0,308.0,1433,39.2,87
2025-03-10 00:00:00,L48812,No Failure,Operational,0,297.9,307.9,1426,43.6,89
2025-03-10 01:00:00,L48813,No Failure,Operational,0,297.9,307.9,1476,45.2,91
2025-03-10 02:00:00,H31048,No Failure,Operational,0,297.9,307.9,1406,58.5,93
2025-03-10 03:00:00,L48815,No Failure,Operational,0,297.8,307.8,1383,56.5,98
2025-03-10 04:00:00,L48816,No Failure,Operational,0,297.9,307.8,1505,37.3,100
2025-03-10 05:00:00,L48817,No Failure,Operational,0,297.9,307.8,1665,33.9,102
2025-03-10 06:00:00,L48818,No Failure,Operational,0,297.9,307.8,1397,45.0,104
2025-03-10 07:00:00,M16499,No Failure,Operational,0,297.9,307.8,1450,43.5,106
2025-03-10 08:00:00,L48820,No Failure,Operational,0,298.0,307.8,1567,36.4,109
2025-03-10 09:00:00,M16501,No Failure,Operational,0,298.0,308.0,1555,37.0,111
2025-03-10 10:00:00,H31056,No Failure,Operational,0,298.0,307.8,1588,35.4,114
2025-03-10 11:00:00,L48823,No Failure,Operational,0,298.0,307.8,1453,37.7,119
2025-03-10 12:00:00,L48824,No Failure,Operational,0,298.0,307.8,1622,33.3,121
2025-03-10 13:00:00,L48825,No Failure,Operational,0,297.9,307.8,1538,38.5,123
2025-03-10 14:00:00,M16506,No Failure,Operational,0,297.9,307.7,1527,42.8,125
2025-03-10 15:00:00,L48827,No Failure,Operational,0,297.8,307.8,1761,28.9,128
2025-03-10 16:00:00,L48828,No Failure,Operational,0,297.9,307.8,1373,50.2,130
2025-03-10 17:00:00,H31063,No Failure,Operational,0,298.0,307.9,1482,37.8,132
2025-03-10 18:00:00,M16510,No Failure,Operational,0,298.0,307.9,1417,51.0,137
2025-03-10 19:00:00,L48831,No Failure,Operational,0,298.0,307.8,1414,51.7,140
2025-03-10 20:00:00,H31066,No Failure,Operational,0,297.9,307.8,1635,34.0,142
2025-03-10 21:00:00,L48833,No Failure,Operational,0,298.0,307.8,1386,57.3,147
2025-03-10 22:00:00,L48834,No Failure,Operational,0,298.2,308.1,1379,62.3,149
2025-03-10 23:00:00,M16515,No Failure,Operational,0,298.2,308.0,1577,35.9,151
2025-03-11 00:00:00,L48836,No Failure,Operational,0,298.2,308.1,1532,42.5,154
2025-03-11 01:00:00,M16517,No Failure,Operational,0,298.1,308.0,1374,48.8,156
2025-03-11 02:00:00,H31072,No Failure,Operational,0,298.1,308.0,1570,35.3,159
2025-03-11 03:00:00,L48839,No Failure,Operational,0,298.1,308.0,1697,31.0,164
2025-03-11 04:00:00,L48840,No Failure,Operational,0,298.2,308.0,1499,44.1,166
2025-03-11 05:00:00,M16521,No Failure,Operational,0,298.2,308.0,1411,47.2,168
2025-03-11 06:00:00,H31076,No Failure,Operational,0,298.2,307.9,1462,45.5,171
2025-03-11 07:00:00,M16523,No Failure,Operational,0,298.1,307.9,1759,28.6,176
2025-03-11 08:00:00,L48844,No Failure,Operational,0,298.2,308.0,1535,38.0,179
2025-03-11 09:00:00,H31079,No Failure,Operational,0,298.2,307.9,1491,39.7,181
2025-03-11 10:00:00,L48846,No Failure,Operational,0,298.2,307.9,1551,36.0,186
2025-03-11 11:00:00,L48847,No Failure,Operational,0,298.2,307.9,1769,27.2,188
2025-03-11 12:00:00,L48848,No Failure,Operational,0,298.2,307.9,1551,34.1,190
2025-03-11 13:00:00,L48849,No Failure,Operational,0,298.2,307.9,1544,31.4,192
2025-03-11 14:00:00,L48850,No Failure,Operational,0,298.2,307.8,1528,31.1,194
2025-03-11 15:00:00,L48851,No Failure,Operational,0,298.1,307.9,1614,35.8,196
2025-03-11 16:00:00,L48852,No Failure,Operational,0,298.1,307.8,1432,49.8,198
2025-03-11 17:00:00,M16533,No Failure,Operational,0,298.1,307.8,1384,43.7,200
2025-03-11 18:00:00,L48854,No Failure,Operational,0,298.1,307.8,1540,37.8,203
2025-03-11 19:00:00,L48855,No Failure,Operational,0,298.0,307.7,1407,43.9,205
2025-03-11 20:00:00,H31090,No Failure,Operational,0,297.9,307.6,1418,43.0,207
2025-03-11 21:00:00,M16537,No Failure,Operational,0,297.9,307.5,1647,30.8,212
2025-03-11 22:00:00,L48858,No Failure,Operational,0,298.0,307.5,1644,32.8,215
2025-03-11 23:00:00,L48859,No Failure,Operational,0,298.0,307.5,1792,27.9,217
2025-03-12 00:00:00,M16540,No Failure,Operational,0,297.9,307.4,1610,34.6,219
2025-03-12 01:00:00,M16541,No Failure,Operational,0,297.8,307.3,1804,26.0,222
2025-03-12 02:00:00,H31096,Tool Wear Failure,Maintenance Required,1,297.9,307.4,1604,36.1,225
2025-03-12 03:00:00,M16543,No Failure,Operational,0,297.9,307.4,1403,52.8,0
2025-03-12 04:00:00,L48864,No Failure,Operational,0,297.8,307.3,1438,44.5,3
2025-03-12 05:00:00,L48865,No Failure,Operational,0,297.9,307.3,1824,26.3,5
2025-03-12 06:00:00,H31100,No Failure,Operational,0,297.9,307.3,1663,28.7,7
2025-03-12 07:00:00,L48867,No Failure,Operational,0,297.9,307.3,1502,36.7,12
2025-03-12 08:00:00,L48868,No Failure,Operational,0,297.9,307.4,1606,35.5,14
2025-03-12 09:00:00,L48869,No Failure,Operational,0,297.9,307.5,1561,37.7,16
2025-03-12 10:00:00,M16550,No Failure,Operational,0,297.9,307.4,1435,42.9,18
2025-03-12 11:00:00,L48871,No Failure,Operational,0,297.9,307.5,1602,38.3,21
2025-03-12 12:00:00,M16552,No Failure,Operational,0,298.1,307.6,1764,27.7,23
2025-03-12 13:00:00,H31107,No Failure,Operational,0,298.0,307.5,1683,27.8,26
2025-03-12 14:00:00,L48874,No Failure,Operational,0,298.0,307.5,1618,35.2,31
2025-03-12 15:00:00,L48875,No Failure,Operational,0,298.0,307.6,1509,41.6,33
2025-03-12 16:00:00,L48876,No Failure,Operational,0,297.9,307.6,1550,39.0,35
2025-03-12 17:00:00,M16557,No Failure,Operational,0,297.9,307.6,1519,44.0,37
2025-03-12 18:00:00,L48878,No Failure,Operational,0,297.9,307.6,1481,38.0,40
2025-03-12 19:00:00,L48879,No Failure,Operational,0,298.1,307.7,1289,48.3,42
2025-03-12 20:00:00,M16560,No Failure,Operational,0,298.0,307.6,1844,23.8,44
2025-03-12 21:00:00,L48881,No Failure,Operational,0,298.0,307.7,1479,42.5,47
2025-03-12 22:00:00,L48882,No Failure,Operational,0,298.0,307.7,1430,47.3,49
2025-03-12 23:00:00,M16563,No Failure,Operational,0,298.1,307.8,1636,36.7,51
2025-03-13 00:00:00,M16564,No Failure,Operational,0,298.1,307.8,1503,44.7,54
2025-03-13 01:00:00,M16565,No Failure,Operational,0,298.1,307.8,1608,32.6,57
2025-03-13 02:00:00,L48886,No Failure,Operational,0,298.2,307.8,1521,42.9,60
2025-03-13 03:00:00,L48887,No Failure,Operational,0,298.2,307.8,1439,41.6,62
2025-03-13 04:00:00,L48888,No Failure,Operational,0,298.2,307.8,1627,31.5,64
2025-03-13 05:00:00,L48889,No Failure,Operational,0,298.2,307.8,1749,26.1,66
2025-03-13 06:00:00,L48890,No Failure,Operational,0,298.2,307.8,1530,35.9,68
2025-03-13 07:00:00,L48891,No Failure,Operational,0,298.2,307.8,1355,51.3,70
2025-03-13 08:00:00,L48892,No Failure,Operational,0,298.3,307.9,1551,33.8,72
2025-03-13 09:00:00,L48893,No Failure,Operational,0,298.2,307.8,1515,46.7,74
2025-03-13 10:00:00,L48894,No Failure,Operational,0,298.2,307.8,1388,48.6,76
2025-03-13 11:00:00,L48895,No Failure,Operational,0,298.2,307.8,1585,34.6,78
2025-03-13 12:00:00,L48896,No Failure,Operational,0,298.1,307.7,1523,37.7,80
2025-03-13 13:00:00,L48897,No Failure,Operational,0,298.2,307.6,1369,54.5,82
2025-03-13 14:00:00,M16578,No Failure,Operational,0,298.2,307.7,1681,31.0,84
2025-03-13 15:00:00,L48899,No Failure,Operational,0,298.2,307.7,1503,38.3,87
2025-03-13 16:00:00,L48900,No Failure,Operational,0,298.2,307.7,1459,44.5,89
2025-03-13 17:00:00,L48901,No Failure,Operational,0,298.2,307.7,1688,32.4,91
2025-03-13 18:00:00,M16582,No Failure,Operational,0,298.2,307.7,1952,21.6,93
2025-03-13 19:00:00,L48903,No Failure,Operational,0,298.2,307.8,2029,19.9,96
2025-03-13 20:00:00,M16584,No Failure,Operational,0,298.3,307.8,1457,52.5,98
2025-03-13 21:00:00,M16585,No Failure,Operational,0,298.3,307.8,1392,50.4,101
2025-03-13 22:00:00,L48906,No Failure,Operational,0,298.3,307.8,1906,22.1,104
2025-03-13 23:00:00,M16587,No Failure,Operational,0,298.3,307.7,1602,33.4,106
2025-03-14 00:00:00,L48908,No Failure,Operational,0,298.3,307.7,1465,49.4,109
2025-03-14 01:00:00,M16589,No Failure,Operational,0,298.3,307.7,1439,43.8,111
2025-03-14 02:00:00,M16590,No Failure,Operational,0,298.3,307.8,1330,55.4,114
2025-03-14 03:00:00,M16591,No Failure,Operational,0,298.3,307.9,1485,42.0,117
2025-03-14 04:00:00,H31146,No Failure,Operational,0,298.4,307.9,1700,28.2,120
2025-03-14 05:00:00,L48913,No Failure,Operational,0,298.4,308.0,1515,42.8,125
2025-03-14 06:00:00,M16594,No Failure,Operational,0,298.5,308.1,1501,39.2,127
2025-03-14 07:00:00,L48915,No Failure,Operational,0,298.4,308.0,1380,47.6,130
2025-03-14 08:00:00,L48916,No Failure,Operational,0,298.4,307.9,1544,35.9,132
2025-03-14 09:00:00,L48917,No Failure,Operational,0,298.4,307.9,1743,27.3,134
2025-03-14 10:00:00,H31152,No Failure,Operational,0,298.4,307.9,1948,21.4,136
2025-03-14 11:00:00,H31153,No Failure,Operational,0,298.5,307.9,1260,54.2,141
2025-03-14 12:00:00,M16600,No Failure,Operational,0,298.5,307.9,1640,33.1,146
2025-03-14 13:00:00,M16601,No Failure,Operational,0,298.5,308.0,1363,49.2,149
2025-03-14 14:00:00,L48922,No Failure,Operational,0,298.5,308.0,1379,49.6,152
2025-03-14 15:00:00,M16603,No Failure,Operational,0,298.5,308.0,1713,25.8,154
2025-03-14 16:00:00,M16604,No Failure,Operational,0,298.5,308.0,1461,51.9,157
2025-03-14 17:00:00,L48925,No Failure,Operational,0,298.5,308.0,1624,29.8,160
2025-03-14 18:00:00,L48926,No Failure,Operational,0,298.4,308.0,1526,41.1,162
2025-03-14 19:00:00,L48927,No Failure,Operational,0,298.4,307.9,2381,14.2,164
2025-03-14 20:00:00,H31162,Random Failure,Operational,0,298.4,307.7,1626,31.1,166
2025-03-14 21:00:00,L48929,No Failure,Operational,0,298.3,307.7,1576,33.8,171
2025-03-14 22:00:00,M16610,No Failure,Operational,0,298.4,307.8,1617,31.6,173
2025-03-14 23:00:00,L48931,No Failure,Operational,0,298.3,307.6,1942,20.6,176
2025-03-15 00:00:00,L48932,No Failure,Operational,0,298.2,307.6,1492,37.2,178
2025-03-15 01:00:00,L48933,No Failure,Operational,0,298.2,307.5,1470,51.3,180
2025-03-15 02:00:00,M16614,No Failure,Operational,0,298.0,307.4,1463,46.5,182
2025-03-15 03:00:00,L48935,No Failure,Operational,0,298.0,307.3,1424,46.5,185
2025-03-15 04:00:00,M16616,No Failure,Operational,0,298.1,307.4,1363,60.1,187
2025-03-15 05:00:00,M16617,No Failure,Operational,0,298.1,307.4,1335,56.2,190
2025-03-15 06:00:00,L48938,No Failure,Operational,0,298.1,307.4,1608,33.9,193
2025-03-15 07:00:00,H31173,No Failure,Operational,0,298.0,307.4,1606,35.2,195
2025-03-15 08:00:00,L48940,No Failure,Operational,0,298.1,307.5,1684,33.1,200
2025-03-15 09:00:00,L48941,No Failure,Operational,0,298.1,307.6,1950,20.3,202
2025-03-15 10:00:00,H31176,No Failure,Operational,0,298.2,307.6,1460,48.6,204
2025-03-15 11:00:00,L48943,Tool Wear Failure,Maintenance Required,1,298.2,307.6,1511,31.0,209
2025-03-15 12:00:00,H31178,No Failure,Operational,0,298.2,307.6,1318,55.7,0
2025-03-15 13:00:00,L48945,No Failure,Operational,0,298.2,307.6,1368,51.8,5
2025-03-15 14:00:00,M16626,No Failure,Operational,0,298.3,307.7,1717,27.1,7
2025-03-15 15:00:00,M16627,No Failure,Operational,0,298.3,307.7,1520,41.4,10
2025-03-15 16:00:00,M16628,No Failure,Operational,0,298.3,307.8,1485,42.0,13
2025-03-15 17:00:00,L48949,No Failure,Operational,0,298.4,307.9,1981,23.2,16
2025-03-15 18:00:00,H31184,No Failure,Operational,0,298.4,307.9,1605,31.0,18
2025-03-15 19:00:00,L48951,No Failure,Operational,0,298.4,307.9,1446,45.3,23
2025-03-15 20:00:00,L48952,No Failure,Operational,0,298.4,308.0,1508,47.9,25
2025-03-15 21:00:00,L48953,No Failure,Operational,0,298.5,308.0,1384,59.5,27
2025-03-15 22:00:00,M16634,No Failure,Operational,0,298.5,308.0,1519,37.3,29
2025-03-15 23:00:00,L48955,No Failure,Operational,0,298.5,308.0,1404,48.1,32
2025-03-16 00:00:00,L48956,No Failure,Operational,0,298.5,308.1,1564,31.1,34
2025-03-16 01:00:00,H31191,No Failure,Operational,0,298.6,308.2,1555,36.8,36
2025-03-16 02:00:00,L48958,No Failure,Operational,0,298.6,308.2,1325,54.0,41
2025-03-16 03:00:00,M16639,No Failure,Operational,0,298.6,308.2,1488,44.0,43
2025-03-16 04:00:00,L48960,No Failure,Operational,0,298.5,308.2,1595,32.3,46
2025-03-16 05:00:00,L48961,No Failure,Operational,0,298.5,308.1,1662,28.6,48
2025-03-16 06:00:00,L48962,No Failure,Operational,0,298.4,308.0,1571,37.4,50
2025-03-16 07:00:00,H31197,No Failure,Operational,0,298.3,308.0,1553,41.0,52
2025-03-16 08:00:00,L48964,Power Failure,Maintenance Required,1,298.3,308.0,2886,3.8,57
2025-03-16 09:00:00,L48965,No Failure,Operational,0,298.2,308.0,1538,38.2,59
2025-03-16 10:00:00,L48966,No Failure,Operational,0,298.4,308.2,1618,33.0,61
2025-03-16 11:00:00,L48967,No Failure,Operational,0,298.4,308.2,1364,45.9,63
2025-03-16 12:00:00,L48968,No Failure,Operational,0,298.3,308.0,1442,47.3,65
2025-03-16 13:00:00,L48969,Power Failure,Maintenance Required,1,298.2,307.9,1313,67.3,67
2025-03-16 14:00:00,L48970,No Failure,Operational,0,298.2,307.9,1847,23.6,69
2025-03-16 15:00:00,L48971,No Failure,Operational,0,298.1,307.8,1524,40.8,71
2025-03-16 16:00:00,M16652,No Failure,Operational,0,298.1,307.7,1445,48.0,73
2025-03-16 17:00:00,L48973,No Failure,Operational,0,298.1,307.8,1761,28.2,76
2025-03-16 18:00:00,M16654,No Failure,Operational,0,298.1,307.8,1514,43.5,78
2025-03-16 19:00:00,M16655,No Failure,Operational,0,298.1,307.7,1498,38.3,81
2025-03-16 20:00:00,H31210,No Failure,Operational,0,298.1,307.6,1542,37.1,84
2025-03-16 21:00:00,M16657,No Failure,Operational,0,298.0,307.6,1508,41.8,89
2025-03-16 22:00:00,M16658,No Failure,Operational,0,298.0,307.5,1431,52.9,92
2025-03-16 23:00:00,M16659,No Failure,Operational,0,298.0,307.5,1427,45.1,95
2025-03-17 00:00:00,M16660,No Failure,Operational,0,298.0,307.5,1524,36.3,98
2025-03-17 01:00:00,M16661,No Failure,Operational,0,298.0,307.5,1427,43.6,101
2025-03-17 02:00:00,H31216,No Failure,Operational,0,298.1,307.6,1496,44.1,104
2025-03-17 03:00:00,L48983,No Failure,Operational,0,298.1,307.7,1388,40.3,109
2025-03-17 04:00:00,L48984,No Failure,Operational,0,298.1,307.7,1495,48.1,111
2025-03-17 05:00:00,H31219,No Failure,Operational,0,298.1,307.7,1376,56.2,113
2025-03-17 06:00:00,H31220,No Failure,Operational,0,298.0,307.6,1593,32.2,118
2025-03-17 07:00:00,L48987,No Failure,Operational,0,298.0,307.6,1654,28.9,123
2025-03-17 08:00:00,L48988,Power Failure,Maintenance Required,1,298.1,307.7,2567,12.8,125
2025-03-17 09:00:00,L48989,No Failure,Operational,0,298.1,307.7,1767,27.0,127
2025-03-17 10:00:00,L48990,No Failure,Operational,0,298.1,307.6,1364,53.8,129
2025-03-17 11:00:00,M16671,No Failure,Operational,0,298.1,307.8,1569,31.2,131
2025-03-17 12:00:00,L48992,No Failure,Operational,0,298.2,307.8,1476,36.8,134
2025-03-17 13:00:00,L48993,No Failure,Operational,0,298.1,307.7,1479,45.0,136
2025-03-17 14:00:00,L48994,No Failure,Operational,0,298.1,307.7,1650,34.1,138
2025-03-17 15:00:00,M16675,No Failure,Operational,0,298.1,307.6,1565,36.3,140
2025-03-17 16:00:00,L48996,No Failure,Operational,0,298.1,307.6,1460,46.5,143
2025-03-17 17:00:00,L48997,No Failure,Operational,0,298.1,307.7,1664,27.6,145
2025-03-17 18:00:00,M16678,No Failure,Operational,0,298.1,307.7,1435,40.9,147
2025-03-17 19:00:00,M16679,No Failure,Operational,0,298.1,307.6,2066,19.2,150
2025-03-17 20:00:00,L49000,No Failure,Operational,0,298.1,307.5,1493,43.7,153
2025-03-17 21:00:00,L49001,No Failure,Operational,0,298.1,307.6,1354,43.3,155
2025-03-17 22:00:00,L49002,No Failure,Operational,0,298.1,307.6,1488,39.4,157
2025-03-17 23:00:00,L49003,No Failure,Operational,0,298.1,307.7,1414,48.7,159
2025-03-18 00:00:00,L49004,No Failure,Operational,0,298.1,307.5,1391,57.4,161
2025-03-18 01:00:00,M16685,No Failure,Operational,0,298.0,307.5,1784,27.8,163
2025-03-18 02:00:00,H31240,No Failure,Operational,0,297.8,307.3,1516,40.1,166
2025-03-18 03:00:00,M16687,No Failure,Operational,0,297.9,307.3,1420,47.8,171
2025-03-18 04:00:00,L49008,No Failure,Operational,0,297.8,307.2,1351,56.3,174
2025-03-18 05:00:00,L49009,No Failure,Operational,0,297.8,307.2,1880,23.0,176
2025-03-18 06:00:00,L49010,No Failure,Operational,0,297.8,307.3,1859,24.0,178
2025-03-18 07:00:00,M16691,No Failure,Operational,0,297.8,307.3,1315,54.0,180
2025-03-18 08:00:00,M16692,No Failure,Operational,0,297.8,307.4,1330,51.7,183
2025-03-18 09:00:00,L49013,Overstrain Failure,Maintenance Required,1,297.8,307.3,1327,61.0,186
2025-03-18 10:00:00,L49014,No Failure,Operational,0,297.8,307.2,1498,38.1,188
2025-03-18 11:00:00,H31249,No Failure,Operational,0,297.8,307.3,1555,35.8,190
2025-03-18 12:00:00,L49016,No Failure,Operational,0,297.7,307.2,1518,35.8,195
2025-03-18 13:00:00,L49017,No Failure,Operational,0,297.7,307.2,1392,43.0,197
2025-03-18 14:00:00,M16698,No Failure,Operational,0,297.8,307.2,1456,39.6,199
2025-03-18 15:00:00,L49019,No Failure,Operational,0,297.7,307.1,1715,30.2,0
2025-03-18 16:00:00,M16700,No Failure,Operational,0,297.7,307.2,1405,43.7,2
2025-03-18 17:00:00,L49021,No Failure,Operational,0,297.7,307.2,1668,37.8,5
2025-03-18 18:00:00,H31256,No Failure,Operational,0,297.7,307.1,1855,22.5,7
2025-03-18 19:00:00,L49023,No Failure,Operational,0,297.6,307.1,1496,39.2,12
2025-03-18 20:00:00,M16704,No Failure,Operational,0,297.6,307.1,1471,44.9,14
2025-03-18 21:00:00,L49025,No Failure,Operational,0,297.7,307.2,1444,40.0,17
2025-03-18 22:00:00,H31260,No Failure,Operational,0,297.7,307.3,1514,38.6,19
2025-03-18 23:00:00,L49027,No Failure,Operational,0,297.8,307.3,1412,50.7,24
2025-03-19 00:00:00,H31262,No Failure,Operational,0,297.7,307.2,1429,44.1,26
2025-03-19 01:00:00,L49029,No Failure,Operational,0,297.7,307.2,1668,32.7,31
2025-03-19 02:00:00,M16710,No Failure,Operational,0,297.7,307.2,1372,52.8,33
2025-03-19 03:00:00,M16711,No Failure,Operational,0,297.7,307.3,1365,49.2,36
2025-03-19 04:00:00,M16712,No Failure,Operational,0,297.6,307.1,1526,39.1,39
2025-03-19 05:00:00,L49033,No Failure,Operational,0,297.6,307.2,1486,40.6,42
2025-03-19 06:00:00,M16714,No Failure,Operational,0,297.6,307.2,1470,42.6,44
2025-03-19 07:00:00,H31269,No Failure,Operational,0,297.7,307.3,1249,62.8,47
2025-03-19 08:00:00,M16716,No Failure,Operational,0,297.8,307.4,1752,26.1,52
2025-03-19 09:00:00,L49037,No Failure,Operational,0,297.7,307.4,1643,36.5,55
2025-03-19 10:00:00,M16718,No Failure,Operational,0,297.8,307.4,1488,36.1,57
2025-03-19 11:00:00,L49039,No Failure,Operational,0,297.8,307.4,1355,45.8,60
2025-03-19 12:00:00,L49040,No Failure,Operational,0,297.8,307.6,1607,30.3,62
2025-03-19 13:00:00,M16721,No Failure,Operational,0,297.9,307.6,1609,30.3,64
2025-03-19 14:00:00,L49042,No Failure,Operational,0,297.9,307.7,1517,44.4,67
2025-03-19 15:00:00,M16723,No Failure,Operational,0,297.9,307.7,1517,39.5,69
2025-03-19 16:00:00,L49044,No Failure,Operational,0,297.9,307.7,1546,37.6,72
2025-03-19 17:00:00,L49045,No Failure,Operational,0,297.9,307.7,1567,34.7,74
2025-03-19 18:00:00,M16726,No Failure,Operational,0,298.1,307.9,1662,28.9,76
2025-03-19 19:00:00,L49047,No Failure,Operational,0,298.1,307.9,1502,41.8,79
2025-03-19 20:00:00,L49048,No Failure,Operational,0,298.3,308.0,1361,56.9,81
2025-03-19 21:00:00,M16729,No Failure,Operational,0,298.3,308.1,1630,32.7,83
2025-03-19 22:00:00,L49050,No Failure,Operational,0,298.3,308.0,1486,42.3,86
2025-03-19 23:00:00,L49051,No Failure,Operational,0,298.3,308.1,1840,21.5,88
2025-03-20 00:00:00,L49052,No Failure,Operational,0,298.3,308.1,1326,58.4,90
2025-03-20 01:00:00,L49053,No Failure,Operational,0,298.4,308.1,1367,57.8,92
2025-03-20 02:00:00,L49054,No Failure,Operational,0,298.4,308.1,1598,32.7,94
2025-03-20 03:00:00,L49055,No Failure,Operational,0,298.3,308.0,1363,50.1,96
2025-03-20 04:00:00,L49056,No Failure,Operational,0,298.3,308.0,1242,62.0,98
2025-03-20 05:00:00,M16737,No Failure,Operational,0,298.2,307.8,1566,33.8,100
2025-03-20 06:00:00,M16738,No Failure,Operational,0,298.1,307.7,1424,47.7,103
2025-03-20 07:00:00,M16739,No Failure,Operational,0,298.2,307.7,1608,33.8,106
2025-03-20 08:00:00,L49060,No Failure,Operational,0,298.1,307.7,1705,29.1,109
2025-03-20 09:00:00,L49061,No Failure,Operational,0,298.0,307.6,1548,45.8,111
2025-03-20 10:00:00,M16742,No Failure,Operational,0,298.0,307.6,1581,43.4,113
2025-03-20 11:00:00,M16743,No Failure,Operational,0,298.0,307.6,1472,46.7,116
2025-03-20 12:00:00,M16744,No Failure,Operational,0,298.0,307.6,1792,26.0,119
2025-03-20 13:00:00,L49065,No Failure,Operational,0,298.0,307.6,1683,32.8,122
2025-03-20 14:00:00,L49066,No Failure,Operational,0,297.9,307.6,1503,40.7,124
2025-03-20 15:00:00,M16747,No Failure,Operational,0,297.9,307.5,1642,32.4,126
2025-03-20 16:00:00,M16748,No Failure,Operational,0,297.8,307.4,1902,24.3,129
2025-03-20 17:00:00,H31303,No Failure,Operational,0,297.7,307.4,1432,40.2,132
2025-03-20 18:00:00,L49070,No Failure,Operational,0,297.8,307.4,1512,40.8,137
2025-03-20 19:00:00,L49071,No Failure,Operational,0,297.7,307.4,1764,29.0,139
2025-03-20 20:00:00,M16752,No Failure,Operational,0,297.8,307.4,1438,43.6,141
2025-03-20 21:00:00,L49073,No Failure,Operational,0,297.8,307.5,1631,29.9,144
2025-03-20 22:00:00,H31308,No Failure,Operational,0,297.9,307.5,1880,23.3,146
2025-03-20 23:00:00,L49075,No Failure,Operational,0,297.9,307.6,1344,54.3,151
2025-03-21 00:00:00,L49076,No Failure,Operational,0,297.9,307.5,1574,35.8,153
2025-03-21 01:00:00,L49077,No Failure,Operational,0,297.8,307.4,1418,41.2,155
2025-03-21 02:00:00,L49078,No Failure,Operational,0,297.8,307.5,1372,54.1,157
2025-03-21 03:00:00,L49079,No Failure,Operational,0,297.8,307.5,1388,40.0,159
2025-03-21 04:00:00,H31314,No Failure,Operational,0,297.9,307.6,1493,36.0,161
2025-03-21 05:00:00,M16761,No Failure,Operational,0,297.9,307.6,1505,40.1,166
2025-03-21 06:00:00,L49082,No Failure,Operational,0,298.0,307.6,1694,29.1,169
2025-03-21 07:00:00,L49083,No Failure,Operational,0,297.9,307.6,1968,20.4,171
2025-03-21 08:00:00,M16764,No Failure,Operational,0,298.0,307.6,1569,35.6,173
2025-03-21 09:00:00,L49085,No Failure,Operational,0,297.9,307.6,1687,29.1,176
2025-03-21 10:00:00,L49086,No Failure,Operational,0,297.9,307.6,1430,52.4,178
2025-03-21 11:00:00,L49087,No Failure,Operational,0,297.9,307.6,1504,42.4,180
2025-03-21 12:00:00,L49088,No Failure,Operational,0,297.9,307.6,1977,20.2,182
2025-03-21 13:00:00,L49089,No Failure,Operational,0,298.0,307.7,1435,45.6,184
2025-03-21 14:00:00,H31324,No Failure,Operational,0,298.0,307.7,1547,36.8,186
2025-03-21 15:00:00,M16771,No Failure,Operational,0,298.1,307.8,1316,57.2,191
2025-03-21 16:00:00,M16772,No Failure,Operational,0,298.0,307.7,1621,34.9,194
2025-03-21 17:00:00,M16773,No Failure,Operational,0,298.0,307.8,1492,40.2,197
2025-03-21 18:00:00,L49094,No Failure,Operational,0,298.0,307.7,1643,32.3,200
2025-03-21 19:00:00,L49095,No Failure,Operational,0,298.0,307.7,1492,38.7,202
2025-03-21 20:00:00,L49096,No Failure,Operational,0,298.0,307.7,1387,50.8,204
2025-03-21 21:00:00,M16777,No Failure,Operational,0,298.1,307.9,1463,47.3,206
2025-03-21 22:00:00,M16778,No Failure,Operational,0,298.1,307.9,1496,40.0,0
2025-03-21 23:00:00,L49099,No Failure,Operational,0,298.2,308.0,1658,30.0,3
2025-03-22 00:00:00,L49100,No Failure,Operational,0,298.1,307.9,2161,17.5,5
2025-03-22 01:00:00,L49101,No Failure,Operational,0,298.1,307.9,1665,32.0,7
2025-03-22 02:00:00,L49102,No Failure,Operational,0,298.0,307.8,1716,26.6,9
2025-03-22 03:00:00,L49103,No Failure,Operational,0,298.0,307.7,1529,34.1,11
2025-03-22 04:00:00,L49104,No Failure,Operational,0,297.9,307.7,1353,50.7,13
2025-03-22 05:00:00,L49105,No Failure,Operational,0,297.9,307.7,1537,37.7,15
2025-03-22 06:00:00,L49106,No Failure,Operational,0,298.0,307.7,1606,30.8,17
2025-03-22 07:00:00,H31341,No Failure,Operational,0,298.0,307.8,1314,47.8,19
2025-03-22 08:00:00,L49108,No Failure,Operational,0,298.0,307.8,1623,29.9,24
2025-03-22 09:00:00,M16789,No Failure,Operational,0,298.0,307.8,1483,50.9,26
2025-03-22 10:00:00,M16790,No Failure,Operational,0,298.1,307.9,1569,37.0,29
2025-03-22 11:00:00,M16791,No Failure,Operational,0,298.2,308.0,1969,21.7,32
2025-03-22 12:00:00,M16792,No Failure,Operational,0,298.1,308.0,1686,29.3,35
2025-03-22 13:00:00,L49113,No Failure,Operational,0,298.1,308.0,1638,35.1,38
2025-03-22 14:00:00,L49114,No Failure,Operational,0,298.1,307.9,1698,33.3,40
2025-03-22 15:00:00,M16795,No Failure,Operational,0,298.1,307.9,1377,55.1,42
2025-03-22 16:00:00,M16796,No Failure,Operational,0,298.1,308.0,2129,18.4,45
2025-03-22 17:00:00,L49117,No Failure,Operational,0,298.2,308.0,1411,42.4,48
2025-03-22 18:00:00,L49118,No Failure,Operational,0,298.1,307.9,1517,40.8,50
2025-03-22 19:00:00,M16799,No Failure,Operational,0,298.1,307.9,1303,53.9,52
2025-03-22 20:00:00,L49120,No Failure,Operational,0,298.1,307.9,1578,35.6,55
2025-03-22 21:00:00,L49121,No Failure,Operational,0,298.1,307.9,1425,58.2,57
2025-03-22 22:00:00,L49122,No Failure,Operational,0,298.1,308.0,1456,42.4,59
2025-03-22 23:00:00,L49123,No Failure,Operational,0,298.1,308.0,1704,30.9,61
2025-03-23 00:00:00,L49124,No Failure,Operational,0,298.1,308.1,1791,27.3,63
2025-03-23 01:00:00,L49125,No Failure,Operational,0,298.1,308.1,1616,32.8,65
2025-03-23 02:00:00,L49126,No Failure,Operational,0,298.2,308.1,1622,34.9,67
2025-03-23 03:00:00,L49127,No Failure,Operational,0,298.2,308.1,1462,49.9,69
2025-03-23 04:00:00,L49128,No Failure,Operational,0,298.1,308.1,1410,45.8,71
2025-03-23 05:00:00,M16809,No Failure,Operational,0,298.1,308.0,1543,41.9,73
2025-03-23 06:00:00,M16810,No Failure,Operational,0,298.0,307.9,1479,47.6,76
2025-03-23 07:00:00,L49131,No Failure,Operational,0,298.0,307.8,1839,22.7,79
2025-03-23 08:00:00,L49132,No Failure,Operational,0,298.0,307.8,1266,60.5,81
2025-03-23 09:00:00,L49133,No Failure,Operational,0,297.9,307.7,1593,34.9,83
2025-03-23 10:00:00,L49134,No Failure,Operational,0,297.9,307.8,1459,46.9,85
2025-03-23 11:00:00,L49135,No Failure,Operational,0,297.9,307.7,1308,55.2,87
2025-03-23 12:00:00,M16816,No Failure,Operational,0,297.9,307.7,1364,46.8,89
2025-03-23 13:00:00,H31371,No Failure,Operational,0,297.9,307.7,1618,35.9,92
2025-03-23 14:00:00,H31372,No Failure,Operational,0,297.9,307.7,1464,43.2,97
2025-03-23 15:00:00,M16819,No Failure,Operational,0,297.8,307.6,1352,49.4,102
2025-03-23 16:00:00,L49140,No Failure,Operational,0,297.8,307.6,1446,51.4,105
2025-03-23 17:00:00,L49141,No Failure,Operational,0,297.8,307.5,1448,51.2,107
2025-03-23 18:00:00,L49142,No Failure,Operational,0,297.8,307.5,1391,48.6,109
2025-03-23 19:00:00,L49143,No Failure,Operational,0,297.7,307.5,1379,43.3,111
2025-03-23 20:00:00,M16824,No Failure,Operational,0,297.8,307.5,1405,46.9,113
2025-03-23 21:00:00,L49145,No Failure,Operational,0,297.8,307.5,1581,33.1,116
2025-03-23 22:00:00,L49146,No Failure,Operational,0,297.9,307.6,1515,40.5,118
2025-03-23 23:00:00,L49147,No Failure,Operational,0,297.9,307.6,1589,37.8,120
2025-03-24 00:00:00,L49148,No Failure,Operational,0,298.0,307.6,1281,50.8,122
2025-03-24 01:00:00,H31383,No Failure,Operational,0,297.8,307.5,1631,31.3,124
2025-03-24 02:00:00,M16830,No Failure,Operational,0,297.9,307.6,1202,67.0,129
2025-03-24 03:00:00,L49151,No Failure,Operational,0,297.9,307.6,1298,52.7,132
2025-03-24 04:00:00,L49152,No Failure,Operational,0,297.9,307.6,1612,30.7,134
2025-03-24 05:00:00,L49153,No Failure,Operational,0,297.9,307.6,1747,25.3,136
2025-03-24 06:00:00,L49154,No Failure,Operational,0,298.0,307.6,1450,48.7,138
2025-03-24 07:00:00,L49155,No Failure,Operational,0,298.0,307.7,1422,45.6,140
2025-03-24 08:00:00,M16836,No Failure,Operational,0,298.1,307.7,1419,47.4,142
2025-03-24 09:00:00,M16837,No Failure,Operational,0,298.1,307.7,1633,30.7,145
2025-03-24 10:00:00,L49158,No Failure,Operational,0,298.0,307.7,1442,43.6,148
2025-03-24 11:00:00,H31393,No Failure,Operational,0,298.0,307.6,1420,45.8,150
2025-03-24 12:00:00,M16840,No Failure,Operational,0,298.0,307.6,1301,58.5,155
2025-03-24 13:00:00,L49161,No Failure,Operational,0,298.0,307.6,1385,45.0,158
2025-03-24 14:00:00,M16842,No Failure,Operational,0,298.0,307.7,1487,41.3,160
2025-03-24 15:00:00,M16843,No Failure,Operational,0,298.0,307.6,1459,44.4,163
2025-03-24 16:00:00,M16844,No Failure,Operational,0,298.0,307.5,1387,45.5,166
2025-03-24 17:00:00,L49165,No Failure,Operational,0,298.1,307.7,1537,40.8,169
2025-03-24 18:00:00,L49166,No Failure,Operational,0,298.1,307.6,1498,42.9,171
2025-03-24 19:00:00,M16847,No Failure,Operational,0,298.2,307.8,1599,31.2,173
2025-03-24 20:00:00,H31402,No Failure,Operational,0,298.3,307.9,1420,39.2,176
2025-03-24 21:00:00,L49169,No Failure,Operational,0,298.2,307.9,1785,23.4,181
2025-03-24 22:00:00,L49170,No Failure,Operational,0,298.2,307.8,1423,48.1,183
2025-03-24 23:00:00,M16851,No Failure,Operational,0,298.2,307.8,1583,36.6,185
2025-03-25 00:00:00,L49172,No Failure,Operational,0,298.2,307.8,1375,46.6,188
2025-03-25 01:00:00,M16853,No Failure,Operational,0,298.3,308.0,1463,42.5,190
2025-03-25 02:00:00,M16854,No Failure,Operational,0,298.2,307.9,1403,45.1,193
2025-03-25 03:00:00,L49175,No Failure,Operational,0,298.3,308.0,1451,47.1,196
2025-03-25 04:00:00,M16856,Tool Wear Failure,Maintenance Required,1,298.4,308.0,1416,38.2,198
2025-03-25 05:00:00,L49177,No Failure,Operational,0,298.3,308.1,1672,41.3,0
2025-03-25 06:00:00,H31412,No Failure,Operational,0,298.3,308.0,1637,30.8,2
2025-03-25 07:00:00,L49179,No Failure,Operational,0,298.4,308.0,1540,37.8,7
2025-03-25 08:00:00,L49180,No Failure,Operational,0,298.4,308.1,1279,53.1,9
2025-03-25 09:00:00,L49181,No Failure,Operational,0,298.4,308.2,1604,34.9,11
2025-03-25 10:00:00,L49182,No Failure,Operational,0,298.5,308.2,1654,27.1,13
2025-03-25 11:00:00,M16863,No Failure,Operational,0,298.5,308.2,1564,37.5,15
2025-03-25 12:00:00,L49184,No Failure,Operational,0,298.5,308.2,1451,47.5,18
2025-03-25 13:00:00,L49185,No Failure,Operational,0,298.5,308.3,1504,38.0,20
2025-03-25 14:00:00,M16866,No Failure,Operational,0,298.5,308.3,1381,50.5,22
2025-03-25 15:00:00,L49187,No Failure,Operational,0,298.6,308.4,1562,34.4,25
2025-03-25 16:00:00,L49188,No Failure,Operational,0,298.5,308.3,1811,24.7,27
2025-03-25 17:00:00,M16869,No Failure,Operational,0,298.6,308.3,1717,28.7,29
2025-03-25 18:00:00,L49190,No Failure,Operational,0,298.6,308.3,1278,60.5,32
2025-03-25 19:00:00,L49191,No Failure,Operational,0,298.7,308.5,1616,30.2,34
2025-03-25 20:00:00,L49192,No Failure,Operational,0,298.6,308.4,1397,46.4,36
2025-03-25 21:00:00,L49193,No Failure,Operational,0,298.6,308.4,1485,42.9,38
2025-03-25 22:00:00,L49194,No Failure,Operational,0,298.6,308.4,1310,59.7,40
2025-03-25 23:00:00,L49195,Power Failure,Maintenance Required,1,298.5,308.2,1301,66.3,42
2025-03-26 00:00:00,L49196,No Failure,Operational,0,298.5,308.3,1458,44.0,44
2025-03-26 01:00:00,L49197,No Failure,Operational,0,298.7,308.5,1483,42.5,46
2025-03-26 02:00:00,L49198,No Failure,Operational,0,298.7,308.5,1375,46.4,48
2025-03-26 03:00:00,M16879,No Failure,Operational,0,298.7,308.5,1660,27.0,50
2025-03-26 04:00:00,H31434,No Failure,Operational,0,298.7,308.4,1560,33.3,53
2025-03-26 05:00:00,L49201,No Failure,Operational,0,298.7,308.5,1480,42.2,58
2025-03-26 06:00:00,L49202,No Failure,Operational,0,298.7,308.4,1373,46.9,60
2025-03-26 07:00:00,L49203,No Failure,Operational,0,298.7,308.5,1444,54.2,62
2025-03-26 08:00:00,M16884,No Failure,Operational,0,298.7,308.6,1722,24.7,64
2025-03-26 09:00:00,L49205,No Failure,Operational,0,298.7,308.5,1469,39.9,67
2025-03-26 10:00:00,M16886,No Failure,Operational,0,298.7,308.5,1360,52.9,69
2025-03-26 11:00:00,L49207,No Failure,Operational,0,298.7,308.4,1750,25.8,72
2025-03-26 12:00:00,M16888,No Failure,Operational,0,298.7,308.3,1349,46.6,74
2025-03-26 13:00:00,L49209,No Failure,Operational,0,298.7,308.5,1668,35.2,77
2025-03-26 14:00:00,L49210,No Failure,Operational,0,298.9,308.6,1400,49.5,79
2025-03-26 15:00:00,L49211,No Failure,Operational,0,298.8,308.6,1331,62.8,81
2025-03-26 16:00:00,L49212,No Failure,Operational,0,298.8,308.5,1444,42.2,83
2025-03-26 17:00:00,H31447,No Failure,Operational,0,298.8,308.5,1359,47.6,85
2025-03-26 18:00:00,M16894,No Failure,Operational,0,298.8,308.5,1425,47.4,90
2025-03-26 19:00:00,M16895,No Failure,Operational,0,298.9,308.6,1469,34.2,93
2025-03-26 20:00:00,L49216,No Failure,Operational,0,299.0,308.7,1892,22.8,96
2025-03-26 21:00:00,H31451,No Failure,Operational,0,299.0,308.7,1940,19.9,98
2025-03-26 22:00:00,L49218,No Failure,Operational,0,299.0,308.8,1405,55.2,103
2025-03-26 23:00:00,M16899,No Failure,Operational,0,299.0,308.9,1449,39.6,105
2025-03-27 00:00:00,L49220,No Failure,Operational,0,299.1,308.9,1686,29.6,108
2025-03-27 01:00:00,L49221,No Failure,Operational,0,299.1,308.9,1680,27.2,110
2025-03-27 02:00:00,M16902,No Failure,Operational,0,299.1,308.9,1397,52.4,112
2025-03-27 03:00:00,M16903,No Failure,Operational,0,299.2,309.0,1597,30.3,115
2025-03-27 04:00:00,L49224,No Failure,Operational,0,299.3,309.1,1470,41.1,118
2025-03-27 05:00:00,M16905,No Failure,Operational,0,299.3,309.1,1703,31.3,120
2025-03-27 06:00:00,L49226,No Failure,Operational,0,299.3,309.1,1388,45.5,123
2025-03-27 07:00:00,L49227,No Failure,Operational,0,299.3,309.2,1775,24.2,125
2025-03-27 08:00:00,L49228,No Failure,Operational,0,299.3,309.2,1465,41.5,127
2025-03-27 09:00:00,M16909,No Failure,Operational,0,299.3,309.2,1586,37.9,129
2025-03-27 10:00:00,M16910,No Failure,Operational,0,299.5,309.3,1675,29.2,132
2025-03-27 11:00:00,M16911,No Failure,Operational,0,299.4,309.2,1470,44.4,135
2025-03-27 12:00:00,L49232,No Failure,Operational,0,299.5,309.3,1477,40.4,138
2025-03-27 13:00:00,L49233,No Failure,Operational,0,299.5,309.3,1382,61.0,140
2025-03-27 14:00:00,M16914,No Failure,Operational,0,299.6,309.4,1605,29.8,142
2025-03-27 15:00:00,L49235,No Failure,Operational,0,299.6,309.4,1643,32.9,145
2025-03-27 16:00:00,L49236,No Failure,Operational,0,299.5,309.3,1333,54.1,147
2025-03-27 17:00:00,L49237,No Failure,Operational,0,299.5,309.3,1520,42.3,149
2025-03-27 18:00:00,M16918,No Failure,Operational,0,299.5,309.3,1902,24.0,151
2025-03-27 19:00:00,H31473,No Failure,Operational,0,299.5,309.4,1386,44.4,154
2025-03-27 20:00:00,L49240,No Failure,Operational,0,299.6,309.5,1803,27.7,159
2025-03-27 21:00:00,L49241,No Failure,Operational,0,299.7,309.6,1359,50.7,161
2025-03-27 22:00:00,M16922,No Failure,Operational,0,299.7,309.6,1477,42.7,163
2025-03-27 23:00:00,L49243,No Failure,Operational,0,299.7,309.6,1321,53.4,166
2025-03-28 00:00:00,L49244,No Failure,Operational,0,299.6,309.5,1453,41.4,168
2025-03-28 01:00:00,L49245,No Failure,Operational,0,299.7,309.6,1419,45.1,170
2025-03-28 02:00:00,L49246,No Failure,Operational,0,299.7,309.6,1512,36.2,172
2025-03-28 03:00:00,L49247,No Failure,Operational,0,299.7,309.6,1553,36.8,174
2025-03-28 04:00:00,M16928,No Failure,Operational,0,299.7,309.6,1534,39.1,176
2025-03-28 05:00:00,H31483,No Failure,Operational,0,299.7,309.6,1553,41.0,179
2025-03-28 06:00:00,L49250,No Failure,Operational,0,299.7,309.5,1352,49.7,184
2025-03-28 07:00:00,M16931,No Failure,Operational,0,299.7,309.6,1313,60.0,186
2025-03-28 08:00:00,L49252,Random Failure,Operational,0,299.6,309.5,1570,35.5,189
2025-03-28 09:00:00,L49253,No Failure,Operational,0,299.6,309.4,1677,31.1,191
2025-03-28 10:00:00,L49254,No Failure,Operational,0,299.5,309.4,1602,31.5,193
2025-03-28 11:00:00,L49255,Overstrain Failure,Maintenance Required,1,299.5,309.4,1390,58.8,195
2025-03-28 12:00:00,L49256,No Failure,Operational,0,299.4,309.3,1544,36.0,197
2025-03-28 13:00:00,L49257,No Failure,Operational,0,299.4,309.4,1701,31.2,199
2025-03-28 14:00:00,M16938,No Failure,Operational,0,299.4,309.3,1692,28.4,201
2025-03-28 15:00:00,M16939,No Failure,Operational,0,299.3,309.3,1523,37.9,204
2025-03-28 16:00:00,L49260,No Failure,Operational,0,299.3,309.2,2280,15.4,207
2025-03-28 17:00:00,M16941,No Failure,Operational,0,299.4,309.3,1485,47.1,209
2025-03-28 18:00:00,H31496,No Failure,Operational,0,299.4,309.2,1513,36.1,212
2025-03-28 19:00:00,H31497,No Failure,Operational,0,299.4,309.3,1743,28.2,0
2025-03-28 20:00:00,L49264,No Failure,Operational,0,299.5,309.3,1442,46.2,5
2025-03-28 21:00:00,L49265,No Failure,Operational,0,299.5,309.3,1462,46.7,7
2025-03-28 22:00:00,H31500,No Failure,Operational,0,299.4,309.3,1439,49.7,9
2025-03-28 23:00:00,L49267,No Failure,Operational,0,299.5,309.3,1577,36.6,14
2025-03-29 00:00:00,L49268,No Failure,Operational,0,299.6,309.4,1331,46.4,16
2025-03-29 01:00:00,L49269,No Failure,Operational,0,299.5,309.3,1941,22.5,18
2025-03-29 02:00:00,L49270,No Failure,Operational,0,299.5,309.2,1393,47.3,20
2025-03-29 03:00:00,L49271,No Failure,Operational,0,299.4,309.2,1433,42.1,22
2025-03-29 04:00:00,L49272,No Failure,Operational,0,299.4,309.2,1444,48.2,24
2025-03-29 05:00:00,L49273,No Failure,Operational,0,299.4,309.2,1564,39.0,26
2025-03-29 06:00:00,L49274,No Failure,Operational,0,299.4,309.3,1377,43.6,28
2025-03-29 07:00:00,L49275,No Failure,Operational,0,299.4,309.3,1525,41.5,30
2025-03-29 08:00:00,M16956,No Failure,Operational,0,299.5,309.4,1387,56.2,32
2025-03-29 09:00:00,M16957,No Failure,Operational,0,299.4,309.4,1326,47.5,35
2025-03-29 10:00:00,L49278,No Failure,Operational,0,299.4,309.3,1401,59.0,38
2025-03-29 11:00:00,L49279,No Failure,Operational,0,299.4,309.3,1596,31.8,40
2025-03-29 12:00:00,M16960,No Failure,Operational,0,299.3,309.3,1471,46.0,42
2025-03-29 13:00:00,L49281,No Failure,Operational,0,299.3,309.3,1528,37.8,45
2025-03-29 14:00:00,L49282,No Failure,Operational,0,299.3,309.3,1325,62.0,47
2025-03-29 15:00:00,M16963,No Failure,Operational,0,299.3,309.1,1376,46.7,49
2025-03-29 16:00:00,M16964,No Failure,Operational,0,299.3,309.1,1600,35.3,52
2025-03-29 17:00:00,L49285,No Failure,Operational,0,299.3,309.1,1495,44.0,55
2025-03-29 18:00:00,L49286,No Failure,Operational,0,299.4,309.1,1645,28.6,57
2025-03-29 19:00:00,M16967,No Failure,Operational,0,299.4,309.1,1417,47.3,59
2025-03-29 20:00:00,H31522,No Failure,Operational,0,299.4,309.0,1415,51.7,62
2025-03-29 21:00:00,M16969,No Failure,Operational,0,299.3,309.0,1496,43.4,67
2025-03-29 22:00:00,H31524,No Failure,Operational,0,299.3,309.0,1508,35.0,70
2025-03-29 23:00:00,L49291,No Failure,Operational,0,299.4,309.0,1436,47.9,75
2025-03-30 00:00:00,L49292,No Failure,Operational,0,299.5,309.1,1852,22.6,77
2025-03-30 01:00:00,L49293,No Failure,Operational,0,299.5,309.1,1863,22.5,79
2025-03-30 02:00:00,H31528,No Failure,Operational,0,299.4,309.1,1373,44.1,81
2025-03-30 03:00:00,L49295,No Failure,Operational,0,299.4,309.0,1404,47.3,86
2025-03-30 04:00:00,M16976,No Failure,Operational,0,299.4,309.0,1381,44.9,88
2025-03-30 05:00:00,H31531,No Failure,Operational,0,299.4,308.9,1762,29.3,91
2025-03-30 06:00:00,H31532,No Failure,Operational,0,299.3,308.9,1429,43.0,96
2025-03-30 07:00:00,M16979,No Failure,Operational,0,299.3,308.9,1858,24.7,101
2025-03-30 08:00:00,H31534,No Failure,Operational,0,299.2,308.8,1908,21.3,104
2025-03-30 09:00:00,M16981,No Failure,Operational,0,299.2,308.8,1503,37.4,109
2025-03-30 10:00:00,M16982,No Failure,Operational,0,299.2,308.8,1523,38.9,112
2025-03-30 11:00:00,L49303,No Failure,Operational,0,299.3,309.0,1491,38.4,115
2025-03-30 12:00:00,L49304,No Failure,Operational,0,299.2,308.9,1430,39.1,117
2025-03-30 13:00:00,L49305,Power Failure,Maintenance Required,1,299.3,308.9,1258,69.4,119
2025-03-30 14:00:00,L49306,No Failure,Operational,0,299.3,309.0,1449,46.5,121
2025-03-30 15:00:00,H31541,No Failure,Operational,0,299.3,309.0,1425,40.6,123
2025-03-30 16:00:00,L49308,No Failure,Operational,0,299.4,309.0,1800,24.3,128
2025-03-30 17:00:00,H31543,No Failure,Operational,0,299.4,309.0,1607,33.7,130
2025-03-30 18:00:00,L49310,No Failure,Operational,0,299.4,309.0,1391,58.2,135
2025-03-30 19:00:00,L49311,No Failure,Operational,0,299.4,309.1,1432,45.4,137
2025-03-30 20:00:00,L49312,No Failure,Operational,0,299.4,309.0,1660,28.4,139
2025-03-30 21:00:00,H31547,No Failure,Operational,0,299.3,309.0,1732,29.7,141
2025-03-30 22:00:00,L49314,No Failure,Operational,0,299.3,309.0,1473,46.3,146
2025-03-30 23:00:00,L49315,No Failure,Operational,0,299.3,309.0,1511,47.8,148
2025-03-31 00:00:00,L49316,No Failure,Operational,0,299.2,308.9,1588,41.5,150
2025-03-31 01:00:00,L49317,No Failure,Operational,0,299.3,308.9,1623,31.1,152
2025-03-31 02:00:00,L49318,No Failure,Operational,0,299.3,309.0,1734,30.6,154
2025-03-31 03:00:00,L49319,No Failure,Operational,0,299.3,309.0,1415,47.6,156
2025-03-31 04:00:00,L49320,No Failure,Operational,0,299.3,309.0,1419,46.6,158
2025-03-31 05:00:00,M17001,No Failure,Operational,0,299.3,308.9,1577,34.9,160
2025-03-31 06:00:00,L49322,No Failure,Operational,0,299.3,308.9,1376,60.3,163
2025-03-31 07:00:00,M17003,No Failure,Operational,0,299.3,308.8,1442,49.0,165
2025-03-31 08:00:00,L49324,No Failure,Operational,0,299.4,308.9,1451,40.5,168
2025-03-31 09:00:00,L49325,No Failure,Operational,0,299.3,308.8,1550,45.8,170
2025-03-31 10:00:00,L49326,No Failure,Operational,0,299.3,308.8,1647,32.9,172
2025-03-31 11:00:00,L49327,No Failure,Operational,0,299.4,308.9,1550,33.7,174
2025-03-31 12:00:00,L49328,No Failure,Operational,0,299.4,308.9,1583,34.1,176
2025-03-31 13:00:00,L49329,No Failure,Operational,0,299.4,309.0,1613,32.2,178
2025-03-31 14:00:00,H31564,No Failure,Operational,0,299.3,308.8,1636,35.5,180
2025-03-31 15:00:00,M17011,No Failure,Operational,0,299.3,308.7,1289,51.5,185
2025-03-31 16:00:00,M17012,No Failure,Operational,0,299.3,308.8,1648,28.4,188
2025-03-31 17:00:00,H31567,No Failure,Operational,0,299.3,308.8,1397,45.4,191
2025-03-31 18:00:00,M17014,No Failure,Operational,0,299.3,308.9,1767,24.8,196
2025-03-31 19:00:00,L49335,No Failure,Operational,0,299.3,308.8,1341,47.7,199
2025-03-31 20:00:00,M17016,No Failure,Operational,0,299.4,308.9,1457,41.5,201
2025-03-31 21:00:00,M17017,No Failure,Operational,0,299.4,309.0,1939,19.8,204
2025-03-31 22:00:00,M17018,No Failure,Operational,0,299.5,309.0,1399,49.7,207
2025-03-31 23:00:00,M17019,No Failure,Operational,0,299.5,309.0,1602,31.3,210
2025-04-01 00:00:00,L49340,No Failure,Operational,0,299.4,309.0,1507,41.0,213
2025-04-01 01:00:00,L49341,No Failure,Operational,0,299.4,309.1,1464,40.5,215
2025-04-01 02:00:00,L49342,No Failure,Operational,0,299.5,309.1,1336,42.1,217
2025-04-01 03:00:00,L49343,No Failure,Operational,0,299.6,309.2,1422,39.8,219
2025-04-01 04:00:00,L49344,No Failure,Operational,0,299.6,309.2,1540,36.7,221
2025-04-01 05:00:00,L49345,No Failure,Operational,0,299.5,309.1,1476,47.8,223
2025-04-01 06:00:00,M17026,Tool Wear Failure,Maintenance Required,1,299.6,309.2,1867,23.4,225
2025-04-01 07:00:00,H31581,No Failure,Operational,0,299.6,309.1,1588,41.3,0
2025-04-01 08:00:00,M17028,No Failure,Operational,0,299.5,309.1,1420,49.5,5
2025-04-01 09:00:00,L49349,No Failure,Operational,0,299.5,309.1,1415,49.2,8
2025-04-01 10:00:00,M17030,No Failure,Operational,0,299.4,309.1,1500,43.3,10
2025-04-01 11:00:00,L49351,No Failure,Operational,0,299.5,309.1,1502,44.6,13
2025-04-01 12:00:00,L49352,No Failure,Operational,0,299.5,309.2,1816,23.0,15
2025-04-01 13:00:00,M17033,No Failure,Operational,0,299.5,309.2,1495,41.6,17
2025-04-01 14:00:00,L49354,No Failure,Operational,0,299.6,309.2,1572,33.4,20
2025-04-01 15:00:00,M17035,No Failure,Operational,0,299.5,309.2,1590,35.9,22
2025-04-01 16:00:00,M17036,No Failure,Operational,0,299.6,309.3,1387,48.3,25
2025-04-01 17:00:00,M17037,No Failure,Operational,0,299.6,309.2,1393,47.7,28
2025-04-01 18:00:00,L49358,No Failure,Operational,0,299.6,309.2,1602,37.3,31
2025-04-01 19:00:00,L49359,No Failure,Operational,0,299.6,309.2,1601,33.3,33
2025-04-01 20:00:00,H31594,No Failure,Operational,0,299.6,309.2,1597,36.3,35
2025-04-01 21:00:00,H31595,No Failure,Operational,0,299.5,309.1,1548,44.3,40
2025-04-01 22:00:00,M17042,No Failure,Operational,0,299.5,309.2,1314,61.8,45
2025-04-01 23:00:00,M17043,No Failure,Operational,0,299.6,309.3,1577,39.8,48
2025-04-02 00:00:00,L49364,No Failure,Operational,0,299.8,309.4,1475,43.4,51
2025-04-02 01:00:00,L49365,No Failure,Operational,0,299.8,309.4,1630,32.4,53
2025-04-02 02:00:00,L49366,No Failure,Operational,0,299.7,309.4,1445,42.9,55
2025-04-02 03:00:00,M17047,No Failure,Operational,0,299.8,309.4,1439,47.4,57
2025-04-02 04:00:00,L49368,No Failure,Operational,0,299.7,309.3,1420,44.1,60
2025-04-02 05:00:00,H31603,No Failure,Operational,0,299.7,309.2,1554,41.6,62
2025-04-02 06:00:00,M17050,No Failure,Operational,0,299.6,309.1,1471,44.3,67
2025-04-02 07:00:00,L49371,No Failure,Operational,0,299.6,309.0,1648,33.6,70
2025-04-02 08:00:00,L49372,No Failure,Operational,0,299.6,309.0,1472,48.8,72
2025-04-02 09:00:00,M17053,No Failure,Operational,0,299.5,308.9,1448,42.9,74
2025-04-02 10:00:00,M17054,No Failure,Operational,0,299.6,308.9,1568,35.3,77
2025-04-02 11:00:00,L49375,No Failure,Operational,0,299.6,308.9,1613,30.8,80
2025-04-02 12:00:00,M17056,No Failure,Operational,0,299.7,308.9,1551,35.4,82
2025-04-02 13:00:00,L49377,No Failure,Operational,0,299.7,309.0,1412,49.2,85
2025-04-02 14:00:00,M17058,No Failure,Operational,0,299.7,308.9,1478,41.0,87
2025-04-02 15:00:00,M17059,No Failure,Operational,0,299.8,309.1,1268,58.0,90
2025-04-02 16:00:00,L49380,No Failure,Operational,0,299.8,309.1,1546,35.6,93
2025-04-02 17:00:00,L49381,No Failure,Operational,0,299.8,309.0,1567,36.1,95
2025-04-02 18:00:00,M17062,No Failure,Operational,0,299.9,309.2,1548,35.7,97
2025-04-02 19:00:00,L49383,No Failure,Operational,0,299.8,309.0,1614,30.8,100
2025-04-02 20:00:00,M17064,No Failure,Operational,0,299.7,309.1,1352,46.1,102
2025-04-02 21:00:00,L49385,No Failure,Operational,0,299.9,309.2,1624,34.6,105
2025-04-02 22:00:00,L49386,No Failure,Operational,0,299.9,309.2,1436,52.0,107
2025-04-02 23:00:00,L49387,No Failure,Operational,0,299.8,309.2,1591,37.5,109
2025-04-03 00:00:00,H31622,No Failure,Operational,0,299.8,309.2,1435,42.6,111
2025-04-03 01:00:00,L49389,No Failure,Operational,0,299.8,309.3,1386,49.4,116
2025-04-03 02:00:00,L49390,No Failure,Operational,0,299.7,309.2,1401,54.1,118
2025-04-03 03:00:00,M17071,No Failure,Operational,0,299.6,309.0,1245,64.0,120
2025-04-03 04:00:00,L49392,No Failure,Operational,0,299.7,309.1,1475,40.0,123
2025-04-03 05:00:00,L49393,No Failure,Operational,0,299.7,309.1,1473,39.4,125
2025-04-03 06:00:00,H31628,No Failure,Operational,0,299.7,309.2,1355,44.8,127
2025-04-03 07:00:00,H31629,No Failure,Operational,0,299.7,309.2,1468,49.6,132
2025-04-03 08:00:00,L49396,No Failure,Operational,0,299.7,309.2,1645,30.8,137
2025-04-03 09:00:00,L49397,No Failure,Operational,0,299.7,309.1,1347,55.3,139
2025-04-03 10:00:00,L49398,No Failure,Operational,0,299.7,309.1,1713,33.5,141
2025-04-03 11:00:00,M17079,No Failure,Operational,0,299.6,309.1,1435,48.4,143
2025-04-03 12:00:00,M17080,No Failure,Operational,0,299.6,309.0,1736,26.1,146
2025-04-03 13:00:00,L49401,No Failure,Operational,0,299.6,309.0,1372,60.4,149
2025-04-03 14:00:00,L49402,No Failure,Operational,0,299.7,309.0,1605,33.0,151
2025-04-03 15:00:00,L49403,No Failure,Operational,0,299.6,309.0,1413,48.5,153
2025-04-03 16:00:00,M17084,No Failure,Operational,0,299.7,309.0,1645,31.9,155
2025-04-03 17:00:00,M17085,No Failure,Operational,0,299.7,309.0,1465,49.0,158
2025-04-03 18:00:00,M17086,No Failure,Operational,0,299.6,308.9,1685,27.8,161
2025-04-03 19:00:00,L49407,No Failure,Operational,0,299.5,308.8,1965,20.4,164
2025-04-03 20:00:00,H31642,No Failure,Operational,0,299.4,308.6,1542,41.8,166
2025-04-03 21:00:00,L49409,No Failure,Operational,0,299.4,308.7,1681,30.8,171
2025-04-03 22:00:00,L49410,No Failure,Operational,0,299.5,308.7,1446,45.7,173
2025-04-03 23:00:00,L49411,No Failure,Operational,0,299.4,308.6,1415,56.4,175
2025-04-04 00:00:00,L49412,No Failure,Operational,0,299.5,308.6,1672,30.5,177
2025-04-04 01:00:00,L49413,Power Failure,Maintenance Required,1,299.5,308.7,2549,13.0,179
2025-04-04 02:00:00,L49414,No Failure,Operational,0,299.4,308.6,1492,40.5,181
2025-04-04 03:00:00,M17095,No Failure,Operational,0,299.4,308.6,1455,42.7,183
2025-04-04 04:00:00,M17096,No Failure,Operational,0,299.3,308.5,1422,43.1,186
2025-04-04 05:00:00,L49417,No Failure,Operational,0,299.3,308.6,1403,50.6,189
2025-04-04 06:00:00,L49418,No Failure,Operational,0,299.3,308.6,1474,49.6,191
2025-04-04 07:00:00,L49419,No Failure,Operational,0,299.2,308.6,1381,50.0,193
2025-04-04 08:00:00,L49420,No Failure,Operational,0,299.2,308.5,1457,44.7,195
2025-04-04 09:00:00,L49421,No Failure,Operational,0,299.2,308.4,1711,28.9,197
2025-04-04 10:00:00,L49422,No Failure,Operational,0,299.2,308.4,1667,29.0,199
2025-04-04 11:00:00,L49423,No Failure,Operational,0,299.2,308.4,1465,35.0,201
2025-04-04 12:00:00,M17104,Tool Wear Failure,Maintenance Required,1,299.3,308.4,1542,37.5,203
2025-04-04 13:00:00,M17105,No Failure,Operational,0,299.3,308.4,1438,42.3,0
2025-04-04 14:00:00,L49426,No Failure,Operational,0,299.3,308.4,1406,47.4,3
2025-04-04 15:00:00,M17107,No Failure,Operational,0,299.2,308.4,1396,48.5,5
2025-04-04 16:00:00,M17108,No Failure,Operational,0,299.3,308.5,1304,60.6,8
2025-04-04 17:00:00,L49429,No Failure,Operational,0,299.2,308.5,1442,46.5,11
2025-04-04 18:00:00,M17110,No Failure,Operational,0,299.2,308.4,1396,48.7,13
2025-04-04 19:00:00,H31665,No Failure,Operational,0,299.1,308.3,1424,43.4,16
2025-04-04 20:00:00,H31666,No Failure,Operational,0,299.1,308.3,1451,42.8,21
2025-04-04 21:00:00,L49433,No Failure,Operational,0,299.2,308.4,1386,54.1,26
2025-04-04 22:00:00,L49434,No Failure,Operational,0,299.1,308.3,1325,46.9,28
2025-04-04 23:00:00,L49435,No Failure,Operational,0,299.1,308.3,1559,33.7,30
2025-04-05 00:00:00,L49436,No Failure,Operational,0,299.1,308.3,1489,38.1,32
2025-04-05 01:00:00,L49437,No Failure,Operational,0,299.1,308.3,1892,25.2,34
2025-04-05 02:00:00,L49438,No Failure,Operational,0,299.1,308.2,1319,60.3,36
2025-04-05 03:00:00,L49439,No Failure,Operational,0,299.1,308.3,1431,52.3,38
2025-04-05 04:00:00,H31674,No Failure,Operational,0,299.1,308.3,1521,36.5,40
2025-04-05 05:00:00,M17121,No Failure,Operational,0,299.1,308.2,1435,45.2,45
2025-04-05 06:00:00,L49442,No Failure,Operational,0,299.1,308.3,1533,42.4,48
2025-04-05 07:00:00,M17123,No Failure,Operational,0,299.2,308.4,1529,43.0,50
2025-04-05 08:00:00,M17124,No Failure,Operational,0,299.2,308.4,1415,43.5,53
2025-04-05 09:00:00,M17125,No Failure,Operational,0,299.2,308.4,1330,51.2,56
2025-04-05 10:00:00,L49446,No Failure,Operational,0,299.2,308.5,1381,60.6,59
2025-04-05 11:00:00,L49447,No Failure,Operational,0,299.2,308.5,1370,52.4,61
2025-04-05 12:00:00,L49448,No Failure,Operational,0,299.2,308.5,1438,46.6,63
2025-04-05 13:00:00,L49449,No Failure,Operational,0,299.3,308.6,1314,48.2,65
2025-04-05 14:00:00,L49450,No Failure,Operational,0,299.3,308.6,1437,48.1,67
2025-04-05 15:00:00,L49451,No Failure,Operational,0,299.2,308.5,1821,26.1,69
2025-04-05 16:00:00,M17132,No Failure,Operational,0,299.3,308.6,1448,52.1,71
2025-04-05 17:00:00,L49453,No Failure,Operational,0,299.3,308.5,1589,32.7,74
2025-04-05 18:00:00,L49454,No Failure,Operational,0,299.3,308.6,1520,33.7,76
2025-04-05 19:00:00,L49455,No Failure,Operational,0,299.3,308.6,1605,37.0,78
2025-04-05 20:00:00,L49456,No Failure,Operational,0,299.3,308.7,1393,54.2,80
2025-04-05 21:00:00,H31691,No Failure,Operational,0,299.3,308.7,1408,44.4,82
2025-04-05 22:00:00,M17138,No Failure,Operational,0,299.3,308.7,1459,35.6,87
2025-04-05 23:00:00,L49459,No Failure,Operational,0,299.4,308.7,1525,39.0,90
2025-04-06 00:00:00,L49460,No Failure,Operational,0,299.4,308.8,1390,57.0,92
2025-04-06 01:00:00,L49461,No Failure,Operational,0,299.3,308.7,1536,38.9,94
2025-04-06 02:00:00,L49462,No Failure,Operational,0,299.4,308.7,1459,47.6,96
2025-04-06 03:00:00,L49463,No Failure,Operational,0,299.2,308.5,1387,51.1,98
2025-04-06 04:00:00,L49464,No Failure,Operational,0,299.2,308.5,1378,53.4,100
2025-04-06 05:00:00,L49465,No Failure,Operational,0,299.4,308.7,1381,56.7,102
2025-04-06 06:00:00,M17146,No Failure,Operational,0,299.4,308.7,1289,60.5,104
2025-04-06 07:00:00,L49467,No Failure,Operational,0,299.4,308.6,1746,26.8,107
2025-04-06 08:00:00,M17148,No Failure,Operational,0,299.4,308.6,1541,39.1,109
2025-04-06 09:00:00,L49469,No Failure,Operational,0,299.4,308.7,1504,37.8,112
2025-04-06 10:00:00,M17150,No Failure,Operational,0,299.5,308.7,1321,51.9,114
2025-04-06 11:00:00,M17151,No Failure,Operational,0,299.5,308.8,1886,20.9,117
2025-04-06 12:00:00,L49472,No Failure,Operational,0,299.6,308.9,1422,53.2,120
2025-04-06 13:00:00,L49473,No Failure,Operational,0,299.5,308.9,1520,38.3,122
2025-04-06 14:00:00,L49474,No Failure,Operational,0,299.4,308.8,1627,32.6,124
2025-04-06 15:00:00,L49475,No Failure,Operational,0,299.4,308.7,1512,37.2,126
2025-04-06 16:00:00,L49476,No Failure,Operational,0,299.4,308.7,1553,42.7,128
2025-04-06 17:00:00,L49477,No Failure,Operational,0,299.3,308.7,1802,26.0,130
2025-04-06 18:00:00,L49478,No Failure,Operational,0,299.3,308.6,1482,37.6,132
2025-04-06 19:00:00,L49479,Power Failure,Maintenance Required,1,299.4,308.7,1446,62.9,134
2025-04-06 20:00:00,L49480,No Failure,Operational,0,299.3,308.6,1371,50.5,136
2025-04-06 21:00:00,M17161,No Failure,Operational,0,299.2,308.6,1586,35.7,138
2025-04-06 22:00:00,L49482,No Failure,Operational,0,299.2,308.5,1515,39.8,141
2025-04-06 23:00:00,L49483,No Failure,Operational,0,299.2,308.5,1374,53.6,143
2025-04-07 00:00:00,L49484,No Failure,Operational,0,299.1,308.5,1455,39.8,145
2025-04-07 01:00:00,H31719,No Failure,Operational,0,299.2,308.5,1342,47.5,147
2025-04-07 02:00:00,L49486,No Failure,Operational,0,299.1,308.6,1260,57.8,152
2025-04-07 03:00:00,H31721,No Failure,Operational,0,299.0,308.5,1623,33.5,154
2025-04-07 04:00:00,L49488,No Failure,Operational,0,299.1,308.5,1371,55.5,159
2025-04-07 05:00:00,L49489,No Failure,Operational,0,299.1,308.6,1611,31.4,161
2025-04-07 06:00:00,M17170,No Failure,Operational,0,299.0,308.4,1535,47.5,163
2025-04-07 07:00:00,M17171,No Failure,Operational,0,299.1,308.6,1491,38.5,166
2025-04-07 08:00:00,M17172,No Failure,Operational,0,299.1,308.6,1441,36.2,169
2025-04-07 09:00:00,M17173,No Failure,Operational,0,299.1,308.8,1725,26.6,172
2025-04-07 10:00:00,L49494,No Failure,Operational,0,299.2,308.9,1368,47.2,175
2025-04-07 11:00:00,L49495,No Failure,Operational,0,299.2,308.9,1526,37.9,177
2025-04-07 12:00:00,L49496,No Failure,Operational,0,299.2,308.8,1542,39.2,179
2025-04-07 13:00:00,L49497,No Failure,Operational,0,299.2,308.8,1605,31.1,181
2025-04-07 14:00:00,L49498,No Failure,Operational,0,299.2,308.8,1405,51.4,183
2025-04-07 15:00:00,M17179,No Failure,Operational,0,299.2,308.8,1700,33.5,185
2025-04-07 16:00:00,H31734,No Failure,Operational,0,299.2,308.8,1440,39.1,188
2025-04-07 17:00:00,M17181,No Failure,Operational,0,299.2,308.8,1314,52.5,193
2025-04-07 18:00:00,L49502,No Failure,Operational,0,299.2,308.7,1514,41.9,196
2025-04-07 19:00:00,M17183,No Failure,Operational,0,299.2,308.7,1401,47.0,198
2025-04-07 20:00:00,L49504,No Failure,Operational,0,299.3,308.8,1636,29.9,201
2025-04-07 21:00:00,L49505,No Failure,Operational,0,299.3,308.8,1603,33.9,203
2025-04-07 22:00:00,M17186,No Failure,Operational,0,299.4,308.7,1487,52.6,205
2025-04-07 23:00:00,M17187,No Failure,Operational,0,299.3,308.7,1420,50.3,208
2025-04-08 00:00:00,L49508,No Failure,Operational,0,299.3,308.7,1579,36.3,211
2025-04-08 01:00:00,L49509,No Failure,Operational,0,299.3,308.7,1484,40.5,213
2025-04-08 02:00:00,M17190,No Failure,Operational,0,299.3,308.7,1390,49.3,215
2025-04-08 03:00:00,L49511,Overstrain Failure,Maintenance Required,1,299.3,308.6,1384,53.6,218
2025-04-08 04:00:00,L49512,Overstrain Failure,Maintenance Required,1,299.2,308.5,1378,50.4,220
2025-04-08 05:00:00,L49513,No Failure,Operational,0,299.2,308.5,1445,45.2,222
2025-04-08 06:00:00,L49514,No Failure,Operational,0,299.2,308.4,1445,43.5,224
2025-04-08 07:00:00,L49515,No Failure,Operational,0,299.2,308.4,1509,39.4,0
2025-04-08 08:00:00,L49516,No Failure,Operational,0,299.2,308.4,1434,46.8,2
2025-04-08 09:00:00,L49517,No Failure,Operational,0,299.2,308.4,1877,23.9,4
2025-04-08 10:00:00,L49518,No Failure,Operational,0,299.3,308.3,1651,28.0,6
2025-04-08 11:00:00,L49519,No Failure,Operational,0,299.2,308.2,1466,41.3,8
2025-04-08 12:00:00,L49520,No Failure,Operational,0,299.1,308.1,1479,40.7,10
2025-04-08 13:00:00,L49521,No Failure,Operational,0,299.1,308.2,1409,46.4,12
2025-04-08 14:00:00,M17202,No Failure,Operational,0,299.2,308.2,1674,28.2,14
2025-04-08 15:00:00,L49523,No Failure,Operational,0,299.1,308.3,1305,61.4,17
2025-04-08 16:00:00,M17204,No Failure,Operational,0,299.2,308.3,1755,26.4,19
2025-04-08 17:00:00,L49525,No Failure,Operational,0,299.2,308.4,1475,38.7,22
2025-04-08 18:00:00,L49526,No Failure,Operational,0,299.2,308.4,1402,47.7,24
2025-04-08 19:00:00,L49527,No Failure,Operational,0,299.2,308.3,1410,43.0,26
2025-04-08 20:00:00,L49528,No Failure,Operational,0,299.2,308.4,1436,41.8,28
2025-04-08 21:00:00,M17209,No Failure,Operational,0,299.3,308.5,1386,42.2,30
2025-04-08 22:00:00,L49530,No Failure,Operational,0,299.3,308.6,1744,26.4,33
2025-04-08 23:00:00,L49531,No Failure,Operational,0,299.2,308.4,1393,48.4,35
2025-04-09 00:00:00,M17212,No Failure,Operational,0,299.3,308.5,1422,45.4,37
2025-04-09 01:00:00,L49533,No Failure,Operational,0,299.2,308.4,1841,22.8,40
2025-04-09 02:00:00,L49534,No Failure,Operational,0,299.3,308.6,1433,37.7,42
2025-04-09 03:00:00,M17215,No Failure,Operational,0,299.3,308.5,1305,60.6,44
2025-04-09 04:00:00,H31770,No Failure,Operational,0,299.3,308.6,1498,39.5,47
2025-04-09 05:00:00,L49537,No Failure,Operational,0,299.3,308.5,1772,26.1,52
2025-04-09 06:00:00,M17218,No Failure,Operational,0,299.2,308.4,1381,42.5,54
2025-04-09 07:00:00,L49539,No Failure,Operational,0,299.3,308.5,1413,38.5,57
2025-04-09 08:00:00,H31774,No Failure,Operational,0,299.2,308.4,1388,53.2,59
2025-04-09 09:00:00,M17221,No Failure,Operational,0,299.2,308.6,1631,35.4,64
2025-04-09 10:00:00,H31776,No Failure,Operational,0,299.3,308.6,1520,41.4,67
2025-04-09 11:00:00,L49543,No Failure,Operational,0,299.3,308.5,1510,45.4,72
2025-04-09 12:00:00,L49544,No Failure,Operational,0,299.2,308.5,1366,49.7,74
2025-04-09 13:00:00,L49545,No Failure,Operational,0,299.4,308.5,1845,22.9,76
2025-04-09 14:00:00,L49546,No Failure,Operational,0,299.3,308.5,1485,44.7,78
2025-04-09 15:00:00,M17227,No Failure,Operational,0,299.3,308.5,1496,39.4,80
2025-04-09 16:00:00,M17228,No Failure,Operational,0,299.3,308.4,1468,42.2,83
2025-04-09 17:00:00,M17229,No Failure,Operational,0,299.2,308.4,1856,22.7,86
2025-04-09 18:00:00,L49550,No Failure,Operational,0,299.2,308.4,1620,34.1,89
2025-04-09 19:00:00,L49551,No Failure,Operational,0,299.3,308.5,1409,44.8,91
2025-04-09 20:00:00,M17232,No Failure,Operational,0,299.3,308.5,1404,49.4,93
2025-04-09 21:00:00,L49553,No Failure,Operational,0,299.2,308.4,1350,51.3,96
2025-04-09 22:00:00,M17234,No Failure,Operational,0,299.2,308.4,1538,38.0,98
2025-04-09 23:00:00,M17235,No Failure,Operational,0,299.2,308.4,1476,32.7,101
2025-04-10 00:00:00,M17236,No Failure,Operational,0,299.2,308.3,1364,51.8,104
2025-04-10 01:00:00,M17237,No Failure,Operational,0,299.2,308.3,1582,45.5,107
2025-04-10 02:00:00,L49558,No Failure,Operational,0,299.1,308.2,1348,56.1,110
2025-04-10 03:00:00,H31793,No Failure,Operational,0,299.1,308.2,1450,46.1,112
2025-04-10 04:00:00,L49560,No Failure,Operational,0,299.0,308.1,1242,60.9,117
2025-04-10 05:00:00,L49561,No Failure,Operational,0,299.1,308.2,1493,34.9,119
2025-04-10 06:00:00,L49562,No Failure,Operational,0,299.1,308.3,1601,31.4,121
2025-04-10 07:00:00,L49563,No Failure,Operational,0,299.1,308.2,1568,33.3,123
2025-04-10 08:00:00,M17244,No Failure,Operational,0,299.1,308.3,1506,38.0,125
2025-04-10 09:00:00,L49565,No Failure,Operational,0,299.1,308.3,1524,34.1,128
2025-04-10 10:00:00,L49566,No Failure,Operational,0,299.1,308.4,1543,37.9,130
2025-04-10 11:00:00,M17247,No Failure,Operational,0,299.2,308.5,1474,47.2,132
2025-04-10 12:00:00,M17248,No Failure,Operational,0,299.2,308.5,1526,37.3,135
2025-04-10 13:00:00,L49569,No Failure,Operational,0,299.2,308.5,1867,27.0,138
2025-04-10 14:00:00,L49570,No Failure,Operational,0,299.2,308.5,1487,41.2,140
2025-04-10 15:00:00,L49571,No Failure,Operational,0,299.2,308.4,1580,32.6,142
2025-04-10 16:00:00,L49572,No Failure,Operational,0,299.2,308.5,1340,50.0,144
2025-04-10 17:00:00,L49573,No Failure,Operational,0,299.2,308.5,1544,41.6,146
2025-04-10 18:00:00,L49574,No Failure,Operational,0,299.2,308.5,1488,40.3,148
2025-04-10 19:00:00,M17255,No Failure,Operational,0,299.2,308.5,1742,28.9,150
2025-04-10 20:00:00,M17256,No Failure,Operational,0,299.1,308.5,1592,34.2,153
2025-04-10 21:00:00,L49577,No Failure,Operational,0,299.2,308.6,1582,38.8,156
2025-04-10 22:00:00,L49578,No Failure,Operational,0,299.2,308.5,1490,43.2,158
2025-04-10 23:00:00,M17259,No Failure,Operational,0,299.2,308.5,1594,35.8,160
2025-04-11 00:00:00,H31814,No Failure,Operational,0,299.2,308.6,1462,55.0,163
2025-04-11 01:00:00,M17261,No Failure,Operational,0,299.2,308.6,1367,47.6,168
2025-04-11 02:00:00,L49582,No Failure,Operational,0,299.2,308.7,1325,51.0,171
2025-04-11 03:00:00,H31817,No Failure,Operational,0,299.2,308.7,1448,51.4,173
2025-04-11 04:00:00,M17264,No Failure,Operational,0,299.1,308.7,2008,20.3,178
2025-04-11 05:00:00,L49585,No Failure,Operational,0,299.1,308.7,1498,38.9,181
2025-04-11 06:00:00,L49586,No Failure,Operational,0,299.1,308.6,1437,41.6,183
2025-04-11 07:00:00,M17267,No Failure,Operational,0,299.1,308.6,1499,45.1,185
2025-04-11 08:00:00,L49588,No Failure,Operational,0,299.0,308.4,1356,52.6,188
2025-04-11 09:00:00,L49589,No Failure,Operational,0,299.1,308.5,1539,46.8,190
2025-04-11 10:00:00,L49590,No Failure,Operational,0,299.1,308.5,1689,32.1,192
2025-04-11 11:00:00,L49591,No Failure,Operational,0,299.0,308.5,1559,38.1,194
2025-04-11 12:00:00,L49592,No Failure,Operational,0,299.1,308.6,1408,46.7,196
2025-04-11 13:00:00,L49593,No Failure,Operational,0,299.0,308.5,1886,23.0,198
2025-04-11 14:00:00,L49594,No Failure,Operational,0,299.1,308.5,1415,43.4,0
2025-04-11 15:00:00,M17275,No Failure,Operational,0,299.1,308.5,1587,35.6,2
2025-04-11 16:00:00,L49596,No Failure,Operational,0,299.0,308.4,1571,38.6,5
2025-04-11 17:00:00,L49597,No Failure,Operational,0,298.9,308.3,1576,36.6,7
2025-04-11 18:00:00,L49598,No Failure,Operational,0,298.9,308.3,1660,34.4,9
2025-04-11 19:00:00,M17279,No Failure,Operational,0,298.9,308.2,1328,49.2,11
2025-04-11 20:00:00,H31834,No Failure,Operational,0,298.8,308.2,1450,44.7,14
2025-04-11 21:00:00,L49601,No Failure,Operational,0,298.9,308.2,2384,15.0,19
2025-04-11 22:00:00,L49602,No Failure,Operational,0,298.8,308.2,1443,53.4,21
2025-04-11 23:00:00,M17283,No Failure,Operational,0,298.9,308.2,2022,20.0,23
2025-04-12 00:00:00,L49604,No Failure,Operational,0,298.9,308.2,1828,23.8,26
2025-04-12 01:00:00,L49605,No Failure,Operational,0,298.8,308.1,1472,53.5,28
2025-04-12 02:00:00,M17286,Power Failure,Maintenance Required,1,298.9,308.2,1372,63.6,30
2025-04-12 03:00:00,L49607,No Failure,Operational,0,298.9,308.3,1855,23.8,33
2025-04-12 04:00:00,M17288,No Failure,Operational,0,299.0,308.3,1377,47.2,35
2025-04-12 05:00:00,L49609,No Failure,Operational,0,298.9,308.3,1432,48.9,38
2025-04-12 06:00:00,M17290,No Failure,Operational,0,298.9,308.2,1335,47.8,40
2025-04-12 07:00:00,M17291,No Failure,Operational,0,298.9,308.2,1411,51.3,43
2025-04-12 08:00:00,L49612,No Failure,Operational,0,298.9,308.2,1510,43.5,46
2025-04-12 09:00:00,L49613,No Failure,Operational,0,299.0,308.3,1441,44.0,48
2025-04-12 10:00:00,M17294,No Failure,Operational,0,299.0,308.2,1358,42.7,50
2025-04-12 11:00:00,L49615,No Failure,Operational,0,298.9,308.2,1686,30.4,53
2025-04-12 12:00:00,H31850,No Failure,Operational,0,299.0,308.2,1662,30.4,55
2025-04-12 13:00:00,L49617,No Failure,Operational,0,299.1,308.3,1426,40.1,60
2025-04-12 14:00:00,M17298,No Failure,Operational,0,299.1,308.4,1330,53.6,62
2025-04-12 15:00:00,L49619,No Failure,Operational,0,299.1,308.4,1693,31.6,65
2025-04-12 16:00:00,L49620,No Failure,Operational,0,299.1,308.4,1426,47.9,67
2025-04-12 17:00:00,L49621,No Failure,Operational,0,299.1,308.5,1676,31.0,69
2025-04-12 18:00:00,M17302,No Failure,Operational,0,299.1,308.4,1332,51.7,71
2025-04-12 19:00:00,L49623,No Failure,Operational,0,299.1,308.5,1647,35.0,74
2025-04-12 20:00:00,L49624,Power Failure,Maintenance Required,1,299.2,308.6,1267,68.2,76
2025-04-12 21:00:00,H31859,No Failure,Operational,0,299.2,308.7,1375,55.1,78
2025-04-12 22:00:00,L49626,No Failure,Operational,0,299.3,308.6,1422,48.9,83
2025-04-12 23:00:00,L49627,No Failure,Operational,0,299.3,308.7,1408,48.7,85
2025-04-13 00:00:00,L49628,No Failure,Operational,0,299.4,308.9,1440,42.5,87
2025-04-13 01:00:00,L49629,No Failure,Operational,0,299.3,308.8,1772,25.2,89
2025-04-13 02:00:00,L49630,No Failure,Operational,0,299.2,308.7,1492,37.8,91
2025-04-13 03:00:00,L49631,No Failure,Operational,0,299.2,308.7,1650,30.5,93
2025-04-13 04:00:00,M17312,No Failure,Operational,0,299.1,308.6,2329,14.6,95
2025-04-13 05:00:00,L49633,No Failure,Operational,0,299.0,308.6,1648,30.8,98
2025-04-13 06:00:00,L49634,No Failure,Operational,0,299.0,308.6,1653,31.7,100
2025-04-13 07:00:00,L49635,No Failure,Operational,0,299.0,308.6,1946,22.3,102
2025-04-13 08:00:00,L49636,No Failure,Operational,0,299.1,308.6,1555,36.6,104
2025-04-13 09:00:00,L49637,No Failure,Operational,0,299.0,308.6,1661,32.2,106
2025-04-13 10:00:00,L49638,No Failure,Operational,0,299.0,308.6,1434,45.9,108
2025-04-13 11:00:00,L49639,No Failure,Operational,0,299.0,308.6,1297,54.2,110
2025-04-13 12:00:00,L49640,No Failure,Operational,0,299.0,308.6,1466,46.4,112
2025-04-13 13:00:00,M17321,No Failure,Operational,0,298.9,308.6,1517,39.8,114
2025-04-13 14:00:00,L49642,No Failure,Operational,0,298.9,308.5,1742,34.5,117
2025-04-13 15:00:00,L49643,No Failure,Operational,0,298.9,308.5,1580,39.1,119
2025-04-13 16:00:00,M17324,No Failure,Operational,0,298.9,308.5,1534,42.9,121
2025-04-13 17:00:00,L49645,No Failure,Operational,0,298.9,308.6,1481,40.7,124
2025-04-13 18:00:00,L49646,No Failure,Operational,0,299.0,308.6,1429,37.7,126
2025-04-13 19:00:00,M17327,No Failure,Operational,0,298.9,308.6,1574,33.5,128
2025-04-13 20:00:00,M17328,No Failure,Operational,0,298.9,308.6,1524,40.4,131
2025-04-13 21:00:00,L49649,No Failure,Operational,0,299.0,308.7,1507,37.5,134
2025-04-13 22:00:00,L49650,No Failure,Operational,0,298.9,308.5,1467,44.7,136
2025-04-13 23:00:00,L49651,No Failure,Operational,0,298.9,308.4,1301,51.1,138
2025-04-14 00:00:00,L49652,No Failure,Operational,0,298.9,308.5,1429,55.1,140
2025-04-14 01:00:00,M17333,No Failure,Operational,0,298.9,308.5,1555,37.6,142
2025-04-14 02:00:00,L49654,No Failure,Operational,0,298.9,308.5,1503,40.6,145
2025-04-14 03:00:00,L49655,No Failure,Operational,0,298.9,308.5,1459,43.1,147
2025-04-14 04:00:00,H31890,No Failure,Operational,0,298.9,308.4,1449,42.4,149
2025-04-14 05:00:00,L49657,No Failure,Operational,0,298.9,308.5,1387,57.3,154
2025-04-14 06:00:00,M17338,No Failure,Operational,0,298.9,308.5,1456,50.0,156
2025-04-14 07:00:00,L49659,No Failure,Operational,0,299.0,308.5,1604,34.7,159
2025-04-14 08:00:00,L49660,No Failure,Operational,0,299.0,308.6,1734,32.4,161
2025-04-14 09:00:00,L49661,No Failure,Operational,0,299.0,308.6,1378,47.8,163
2025-04-14 10:00:00,L49662,No Failure,Operational,0,298.9,308.7,1504,41.8,165
2025-04-14 11:00:00,M17343,No Failure,Operational,0,298.9,308.7,1402,49.8,167
2025-04-14 12:00:00,H31898,No Failure,Operational,0,298.8,308.6,1524,37.7,170
2025-04-14 13:00:00,L49665,No Failure,Operational,0,298.8,308.6,1593,35.5,175
2025-04-14 14:00:00,M17346,No Failure,Operational,0,298.9,308.7,1772,28.4,177
2025-04-14 15:00:00,H31901,No Failure,Operational,0,298.9,308.6,1623,31.0,180
2025-04-14 16:00:00,L49668,No Failure,Operational,0,298.9,308.7,1356,50.7,185
2025-04-14 17:00:00,H31903,No Failure,Operational,0,298.9,308.7,1500,41.6,187
2025-04-14 18:00:00,H31904,No Failure,Operational,0,299.1,308.8,1566,46.6,192
2025-04-14 19:00:00,L49671,No Failure,Operational,0,299.1,308.9,1445,43.4,197
2025-04-14 20:00:00,H31906,No Failure,Operational,0,299.0,308.8,1382,58.5,199
2025-04-14 21:00:00,M17353,No Failure,Operational,0,299.0,308.8,1418,45.7,204
2025-04-14 22:00:00,L49674,Overstrain Failure,Maintenance Required,1,299.1,308.8,1329,53.6,207
2025-04-14 23:00:00,M17355,No Failure,Operational,0,299.1,308.8,1491,41.0,209
2025-04-15 00:00:00,M17356,No Failure,Operational,0,299.2,308.9,1573,37.4,212
2025-04-15 01:00:00,M17357,No Failure,Operational,0,299.2,308.9,1521,42.3,215
2025-04-15 02:00:00,L49678,No Failure,Operational,0,299.1,308.9,1467,47.2,218
2025-04-15 03:00:00,M17359,No Failure,Operational,0,299.1,308.9,1325,48.4,220
2025-04-15 04:00:00,L49680,No Failure,Operational,0,299.1,308.9,1617,32.3,223
2025-04-15 05:00:00,M17361,No Failure,Operational,0,299.1,308.9,1476,42.7,225
2025-04-15 06:00:00,L49682,Overstrain Failure,Maintenance Required,1,299.2,309.0,1515,48.9,228
2025-04-15 07:00:00,L49683,No Failure,Operational,0,299.2,309.0,1408,47.2,0
2025-04-15 08:00:00,L49684,No Failure,Operational,0,299.2,309.1,1468,45.6,2
2025-04-15 09:00:00,L49685,No Failure,Operational,0,299.2,309.1,1387,48.7,4
2025-04-15 10:00:00,M17366,No Failure,Operational,0,299.2,309.1,1503,34.7,6
2025-04-15 11:00:00,H31921,No Failure,Operational,0,299.2,309.1,1410,47.1,9
2025-04-15 12:00:00,L49688,No Failure,Operational,0,299.0,308.9,1615,30.6,14
2025-04-15 13:00:00,L49689,No Failure,Operational,0,299.0,308.9,1511,35.9,16
2025-04-15 14:00:00,L49690,No Failure,Operational,0,299.1,309.0,1405,53.8,18
2025-04-15 15:00:00,M17371,No Failure,Operational,0,299.0,308.9,1526,41.1,20
2025-04-15 16:00:00,L49692,No Failure,Operational,0,298.9,308.8,1530,38.3,23
2025-04-15 17:00:00,L49693,No Failure,Operational,0,299.0,308.7,1583,32.5,25
2025-04-15 18:00:00,L49694,No Failure,Operational,0,298.9,308.6,2069,18.7,27
2025-04-15 19:00:00,L49695,No Failure,Operational,0,298.8,308.5,1490,35.0,29
2025-04-15 20:00:00,L49696,No Failure,Operational,0,298.8,308.5,1736,29.0,31
2025-04-15 21:00:00,L49697,No Failure,Operational,0,298.8,308.5,1395,44.4,33
2025-04-15 22:00:00,M17378,No Failure,Operational,0,298.9,308.6,1425,49.6,35
2025-04-15 23:00:00,L49699,No Failure,Operational,0,298.8,308.6,1631,32.4,38
2025-04-16 00:00:00,L49700,No Failure,Operational,0,298.8,308.6,1535,41.2,40
2025-04-16 01:00:00,L49701,No Failure,Operational,0,298.8,308.6,1584,34.4,42
2025-04-16 02:00:00,M17382,No Failure,Operational,0,298.8,308.7,1543,38.2,44
2025-04-16 03:00:00,L49703,No Failure,Operational,0,298.8,308.7,1635,35.2,47
2025-04-16 04:00:00,M17384,No Failure,Operational,0,298.8,308.7,1446,45.5,49
2025-04-16 05:00:00,M17385,No Failure,Operational,0,298.8,308.6,1598,35.1,52
2025-04-16 06:00:00,L49706,No Failure,Operational,0,298.8,308.6,1501,35.0,55
2025-04-16 07:00:00,L49707,No Failure,Operational,0,298.8,308.5,1450,50.8,57
2025-04-16 08:00:00,L49708,No Failure,Operational,0,298.8,308.6,1730,25.9,59
2025-04-16 09:00:00,M17389,No Failure,Operational,0,298.8,308.6,1571,33.7,61
2025-04-16 10:00:00,L49710,No Failure,Operational,0,298.9,308.7,1438,51.7,64
2025-04-16 11:00:00,M17391,No Failure,Operational,0,298.8,308.5,1510,38.7,66
2025-04-16 12:00:00,L49712,No Failure,Operational,0,298.9,308.7,1389,44.9,69
2025-04-16 13:00:00,L49713,No Failure,Operational,0,298.8,308.7,1490,33.6,71
2025-04-16 14:00:00,L49714,No Failure,Operational,0,298.9,308.7,1729,26.6,73
2025-04-16 15:00:00,L49715,No Failure,Operational,0,299.0,308.8,1495,38.4,75
2025-04-16 16:00:00,L49716,No Failure,Operational,0,298.9,308.8,1281,53.9,77
2025-04-16 17:00:00,H31951,No Failure,Operational,0,298.9,308.7,1353,48.1,79
2025-04-16 18:00:00,L49718,No Failure,Operational,0,299.1,308.8,1429,50.1,84
2025-04-16 19:00:00,L49719,No Failure,Operational,0,299.1,308.8,1413,42.1,86
2025-04-16 20:00:00,L49720,No Failure,Operational,0,299.1,308.8,1502,38.3,88
2025-04-16 21:00:00,H31955,No Failure,Operational,0,299.1,308.8,1553,32.6,90
2025-04-16 22:00:00,H31956,No Failure,Operational,0,299.2,308.9,1712,26.4,95
2025-04-16 23:00:00,L49723,No Failure,Operational,0,299.3,309.0,1786,23.5,100
2025-04-17 00:00:00,L49724,No Failure,Operational,0,299.2,309.0,1951,21.4,102
2025-04-17 01:00:00,M17405,No Failure,Operational,0,299.2,309.0,1541,36.3,104
2025-04-17 02:00:00,L49726,No Failure,Operational,0,299.2,309.1,1605,34.3,107
2025-04-17 03:00:00,L49727,No Failure,Operational,0,299.2,309.1,1578,38.1,109
2025-04-17 04:00:00,M17408,No Failure,Operational,0,299.3,309.2,1440,37.5,111
2025-04-17 05:00:00,L49729,No Failure,Operational,0,299.4,309.2,1489,42.3,114
2025-04-17 06:00:00,L49730,No Failure,Operational,0,299.4,309.3,1366,48.4,116
2025-04-17 07:00:00,L49731,No Failure,Operational,0,299.3,309.2,1541,37.2,118
2025-04-17 08:00:00,H31966,No Failure,Operational,0,299.3,309.1,1552,40.7,120
2025-04-17 09:00:00,L49733,No Failure,Operational,0,299.3,309.1,1473,40.3,125
2025-04-17 10:00:00,L49734,No Failure,Operational,0,299.3,309.1,1531,37.9,127
2025-04-17 11:00:00,L49735,No Failure,Operational,0,299.3,309.2,1511,37.2,129
2025-04-17 12:00:00,M17416,No Failure,Operational,0,299.3,309.1,1449,47.9,131
2025-04-17 13:00:00,M17417,No Failure,Operational,0,299.4,309.1,1440,50.0,134
2025-04-17 14:00:00,M17418,No Failure,Operational,0,299.2,309.0,1881,23.9,137
2025-04-17 15:00:00,L49739,Random Failure,Operational,0,299.3,309.0,1447,50.4,140
2025-04-17 16:00:00,M17420,No Failure,Operational,0,299.4,309.1,1326,62.0,142
2025-04-17 17:00:00,L49741,No Failure,Operational,0,299.4,309.2,1607,31.7,145
2025-04-17 18:00:00,L49742,No Failure,Operational,0,299.3,309.1,1551,39.1,147
2025-04-17 19:00:00,L49743,No Failure,Operational,0,299.3,309.1,1496,37.2,149
2025-04-17 20:00:00,L49744,No Failure,Operational,0,299.3,309.1,1493,38.0,151
2025-04-17 21:00:00,L49745,No Failure,Operational,0,299.4,309.1,1304,50.5,153
2025-04-17 22:00:00,M17426,No Failure,Operational,0,299.3,309.0,1420,41.6,155
2025-04-17 23:00:00,L49747,No Failure,Operational,0,299.4,309.1,1766,24.6,158
2025-04-18 00:00:00,L49748,No Failure,Operational,0,299.6,309.2,1450,43.1,160
2025-04-18 01:00:00,H31983,No Failure,Operational,0,299.5,309.2,1872,22.6,162
2025-04-18 02:00:00,L49750,No Failure,Operational,0,299.6,309.2,1713,26.5,167
2025-04-18 03:00:00,M17431,No Failure,Operational,0,299.5,309.2,1497,40.9,169
2025-04-18 04:00:00,M17432,No Failure,Operational,0,299.4,309.1,1352,44.7,172
2025-04-18 05:00:00,L49753,No Failure,Operational,0,299.5,309.2,1499,41.5,175
2025-04-18 06:00:00,L49754,No Failure,Operational,0,299.5,309.3,1972,19.3,177
2025-04-18 07:00:00,L49755,No Failure,Operational,0,299.5,309.3,1422,49.2,179
2025-04-18 08:00:00,L49756,No Failure,Operational,0,299.5,309.3,1523,41.5,181
2025-04-18 09:00:00,L49757,No Failure,Operational,0,299.5,309.4,1563,41.5,183
2025-04-18 10:00:00,L49758,No Failure,Operational,0,299.4,309.3,1391,46.6,185
2025-04-18 11:00:00,L49759,No Failure,Operational,0,299.3,309.1,1795,24.7,187
2025-04-18 12:00:00,L49760,No Failure,Operational,0,299.3,309.1,1293,53.7,189
2025-04-18 13:00:00,L49761,Overstrain Failure,Maintenance Required,1,299.2,309.1,1345,60.7,191
2025-04-18 14:00:00,L49762,No Failure,Operational,0,299.2,309.0,1615,33.7,193
2025-04-18 15:00:00,L49763,No Failure,Operational,0,299.2,308.9,1342,50.8,195
2025-04-18 16:00:00,L49764,No Failure,Operational,0,299.1,308.8,1502,46.7,197
2025-04-18 17:00:00,M17445,No Failure,Operational,0,299.0,308.7,1620,35.4,199
2025-04-18 18:00:00,L49766,No Failure,Operational,0,299.0,308.7,1537,42.8,202
2025-04-18 19:00:00,L49767,No Failure,Operational,0,299.0,308.7,2248,16.8,204
2025-04-18 20:00:00,L49768,No Failure,Operational,0,299.0,308.7,1706,28.6,206
2025-04-18 21:00:00,L49769,No Failure,Operational,0,299.0,308.7,2250,16.6,208
2025-04-18 22:00:00,L49770,No Failure,Operational,0,299.0,308.7,1396,48.6,0
2025-04-18 23:00:00,L49771,No Failure,Operational,0,298.9,308.6,1522,46.4,2
2025-04-19 00:00:00,L49772,No Failure,Operational,0,298.9,308.6,1539,45.4,4
2025-04-19 01:00:00,H32007,No Failure,Operational,0,298.9,308.5,1415,54.0,6
2025-04-19 02:00:00,L49774,No Failure,Operational,0,298.8,308.5,1446,37.0,11
2025-04-19 03:00:00,M17455,No Failure,Operational,0,298.8,308.6,1486,41.1,13
2025-04-19 04:00:00,L49776,No Failure,Operational,0,299.0,308.7,1426,38.6,16
2025-04-19 05:00:00,L49777,No Failure,Operational,0,299.0,308.7,1449,38.9,18
2025-04-19 06:00:00,L49778,Power Failure,Maintenance Required,1,299.1,308.8,1320,67.5,20
2025-04-19 07:00:00,M17459,No Failure,Operational,0,299.2,308.9,1447,39.6,22
2025-04-19 08:00:00,L49780,No Failure,Operational,0,299.3,309.0,1422,47.3,25
2025-04-19 09:00:00,L49781,No Failure,Operational,0,299.3,309.1,1399,52.1,27
2025-04-19 10:00:00,L49782,No Failure,Operational,0,299.4,309.2,1427,41.5,29
2025-04-19 11:00:00,M17463,No Failure,Operational,0,299.3,309.2,1334,46.3,31
2025-04-19 12:00:00,M17464,No Failure,Operational,0,299.3,309.1,1385,45.6,34
2025-04-19 13:00:00,L49785,No Failure,Operational,0,299.4,309.2,1552,37.4,37
2025-04-19 14:00:00,H32020,No Failure,Operational,0,299.4,309.3,1534,37.5,39
2025-04-19 15:00:00,L49787,No Failure,Operational,0,299.4,309.3,1448,48.6,44
2025-04-19 16:00:00,L49788,No Failure,Operational,0,299.5,309.3,1409,44.7,46
2025-04-19 17:00:00,L49789,No Failure,Operational,0,299.4,309.2,1621,34.5,48
2025-04-19 18:00:00,H32024,No Failure,Operational,0,299.4,309.1,1547,40.9,50
2025-04-19 19:00:00,L49791,No Failure,Operational,0,299.4,309.1,1957,22.1,55
2025-04-19 20:00:00,L49792,No Failure,Operational,0,299.4,309.1,2421,14.2,57
2025-04-19 21:00:00,M17473,No Failure,Operational,0,299.3,309.1,1571,38.3,59
2025-04-19 22:00:00,L49794,No Failure,Operational,0,299.3,309.1,1634,36.8,62
2025-04-19 23:00:00,L49795,No Failure,Operational,0,299.3,309.0,1516,38.7,64
2025-04-20 00:00:00,L49796,No Failure,Operational,0,299.4,309.1,1207,66.5,66
2025-04-20 01:00:00,L49797,No Failure,Operational,0,299.4,309.1,1670,35.9,68
2025-04-20 02:00:00,M17478,No Failure,Operational,0,299.4,309.1,1461,48.6,70
2025-04-20 03:00:00,L49799,No Failure,Operational,0,299.4,309.2,1569,40.8,73
2025-04-20 04:00:00,L49800,No Failure,Operational,0,299.4,309.2,1556,35.7,75
2025-04-20 05:00:00,M17481,No Failure,Operational,0,299.5,309.3,1506,41.5,77
2025-04-20 06:00:00,M17482,No Failure,Operational,0,299.6,309.4,1642,30.3,80
2025-04-20 07:00:00,M17483,No Failure,Operational,0,299.6,309.4,1283,62.1,83
2025-04-20 08:00:00,H32038,No Failure,Operational,0,299.7,309.5,1375,46.8,86
2025-04-20 09:00:00,L49805,No Failure,Operational,0,299.7,309.4,1399,39.9,91
2025-04-20 10:00:00,L49806,No Failure,Operational,0,299.7,309.4,1650,29.8,93
2025-04-20 11:00:00,M17487,No Failure,Operational,0,299.8,309.6,1346,53.2,95
2025-04-20 12:00:00,H32042,No Failure,Operational,0,299.9,309.6,1410,51.2,98
2025-04-20 13:00:00,L49809,No Failure,Operational,0,300.0,309.7,1586,37.8,103
2025-04-20 14:00:00,L49810,No Failure,Operational,0,300.0,309.8,1372,39.6,105
2025-04-20 15:00:00,H32045,No Failure,Operational,0,300.0,309.7,1529,42.4,107
2025-04-20 16:00:00,M17492,No Failure,Operational,0,300.0,309.7,1652,28.6,112
2025-04-20 17:00:00,L49813,No Failure,Operational,0,300.1,309.8,1532,39.8,115
2025-04-20 18:00:00,L49814,No Failure,Operational,0,300.0,309.7,1554,32.0,117
2025-04-20 19:00:00,H32049,No Failure,Operational,0,299.9,309.6,1462,51.0,119
2025-04-20 20:00:00,L49816,No Failure,Operational,0,299.9,309.6,1254,61.3,124
2025-04-20 21:00:00,L49817,No Failure,Operational,0,299.9,309.6,1294,49.7,126
2025-04-20 22:00:00,L49818,No Failure,Operational,0,299.8,309.5,1739,27.5,128
2025-04-20 23:00:00,M17499,No Failure,Operational,0,299.8,309.4,1412,47.8,130
2025-04-21 00:00:00,M17500,No Failure,Operational,0,299.9,309.5,1372,56.2,133
2025-04-21 01:00:00,H32055,No Failure,Operational,0,299.8,309.5,1420,46.7,136
2025-04-21 02:00:00,L49822,No Failure,Operational,0,299.8,309.5,1542,40.3,141
2025-04-21 03:00:00,M17503,No Failure,Operational,0,299.8,309.4,1401,48.1,143
2025-04-21 04:00:00,L49824,No Failure,Operational,0,299.8,309.4,1510,42.5,146
2025-04-21 05:00:00,H32059,No Failure,Operational,0,299.9,309.5,1547,38.5,148
2025-04-21 06:00:00,M17506,No Failure,Operational,0,299.8,309.5,1453,43.2,153
2025-04-21 07:00:00,L49827,No Failure,Operational,0,299.8,309.4,1408,45.6,156
2025-04-21 08:00:00,L49828,No Failure,Operational,0,299.8,309.4,1436,51.6,158
2025-04-21 09:00:00,M17509,No Failure,Operational,0,299.9,309.5,1582,38.2,160
2025-04-21 10:00:00,L49830,No Failure,Operational,0,299.9,309.6,1280,59.3,163
2025-04-21 11:00:00,L49831,No Failure,Operational,0,299.9,309.5,2008,20.4,165
2025-04-21 12:00:00,L49832,No Failure,Operational,0,299.9,309.5,1772,23.5,167
2025-04-21 13:00:00,L49833,No Failure,Operational,0,299.9,309.5,1779,26.1,169
2025-04-21 14:00:00,L49834,No Failure,Operational,0,299.9,309.5,1567,35.5,171
2025-04-21 15:00:00,M17515,No Failure,Operational,0,299.8,309.4,1751,27.0,173
2025-04-21 16:00:00,L49836,No Failure,Operational,0,299.9,309.5,1349,51.3,176
2025-04-21 17:00:00,M17517,No Failure,Operational,0,300.0,309.5,1425,40.8,178
2025-04-21 18:00:00,L49838,No Failure,Operational,0,300.0,309.4,1395,44.5,181
2025-04-21 19:00:00,H32073,No Failure,Operational,0,299.8,309.3,1595,32.1,183
2025-04-21 20:00:00,L49840,No Failure,Operational,0,299.8,309.3,1291,56.4,188
2025-04-21 21:00:00,M17521,No Failure,Operational,0,299.9,309.4,1509,42.8,190
2025-04-21 22:00:00,M17522,No Failure,Operational,0,299.9,309.4,1483,38.1,193
2025-04-21 23:00:00,L49843,No Failure,Operational,0,299.9,309.3,1620,31.1,196
2025-04-22 00:00:00,M17524,No Failure,Operational,0,299.9,309.4,1487,42.2,198
2025-04-22 01:00:00,L49845,No Failure,Operational,0,299.8,309.4,2256,15.9,201
2025-04-22 02:00:00,H32080,No Failure,Operational,0,299.7,309.2,1691,27.7,203
2025-04-22 03:00:00,M17527,No Failure,Operational,0,299.8,309.3,1663,35.2,208
2025-04-22 04:00:00,M17528,No Failure,Operational,0,299.8,309.3,1640,31.1,211
2025-04-22 05:00:00,H32083,No Failure,Operational,0,299.7,309.3,1494,37.8,214
2025-04-22 06:00:00,L49850,No Failure,Operational,0,299.8,309.4,1467,46.2,219
2025-04-22 07:00:00,M17531,Tool Wear Failure,Maintenance Required,1,299.7,309.3,1399,41.9,221
2025-04-22 08:00:00,L49852,No Failure,Operational,0,299.7,309.3,1445,42.6,0
2025-04-22 09:00:00,L49853,No Failure,Operational,0,299.8,309.4,1480,40.9,2
2025-04-22 10:00:00,L49854,No Failure,Operational,0,299.7,309.3,1546,37.2,4
2025-04-22 11:00:00,L49855,No Failure,Operational,0,299.7,309.3,1574,35.8,6
2025-04-22 12:00:00,L49856,No Failure,Operational,0,299.7,309.3,1592,34.2,8
2025-04-22 13:00:00,L49857,No Failure,Operational,0,299.8,309.5,1495,39.6,10
2025-04-22 14:00:00,L49858,No Failure,Operational,0,299.8,309.6,1447,43.1,12
2025-04-22 15:00:00,L49859,No Failure,Operational,0,299.8,309.5,1476,44.4,14
2025-04-22 16:00:00,L49860,No Failure,Operational,0,299.8,309.5,1641,27.1,16
2025-04-22 17:00:00,L49861,No Failure,Operational,0,299.8,309.5,1545,32.2,18
2025-04-22 18:00:00,M17542,No Failure,Operational,0,299.9,309.6,1364,44.4,20
2025-04-22 19:00:00,L49863,No Failure,Operational,0,299.8,309.5,1590,28.5,23
2025-04-22 20:00:00,L49864,No Failure,Operational,0,299.8,309.4,1460,37.4,25
2025-04-22 21:00:00,L49865,No Failure,Operational,0,299.8,309.4,1609,32.5,27
2025-04-22 22:00:00,L49866,No Failure,Operational,0,299.8,309.4,1633,27.5,29
2025-04-22 23:00:00,L49867,No Failure,Operational,0,299.9,309.4,1348,52.8,31
2025-04-23 00:00:00,L49868,No Failure,Operational,0,299.9,309.4,1322,53.9,33
2025-04-23 01:00:00,L49869,No Failure,Operational,0,300.0,309.5,1641,30.1,35
2025-04-23 02:00:00,L49870,No Failure,Operational,0,300.0,309.5,1728,26.0,37
2025-04-23 03:00:00,L49871,No Failure,Operational,0,300.0,309.6,1431,47.7,39
2025-04-23 04:00:00,L49872,No Failure,Operational,0,300.1,309.7,1641,30.4,41
2025-04-23 05:00:00,M17553,No Failure,Operational,0,300.1,309.6,1622,36.1,43
2025-04-23 06:00:00,M17554,No Failure,Operational,0,300.1,309.6,1625,38.0,46
2025-04-23 07:00:00,L49875,No Failure,Operational,0,300.0,309.5,1869,22.7,49
2025-04-23 08:00:00,L49876,No Failure,Operational,0,300.0,309.6,1452,46.0,51
2025-04-23 09:00:00,L49877,No Failure,Operational,0,300.0,309.6,1618,28.7,53
2025-04-23 10:00:00,L49878,No Failure,Operational,0,300.0,309.4,2010,20.0,55
2025-04-23 11:00:00,L49879,No Failure,Operational,0,299.9,309.4,1363,60.9,57
2025-04-23 12:00:00,L49880,No Failure,Operational,0,299.9,309.3,1473,40.4,59
2025-04-23 13:00:00,L49881,No Failure,Operational,0,299.9,309.2,1333,50.8,61
2025-04-23 14:00:00,L49882,No Failure,Operational,0,299.8,309.2,1760,25.9,63
2025-04-23 15:00:00,M17563,No Failure,Operational,0,299.8,309.2,1372,58.2,65
2025-04-23 16:00:00,M17564,No Failure,Operational,0,299.7,309.2,1608,34.4,68
2025-04-23 17:00:00,L49885,No Failure,Operational,0,299.7,309.2,1326,64.8,71
2025-04-23 18:00:00,M17566,No Failure,Operational,0,299.6,309.1,1560,37.1,73
2025-04-23 19:00:00,M17567,No Failure,Operational,0,299.6,309.0,1539,36.1,76
2025-04-23 20:00:00,L49888,No Failure,Operational,0,299.6,309.1,2266,15.3,79
2025-04-23 21:00:00,L49889,No Failure,Operational,0,299.6,309.1,1641,35.8,81
2025-04-23 22:00:00,L49890,No Failure,Operational,0,299.6,309.1,1574,39.2,83
2025-04-23 23:00:00,L49891,No Failure,Operational,0,299.6,309.1,1407,50.6,85
2025-04-24 00:00:00,H32126,No Failure,Operational,0,299.7,309.2,1302,55.5,87
2025-04-24 01:00:00,M17573,No Failure,Operational,0,299.6,309.2,1651,30.8,92
2025-04-24 02:00:00,M17574,No Failure,Operational,0,299.6,309.1,1366,55.2,95
2025-04-24 03:00:00,M17575,No Failure,Operational,0,299.5,309.0,1701,28.6,98
2025-04-24 04:00:00,L49896,No Failure,Operational,0,299.5,309.0,1498,44.6,101
2025-04-24 05:00:00,M17577,No Failure,Operational,0,299.5,309.1,1422,45.3,103
2025-04-24 06:00:00,L49898,No Failure,Operational,0,299.5,309.1,1357,47.3,106
2025-04-24 07:00:00,L49899,No Failure,Operational,0,299.5,309.2,1690,29.2,108
2025-04-24 08:00:00,L49900,No Failure,Operational,0,299.6,309.2,1559,39.1,110
2025-04-24 09:00:00,M17581,No Failure,Operational,0,299.6,309.3,1553,32.4,112
2025-04-24 10:00:00,L49902,No Failure,Operational,0,299.6,309.3,1558,34.8,115
2025-04-24 11:00:00,L49903,No Failure,Operational,0,299.7,309.4,1362,51.9,117
2025-04-24 12:00:00,M17584,No Failure,Operational,0,299.8,309.3,1470,42.7,119
2025-04-24 13:00:00,L49905,No Failure,Operational,0,299.8,309.4,1555,34.8,122
2025-04-24 14:00:00,M17586,No Failure,Operational,0,299.8,309.4,1423,42.9,124
2025-04-24 15:00:00,L49907,No Failure,Operational,0,299.7,309.3,1434,38.5,127
2025-04-24 16:00:00,L49908,No Failure,Operational,0,299.7,309.3,1779,25.5,129
2025-04-24 17:00:00,L49909,No Failure,Operational,0,299.7,309.3,1417,54.6,131
2025-04-24 18:00:00,L49910,No Failure,Operational,0,299.6,309.2,1425,45.9,133
2025-04-24 19:00:00,M17591,No Failure,Operational,0,299.7,309.2,1597,32.9,135
2025-04-24 20:00:00,L49912,No Failure,Operational,0,299.7,309.2,1346,57.4,138
2025-04-24 21:00:00,L49913,No Failure,Operational,0,299.7,309.2,1422,40.4,140
2025-04-24 22:00:00,H32148,No Failure,Operational,0,299.7,309.2,1572,32.8,142
2025-04-24 23:00:00,L49915,No Failure,Operational,0,299.7,309.2,1412,45.4,147
2025-04-25 00:00:00,M17596,No Failure,Operational,0,299.7,309.1,1576,36.4,149
2025-04-25 01:00:00,M17597,No Failure,Operational,0,299.7,309.1,1508,41.2,152
2025-04-25 02:00:00,M17598,No Failure,Operational,0,299.8,309.1,1496,44.4,155
2025-04-25 03:00:00,L49919,No Failure,Operational,0,299.8,309.2,1572,35.4,158
2025-04-25 04:00:00,L49920,No Failure,Operational,0,299.6,309.0,1525,42.8,160
2025-04-25 05:00:00,L49921,No Failure,Operational,0,299.6,309.0,1378,51.9,162
2025-04-25 06:00:00,L49922,No Failure,Operational,0,299.6,309.1,1369,51.4,164
2025-04-25 07:00:00,L49923,No Failure,Operational,0,299.6,309.1,1476,45.3,166
2025-04-25 08:00:00,L49924,No Failure,Operational,0,299.7,309.2,1620,30.0,168
2025-04-25 09:00:00,M17605,No Failure,Operational,0,299.7,309.1,1603,38.5,170
2025-04-25 10:00:00,L49926,No Failure,Operational,0,299.7,309.2,1411,46.1,173
2025-04-25 11:00:00,L49927,No Failure,Operational,0,299.7,309.2,1616,31.6,175
2025-04-25 12:00:00,L49928,No Failure,Operational,0,299.7,309.2,1631,35.1,177
2025-04-25 13:00:00,M17609,No Failure,Maintenance Required,1,299.7,309.2,1685,28.9,179
2025-04-25 14:00:00,H32164,No Failure,Operational,0,299.7,309.2,1456,40.6,182
2025-04-25 15:00:00,L49931,No Failure,Operational,0,299.7,309.1,1417,50.1,187
2025-04-25 16:00:00,M17612,No Failure,Operational,0,299.7,309.1,1851,24.7,189
2025-04-25 17:00:00,L49933,No Failure,Operational,0,299.7,309.1,1715,27.8,192
2025-04-25 18:00:00,H32168,No Failure,Operational,0,299.6,309.1,1630,32.3,194
2025-04-25 19:00:00,L49935,No Failure,Operational,0,299.7,309.2,1478,38.8,199
2025-04-25 20:00:00,L49936,No Failure,Operational,0,299.7,309.2,1781,29.6,201
2025-04-25 21:00:00,L49937,No Failure,Operational,0,299.8,309.2,1439,36.1,203
2025-04-25 22:00:00,M17618,No Failure,Operational,0,299.7,309.2,1412,45.3,205
2025-04-25 23:00:00,L49939,No Failure,Operational,0,299.7,309.1,1483,41.1,208
2025-04-26 00:00:00,L49940,No Failure,Operational,0,299.8,309.2,1400,42.6,210
2025-04-26 01:00:00,L49941,Overstrain Failure,Maintenance Required,1,299.8,309.3,1299,65.1,212
2025-04-26 02:00:00,L49942,No Failure,Operational,0,299.8,309.2,1479,44.4,214
2025-04-26 03:00:00,L49943,No Failure,Operational,0,299.8,309.2,1491,47.5,216
2025-04-26 04:00:00,M17624,No Failure,Operational,0,299.9,309.3,1389,52.8,0
2025-04-26 05:00:00,M17625,No Failure,Operational,0,299.9,309.4,1399,54.8,3
2025-04-26 06:00:00,M17626,No Failure,Operational,0,299.9,309.4,1889,26.0,6
2025-04-26 07:00:00,L49947,No Failure,Operational,0,300.0,309.5,1925,21.9,9
2025-04-26 08:00:00,L49948,No Failure,Operational,0,300.0,309.5,1675,30.2,11
2025-04-26 09:00:00,M17629,No Failure,Operational,0,300.0,309.6,1477,38.1,13
2025-04-26 10:00:00,L49950,No Failure,Operational,0,300.0,309.6,1364,45.9,16
2025-04-26 11:00:00,L49951,No Failure,Operational,0,299.9,309.5,1451,39.4,18
2025-04-26 12:00:00,L49952,No Failure,Operational,0,299.9,309.4,1467,41.2,20
2025-04-26 13:00:00,L49953,No Failure,Operational,0,299.9,309.4,1858,22.5,22
2025-04-26 14:00:00,L49954,No Failure,Operational,0,300.1,309.4,1559,39.7,24
2025-04-26 15:00:00,L49955,No Failure,Operational,0,300.1,309.4,1560,47.7,26
2025-04-26 16:00:00,L49956,No Failure,Operational,0,300.1,309.4,1453,47.6,28
2025-04-26 17:00:00,L49957,No Failure,Operational,0,300.1,309.4,1464,41.7,30
2025-04-26 18:00:00,L49958,No Failure,Operational,0,300.0,309.4,1308,50.2,32
2025-04-26 19:00:00,L49959,No Failure,Operational,0,300.1,309.5,1353,50.9,34
2025-04-26 20:00:00,M17640,No Failure,Operational,0,300.2,309.6,1556,35.8,36
2025-04-26 21:00:00,L49961,No Failure,Operational,0,300.2,309.5,2183,17.8,39
2025-04-26 22:00:00,M17642,No Failure,Operational,0,300.2,309.6,1491,41.8,41
2025-04-26 23:00:00,M17643,No Failure,Operational,0,300.2,309.6,1528,35.1,44
2025-04-27 00:00:00,L49964,No Failure,Operational,0,300.2,309.6,1430,52.7,47
2025-04-27 01:00:00,L49965,No Failure,Operational,0,300.2,309.5,1495,32.6,49
2025-04-27 02:00:00,M17646,No Failure,Operational,0,300.2,309.5,1630,28.3,51
2025-04-27 03:00:00,M17647,No Failure,Operational,0,300.3,309.6,1524,38.4,54
2025-04-27 04:00:00,L49968,No Failure,Operational,0,300.3,309.6,1326,52.4,57
2025-04-27 05:00:00,H32203,No Failure,Operational,0,300.3,309.5,1438,44.0,59
2025-04-27 06:00:00,L49970,No Failure,Operational,0,300.4,309.6,1356,45.9,64
2025-04-27 07:00:00,H32205,No Failure,Operational,0,300.4,309.6,1416,43.3,66
2025-04-27 08:00:00,L49972,No Failure,Operational,0,300.4,309.7,1584,32.6,71
2025-04-27 09:00:00,L49973,No Failure,Operational,0,300.3,309.6,1597,31.8,73
2025-04-27 10:00:00,L49974,No Failure,Operational,0,300.4,309.6,1553,43.9,75
2025-04-27 11:00:00,M17655,No Failure,Operational,0,300.3,309.5,1405,49.4,77
2025-04-27 12:00:00,L49976,No Failure,Operational,0,300.2,309.5,1539,35.3,80
2025-04-27 13:00:00,M17657,No Failure,Operational,0,300.3,309.6,1398,53.7,82
2025-04-27 14:00:00,L49978,No Failure,Operational,0,300.3,309.6,1568,39.6,85
2025-04-27 15:00:00,L49979,No Failure,Operational,0,300.3,309.6,1404,44.6,87
2025-04-27 16:00:00,M17660,No Failure,Operational,0,300.2,309.5,1500,45.7,89
2025-04-27 17:00:00,M17661,No Failure,Operational,0,300.2,309.5,1642,28.8,92
2025-04-27 18:00:00,M17662,No Failure,Operational,0,300.3,309.6,1509,46.6,95
2025-04-27 19:00:00,L49983,No Failure,Operational,0,300.2,309.5,1343,50.2,98
2025-04-27 20:00:00,L49984,No Failure,Operational,0,300.1,309.5,1450,40.1,100
2025-04-27 21:00:00,L49985,No Failure,Operational,0,300.0,309.4,1460,43.5,102
2025-04-27 22:00:00,L49986,No Failure,Operational,0,300.0,309.3,1364,41.2,104
2025-04-27 23:00:00,M17667,No Failure,Operational,0,299.9,309.3,1452,41.9,106
2025-04-28 00:00:00,L49988,No Failure,Operational,0,299.9,309.3,1471,41.8,109
2025-04-28 01:00:00,L49989,No Failure,Operational,0,299.9,309.2,1598,34.6,111
2025-04-28 02:00:00,L49990,No Failure,Operational,0,299.8,309.1,1772,24.8,113
2025-04-28 03:00:00,L49991,No Failure,Operational,0,299.9,309.2,1761,25.6,115
2025-04-28 04:00:00,M17672,No Failure,Operational,0,300.0,309.3,1413,40.7,117
2025-04-28 05:00:00,L49993,No Failure,Operational,0,300.0,309.3,1887,22.6,120
2025-04-28 06:00:00,L49994,No Failure,Operational,0,300.0,309.3,1395,56.5,122
2025-04-28 07:00:00,M17675,No Failure,Operational,0,300.1,309.4,1569,31.6,124
2025-04-28 08:00:00,L49996,No Failure,Operational,0,300.1,309.4,1434,47.3,127
2025-04-28 09:00:00,L49997,No Failure,Operational,0,300.2,309.5,1417,41.1,129
2025-04-28 10:00:00,L49998,No Failure,Operational,0,300.2,309.5,1729,28.4,131
2025-04-28 11:00:00,L49999,No Failure,Operational,0,300.2,309.5,1356,51.1,133
2025-04-28 12:00:00,L50000,No Failure,Operational,0,300.2,309.5,1436,48.8,135
2025-04-28 13:00:00,M17681,No Failure,Operational,0,300.3,309.6,1419,42.5,137
2025-04-28 14:00:00,L50002,No Failure,Operational,0,300.3,309.6,1593,38.1,140
2025-04-28 15:00:00,M17683,No Failure,Operational,0,300.3,309.5,1320,62.2,142
2025-04-28 16:00:00,M17684,No Failure,Operational,0,300.3,309.5,1448,42.4,145
2025-04-28 17:00:00,L50005,No Failure,Operational,0,300.3,309.4,1470,33.5,148
2025-04-28 18:00:00,M17686,No Failure,Operational,0,300.3,309.4,1612,33.1,150
2025-04-28 19:00:00,L50007,No Failure,Operational,0,300.4,309.4,1412,51.6,153
2025-04-28 20:00:00,M17688,No Failure,Operational,0,300.4,309.4,1875,23.9,155
2025-04-28 21:00:00,L50009,No Failure,Operational,0,300.3,309.3,1612,36.0,158
2025-04-28 22:00:00,M17690,No Failure,Operational,0,300.4,309.3,1411,41.6,160
2025-04-28 23:00:00,M17691,No Failure,Operational,0,300.3,309.2,1490,47.9,163
2025-04-29 00:00:00,M17692,No Failure,Operational,0,300.4,309.3,1467,40.3,166
2025-04-29 01:00:00,L50013,No Failure,Operational,0,300.3,309.2,1807,26.4,169
2025-04-29 02:00:00,L50014,No Failure,Operational,0,300.3,309.1,1368,46.0,171
2025-04-29 03:00:00,L50015,No Failure,Operational,0,300.3,309.2,1572,32.0,173
2025-04-29 04:00:00,M17696,No Failure,Operational,0,300.3,309.1,1458,44.3,175
2025-04-29 05:00:00,L50017,No Failure,Operational,0,300.3,309.1,1699,30.3,178
2025-04-29 06:00:00,L50018,No Failure,Operational,0,300.3,309.3,1478,39.5,180
2025-04-29 07:00:00,M17699,No Failure,Operational,0,300.4,309.4,1362,42.1,182
2025-04-29 08:00:00,H32254,No Failure,Operational,0,300.4,309.4,1487,38.9,185
2025-04-29 09:00:00,L50021,No Failure,Operational,0,300.3,309.4,1705,29.4,190
2025-04-29 10:00:00,L50022,No Failure,Operational,0,300.3,309.3,1345,53.5,192
2025-04-29 11:00:00,L50023,No Failure,Operational,0,300.3,309.2,1532,40.2,194
2025-04-29 12:00:00,L50024,No Failure,Operational,0,300.3,309.2,1650,35.2,196
2025-04-29 13:00:00,L50025,No Failure,Operational,0,300.3,309.2,1398,54.4,198
2025-04-29 14:00:00,L50026,No Failure,Operational,0,300.3,309.2,1412,44.8,200
2025-04-29 15:00:00,L50027,No Failure,Operational,0,300.4,309.3,1525,39.6,202
2025-04-29 16:00:00,M17708,No Failure,Operational,0,300.3,309.3,1391,57.9,204
2025-04-29 17:00:00,L50029,No Failure,Operational,0,300.4,309.3,1766,28.2,207
2025-04-29 18:00:00,L50030,No Failure,Operational,0,300.4,309.3,1671,35.0,209
2025-04-29 19:00:00,L50031,No Failure,Operational,0,300.5,309.3,1373,48.8,211
2025-04-29 20:00:00,M17712,No Failure,Operational,0,300.5,309.4,1347,50.1,213
2025-04-29 21:00:00,M17713,No Failure,Operational,0,300.5,309.3,1539,39.1,216
2025-04-29 22:00:00,L50034,No Failure,Operational,0,300.5,309.3,1470,40.8,219
2025-04-29 23:00:00,L50035,No Failure,Operational,0,300.5,309.3,1528,37.0,221
2025-04-30 00:00:00,H32270,No Failure,Operational,0,300.5,309.3,1471,45.2,223
2025-04-30 01:00:00,M17717,No Failure,Operational,0,300.4,309.2,1528,37.2,228
2025-04-30 02:00:00,L50038,Overstrain Failure,Maintenance Required,1,300.5,309.3,1417,51.5,231
2025-04-30 03:00:00,L50039,No Failure,Operational,0,300.6,309.4,1549,43.4,233
2025-04-30 04:00:00,H32274,No Failure,Operational,0,300.6,309.4,1463,49.2,235
2025-04-30 05:00:00,L50041,No Failure,Operational,0,300.7,309.5,1479,43.6,240
2025-04-30 06:00:00,L50042,No Failure,Operational,0,300.6,309.5,1867,23.0,242
2025-04-30 07:00:00,L50043,No Failure,Operational,0,300.6,309.4,1471,44.1,244
2025-04-30 08:00:00,H32278,Tool Wear Failure,Maintenance Required,1,300.6,309.4,1380,47.6,246
2025-04-30 09:00:00,H32279,No Failure,Operational,0,300.7,309.7,1623,32.7,0
2025-04-30 10:00:00,L50046,No Failure,Operational,0,300.8,309.7,1997,20.7,5
2025-04-30 11:00:00,H32281,No Failure,Operational,0,300.7,309.6,1390,48.5,7
2025-04-30 12:00:00,L50048,No Failure,Operational,0,300.8,309.7,1418,46.6,12
2025-04-30 13:00:00,L50049,No Failure,Operational,0,300.8,309.7,1519,35.8,14
2025-04-30 14:00:00,M17730,No Failure,Operational,0,300.8,309.7,1519,39.7,16
2025-04-30 15:00:00,M17731,No Failure,Operational,0,300.7,309.6,1536,37.2,19
2025-04-30 16:00:00,L50052,No Failure,Operational,0,300.8,309.6,1680,28.7,22
2025-04-30 17:00:00,H32287,No Failure,Operational,0,300.6,309.4,1555,37.9,24
2025-04-30 18:00:00,L50054,No Failure,Operational,0,300.6,309.5,1471,49.6,29
2025-04-30 19:00:00,M17735,No Failure,Operational,0,300.5,309.4,1877,23.8,31
2025-04-30 20:00:00,M17736,No Failure,Operational,0,300.5,309.3,1578,30.5,34
2025-04-30 21:00:00,M17737,No Failure,Operational,0,300.5,309.4,1655,32.1,37
2025-04-30 22:00:00,H32292,No Failure,Operational,0,300.5,309.4,1502,34.3,40
2025-04-30 23:00:00,M17739,Power Failure,Maintenance Required,1,300.6,309.4,1367,63.2,45
2025-05-01 00:00:00,L50060,No Failure,Operational,0,300.7,309.5,1541,37.2,48
2025-05-01 01:00:00,M17741,No Failure,Operational,0,300.6,309.6,1588,37.0,50
2025-05-01 02:00:00,L50062,No Failure,Operational,0,300.6,309.6,1684,32.8,53
2025-05-01 03:00:00,L50063,No Failure,Operational,0,300.6,309.5,1437,40.0,55
2025-05-01 04:00:00,L50064,No Failure,Operational,0,300.6,309.6,1409,42.4,57
2025-05-01 05:00:00,M17745,No Failure,Operational,0,300.5,309.5,1320,49.9,59
2025-05-01 06:00:00,H32300,No Failure,Operational,0,300.5,309.5,1635,34.2,62
2025-05-01 07:00:00,M17747,No Failure,Operational,0,300.5,309.5,1691,27.6,67
2025-05-01 08:00:00,M17748,No Failure,Operational,0,300.6,309.6,1365,50.0,70
2025-05-01 09:00:00,M17749,No Failure,Operational,0,300.7,309.7,1523,38.2,73
2025-05-01 10:00:00,L50070,No Failure,Operational,0,300.6,309.7,1593,32.4,76
2025-05-01 11:00:00,L50071,No Failure,Operational,0,300.6,309.6,1682,30.7,78
2025-05-01 12:00:00,L50072,No Failure,Operational,0,300.7,309.6,1329,54.3,80
2025-05-01 13:00:00,M17753,No Failure,Operational,0,300.7,309.6,1568,35.2,82
2025-05-01 14:00:00,L50074,No Failure,Operational,0,300.7,309.6,1733,24.8,85
2025-05-01 15:00:00,M17755,No Failure,Operational,0,300.7,309.6,1473,48.1,87
2025-05-01 16:00:00,M17756,No Failure,Operational,0,300.7,309.5,1633,31.3,90
2025-05-01 17:00:00,M17757,No Failure,Operational,0,300.6,309.5,1530,40.2,93
2025-05-01 18:00:00,M17758,No Failure,Operational,0,300.6,309.5,1550,40.2,96
2025-05-01 19:00:00,L50079,No Failure,Operational,0,300.6,309.4,1410,40.6,99
2025-05-01 20:00:00,L50080,No Failure,Operational,0,300.5,309.3,1574,33.5,101
2025-05-01 21:00:00,L50081,No Failure,Operational,0,300.6,309.4,1425,40.3,103
2025-05-01 22:00:00,M17762,No Failure,Operational,0,300.6,309.4,1541,35.2,105
2025-05-01 23:00:00,M17763,No Failure,Operational,0,300.7,309.5,1733,26.7,108
2025-05-02 00:00:00,L50084,No Failure,Operational,0,300.6,309.4,2496,13.5,111
2025-05-02 01:00:00,L50085,No Failure,Operational,0,300.6,309.4,1552,36.4,113
2025-05-02 02:00:00,L50086,No Failure,Operational,0,300.6,309.3,1409,38.7,115
2025-05-02 03:00:00,M17767,No Failure,Operational,0,300.6,309.4,1581,35.7,117
2025-05-02 04:00:00,L50088,No Failure,Operational,0,300.7,309.5,1251,59.9,120
2025-05-02 05:00:00,L50089,No Failure,Operational,0,300.7,309.6,1500,44.1,122
2025-05-02 06:00:00,L50090,No Failure,Operational,0,300.6,309.5,1576,38.8,124
2025-05-02 07:00:00,M17771,No Failure,Operational,0,300.7,309.5,1352,44.0,126
2025-05-02 08:00:00,L50092,No Failure,Operational,0,300.7,309.6,1661,30.3,129
2025-05-02 09:00:00,L50093,No Failure,Operational,0,300.7,309.6,1541,34.6,131
2025-05-02 10:00:00,H32328,No Failure,Operational,0,300.6,309.6,1888,20.5,133
2025-05-02 11:00:00,L50095,No Failure,Operational,0,300.5,309.5,1255,62.1,138
2025-05-02 12:00:00,L50096,No Failure,Operational,0,300.6,309.6,1411,41.6,140
2025-05-02 13:00:00,L50097,No Failure,Operational,0,300.6,309.5,1516,39.0,142
2025-05-02 14:00:00,M17778,No Failure,Operational,0,300.6,309.5,1492,34.0,144
2025-05-02 15:00:00,L50099,No Failure,Operational,0,300.6,309.6,1726,30.0,147
2025-05-02 16:00:00,L50100,No Failure,Operational,0,300.7,309.7,1598,33.7,149
2025-05-02 17:00:00,L50101,No Failure,Operational,0,300.8,309.8,1657,31.1,151
2025-05-02 18:00:00,L50102,No Failure,Operational,0,300.8,309.7,1481,38.1,153
2025-05-02 19:00:00,M17783,No Failure,Operational,0,300.7,309.7,1397,51.3,155
2025-05-02 20:00:00,L50104,No Failure,Operational,0,300.8,309.7,1461,44.3,158
2025-05-02 21:00:00,M17785,No Failure,Operational,0,300.7,309.6,1388,51.1,160
2025-05-02 22:00:00,L50106,No Failure,Operational,0,300.7,309.7,1507,52.4,163
2025-05-02 23:00:00,M17787,No Failure,Operational,0,300.7,309.6,1421,49.8,165
2025-05-03 00:00:00,M17788,No Failure,Operational,0,300.8,309.7,1258,54.9,168
2025-05-03 01:00:00,M17789,No Failure,Operational,0,300.8,309.7,1482,39.0,171
2025-05-03 02:00:00,H32344,No Failure,Operational,0,300.7,309.6,1403,51.3,174
2025-05-03 03:00:00,L50111,No Failure,Operational,0,300.8,309.7,1373,45.4,179
2025-05-03 04:00:00,L50112,No Failure,Operational,0,300.9,309.7,1460,42.1,181
2025-05-03 05:00:00,M17793,No Failure,Operational,0,300.8,309.7,1751,27.9,183
2025-05-03 06:00:00,M17794,No Failure,Operational,0,300.8,309.6,1546,42.3,186
2025-05-03 07:00:00,M17795,No Failure,Operational,0,300.8,309.7,1680,28.2,189
2025-05-03 08:00:00,M17796,No Failure,Operational,0,300.9,309.7,1394,48.8,192
2025-05-03 09:00:00,L50117,No Failure,Operational,0,300.7,309.6,1810,26.0,195
2025-05-03 10:00:00,L50118,No Failure,Operational,0,300.7,309.5,1479,34.5,197
2025-05-03 11:00:00,L50119,No Failure,Operational,0,300.9,309.7,1431,41.4,199
2025-05-03 12:00:00,L50120,No Failure,Operational,0,300.9,309.7,2355,14.4,201
2025-05-03 13:00:00,M17801,Tool Wear Failure,Maintenance Required,1,300.7,309.6,1996,19.8,203
2025-05-03 14:00:00,L50122,No Failure,Operational,0,300.7,309.5,1461,49.9,0
2025-05-03 15:00:00,H32357,No Failure,Operational,0,300.7,309.5,2007,19.7,2
2025-05-03 16:00:00,L50124,No Failure,Operational,0,300.7,309.6,1505,34.9,7
2025-05-03 17:00:00,H32359,No Failure,Operational,0,300.7,309.6,1925,20.5,9
2025-05-03 18:00:00,M17806,No Failure,Operational,0,300.7,309.5,1622,30.5,14
2025-05-03 19:00:00,L50127,No Failure,Operational,0,300.7,309.5,1592,29.0,17
2025-05-03 20:00:00,L50128,No Failure,Operational,0,300.7,309.5,1850,24.5,19
2025-05-03 21:00:00,M17809,No Failure,Operational,0,300.7,309.5,1470,48.7,21
2025-05-03 22:00:00,M17810,No Failure,Operational,0,300.7,309.5,1445,46.4,24
2025-05-03 23:00:00,L50131,No Failure,Operational,0,300.7,309.5,1685,31.1,27
2025-05-04 00:00:00,H32366,No Failure,Operational,0,300.7,309.5,1667,30.5,29
2025-05-04 01:00:00,L50133,No Failure,Operational,0,300.7,309.5,1578,35.4,34
2025-05-04 02:00:00,H32368,No Failure,Operational,0,300.6,309.4,1691,28.0,36
2025-05-04 03:00:00,M17815,No Failure,Operational,0,300.7,309.5,1439,43.8,41
2025-05-04 04:00:00,M17816,No Failure,Operational,0,300.8,309.6,1404,38.7,44
2025-05-04 05:00:00,L50137,No Failure,Operational,0,300.8,309.6,1498,45.8,47
2025-05-04 06:00:00,M17818,No Failure,Operational,0,300.8,309.5,1481,44.5,49
2025-05-04 07:00:00,M17819,No Failure,Operational,0,300.7,309.4,1589,35.0,52
2025-05-04 08:00:00,L50140,No Failure,Operational,0,300.7,309.5,1467,44.3,55
2025-05-04 09:00:00,L50141,No Failure,Operational,0,300.6,309.4,1654,32.8,57
2025-05-04 10:00:00,L50142,No Failure,Operational,0,300.7,309.5,1508,39.9,59
2025-05-04 11:00:00,M17823,No Failure,Operational,0,300.7,309.6,1439,43.0,61
2025-05-04 12:00:00,L50144,No Failure,Operational,0,300.7,309.5,1692,30.3,64
2025-05-04 13:00:00,M17825,No Failure,Operational,0,300.7,309.5,1838,24.9,66
2025-05-04 14:00:00,L50146,No Failure,Operational,0,300.6,309.3,1601,40.2,69
2025-05-04 15:00:00,L50147,No Failure,Operational,0,300.6,309.4,1369,51.6,71
2025-05-04 16:00:00,M17828,No Failure,Operational,0,300.6,309.4,1312,45.2,73
2025-05-04 17:00:00,L50149,No Failure,Operational,0,300.6,309.4,1468,44.1,76
2025-05-04 18:00:00,M17830,No Failure,Operational,0,300.6,309.4,1452,39.4,78
2025-05-04 19:00:00,M17831,No Failure,Operational,0,300.7,309.5,1393,43.9,81
2025-05-04 20:00:00,M17832,No Failure,Operational,0,300.6,309.4,1432,44.2,84
2025-05-04 21:00:00,M17833,No Failure,Operational,0,300.6,309.3,1510,46.0,87
2025-05-04 22:00:00,M17834,No Failure,Operational,0,300.6,309.4,1521,37.2,90
2025-05-04 23:00:00,H32389,No Failure,Operational,0,300.5,309.4,1360,46.2,93
2025-05-05 00:00:00,M17836,No Failure,Operational,0,300.5,309.3,1881,25.5,98
2025-05-05 01:00:00,L50157,No Failure,Operational,0,300.4,309.3,1413,50.3,101
2025-05-05 02:00:00,H32392,No Failure,Operational,0,300.5,309.4,1642,36.2,103
2025-05-05 03:00:00,L50159,No Failure,Operational,0,300.5,309.5,1542,38.5,108
2025-05-05 04:00:00,L50160,No Failure,Operational,0,300.4,309.5,1447,39.3,110
2025-05-05 05:00:00,H32395,No Failure,Operational,0,300.4,309.4,1530,40.4,112
2025-05-05 06:00:00,L50162,No Failure,Operational,0,300.5,309.5,1795,27.7,117
2025-05-05 07:00:00,L50163,No Failure,Operational,0,300.6,309.6,1290,57.4,119
2025-05-05 08:00:00,L50164,No Failure,Operational,0,300.6,309.7,1639,30.4,121
2025-05-05 09:00:00,L50165,No Failure,Operational,0,300.7,309.8,1596,31.5,123
2025-05-05 10:00:00,L50166,No Failure,Operational,0,300.6,309.8,1455,48.0,125
2025-05-05 11:00:00,M17847,No Failure,Operational,0,300.6,309.8,1659,28.9,127
2025-05-05 12:00:00,M17848,No Failure,Operational,0,300.6,309.8,1532,42.5,130
2025-05-05 13:00:00,L50169,No Failure,Operational,0,300.6,309.8,1502,42.4,133
2025-05-05 14:00:00,L50170,No Failure,Operational,0,300.6,309.8,1688,28.6,135
2025-05-05 15:00:00,M17851,No Failure,Operational,0,300.5,309.7,1341,50.9,137
2025-05-05 16:00:00,M17852,No Failure,Operational,0,300.5,309.7,1685,29.4,140
2025-05-05 17:00:00,M17853,No Failure,Operational,0,300.5,309.8,1370,55.9,143
2025-05-05 18:00:00,L50174,No Failure,Operational,0,300.5,309.8,1461,52.5,146
2025-05-05 19:00:00,L50175,No Failure,Operational,0,300.5,309.8,1550,37.4,148
2025-05-05 20:00:00,M17856,No Failure,Operational,0,300.5,309.8,1508,37.8,150
2025-05-05 21:00:00,L50177,No Failure,Operational,0,300.5,309.8,1345,62.7,153
2025-05-05 22:00:00,L50178,No Failure,Operational,0,300.5,309.7,1616,34.5,155
2025-05-05 23:00:00,L50179,No Failure,Operational,0,300.5,309.7,1395,61.0,157
2025-05-06 00:00:00,H32414,Power Failure,Maintenance Required,1,300.5,309.8,1324,72.8,159
2025-05-06 01:00:00,L50181,No Failure,Operational,0,300.5,309.8,1445,43.9,164
2025-05-06 02:00:00,M17862,No Failure,Operational,0,300.5,309.8,1555,38.9,166
2025-05-06 03:00:00,M17863,No Failure,Operational,0,300.6,309.9,1449,42.4,169
2025-05-06 04:00:00,M17864,No Failure,Operational,0,300.5,309.9,1466,53.2,172
2025-05-06 05:00:00,L50185,No Failure,Operational,0,300.5,309.9,1503,37.4,175
2025-05-06 06:00:00,L50186,No Failure,Operational,0,300.4,309.7,1488,35.7,177
2025-05-06 07:00:00,L50187,No Failure,Operational,0,300.4,309.7,1314,50.2,179
2025-05-06 08:00:00,M17868,No Failure,Operational,0,300.4,309.7,1547,38.0,181
2025-05-06 09:00:00,M17869,No Failure,Operational,0,300.4,309.7,1466,39.8,184
2025-05-06 10:00:00,L50190,No Failure,Operational,0,300.3,309.6,1537,37.1,187
2025-05-06 11:00:00,M17871,No Failure,Operational,0,300.2,309.5,1434,51.5,189
2025-05-06 12:00:00,L50192,No Failure,Operational,0,300.4,309.6,1432,44.7,192
2025-05-06 13:00:00,L50193,No Failure,Operational,0,300.5,309.6,1390,48.4,194
2025-05-06 14:00:00,L50194,No Failure,Operational,0,300.5,309.7,1580,42.8,196
2025-05-06 15:00:00,L50195,No Failure,Operational,0,300.5,309.7,1589,30.5,198
2025-05-06 16:00:00,L50196,No Failure,Operational,0,300.5,309.8,1441,48.8,200
2025-05-06 17:00:00,L50197,No Failure,Operational,0,300.5,309.8,1305,51.7,202
2025-05-06 18:00:00,M17878,No Failure,Operational,0,300.5,309.8,1566,35.9,204
2025-05-06 19:00:00,L50199,Overstrain Failure,Maintenance Required,1,300.5,309.8,1379,54.2,207
2025-05-06 20:00:00,L50200,No Failure,Operational,0,300.4,309.6,1543,38.1,209
2025-05-06 21:00:00,L50201,No Failure,Operational,0,300.5,309.8,1421,49.6,211
2025-05-06 22:00:00,L50202,No Failure,Operational,0,300.5,309.6,1760,30.6,213
2025-05-06 23:00:00,L50203,No Failure,Operational,0,300.4,309.5,1711,29.2,215
2025-05-07 00:00:00,L50204,No Failure,Operational,0,300.5,309.6,1465,41.6,217
2025-05-07 01:00:00,L50205,No Failure,Operational,0,300.5,309.6,1366,50.2,219
2025-05-07 02:00:00,M17886,No Failure,Operational,0,300.4,309.5,1888,21.9,221
2025-05-07 03:00:00,L50207,No Failure,Operational,0,300.5,309.5,1777,23.6,0
2025-05-07 04:00:00,L50208,No Failure,Operational,0,300.5,309.5,1379,55.6,2
2025-05-07 05:00:00,L50209,No Failure,Operational,0,300.4,309.5,1525,51.3,4
2025-05-07 06:00:00,M17890,No Failure,Operational,0,300.4,309.6,1563,34.0,6
2025-05-07 07:00:00,M17891,No Failure,Operational,0,300.5,309.7,1389,43.3,9
2025-05-07 08:00:00,M17892,No Failure,Operational,0,300.6,309.8,1447,42.9,12
2025-05-07 09:00:00,M17893,No Failure,Operational,0,300.6,309.7,1934,22.8,15
2025-05-07 10:00:00,H32448,No Failure,Operational,0,300.6,309.7,1470,43.8,18
2025-05-07 11:00:00,M17895,No Failure,Operational,0,300.6,309.7,1428,42.6,23
2025-05-07 12:00:00,L50216,No Failure,Operational,0,300.4,309.6,1319,48.1,26
2025-05-07 13:00:00,L50217,No Failure,Operational,0,300.5,309.7,1887,24.3,28
2025-05-07 14:00:00,L50218,No Failure,Operational,0,300.4,309.5,1349,50.4,30
2025-05-07 15:00:00,M17899,No Failure,Operational,0,300.3,309.5,1665,31.4,32
2025-05-07 16:00:00,L50220,No Failure,Operational,0,300.3,309.5,1474,38.7,35
2025-05-07 17:00:00,L50221,No Failure,Operational,0,300.4,309.5,1543,38.9,37
2025-05-07 18:00:00,M17902,No Failure,Operational,0,300.2,309.4,1459,43.9,39
2025-05-07 19:00:00,L50223,No Failure,Operational,0,300.3,309.5,1551,37.9,42
2025-05-07 20:00:00,L50224,No Failure,Operational,0,300.2,309.4,1981,21.4,44
2025-05-07 21:00:00,L50225,No Failure,Operational,0,300.2,309.4,1526,35.3,46
2025-05-07 22:00:00,M17906,No Failure,Operational,0,300.2,309.4,1501,40.0,48
2025-05-07 23:00:00,L50227,No Failure,Operational,0,300.2,309.4,1558,38.3,51
2025-05-08 00:00:00,L50228,No Failure,Operational,0,300.2,309.3,1532,43.2,53
2025-05-08 01:00:00,L50229,No Failure,Operational,0,300.1,309.2,1326,55.9,55
2025-05-08 02:00:00,L50230,No Failure,Operational,0,300.2,309.2,1431,51.3,57
2025-05-08 03:00:00,L50231,No Failure,Operational,0,300.2,309.3,1366,49.3,59
2025-05-08 04:00:00,L50232,No Failure,Operational,0,300.1,309.2,1421,42.5,61
2025-05-08 05:00:00,H32467,No Failure,Operational,0,300.2,309.3,1506,35.6,63
2025-05-08 06:00:00,H32468,No Failure,Operational,0,300.2,309.3,1342,48.7,68
2025-05-08 07:00:00,L50235,No Failure,Operational,0,300.1,309.2,1427,37.6,73
2025-05-08 08:00:00,L50236,No Failure,Operational,0,300.2,309.2,1667,29.9,75
2025-05-08 09:00:00,L50237,No Failure,Operational,0,300.1,309.1,1400,46.7,77
2025-05-08 10:00:00,L50238,No Failure,Operational,0,300.0,309.0,1709,32.1,79
2025-05-08 11:00:00,M17919,No Failure,Operational,0,300.0,309.0,1368,45.8,81
2025-05-08 12:00:00,L50240,No Failure,Operational,0,300.0,309.1,1882,23.8,84
2025-05-08 13:00:00,L50241,No Failure,Operational,0,300.1,309.1,1353,58.7,86
2025-05-08 14:00:00,L50242,No Failure,Operational,0,299.9,309.0,1553,40.0,88
2025-05-08 15:00:00,L50243,No Failure,Operational,0,300.0,309.1,1431,45.4,90
2025-05-08 16:00:00,M17924,No Failure,Operational,0,300.1,309.1,1731,30.4,92
2025-05-08 17:00:00,M17925,Random Failure,Operational,0,300.1,309.2,1687,27.7,95
2025-05-08 18:00:00,M17926,No Failure,Operational,0,300.1,309.2,1457,44.3,98
2025-05-08 19:00:00,L50247,No Failure,Operational,0,300.1,309.2,1533,37.0,101
2025-05-08 20:00:00,H32482,No Failure,Operational,0,300.0,309.0,1622,31.8,103
2025-05-08 21:00:00,L50249,No Failure,Operational,0,300.0,309.1,1791,28.2,108
2025-05-08 22:00:00,L50250,No Failure,Operational,0,300.0,309.1,1631,28.3,110
2025-05-08 23:00:00,L50251,No Failure,Operational,0,300.0,309.0,2174,16.9,112
2025-05-09 00:00:00,L50252,No Failure,Operational,0,300.1,309.0,1314,58.2,114
2025-05-09 01:00:00,L50253,No Failure,Operational,0,300.1,309.1,1478,46.9,116
2025-05-09 02:00:00,L50254,No Failure,Operational,0,300.1,309.2,1783,27.3,118
2025-05-09 03:00:00,M17935,No Failure,Operational,0,300.1,309.2,1385,46.1,120
2025-05-09 04:00:00,L50256,No Failure,Operational,0,300.0,309.2,1444,43.6,123
2025-05-09 05:00:00,L50257,No Failure,Operational,0,300.1,309.3,1841,23.0,125
2025-05-09 06:00:00,M17938,No Failure,Operational,0,300.1,309.4,1349,56.2,127
2025-05-09 07:00:00,L50259,No Failure,Operational,0,300.1,309.3,1340,56.0,130
2025-05-09 08:00:00,M17940,No Failure,Operational,0,299.9,309.2,1539,43.2,132
2025-05-09 09:00:00,M17941,No Failure,Operational,0,300.0,309.3,1932,21.8,135
2025-05-09 10:00:00,M17942,No Failure,Operational,0,300.0,309.3,1407,43.9,138
2025-05-09 11:00:00,L50263,No Failure,Operational,0,300.1,309.3,1712,28.5,141
2025-05-09 12:00:00,H32498,No Failure,Operational,0,300.1,309.4,1329,55.2,143
2025-05-09 13:00:00,L50265,No Failure,Operational,0,300.1,309.2,1441,42.9,148
2025-05-09 14:00:00,L50266,No Failure,Operational,0,300.0,309.2,1610,32.1,150
2025-05-09 15:00:00,M17947,No Failure,Operational,0,300.0,309.1,1474,45.2,152
2025-05-09 16:00:00,M17948,No Failure,Operational,0,300.0,309.1,1624,30.8,155
2025-05-09 17:00:00,H32503,No Failure,Operational,0,300.1,309.3,1520,38.2,158
2025-05-09 18:00:00,H32504,No Failure,Operational,0,300.1,309.3,1448,45.8,163
2025-05-09 19:00:00,L50271,No Failure,Operational,0,300.0,309.3,1558,29.7,168
2025-05-09 20:00:00,M17952,No Failure,Operational,0,300.0,309.3,2293,16.3,170
2025-05-09 21:00:00,L50273,No Failure,Operational,0,300.0,309.3,1397,51.2,173
2025-05-09 22:00:00,L50274,No Failure,Operational,0,300.0,309.3,1972,22.0,175
2025-05-09 23:00:00,M17955,No Failure,Operational,0,299.9,309.2,1574,36.5,177
2025-05-10 00:00:00,L50276,No Failure,Operational,0,299.9,309.2,1560,38.9,180
2025-05-10 01:00:00,M17957,No Failure,Operational,0,299.9,309.2,1353,49.8,182
2025-05-10 02:00:00,M17958,No Failure,Operational,0,299.9,309.2,1389,51.2,185
2025-05-10 03:00:00,M17959,No Failure,Operational,0,299.9,309.1,1513,43.8,188
2025-05-10 04:00:00,L50280,No Failure,Operational,0,299.8,309.1,1578,42.1,191
2025-05-10 05:00:00,H32515,No Failure,Operational,0,299.8,309.0,1467,37.3,193
2025-05-10 06:00:00,L50282,No Failure,Operational,0,299.9,309.1,1412,48.3,198
2025-05-10 07:00:00,L50283,No Failure,Operational,0,299.8,309.1,1668,30.3,200
2025-05-10 08:00:00,M17964,No Failure,Operational,0,299.8,309.2,1678,29.8,202
2025-05-10 09:00:00,L50285,No Failure,Operational,0,299.8,309.1,1612,35.4,205
2025-05-10 10:00:00,L50286,No Failure,Operational,0,299.8,309.1,1485,39.9,207
2025-05-10 11:00:00,M17967,No Failure,Operational,0,299.8,309.1,1456,39.4,209
2025-05-10 12:00:00,L50288,No Failure,Operational,0,299.8,309.2,1504,38.7,212
2025-05-10 13:00:00,L50289,No Failure,Operational,0,299.9,309.2,1491,44.3,214
2025-05-10 14:00:00,H32524,No Failure,Operational,0,299.9,309.2,1525,33.2,0
2025-05-10 15:00:00,L50291,No Failure,Operational,0,300.0,309.2,1759,27.9,5
2025-05-10 16:00:00,M17972,No Failure,Operational,0,299.8,309.1,1355,56.7,7
2025-05-10 17:00:00,M17973,No Failure,Operational,0,299.9,309.1,1345,56.8,10
2025-05-10 18:00:00,M17974,No Failure,Operational,0,299.9,309.2,1683,30.5,13
2025-05-10 19:00:00,L50295,No Failure,Operational,0,299.9,309.2,1658,34.8,16
2025-05-10 20:00:00,L50296,No Failure,Operational,0,300.0,309.2,1566,34.4,18
2025-05-10 21:00:00,M17977,No Failure,Operational,0,300.1,309.3,1469,43.9,20
2025-05-10 22:00:00,M17978,No Failure,Operational,0,300.2,309.5,1458,46.9,23
2025-05-10 23:00:00,L50299,No Failure,Operational,0,300.1,309.4,1858,23.6,26
2025-05-11 00:00:00,H32534,No Failure,Operational,0,300.1,309.4,1563,40.8,28
2025-05-11 01:00:00,L50301,No Failure,Operational,0,300.1,309.4,2141,17.9,33
2025-05-11 02:00:00,L50302,No Failure,Operational,0,300.0,309.3,1473,46.0,35
2025-05-11 03:00:00,H32537,No Failure,Operational,0,300.0,309.4,1498,38.5,37
2025-05-11 04:00:00,L50304,No Failure,Operational,0,300.1,309.4,1568,39.7,42
2025-05-11 05:00:00,L50305,No Failure,Operational,0,300.1,309.4,1694,27.4,44
2025-05-11 06:00:00,L50306,No Failure,Operational,0,300.0,309.4,1499,35.7,46
2025-05-11 07:00:00,L50307,No Failure,Operational,0,300.0,309.5,1717,28.3,48
2025-05-11 08:00:00,M17988,No Failure,Operational,0,300.1,309.5,1462,42.8,50
2025-05-11 09:00:00,L50309,No Failure,Operational,0,300.1,309.6,1642,34.5,53
2025-05-11 10:00:00,L50310,No Failure,Operational,0,300.1,309.6,1760,25.4,55
2025-05-11 11:00:00,L50311,No Failure,Operational,0,300.1,309.5,1660,32.7,57
2025-05-11 12:00:00,L50312,No Failure,Operational,0,300.1,309.5,1557,40.6,59
2025-05-11 13:00:00,H32547,No Failure,Operational,0,300.2,309.6,1442,49.2,61
2025-05-11 14:00:00,L50314,No Failure,Operational,0,300.2,309.6,1359,51.5,66
2025-05-11 15:00:00,L50315,No Failure,Operational,0,300.4,309.8,1342,52.5,68
2025-05-11 16:00:00,L50316,No Failure,Operational,0,300.4,309.9,1435,54.8,70
2025-05-11 17:00:00,L50317,No Failure,Operational,0,300.4,309.9,1567,36.5,72
2025-05-11 18:00:00,L50318,No Failure,Operational,0,300.4,309.9,1376,43.5,74
2025-05-11 19:00:00,H32553,No Failure,Operational,0,300.4,309.9,1513,38.7,76
2025-05-11 20:00:00,H32554,Power Failure,Maintenance Required,1,300.4,309.9,2563,12.8,81
2025-05-11 21:00:00,L50321,No Failure,Operational,0,300.5,310.0,1521,45.1,86
2025-05-11 22:00:00,L50322,No Failure,Operational,0,300.6,310.0,1658,34.7,88
2025-05-11 23:00:00,H32557,No Failure,Operational,0,300.6,310.0,1419,42.4,90
2025-05-12 00:00:00,M18004,No Failure,Operational,0,300.6,310.0,1478,36.3,95
2025-05-12 01:00:00,M18005,No Failure,Operational,0,300.5,310.0,1415,43.5,98
2025-05-12 02:00:00,M18006,No Failure,Operational,0,300.5,309.9,1780,26.5,101
2025-05-12 03:00:00,M18007,No Failure,Operational,0,300.4,309.7,1440,42.8,104
2025-05-12 04:00:00,H32562,No Failure,Operational,0,300.4,309.8,1448,39.7,107
2025-05-12 05:00:00,H32563,No Failure,Operational,0,300.4,309.7,1500,35.2,112
2025-05-12 06:00:00,L50330,No Failure,Operational,0,300.4,309.8,1513,32.9,117
2025-05-12 07:00:00,L50331,No Failure,Operational,0,300.5,309.8,1428,43.8,119
2025-05-12 08:00:00,M18012,No Failure,Operational,0,300.5,309.8,1473,42.3,121
2025-05-12 09:00:00,M18013,No Failure,Operational,0,300.5,309.9,1483,49.3,124
2025-05-12 10:00:00,L50334,No Failure,Operational,0,300.4,309.7,1534,42.5,127
2025-05-12 11:00:00,L50335,No Failure,Operational,0,300.5,309.8,1367,54.0,129
2025-05-12 12:00:00,L50336,No Failure,Operational,0,300.4,309.7,1467,36.9,131
2025-05-12 13:00:00,M18017,No Failure,Operational,0,300.4,309.7,1488,42.2,133
2025-05-12 14:00:00,L50338,No Failure,Operational,0,300.4,309.7,1679,30.1,136
2025-05-12 15:00:00,H32573,No Failure,Operational,0,300.4,309.8,1409,47.5,138
2025-05-12 16:00:00,M18020,No Failure,Operational,0,300.4,309.7,1367,51.2,143
2025-05-12 17:00:00,L50341,No Failure,Operational,0,300.4,309.8,1314,63.1,146
2025-05-12 18:00:00,L50342,No Failure,Operational,0,300.5,309.9,1480,40.0,148
2025-05-12 19:00:00,L50343,No Failure,Operational,0,300.4,309.8,1549,38.9,150
2025-05-12 20:00:00,L50344,No Failure,Operational,0,300.4,309.7,1685,31.3,152
2025-05-12 21:00:00,L50345,No Failure,Operational,0,300.4,309.6,1536,34.5,154
2025-05-12 22:00:00,M18026,No Failure,Operational,0,300.4,309.7,1539,37.7,156
2025-05-12 23:00:00,L50347,No Failure,Operational,0,300.4,309.7,1384,45.1,159
2025-05-13 00:00:00,M18028,No Failure,Operational,0,300.4,309.6,1614,30.3,161
2025-05-13 01:00:00,M18029,No Failure,Operational,0,300.4,309.6,1675,35.5,164
2025-05-13 02:00:00,M18030,No Failure,Operational,0,300.4,309.7,1685,32.3,167
2025-05-13 03:00:00,L50351,No Failure,Operational,0,300.4,309.6,1386,56.9,170
2025-05-13 04:00:00,M18032,No Failure,Operational,0,300.3,309.6,1488,41.3,172
2025-05-13 05:00:00,L50353,No Failure,Operational,0,300.3,309.6,1624,32.6,175
2025-05-13 06:00:00,L50354,No Failure,Operational,0,300.3,309.6,1600,34.6,177
2025-05-13 07:00:00,L50355,No Failure,Operational,0,300.3,309.6,1468,44.7,179
2025-05-13 08:00:00,L50356,No Failure,Operational,0,300.3,309.6,1435,45.4,181
2025-05-13 09:00:00,M18037,No Failure,Operational,0,300.2,309.5,1564,33.4,183
2025-05-13 10:00:00,M18038,No Failure,Operational,0,300.2,309.4,1329,53.6,186
2025-05-13 11:00:00,L50359,No Failure,Operational,0,300.1,309.3,1570,36.8,189
2025-05-13 12:00:00,M18040,No Failure,Operational,0,300.2,309.4,1433,48.8,191
2025-05-13 13:00:00,L50361,No Failure,Operational,0,300.2,309.4,1527,37.0,194
2025-05-13 14:00:00,M18042,No Failure,Operational,0,300.1,309.3,1443,50.3,196
2025-05-13 15:00:00,L50363,No Failure,Operational,0,300.1,309.3,1616,32.0,199
2025-05-13 16:00:00,L50364,No Failure,Operational,0,300.1,309.3,1654,31.0,201
2025-05-13 17:00:00,L50365,No Failure,Operational,0,300.1,309.3,1685,27.1,203
2025-05-13 18:00:00,M18046,No Failure,Operational,0,300.2,309.4,1456,48.8,205
2025-05-13 19:00:00,M18047,No Failure,Operational,0,300.2,309.4,1752,27.8,208
2025-05-13 20:00:00,M18048,No Failure,Operational,0,300.1,309.2,1438,51.0,211
2025-05-13 21:00:00,L50369,No Failure,Operational,0,300.1,309.1,1551,33.7,214
2025-05-13 22:00:00,L50370,No Failure,Operational,0,300.1,309.2,1599,30.1,216
2025-05-13 23:00:00,M18051,No Failure,Operational,0,300.1,309.2,1732,33.7,218
2025-05-14 00:00:00,M18052,No Failure,Operational,0,300.1,309.2,1418,39.8,221
2025-05-14 01:00:00,L50373,No Failure,Operational,0,300.0,309.1,1401,44.5,0
2025-05-14 02:00:00,L50374,No Failure,Operational,0,300.0,309.0,1454,51.7,2
2025-05-14 03:00:00,M18055,No Failure,Operational,0,300.0,309.2,1635,32.4,4
2025-05-14 04:00:00,L50376,No Failure,Operational,0,300.0,309.1,1489,40.3,7
2025-05-14 05:00:00,L50377,No Failure,Operational,0,300.0,309.1,1465,40.6,9
2025-05-14 06:00:00,M18058,No Failure,Operational,0,300.0,309.1,1463,45.7,11
2025-05-14 07:00:00,H32613,No Failure,Operational,0,300.1,309.1,1560,35.4,14
2025-05-14 08:00:00,M18060,No Failure,Operational,0,300.1,309.2,1454,44.4,19
2025-05-14 09:00:00,L50381,No Failure,Operational,0,300.2,309.1,1479,47.0,22
2025-05-14 10:00:00,L50382,No Failure,Operational,0,300.2,309.2,1430,43.4,24
2025-05-14 11:00:00,M18063,No Failure,Operational,0,300.1,309.1,1533,38.0,26
2025-05-14 12:00:00,L50384,No Failure,Operational,0,300.1,309.0,1404,54.8,29
2025-05-14 13:00:00,M18065,No Failure,Operational,0,300.1,308.9,1548,38.4,31
2025-05-14 14:00:00,M18066,No Failure,Operational,0,300.1,309.0,1612,33.0,34
2025-05-14 15:00:00,M18067,No Failure,Operational,0,300.2,309.0,1642,31.2,37
2025-05-14 16:00:00,M18068,No Failure,Operational,0,300.2,309.1,1406,42.2,40
2025-05-14 17:00:00,L50389,No Failure,Operational,0,300.3,309.2,1587,31.4,43
2025-05-14 18:00:00,M18070,No Failure,Operational,0,300.3,309.2,1364,47.6,45
2025-05-14 19:00:00,L50391,No Failure,Operational,0,300.3,309.2,1462,51.4,48
2025-05-14 20:00:00,L50392,No Failure,Operational,0,300.3,309.2,1649,32.4,50
2025-05-14 21:00:00,L50393,No Failure,Operational,0,300.4,309.2,1752,29.0,52
2025-05-14 22:00:00,H32628,No Failure,Operational,0,300.4,309.3,1396,51.2,54
2025-05-14 23:00:00,M18075,No Failure,Operational,0,300.5,309.4,2179,16.3,59
2025-05-15 00:00:00,L50396,No Failure,Operational,0,300.5,309.5,1653,27.6,62
2025-05-15 01:00:00,L50397,No Failure,Operational,0,300.6,309.5,2025,21.4,64
2025-05-15 02:00:00,L50398,No Failure,Operational,0,300.6,309.6,1426,53.6,66
2025-05-15 03:00:00,M18079,No Failure,Operational,0,300.6,309.6,1503,38.4,68
2025-05-15 04:00:00,M18080,No Failure,Operational,0,300.7,309.6,1525,36.5,71
2025-05-15 05:00:00,L50401,No Failure,Operational,0,300.6,309.6,1423,49.1,74
2025-05-15 06:00:00,M18082,No Failure,Operational,0,300.7,309.7,1435,44.7,76
2025-05-15 07:00:00,H32637,No Failure,Operational,0,300.6,309.5,1495,36.5,79
2025-05-15 08:00:00,M18084,No Failure,Operational,0,300.6,309.5,1557,33.8,84
2025-05-15 09:00:00,L50405,No Failure,Operational,0,300.6,309.4,1474,40.7,87
2025-05-15 10:00:00,L50406,No Failure,Operational,0,300.5,309.3,1465,46.0,89
2025-05-15 11:00:00,M18087,No Failure,Operational,0,300.5,309.3,1589,34.9,91
2025-05-15 12:00:00,L50408,No Failure,Operational,0,300.5,309.3,1475,46.8,94
2025-05-15 13:00:00,L50409,No Failure,Operational,0,300.6,309.4,1442,43.2,96
2025-05-15 14:00:00,L50410,No Failure,Operational,0,300.6,309.4,1556,36.0,98
2025-05-15 15:00:00,L50411,No Failure,Operational,0,300.7,309.3,1425,45.3,100
2025-05-15 16:00:00,L50412,No Failure,Operational,0,300.7,309.3,1580,38.3,102
2025-05-15 17:00:00,H32647,No Failure,Operational,0,300.8,309.4,1474,40.7,104
2025-05-15 18:00:00,L50414,No Failure,Operational,0,300.8,309.4,1489,38.4,109
2025-05-15 19:00:00,L50415,No Failure,Operational,0,300.8,309.4,1946,20.5,111
2025-05-15 20:00:00,M18096,Heat Dissipation Failure,Maintenance Required,1,300.8,309.4,1342,62.4,113
2025-05-15 21:00:00,M18097,No Failure,Operational,0,300.9,309.5,1758,26.8,116
2025-05-15 22:00:00,M18098,No Failure,Operational,0,300.9,309.4,1724,25.6,119
2025-05-15 23:00:00,L50419,No Failure,Operational,0,301.0,309.5,1430,48.5,122
2025-05-16 00:00:00,L50420,No Failure,Operational,0,300.9,309.5,1612,35.2,124
2025-05-16 01:00:00,H32655,No Failure,Operational,0,300.9,309.5,1469,43.4,126
2025-05-16 02:00:00,L50422,No Failure,Operational,0,300.9,309.6,1384,42.4,131
2025-05-16 03:00:00,L50423,No Failure,Operational,0,301.0,309.6,1724,28.1,133
2025-05-16 04:00:00,M18104,No Failure,Operational,0,301.0,309.6,1397,48.0,135
2025-05-16 05:00:00,M18105,No Failure,Operational,0,301.0,309.6,1588,32.7,138
2025-05-16 06:00:00,L50426,No Failure,Operational,0,301.0,309.7,1468,42.0,141
2025-05-16 07:00:00,M18107,No Failure,Operational,0,301.0,309.8,1594,31.1,143
2025-05-16 08:00:00,M18108,No Failure,Operational,0,301.0,309.7,1511,39.3,146
2025-05-16 09:00:00,L50429,No Failure,Operational,0,301.1,309.8,1493,38.9,149
2025-05-16 10:00:00,H32664,No Failure,Operational,0,301.2,309.8,1709,27.0,151
2025-05-16 11:00:00,L50431,No Failure,Operational,0,301.1,309.6,1501,36.1,156
2025-05-16 12:00:00,L50432,No Failure,Operational,0,301.1,309.7,1668,30.8,158
2025-05-16 13:00:00,L50433,No Failure,Operational,0,301.1,309.6,1502,48.9,160
2025-05-16 14:00:00,M18114,No Failure,Operational,0,301.0,309.7,1288,58.4,162
2025-05-16 15:00:00,L50435,No Failure,Operational,0,301.0,309.7,1491,42.9,165
2025-05-16 16:00:00,L50436,No Failure,Operational,0,301.1,309.8,1519,39.6,167
2025-05-16 17:00:00,L50437,No Failure,Operational,0,301.2,309.9,1984,19.7,169
2025-05-16 18:00:00,L50438,No Failure,Operational,0,301.2,309.9,1643,32.9,171
2025-05-16 19:00:00,M18119,No Failure,Operational,0,301.2,310.0,1625,31.6,173
2025-05-16 20:00:00,M18120,No Failure,Operational,0,301.3,310.0,2068,17.8,176
2025-05-16 21:00:00,H32675,No Failure,Operational,0,301.3,310.1,1469,39.7,179
2025-05-16 22:00:00,L50442,No Failure,Operational,0,301.3,310.1,1558,36.3,184
2025-05-16 23:00:00,L50443,No Failure,Operational,0,301.3,310.0,1344,54.8,186
2025-05-17 00:00:00,H32678,No Failure,Operational,0,301.3,310.1,1455,44.1,188
2025-05-17 01:00:00,L50445,No Failure,Operational,0,301.3,310.1,1355,53.6,193
2025-05-17 02:00:00,L50446,Overstrain Failure,Maintenance Required,1,301.3,310.1,1269,56.8,195
2025-05-17 03:00:00,L50447,No Failure,Operational,0,301.3,310.0,1550,41.5,197
2025-05-17 04:00:00,M18128,No Failure,Operational,0,301.3,310.1,1525,37.8,199
2025-05-17 05:00:00,M18129,No Failure,Operational,0,301.3,310.0,1696,32.4,202
2025-05-17 06:00:00,L50450,No Failure,Operational,0,301.4,310.1,1937,21.8,205
2025-05-17 07:00:00,M18131,No Failure,Operational,0,301.4,310.0,1689,32.1,207
2025-05-17 08:00:00,M18132,No Failure,Operational,0,301.3,310.0,1593,30.8,210
2025-05-17 09:00:00,M18133,No Failure,Operational,0,301.3,309.9,1565,36.0,213
2025-05-17 10:00:00,L50454,No Failure,Operational,0,301.3,310.0,1665,31.4,0
2025-05-17 11:00:00,H32689,No Failure,Operational,0,301.3,310.0,1532,36.3,2
2025-05-17 12:00:00,L50456,No Failure,Operational,0,301.3,310.0,1438,40.9,7
2025-05-17 13:00:00,L50457,No Failure,Operational,0,301.3,310.1,1531,41.6,9
2025-05-17 14:00:00,L50458,No Failure,Operational,0,301.3,310.0,1506,40.8,11
2025-05-17 15:00:00,L50459,No Failure,Operational,0,301.2,309.9,1382,52.4,13
2025-05-17 16:00:00,M18140,No Failure,Operational,0,301.2,309.9,1456,50.8,15
2025-05-17 17:00:00,M18141,No Failure,Operational,0,301.2,310.0,1445,45.6,18
2025-05-17 18:00:00,L50462,No Failure,Operational,0,301.2,309.9,1515,40.9,21
2025-05-17 19:00:00,L50463,No Failure,Operational,0,301.2,309.9,1449,45.5,23
2025-05-17 20:00:00,H32698,No Failure,Operational,0,301.2,309.9,1362,50.7,25
2025-05-17 21:00:00,L50465,No Failure,Operational,0,301.2,309.9,1687,29.7,30
2025-05-17 22:00:00,L50466,No Failure,Operational,0,301.2,310.0,1618,37.6,32
2025-05-17 23:00:00,M18147,No Failure,Operational,0,301.2,310.1,1558,32.6,34
2025-05-18 00:00:00,L50468,No Failure,Operational,0,301.3,310.1,1662,31.0,37
2025-05-18 01:00:00,M18149,No Failure,Operational,0,301.2,310.1,1295,56.6,39
2025-05-18 02:00:00,L50470,No Failure,Operational,0,301.2,310.2,1385,42.3,42
2025-05-18 03:00:00,M18151,No Failure,Operational,0,301.2,310.1,1479,45.5,44
2025-05-18 04:00:00,L50472,No Failure,Operational,0,301.3,310.3,1400,44.3,47
2025-05-18 05:00:00,M18153,No Failure,Operational,0,301.2,310.3,1357,54.5,49
2025-05-18 06:00:00,L50474,No Failure,Operational,0,301.1,310.2,1657,34.1,52
2025-05-18 07:00:00,L50475,No Failure,Operational,0,301.1,310.2,1496,43.4,54
2025-05-18 08:00:00,M18156,No Failure,Operational,0,301.2,310.3,1379,43.2,56
2025-05-18 09:00:00,L50477,No Failure,Operational,0,301.2,310.3,1548,38.6,59
2025-05-18 10:00:00,L50478,No Failure,Operational,0,301.2,310.3,1499,38.1,61
2025-05-18 11:00:00,L50479,No Failure,Operational,0,301.3,310.5,1390,45.8,63
2025-05-18 12:00:00,H32714,No Failure,Operational,0,301.3,310.4,1538,38.4,65
2025-05-18 13:00:00,L50481,No Failure,Operational,0,301.3,310.5,1365,47.7,70
2025-05-18 14:00:00,L50482,No Failure,Operational,0,301.3,310.5,1503,48.6,72
2025-05-18 15:00:00,L50483,No Failure,Operational,0,301.2,310.4,1390,49.9,74
2025-05-18 16:00:00,L50484,No Failure,Operational,0,301.2,310.3,1497,45.7,76
2025-05-18 17:00:00,M18165,No Failure,Operational,0,301.3,310.4,1577,48.3,78
2025-05-18 18:00:00,L50486,No Failure,Operational,0,301.4,310.5,1432,54.3,81
2025-05-18 19:00:00,M18167,No Failure,Operational,0,301.4,310.5,1563,39.9,83
2025-05-18 20:00:00,L50488,No Failure,Operational,0,301.4,310.4,1433,43.4,86
2025-05-18 21:00:00,L50489,No Failure,Operational,0,301.3,310.4,1384,50.1,88
2025-05-18 22:00:00,L50490,No Failure,Operational,0,301.3,310.4,1346,46.7,90
2025-05-18 23:00:00,L50491,No Failure,Operational,0,301.3,310.4,1459,44.7,92
2025-05-19 00:00:00,L50492,No Failure,Operational,0,301.4,310.4,1639,28.9,94
2025-05-19 01:00:00,L50493,No Failure,Operational,0,301.4,310.4,1737,31.9,96
2025-05-19 02:00:00,L50494,No Failure,Operational,0,301.4,310.5,1489,43.5,98
2025-05-19 03:00:00,M18175,No Failure,Operational,0,301.5,310.6,1492,43.0,100
2025-05-19 04:00:00,M18176,No Failure,Operational,0,301.4,310.5,1217,60.6,103
2025-05-19 05:00:00,L50497,No Failure,Operational,0,301.5,310.5,1636,28.7,106
2025-05-19 06:00:00,L50498,No Failure,Operational,0,301.4,310.4,1436,49.7,108
2025-05-19 07:00:00,L50499,No Failure,Operational,0,301.4,310.4,1689,30.6,110
2025-05-19 08:00:00,L50500,No Failure,Operational,0,301.5,310.5,2289,16.4,112
2025-05-19 09:00:00,L50501,No Failure,Operational,0,301.5,310.6,1522,41.0,114
2025-05-19 10:00:00,L50502,No Failure,Operational,0,301.5,310.5,1351,52.9,116
2025-05-19 11:00:00,L50503,No Failure,Operational,0,301.5,310.5,1589,36.7,118
2025-05-19 12:00:00,L50504,No Failure,Operational,0,301.5,310.6,1578,34.1,120
2025-05-19 13:00:00,L50505,No Failure,Operational,0,301.5,310.6,1587,33.7,122
2025-05-19 14:00:00,L50506,No Failure,Operational,0,301.5,310.6,1962,20.2,124
2025-05-19 15:00:00,M18187,No Failure,Operational,0,301.5,310.6,2432,14.2,126
2025-05-19 16:00:00,L50508,No Failure,Operational,0,301.6,310.6,1418,43.9,129
2025-05-19 17:00:00,L50509,No Failure,Operational,0,301.6,310.7,1683,29.7,131
2025-05-19 18:00:00,L50510,No Failure,Operational,0,301.7,310.8,1385,50.7,133
2025-05-19 19:00:00,L50511,No Failure,Operational,0,301.7,310.8,1559,44.5,135
2025-05-19 20:00:00,M18192,No Failure,Operational,0,301.7,310.8,1671,31.6,137
2025-05-19 21:00:00,M18193,No Failure,Operational,0,301.6,310.8,1343,49.5,140
2025-05-19 22:00:00,M18194,No Failure,Operational,0,301.6,310.8,1548,34.2,143
2025-05-19 23:00:00,L50515,No Failure,Operational,0,301.7,310.9,1705,31.2,146
2025-05-20 00:00:00,L50516,No Failure,Operational,0,301.6,310.8,1535,35.4,148
2025-05-20 01:00:00,L50517,No Failure,Operational,0,301.6,310.8,1564,34.1,150
2025-05-20 02:00:00,M18198,No Failure,Operational,0,301.6,310.9,1510,40.9,152
2025-05-20 03:00:00,L50519,No Failure,Operational,0,301.6,310.9,1492,45.2,155
2025-05-20 04:00:00,M18200,No Failure,Operational,0,301.5,310.8,1452,44.1,157
2025-05-20 05:00:00,H32755,No Failure,Operational,0,301.4,310.7,1329,52.0,160
2025-05-20 06:00:00,L50522,No Failure,Operational,0,301.5,310.8,1382,52.4,165
2025-05-20 07:00:00,M18203,No Failure,Operational,0,301.5,310.8,1628,36.4,167
2025-05-20 08:00:00,L50524,No Failure,Operational,0,301.4,310.7,1706,27.9,170
2025-05-20 09:00:00,L50525,No Failure,Operational,0,301.3,310.7,1594,34.1,172
2025-05-20 10:00:00,L50526,No Failure,Operational,0,301.3,310.7,1761,24.3,174
2025-05-20 11:00:00,L50527,No Failure,Operational,0,301.3,310.6,1529,41.8,176
2025-05-20 12:00:00,M18208,No Failure,Operational,0,301.3,310.7,1532,40.7,178
2025-05-20 13:00:00,L50529,No Failure,Operational,0,301.4,310.7,1673,27.8,181
2025-05-20 14:00:00,L50530,Overstrain Failure,Maintenance Required,1,301.4,310.8,1285,62.6,183
2025-05-20 15:00:00,L50531,No Failure,Operational,0,301.4,310.8,1680,31.4,185
2025-05-20 16:00:00,L50532,No Failure,Operational,0,301.4,310.8,1610,34.6,187
2025-05-20 17:00:00,L50533,No Failure,Operational,0,301.6,310.9,1632,31.6,189
2025-05-20 18:00:00,L50534,No Failure,Operational,0,301.6,310.9,1559,40.2,191
2025-05-20 19:00:00,L50535,No Failure,Operational,0,301.5,310.8,1367,49.0,193
2025-05-20 20:00:00,L50536,Overstrain Failure,Maintenance Required,1,301.6,310.8,1355,57.8,195
2025-05-20 21:00:00,H32771,No Failure,Operational,0,301.6,310.7,1414,51.7,197
2025-05-20 22:00:00,L50538,No Failure,Operational,0,301.5,310.6,1522,36.6,202
2025-05-20 23:00:00,L50539,No Failure,Operational,0,301.5,310.6,1525,41.9,204
2025-05-21 00:00:00,L50540,No Failure,Operational,0,301.5,310.6,1394,46.5,206
2025-05-21 01:00:00,L50541,No Failure,Operational,0,301.5,310.6,1519,40.7,208
2025-05-21 02:00:00,L50542,No Failure,Operational,0,301.4,310.6,1445,43.9,210
2025-05-21 03:00:00,L50543,No Failure,Operational,0,301.4,310.6,1555,43.3,212
2025-05-21 04:00:00,L50544,No Failure,Operational,0,301.4,310.5,1633,39.5,0
2025-05-21 05:00:00,M18225,No Failure,Operational,0,301.4,310.6,1630,30.3,2
2025-05-21 06:00:00,M18226,No Failure,Operational,0,301.4,310.7,1692,32.3,5
2025-05-21 07:00:00,H32781,No Failure,Operational,0,301.5,310.7,1790,26.2,8
2025-05-21 08:00:00,L50548,No Failure,Operational,0,301.5,310.8,1350,58.5,13
2025-05-21 09:00:00,L50549,Power Failure,Maintenance Required,1,301.5,310.9,2760,8.0,15
2025-05-21 10:00:00,L50550,No Failure,Operational,0,301.4,310.7,1584,32.2,17
2025-05-21 11:00:00,L50551,No Failure,Operational,0,301.4,310.7,1989,21.8,19
2025-05-21 12:00:00,L50552,No Failure,Operational,0,301.4,310.8,1431,44.3,21
2025-05-21 13:00:00,L50553,No Failure,Operational,0,301.4,310.7,1568,35.2,23
2025-05-21 14:00:00,L50554,No Failure,Operational,0,301.4,310.7,1376,50.6,25
2025-05-21 15:00:00,M18235,No Failure,Operational,0,301.4,310.6,1459,46.9,27
2025-05-21 16:00:00,M18236,No Failure,Operational,0,301.5,310.8,1385,47.5,30
2025-05-21 17:00:00,H32791,No Failure,Operational,0,301.5,310.8,1591,29.6,33
2025-05-21 18:00:00,L50558,No Failure,Operational,0,301.5,310.7,1568,33.1,38
2025-05-21 19:00:00,M18239,No Failure,Operational,0,301.4,310.7,1459,37.7,40
2025-05-21 20:00:00,L50560,No Failure,Operational,0,301.4,310.7,1590,36.3,43
2025-05-21 21:00:00,L50561,No Failure,Operational,0,301.3,310.6,1376,47.6,45
2025-05-21 22:00:00,L50562,No Failure,Operational,0,301.3,310.6,1510,38.5,47
2025-05-21 23:00:00,H32797,No Failure,Operational,0,301.4,310.6,1674,33.6,49
2025-05-22 00:00:00,L50564,No Failure,Operational,0,301.3,310.6,1426,40.7,54
2025-05-22 01:00:00,L50565,No Failure,Operational,0,301.5,310.7,1466,43.6,56
2025-05-22 02:00:00,H32800,No Failure,Operational,0,301.5,310.8,1474,38.7,58
2025-05-22 03:00:00,M18247,No Failure,Operational,0,301.6,310.8,1290,65.3,63
2025-05-22 04:00:00,M18248,No Failure,Operational,0,301.7,310.9,1435,48.0,66
2025-05-22 05:00:00,M18249,No Failure,Operational,0,301.5,310.7,1416,53.2,69
2025-05-22 06:00:00,H32804,No Failure,Operational,0,301.5,310.7,1599,40.4,72
2025-05-22 07:00:00,L50571,No Failure,Operational,0,301.5,310.7,1466,47.3,77
2025-05-22 08:00:00,L50572,No Failure,Operational,0,301.5,310.7,1408,47.3,79
2025-05-22 09:00:00,L50573,No Failure,Operational,0,301.5,310.6,1490,48.1,81
2025-05-22 10:00:00,L50574,No Failure,Operational,0,301.5,310.6,1405,42.3,83
2025-05-22 11:00:00,L50575,No Failure,Operational,0,301.4,310.5,1647,33.3,85
2025-05-22 12:00:00,M18256,No Failure,Operational,0,301.4,310.6,1459,35.0,87
2025-05-22 13:00:00,L50577,No Failure,Operational,0,301.4,310.6,1648,30.7,90
2025-05-22 14:00:00,L50578,No Failure,Operational,0,301.4,310.7,1675,30.7,92
2025-05-22 15:00:00,L50579,No Failure,Operational,0,301.4,310.7,1605,34.2,94
2025-05-22 16:00:00,H32814,No Failure,Operational,0,301.4,310.7,1536,44.4,96
2025-05-22 17:00:00,M18261,No Failure,Operational,0,301.4,310.7,1617,34.3,101
2025-05-22 18:00:00,L50582,No Failure,Operational,0,301.4,310.6,1347,53.3,104
2025-05-22 19:00:00,L50583,No Failure,Operational,0,301.3,310.5,1337,52.7,106
2025-05-22 20:00:00,L50584,No Failure,Operational,0,301.3,310.4,1695,30.9,108
2025-05-22 21:00:00,M18265,No Failure,Operational,0,301.3,310.4,1635,32.5,110
2025-05-22 22:00:00,L50586,No Failure,Operational,0,301.2,310.4,1470,44.0,113
2025-05-22 23:00:00,L50587,No Failure,Operational,0,301.2,310.4,1381,49.8,115
2025-05-23 00:00:00,M18268,No Failure,Operational,0,301.2,310.4,1382,41.6,117
2025-05-23 01:00:00,M18269,No Failure,Operational,0,301.2,310.4,1697,30.0,120
2025-05-23 02:00:00,L50590,No Failure,Operational,0,301.2,310.3,1451,39.7,123
2025-05-23 03:00:00,L50591,No Failure,Operational,0,301.3,310.3,1419,55.7,125
2025-05-23 04:00:00,L50592,No Failure,Operational,0,301.3,310.3,1313,55.6,127
2025-05-23 05:00:00,L50593,No Failure,Operational,0,301.3,310.3,1560,36.3,129
2025-05-23 06:00:00,L50594,No Failure,Operational,0,301.3,310.3,1555,41.2,131
2025-05-23 07:00:00,L50595,No Failure,Operational,0,301.4,310.4,1579,36.9,133
2025-05-23 08:00:00,L50596,No Failure,Operational,0,301.5,310.5,1435,44.6,135
2025-05-23 09:00:00,L50597,No Failure,Operational,0,301.6,310.6,1621,33.7,137
2025-05-23 10:00:00,H32832,No Failure,Operational,0,301.6,310.6,1555,40.4,139
2025-05-23 11:00:00,L50599,No Failure,Operational,0,301.5,310.5,1611,33.8,144
2025-05-23 12:00:00,L50600,No Failure,Operational,0,301.6,310.6,1834,23.5,146
2025-05-23 13:00:00,M18281,No Failure,Operational,0,301.5,310.5,1612,29.8,148
2025-05-23 14:00:00,L50602,No Failure,Operational,0,301.5,310.4,1629,34.1,151
2025-05-23 15:00:00,L50603,No Failure,Operational,0,301.4,310.4,1496,35.2,153
2025-05-23 16:00:00,L50604,No Failure,Operational,0,301.5,310.5,1593,32.9,155
2025-05-23 17:00:00,M18285,No Failure,Operational,0,301.5,310.5,1623,33.5,157
2025-05-23 18:00:00,L50606,No Failure,Operational,0,301.5,310.5,1380,48.7,160
2025-05-23 19:00:00,L50607,No Failure,Operational,0,301.6,310.6,1562,34.4,162
2025-05-23 20:00:00,L50608,No Failure,Operational,0,301.6,310.6,1391,49.4,164
2025-05-23 21:00:00,H32843,No Failure,Operational,0,301.5,310.5,1551,34.3,166
2025-05-23 22:00:00,H32844,No Failure,Operational,0,301.6,310.6,1821,26.2,171
2025-05-23 23:00:00,L50611,No Failure,Operational,0,301.6,310.7,1429,43.6,176
2025-05-24 00:00:00,M18292,No Failure,Operational,0,301.6,310.7,2012,20.7,178
2025-05-24 01:00:00,M18293,No Failure,Operational,0,301.6,310.6,1924,23.6,181
2025-05-24 02:00:00,M18294,No Failure,Operational,0,301.5,310.5,1412,44.1,184
2025-05-24 03:00:00,L50615,No Failure,Operational,0,301.5,310.5,1389,54.9,187
2025-05-24 04:00:00,L50616,No Failure,Operational,0,301.5,310.5,1466,48.1,189
2025-05-24 05:00:00,L50617,No Failure,Operational,0,301.5,310.5,2297,15.8,191
2025-05-24 06:00:00,L50618,No Failure,Operational,0,301.4,310.4,1471,37.5,193
2025-05-24 07:00:00,L50619,No Failure,Operational,0,301.4,310.3,1492,41.4,195
2025-05-24 08:00:00,L50620,No Failure,Operational,0,301.3,310.3,1460,41.5,197
2025-05-24 09:00:00,L50621,No Failure,Operational,0,301.4,310.4,1559,39.4,199
2025-05-24 10:00:00,M18302,No Failure,Operational,0,301.4,310.5,1495,52.5,201
2025-05-24 11:00:00,L50623,No Failure,Operational,0,301.5,310.5,1535,39.0,204
2025-05-24 12:00:00,L50624,No Failure,Operational,0,301.5,310.6,1381,50.7,206
2025-05-24 13:00:00,M18305,No Failure,Operational,0,301.6,310.6,1599,36.1,208
2025-05-24 14:00:00,H32860,No Failure,Operational,0,301.6,310.6,1400,49.5,211
2025-05-24 15:00:00,L50627,No Failure,Operational,0,301.7,310.6,1624,34.5,216
2025-05-24 16:00:00,L50628,No Failure,Operational,0,301.6,310.6,1478,36.6,218
2025-05-24 17:00:00,L50629,No Failure,Operational,0,301.7,310.7,1605,33.3,220
2025-05-24 18:00:00,L50630,No Failure,Operational,0,301.6,310.6,1506,43.4,222
2025-05-24 19:00:00,L50631,No Failure,Operational,0,301.6,310.6,1455,43.9,0
2025-05-24 20:00:00,H32866,Random Failure,Operational,0,301.6,310.5,1602,32.3,2
2025-05-24 21:00:00,L50633,No Failure,Operational,0,301.5,310.4,1425,54.4,7
2025-05-24 22:00:00,L50634,No Failure,Operational,0,301.5,310.4,1918,21.8,9
2025-05-24 23:00:00,H32869,No Failure,Operational,0,301.4,310.3,1611,41.5,11
2025-05-25 00:00:00,H32870,No Failure,Operational,0,301.4,310.4,1610,38.6,16
2025-05-25 01:00:00,M18317,Power Failure,Maintenance Required,1,301.5,310.4,2639,12.0,21
2025-05-25 02:00:00,L50638,No Failure,Operational,0,301.5,310.4,1329,46.6,24
2025-05-25 03:00:00,L50639,No Failure,Operational,0,301.5,310.4,1270,54.2,26
2025-05-25 04:00:00,L50640,No Failure,Operational,0,301.5,310.3,1415,41.6,28
2025-05-25 05:00:00,H32875,No Failure,Operational,0,301.6,310.4,1330,49.5,30
2025-05-25 06:00:00,H32876,No Failure,Operational,0,301.6,310.5,1786,27.1,35
2025-05-25 07:00:00,L50643,No Failure,Operational,0,301.6,310.5,1809,25.5,40
2025-05-25 08:00:00,L50644,No Failure,Operational,0,301.7,310.6,1303,59.7,42
2025-05-25 09:00:00,M18325,No Failure,Operational,0,301.8,310.7,1383,45.7,44
2025-05-25 10:00:00,L50646,No Failure,Operational,0,301.7,310.6,1447,56.9,47
2025-05-25 11:00:00,L50647,No Failure,Operational,0,301.8,310.7,1461,44.2,49
2025-05-25 12:00:00,L50648,No Failure,Operational,0,301.8,310.7,2092,18.6,51
2025-05-25 13:00:00,M18329,No Failure,Operational,0,301.8,310.7,1429,47.9,53
2025-05-25 14:00:00,L50650,No Failure,Operational,0,301.8,310.8,1736,26.5,56
2025-05-25 15:00:00,L50651,No Failure,Operational,0,301.8,310.7,1441,49.3,58
2025-05-25 16:00:00,L50652,No Failure,Operational,0,301.8,310.7,1523,43.3,60
2025-05-25 17:00:00,M18333,No Failure,Operational,0,301.8,310.8,1691,33.4,62
2025-05-25 18:00:00,M18334,No Failure,Operational,0,301.9,310.8,1557,35.3,65
2025-05-25 19:00:00,L50655,No Failure,Operational,0,301.8,310.7,1644,33.4,68
2025-05-25 20:00:00,L50656,No Failure,Operational,0,301.8,310.6,1522,43.8,70
2025-05-25 21:00:00,L50657,No Failure,Operational,0,301.8,310.7,1547,41.7,72
2025-05-25 22:00:00,L50658,No Failure,Operational,0,301.8,310.7,1597,30.8,74
2025-05-25 23:00:00,M18339,No Failure,Operational,0,301.8,310.8,1619,31.0,76
2025-05-26 00:00:00,L50660,No Failure,Operational,0,301.9,310.8,1400,58.2,79
2025-05-26 01:00:00,L50661,No Failure,Operational,0,302.0,310.9,1663,31.5,81
2025-05-26 02:00:00,L50662,No Failure,Operational,0,301.9,310.8,1540,37.6,83
2025-05-26 03:00:00,H32897,No Failure,Operational,0,301.9,310.8,1455,42.7,85
2025-05-26 04:00:00,L50664,No Failure,Operational,0,301.9,310.8,1519,39.0,90
2025-05-26 05:00:00,L50665,No Failure,Operational,0,301.9,310.8,1427,47.7,92
2025-05-26 06:00:00,L50666,No Failure,Operational,0,301.9,310.8,1650,29.8,94
2025-05-26 07:00:00,M18347,No Failure,Operational,0,301.8,310.8,1508,38.8,96
2025-05-26 08:00:00,L50668,No Failure,Operational,0,301.9,310.9,1379,54.8,99
2025-05-26 09:00:00,L50669,No Failure,Operational,0,301.9,310.9,1542,36.7,101
2025-05-26 10:00:00,M18350,No Failure,Operational,0,301.9,310.9,1763,28.4,103
2025-05-26 11:00:00,H32905,No Failure,Operational,0,301.9,310.9,1590,34.3,106
2025-05-26 12:00:00,H32906,No Failure,Operational,0,301.9,311.0,1336,63.6,111
2025-05-26 13:00:00,M18353,No Failure,Operational,0,301.9,311.0,1638,35.4,116
2025-05-26 14:00:00,L50674,No Failure,Operational,0,301.9,311.0,1356,45.7,119
2025-05-26 15:00:00,M18355,No Failure,Operational,0,301.9,311.0,1384,47.4,121
2025-05-26 16:00:00,L50676,No Failure,Operational,0,301.9,310.9,1309,48.0,124
2025-05-26 17:00:00,L50677,No Failure,Operational,0,301.9,311.0,1642,33.1,126
2025-05-26 18:00:00,L50678,No Failure,Operational,0,301.9,311.0,1289,54.9,128
2025-05-26 19:00:00,L50679,No Failure,Operational,0,301.9,311.0,1353,43.8,130
2025-05-26 20:00:00,H32914,No Failure,Operational,0,301.9,311.0,1871,26.0,132
2025-05-26 21:00:00,H32915,No Failure,Operational,0,301.9,311.0,1291,63.6,137
2025-05-26 22:00:00,M18362,No Failure,Operational,0,301.8,310.9,1346,44.6,142
2025-05-26 23:00:00,L50683,No Failure,Operational,0,301.7,310.8,1493,47.6,145
2025-05-27 00:00:00,M18364,No Failure,Operational,0,301.7,310.8,1524,41.3,147
2025-05-27 01:00:00,L50685,No Failure,Operational,0,301.6,310.8,1726,26.7,150
2025-05-27 02:00:00,H32920,No Failure,Operational,0,301.6,310.8,1435,47.2,152
2025-05-27 03:00:00,M18367,No Failure,Operational,0,301.7,310.8,1502,34.4,157
2025-05-27 04:00:00,L50688,No Failure,Operational,0,301.7,310.9,1608,33.0,160
2025-05-27 05:00:00,L50689,No Failure,Operational,0,301.8,311.0,1771,27.2,162
2025-05-27 06:00:00,L50690,No Failure,Operational,0,301.7,311.0,1474,42.6,164
2025-05-27 07:00:00,L50691,No Failure,Operational,0,301.8,311.0,1322,53.0,166
2025-05-27 08:00:00,M18372,No Failure,Operational,0,301.8,311.0,1393,49.5,168
2025-05-27 09:00:00,M18373,No Failure,Operational,0,301.9,311.1,1417,52.5,171
2025-05-27 10:00:00,H32928,No Failure,Operational,0,301.9,311.0,1430,49.8,174
2025-05-27 11:00:00,M18375,No Failure,Operational,0,301.9,311.1,1605,40.0,179
2025-05-27 12:00:00,L50696,No Failure,Operational,0,302.0,311.1,1402,47.8,182
2025-05-27 13:00:00,L50697,No Failure,Operational,0,302.0,311.0,1550,35.2,184
2025-05-27 14:00:00,L50698,No Failure,Operational,0,301.9,311.0,1376,44.9,186
2025-05-27 15:00:00,M18379,No Failure,Operational,0,301.9,310.9,1569,32.5,188
2025-05-27 16:00:00,L50700,No Failure,Operational,0,301.9,311.0,1669,32.2,191
2025-05-27 17:00:00,L50701,No Failure,Operational,0,301.9,311.0,1541,38.9,193
2025-05-27 18:00:00,L50702,No Failure,Operational,0,301.8,311.0,1651,32.5,195
2025-05-27 19:00:00,L50703,No Failure,Operational,0,301.8,310.9,1521,39.3,197
2025-05-27 20:00:00,M18384,No Failure,Operational,0,301.8,310.8,1365,48.2,199
2025-05-27 21:00:00,L50705,No Failure,Operational,0,301.8,310.9,1609,31.7,202
2025-05-27 22:00:00,H32940,No Failure,Operational,0,301.8,310.8,1470,37.6,204
2025-05-27 23:00:00,M18387,No Failure,Operational,0,301.9,310.9,1573,38.9,209
2025-05-28 00:00:00,L50708,Overstrain Failure,Maintenance Required,1,302.0,310.9,1378,53.1,212
2025-05-28 01:00:00,L50709,Tool Wear Failure,Maintenance Required,1,301.9,310.9,1567,39.0,214
2025-05-28 02:00:00,M18390,No Failure,Operational,0,301.9,310.9,1441,43.7,0
2025-05-28 03:00:00,M18391,No Failure,Operational,0,301.9,310.9,1641,33.2,3
2025-05-28 04:00:00,L50712,No Failure,Operational,0,301.9,310.9,1486,40.3,6
2025-05-28 05:00:00,L50713,No Failure,Operational,0,302.0,311.0,1563,36.2,8
2025-05-28 06:00:00,M18394,No Failure,Operational,0,302.0,311.1,1769,26.0,10
2025-05-28 07:00:00,H32949,No Failure,Operational,0,301.9,311.0,1672,29.9,13
2025-05-28 08:00:00,L50716,No Failure,Operational,0,302.0,311.0,1632,34.2,18
2025-05-28 09:00:00,M18397,No Failure,Operational,0,302.0,311.0,1980,21.5,20
2025-05-28 10:00:00,L50718,No Failure,Operational,0,302.0,311.1,1635,36.0,23
2025-05-28 11:00:00,L50719,No Failure,Operational,0,302.0,311.0,1686,32.5,25
2025-05-28 12:00:00,L50720,No Failure,Operational,0,301.9,310.9,1574,31.4,27
2025-05-28 13:00:00,L50721,No Failure,Operational,0,301.8,310.8,1546,43.4,29
2025-05-28 14:00:00,L50722,No Failure,Operational,0,301.8,310.9,1899,24.7,31
2025-05-28 15:00:00,L50723,No Failure,Operational,0,301.8,310.9,1449,36.5,33
2025-05-28 16:00:00,M18404,No Failure,Operational,0,301.9,310.9,1483,37.0,35
2025-05-28 17:00:00,L50725,No Failure,Operational,0,301.8,310.8,1576,38.6,38
2025-05-28 18:00:00,M18406,No Failure,Operational,0,301.9,310.9,1317,51.9,40
2025-05-28 19:00:00,M18407,No Failure,Operational,0,301.9,311.0,1467,48.1,43
2025-05-28 20:00:00,L50728,No Failure,Operational,0,301.9,310.9,1616,34.5,46
2025-05-28 21:00:00,M18409,No Failure,Operational,0,301.8,310.9,1299,60.4,48
2025-05-28 22:00:00,M18410,No Failure,Operational,0,301.9,311.0,1432,41.5,51
2025-05-28 23:00:00,L50731,No Failure,Operational,0,301.9,310.9,1799,24.2,54
2025-05-29 00:00:00,M18412,No Failure,Operational,0,301.8,310.9,1358,52.3,56
2025-05-29 01:00:00,M18413,No Failure,Operational,0,301.8,310.8,1618,37.8,59
2025-05-29 02:00:00,L50734,No Failure,Operational,0,301.9,310.8,1525,43.2,62
2025-05-29 03:00:00,L50735,No Failure,Operational,0,301.8,310.7,1551,37.7,64
2025-05-29 04:00:00,L50736,No Failure,Operational,0,301.9,310.8,1735,31.5,66
2025-05-29 05:00:00,M18417,No Failure,Operational,0,301.8,310.7,1309,43.3,68
2025-05-29 06:00:00,L50738,No Failure,Operational,0,301.7,310.6,1743,26.2,71
2025-05-29 07:00:00,M18419,No Failure,Operational,0,301.7,310.7,1659,29.9,73
2025-05-29 08:00:00,L50740,No Failure,Operational,0,301.8,310.7,1680,32.4,76
2025-05-29 09:00:00,L50741,No Failure,Operational,0,301.7,310.6,1486,38.5,78
2025-05-29 10:00:00,L50742,No Failure,Operational,0,301.7,310.6,1471,43.8,80
2025-05-29 11:00:00,M18423,No Failure,Operational,0,301.8,310.7,1465,35.8,82
2025-05-29 12:00:00,M18424,No Failure,Operational,0,301.7,310.6,1492,42.2,85
2025-05-29 13:00:00,M18425,No Failure,Operational,0,301.8,310.7,1420,52.0,88
2025-05-29 14:00:00,L50746,No Failure,Operational,0,301.8,310.6,1295,62.3,91
2025-05-29 15:00:00,L50747,No Failure,Operational,0,301.8,310.5,1548,34.1,93
2025-05-29 16:00:00,L50748,No Failure,Operational,0,301.8,310.6,1372,54.7,95
2025-05-29 17:00:00,M18429,No Failure,Operational,0,301.8,310.6,1552,35.9,97
2025-05-29 18:00:00,H32984,No Failure,Operational,0,301.8,310.6,1441,46.3,100
2025-05-29 19:00:00,M18431,No Failure,Operational,0,301.7,310.6,1691,27.7,105
2025-05-29 20:00:00,L50752,No Failure,Operational,0,301.8,310.6,1451,50.7,108
2025-05-29 21:00:00,L50753,No Failure,Operational,0,301.8,310.6,1452,48.4,110
2025-05-29 22:00:00,L50754,No Failure,Operational,0,301.7,310.6,1406,46.0,112
2025-05-29 23:00:00,L50755,No Failure,Operational,0,301.7,310.5,1567,39.1,114
2025-05-30 00:00:00,L50756,No Failure,Operational,0,301.6,310.4,1599,41.7,116
2025-05-30 01:00:00,M18437,No Failure,Operational,0,301.6,310.4,1455,39.0,118
2025-05-30 02:00:00,M18438,No Failure,Operational,0,301.7,310.5,1625,35.9,121
2025-05-30 03:00:00,L50759,Power Failure,Maintenance Required,1,301.8,310.6,2672,11.8,124
2025-05-30 04:00:00,L50760,No Failure,Operational,0,301.8,310.6,1650,31.9,126
2025-05-30 05:00:00,M18441,No Failure,Operational,0,301.8,310.6,1459,40.2,128
2025-05-30 06:00:00,L50762,No Failure,Operational,0,301.8,310.6,1395,50.5,131
2025-05-30 07:00:00,L50763,No Failure,Operational,0,301.8,310.7,1751,29.3,133
2025-05-30 08:00:00,L50764,No Failure,Operational,0,301.8,310.6,1192,68.9,135
2025-05-30 09:00:00,L50765,No Failure,Operational,0,301.9,310.7,1947,25.0,137
2025-05-30 10:00:00,L50766,No Failure,Operational,0,301.8,310.5,1593,34.9,139
2025-05-30 11:00:00,H33001,No Failure,Operational,0,301.8,310.5,1478,38.6,141
2025-05-30 12:00:00,M18448,No Failure,Operational,0,301.7,310.6,1505,44.5,146
2025-05-30 13:00:00,L50769,No Failure,Operational,0,301.7,310.5,2465,13.7,149
2025-05-30 14:00:00,L50770,No Failure,Operational,0,301.8,310.6,1403,46.8,151
2025-05-30 15:00:00,M18451,No Failure,Operational,0,301.7,310.5,1458,41.4,153
2025-05-30 16:00:00,H33006,No Failure,Operational,0,301.6,310.4,1369,45.4,156
2025-05-30 17:00:00,M18453,No Failure,Operational,0,301.6,310.4,1377,44.9,161
2025-05-30 18:00:00,M18454,No Failure,Operational,0,301.6,310.4,1452,45.7,164
2025-05-30 19:00:00,L50775,No Failure,Operational,0,301.6,310.4,1517,41.1,167
2025-05-30 20:00:00,L50776,No Failure,Operational,0,301.7,310.5,1354,50.0,169
2025-05-30 21:00:00,M18457,No Failure,Operational,0,301.7,310.5,1724,33.0,171
2025-05-30 22:00:00,L50778,No Failure,Operational,0,301.7,310.5,1399,53.2,174
2025-05-30 23:00:00,H33013,No Failure,Operational,0,301.7,310.5,1388,50.5,176
2025-05-31 00:00:00,L50780,No Failure,Operational,0,301.7,310.5,1523,34.7,181
2025-05-31 01:00:00,L50781,No Failure,Operational,0,301.7,310.5,1377,43.1,183
2025-05-31 02:00:00,M18462,No Failure,Operational,0,301.7,310.6,1417,45.2,185
2025-05-31 03:00:00,L50783,No Failure,Operational,0,301.7,310.7,1542,40.0,188
2025-05-31 04:00:00,L50784,No Failure,Operational,0,301.8,310.8,1557,33.3,190
2025-05-31 05:00:00,L50785,No Failure,Operational,0,301.7,310.7,1641,31.9,192
2025-05-31 06:00:00,L50786,No Failure,Operational,0,301.7,310.7,1318,55.0,194
2025-05-31 07:00:00,L50787,No Failure,Operational,0,301.6,310.7,1638,33.8,196
2025-05-31 08:00:00,M18468,No Failure,Operational,0,301.7,310.8,1954,21.6,198
2025-05-31 09:00:00,M18469,No Failure,Operational,0,301.7,310.9,1644,32.5,201
2025-05-31 10:00:00,M18470,No Failure,Operational,0,301.7,310.8,1594,32.4,204
2025-05-31 11:00:00,L50791,Tool Wear Failure,Maintenance Required,1,301.7,310.9,1405,46.4,207
2025-05-31 12:00:00,L50792,No Failure,Operational,0,301.7,310.8,1622,37.8,0
2025-05-31 13:00:00,L50793,No Failure,Operational,0,301.7,310.9,1557,39.4,2
2025-05-31 14:00:00,L50794,No Failure,Operational,0,301.8,311.0,1606,33.3,4
2025-05-31 15:00:00,M18475,No Failure,Operational,0,301.8,311.1,1647,31.6,6
2025-05-31 16:00:00,M18476,No Failure,Operational,0,301.8,311.1,1413,42.2,9
2025-05-31 17:00:00,L50797,No Failure,Operational,0,301.8,311.0,1529,41.6,12
2025-05-31 18:00:00,L50798,No Failure,Operational,0,301.9,311.1,1448,46.3,14
2025-05-31 19:00:00,L50799,No Failure,Operational,0,301.9,311.2,1435,44.2,16
2025-05-31 20:00:00,H33034,No Failure,Operational,0,301.9,311.2,1474,41.8,18
2025-05-31 21:00:00,L50801,No Failure,Operational,0,301.9,311.2,1657,29.1,23
2025-05-31 22:00:00,L50802,No Failure,Operational,0,302.0,311.3,1509,39.9,25
2025-05-31 23:00:00,M18483,No Failure,Operational,0,302.0,311.3,1530,36.4,27
2025-06-01 00:00:00,M18484,No Failure,Operational,0,302.0,311.4,1587,35.9,30
2025-06-01 01:00:00,M18485,No Failure,Operational,0,302.1,311.4,1467,43.4,33
2025-06-01 02:00:00,M18486,No Failure,Operational,0,302.2,311.5,1360,53.0,36
2025-06-01 03:00:00,L50807,No Failure,Operational,0,302.2,311.5,1588,30.6,39
2025-06-01 04:00:00,L50808,No Failure,Operational,0,302.2,311.4,1609,32.1,41
2025-06-01 05:00:00,L50809,No Failure,Operational,0,302.1,311.3,1415,44.1,43
2025-06-01 06:00:00,L50810,No Failure,Operational,0,302.0,311.2,1845,27.3,45
2025-06-01 07:00:00,M18491,No Failure,Operational,0,302.1,311.4,1419,36.2,47
2025-06-01 08:00:00,L50812,No Failure,Operational,0,302.1,311.3,1634,30.6,50
2025-06-01 09:00:00,M18493,No Failure,Operational,0,302.2,311.3,1521,40.6,52
2025-06-01 10:00:00,L50814,No Failure,Operational,0,302.2,311.4,1499,37.7,55
2025-06-01 11:00:00,M18495,No Failure,Operational,0,302.1,311.2,1616,35.1,57
2025-06-01 12:00:00,L50816,No Failure,Operational,0,302.2,311.4,1449,46.5,60
2025-06-01 13:00:00,M18497,No Failure,Operational,0,302.2,311.4,1626,31.6,62
2025-06-01 14:00:00,M18498,No Failure,Operational,0,302.3,311.5,1445,44.8,65
2025-06-01 15:00:00,L50819,No Failure,Operational,0,302.4,311.6,1622,35.0,68
2025-06-01 16:00:00,H33054,No Failure,Operational,0,302.4,311.6,1544,39.1,70
2025-06-01 17:00:00,L50821,No Failure,Operational,0,302.3,311.6,1488,41.8,75
2025-06-01 18:00:00,L50822,No Failure,Operational,0,302.3,311.6,1309,57.6,77
2025-06-01 19:00:00,L50823,No Failure,Operational,0,302.3,311.6,1784,26.4,79
2025-06-01 20:00:00,L50824,No Failure,Operational,0,302.2,311.5,1548,32.4,81
2025-06-01 21:00:00,L50825,No Failure,Operational,0,302.2,311.5,1413,43.5,83
2025-06-01 22:00:00,M18506,No Failure,Operational,0,302.2,311.5,1863,25.7,85
2025-06-01 23:00:00,L50827,No Failure,Operational,0,302.2,311.5,1427,43.8,88
2025-06-02 00:00:00,M18508,No Failure,Operational,0,302.2,311.5,1443,47.0,90
2025-06-02 01:00:00,L50829,No Failure,Operational,0,302.2,311.5,1481,40.4,93
2025-06-02 02:00:00,L50830,No Failure,Operational,0,302.1,311.4,1446,39.7,95
2025-06-02 03:00:00,L50831,No Failure,Operational,0,302.1,311.5,1444,44.9,97
2025-06-02 04:00:00,M18512,No Failure,Operational,0,302.1,311.5,1341,50.8,99
2025-06-02 05:00:00,L50833,No Failure,Operational,0,302.1,311.4,1518,37.4,102
2025-06-02 06:00:00,L50834,No Failure,Operational,0,302.1,311.4,1603,35.9,104
2025-06-02 07:00:00,L50835,No Failure,Operational,0,302.1,311.4,1686,30.9,106
2025-06-02 08:00:00,M18516,No Failure,Operational,0,302.1,311.5,1383,53.6,108
2025-06-02 09:00:00,L50837,No Failure,Operational,0,302.1,311.5,1477,45.4,111
2025-06-02 10:00:00,M18518,No Failure,Operational,0,302.2,311.5,1449,44.5,113
2025-06-02 11:00:00,M18519,No Failure,Operational,0,302.2,311.5,1734,25.0,116
2025-06-02 12:00:00,L50840,No Failure,Operational,0,302.3,311.6,1398,49.1,119
2025-06-02 13:00:00,M18521,No Failure,Operational,0,302.3,311.7,1639,36.6,121
2025-06-02 14:00:00,M18522,No Failure,Operational,0,302.3,311.7,1517,37.6,124
2025-06-02 15:00:00,M18523,No Failure,Operational,0,302.3,311.7,1442,41.7,127
2025-06-02 16:00:00,M18524,No Failure,Operational,0,302.3,311.7,1685,30.8,130
2025-06-02 17:00:00,M18525,No Failure,Operational,0,302.4,311.8,1358,50.6,133
2025-06-02 18:00:00,M18526,No Failure,Operational,0,302.3,311.6,1608,39.9,136
2025-06-02 19:00:00,L50847,No Failure,Operational,0,302.3,311.6,1665,34.3,139
2025-06-02 20:00:00,L50848,No Failure,Operational,0,302.3,311.7,1510,38.7,141
2025-06-02 21:00:00,L50849,No Failure,Operational,0,302.4,311.8,1465,40.2,143
2025-06-02 22:00:00,L50850,No Failure,Operational,0,302.3,311.7,1701,27.5,145
2025-06-02 23:00:00,M18531,No Failure,Operational,0,302.3,311.7,1486,39.6,147
2025-06-03 00:00:00,L50852,No Failure,Operational,0,302.3,311.6,1658,32.3,150
2025-06-03 01:00:00,H33087,No Failure,Operational,0,302.3,311.7,1449,44.5,152
2025-06-03 02:00:00,L50854,No Failure,Operational,0,302.2,311.5,1346,52.4,157
2025-06-03 03:00:00,M18535,No Failure,Operational,0,302.1,311.5,1866,23.1,159
2025-06-03 04:00:00,M18536,No Failure,Operational,0,302.2,311.5,1562,38.0,162
2025-06-03 05:00:00,M18537,No Failure,Operational,0,302.3,311.7,1368,53.6,165
2025-06-03 06:00:00,L50858,No Failure,Operational,0,302.2,311.5,1567,33.1,168
2025-06-03 07:00:00,L50859,No Failure,Operational,0,302.2,311.5,1725,34.0,170
2025-06-03 08:00:00,L50860,No Failure,Operational,0,302.2,311.5,1744,31.2,172
2025-06-03 09:00:00,M18541,No Failure,Operational,0,302.1,311.3,1453,45.1,174
2025-06-03 10:00:00,L50862,No Failure,Operational,0,302.1,311.2,1550,34.8,177
2025-06-03 11:00:00,M18543,No Failure,Operational,0,302.0,311.2,1558,39.1,179
2025-06-03 12:00:00,L50864,Overstrain Failure,Maintenance Required,1,302.0,311.2,1270,65.3,182
2025-06-03 13:00:00,M18545,No Failure,Operational,0,301.9,311.1,1380,51.6,184
2025-06-03 14:00:00,L50866,No Failure,Operational,0,302.0,311.1,1406,50.5,187
2025-06-03 15:00:00,M18547,No Failure,Operational,0,302.0,311.2,1625,30.7,189
2025-06-03 16:00:00,L50868,No Failure,Operational,0,302.0,311.2,1420,45.8,192
2025-06-03 17:00:00,L50869,No Failure,Operational,0,302.1,311.4,1889,22.7,194
2025-06-03 18:00:00,L50870,No Failure,Operational,0,302.1,311.3,1477,43.6,196
2025-06-03 19:00:00,L50871,No Failure,Operational,0,302.1,311.2,1460,46.9,198
2025-06-03 20:00:00,L50872,No Failure,Operational,0,302.1,311.3,1758,24.4,200
2025-06-03 21:00:00,L50873,No Failure,Operational,0,302.1,311.3,1521,31.5,202
2025-06-03 22:00:00,M18554,No Failure,Operational,0,302.1,311.3,1511,45.0,204
2025-06-03 23:00:00,L50875,Tool Wear Failure,Maintenance Required,1,302.2,311.3,1530,37.3,207
2025-06-04 00:00:00,L50876,No Failure,Operational,0,302.1,311.2,1454,46.8,0
2025-06-04 01:00:00,L50877,No Failure,Operational,0,302.2,311.2,1928,23.1,2
2025-06-04 02:00:00,H33112,No Failure,Operational,0,302.2,311.3,1758,26.4,4
2025-06-04 03:00:00,L50879,No Failure,Operational,0,302.2,311.2,1649,33.2,9
2025-06-04 04:00:00,L50880,No Failure,Operational,0,302.1,311.2,1447,50.3,11
2025-06-04 05:00:00,L50881,No Failure,Operational,0,302.1,311.2,1417,48.0,13
2025-06-04 06:00:00,L50882,No Failure,Operational,0,302.0,311.2,1434,44.9,15
2025-06-04 07:00:00,M18563,No Failure,Operational,0,302.0,311.2,1418,49.5,17
2025-06-04 08:00:00,M18564,No Failure,Operational,0,302.0,311.2,1400,49.5,20
2025-06-04 09:00:00,M18565,No Failure,Operational,0,302.0,311.3,1725,27.7,23
2025-06-04 10:00:00,L50886,No Failure,Operational,0,302.0,311.3,1567,41.1,26
2025-06-04 11:00:00,M18567,No Failure,Operational,0,302.1,311.3,1497,38.4,28
2025-06-04 12:00:00,L50888,No Failure,Operational,0,302.1,311.4,1549,44.6,31
2025-06-04 13:00:00,L50889,No Failure,Operational,0,302.2,311.4,1754,26.9,33
2025-06-04 14:00:00,L50890,No Failure,Operational,0,302.2,311.5,1489,38.3,35
2025-06-04 15:00:00,L50891,No Failure,Operational,0,302.2,311.5,1543,38.5,37
2025-06-04 16:00:00,L50892,No Failure,Operational,0,302.3,311.5,1543,33.1,39
2025-06-04 17:00:00,L50893,No Failure,Operational,0,302.3,311.5,1565,35.6,41
2025-06-04 18:00:00,M18574,No Failure,Operational,0,302.3,311.4,1855,23.9,43
2025-06-04 19:00:00,M18575,No Failure,Operational,0,302.4,311.4,1475,45.2,46
2025-06-04 20:00:00,L50896,No Failure,Operational,0,302.3,311.4,1609,32.3,49
2025-06-04 21:00:00,H33131,No Failure,Operational,0,302.3,311.4,1443,44.1,51
2025-06-04 22:00:00,L50898,No Failure,Operational,0,302.4,311.4,1450,44.1,56
2025-06-04 23:00:00,L50899,No Failure,Operational,0,302.4,311.5,1590,39.9,58
2025-06-05 00:00:00,M18580,No Failure,Operational,0,302.4,311.4,1508,41.2,60
2025-06-05 01:00:00,M18581,No Failure,Operational,0,302.2,311.2,1544,43.6,63
2025-06-05 02:00:00,L50902,No Failure,Operational,0,302.2,311.2,1451,41.8,66
2025-06-05 03:00:00,L50903,No Failure,Operational,0,302.3,311.2,1758,24.4,68
2025-06-05 04:00:00,M18584,No Failure,Operational,0,302.3,311.2,1507,47.7,70
2025-06-05 05:00:00,H33139,No Failure,Operational,0,302.3,311.1,1543,37.5,73
2025-06-05 06:00:00,M18586,No Failure,Operational,0,302.3,311.2,1505,36.7,78
2025-06-05 07:00:00,L50907,No Failure,Operational,0,302.3,311.2,1786,24.3,81
2025-06-05 08:00:00,L50908,No Failure,Operational,0,302.3,311.3,1457,44.5,83
2025-06-05 09:00:00,M18589,No Failure,Operational,0,302.4,311.3,1312,61.5,85
2025-06-05 10:00:00,M18590,No Failure,Operational,0,302.3,311.2,1405,47.7,88
2025-06-05 11:00:00,M18591,No Failure,Operational,0,302.2,311.2,1377,43.0,91
2025-06-05 12:00:00,M18592,No Failure,Operational,0,302.2,311.2,1347,49.8,94
2025-06-05 13:00:00,L50913,No Failure,Operational,0,302.2,311.1,1470,39.6,97
2025-06-05 14:00:00,M18594,No Failure,Operational,0,302.2,311.2,1873,24.0,99
2025-06-05 15:00:00,M18595,No Failure,Operational,0,302.2,311.1,1434,58.6,102
2025-06-05 16:00:00,H33150,No Failure,Operational,0,302.2,311.1,1628,30.6,105
2025-06-05 17:00:00,L50917,No Failure,Operational,0,302.2,311.1,1351,48.6,110
2025-06-05 18:00:00,M18598,No Failure,Operational,0,302.3,311.2,1454,43.8,112
2025-06-05 19:00:00,M18599,No Failure,Operational,0,302.2,311.2,1663,29.6,115
2025-06-05 20:00:00,L50920,No Failure,Operational,0,302.3,311.2,1401,49.7,118
2025-06-05 21:00:00,L50921,No Failure,Operational,0,302.4,311.3,1503,38.2,120
2025-06-05 22:00:00,L50922,No Failure,Operational,0,302.4,311.4,1564,35.0,122
2025-06-05 23:00:00,L50923,No Failure,Operational,0,302.5,311.4,1759,24.6,124
2025-06-06 00:00:00,L50924,No Failure,Operational,0,302.5,311.4,1409,53.1,126
2025-06-06 01:00:00,L50925,No Failure,Operational,0,302.6,311.4,1738,25.8,128
2025-06-06 02:00:00,H33160,No Failure,Operational,0,302.5,311.3,1393,47.5,130
2025-06-06 03:00:00,L50927,No Failure,Operational,0,302.5,311.1,1499,38.8,135
2025-06-06 04:00:00,L50928,No Failure,Operational,0,302.5,311.1,1493,39.0,137
2025-06-06 05:00:00,L50929,No Failure,Operational,0,302.4,311.1,1652,33.9,139
2025-06-06 06:00:00,L50930,No Failure,Operational,0,302.3,311.1,1589,29.9,141
2025-06-06 07:00:00,L50931,No Failure,Operational,0,302.4,311.1,1520,42.2,143
2025-06-06 08:00:00,H33166,No Failure,Operational,0,302.3,311.1,1455,40.3,145
2025-06-06 09:00:00,L50933,No Failure,Operational,0,302.2,311.0,1463,46.8,150
2025-06-06 10:00:00,L50934,No Failure,Operational,0,302.3,311.0,1442,43.7,152
2025-06-06 11:00:00,L50935,No Failure,Operational,0,302.3,311.0,1329,51.5,154
2025-06-06 12:00:00,L50936,No Failure,Operational,0,302.3,311.1,1546,33.1,156
2025-06-06 13:00:00,M18617,No Failure,Operational,0,302.2,311.1,1516,33.7,158
2025-06-06 14:00:00,M18618,No Failure,Operational,0,302.2,311.0,1476,47.4,161
2025-06-06 15:00:00,L50939,No Failure,Operational,0,302.3,311.0,1412,47.0,164
2025-06-06 16:00:00,L50940,Heat Dissipation Failure,Maintenance Required,1,302.3,310.9,1377,46.8,166
2025-06-06 17:00:00,M18621,No Failure,Operational,0,302.4,311.0,1490,37.1,168
2025-06-06 18:00:00,M18622,No Failure,Operational,0,302.3,311.0,1526,37.7,171
2025-06-06 19:00:00,L50943,No Failure,Operational,0,302.3,311.0,1428,47.9,174
2025-06-06 20:00:00,L50944,No Failure,Operational,0,302.4,311.0,1329,54.6,176
2025-06-06 21:00:00,M18625,No Failure,Operational,0,302.4,311.1,1443,51.8,178
2025-06-06 22:00:00,L50946,No Failure,Operational,0,302.3,311.1,1373,53.0,181
2025-06-06 23:00:00,L50947,No Failure,Operational,0,302.3,311.1,1630,35.6,183
2025-06-07 00:00:00,L50948,No Failure,Operational,0,302.2,311.0,1555,34.2,185
2025-06-07 01:00:00,M18629,No Failure,Operational,0,302.2,311.0,1436,47.0,187
2025-06-07 02:00:00,L50950,No Failure,Operational,0,302.3,311.0,1609,31.0,190
2025-06-07 03:00:00,M18631,No Failure,Operational,0,302.3,311.0,1384,49.7,192
2025-06-07 04:00:00,L50952,No Failure,Operational,0,302.4,311.1,1448,44.8,195
2025-06-07 05:00:00,M18633,No Failure,Operational,0,302.4,311.1,1887,22.4,197
2025-06-07 06:00:00,M18634,No Failure,Operational,0,302.4,311.1,1480,45.7,200
2025-06-07 07:00:00,H33189,No Failure,Operational,0,302.5,311.1,1850,23.3,203
2025-06-07 08:00:00,L50956,No Failure,Operational,0,302.5,311.1,1538,36.8,208
2025-06-07 09:00:00,M18637,No Failure,Operational,0,302.4,311.1,1721,30.1,210
2025-06-07 10:00:00,M18638,No Failure,Operational,0,302.4,311.1,1366,54.4,0
2025-06-07 11:00:00,L50959,No Failure,Operational,0,302.3,311.0,1657,31.1,3
2025-06-07 12:00:00,L50960,No Failure,Operational,0,302.4,311.1,1446,42.9,5
2025-06-07 13:00:00,L50961,No Failure,Operational,0,302.3,310.8,1465,43.8,7
2025-06-07 14:00:00,L50962,No Failure,Operational,0,302.2,310.8,1827,23.8,9
2025-06-07 15:00:00,H33197,No Failure,Operational,0,302.2,310.8,1397,47.6,11
2025-06-07 16:00:00,L50964,No Failure,Operational,0,302.2,310.8,1744,29.7,16
2025-06-07 17:00:00,L50965,No Failure,Operational,0,302.3,310.9,1545,36.7,18
2025-06-07 18:00:00,L50966,No Failure,Operational,0,302.3,310.9,1587,36.6,20
2025-06-07 19:00:00,L50967,Heat Dissipation Failure,Maintenance Required,1,302.3,310.8,1377,47.3,22
2025-06-07 20:00:00,L50968,No Failure,Operational,0,302.3,310.8,1511,48.1,24
2025-06-07 21:00:00,L50969,No Failure,Operational,0,302.3,310.8,1650,32.4,26
2025-06-07 22:00:00,L50970,No Failure,Operational,0,302.3,310.9,1412,48.9,28
2025-06-07 23:00:00,L50971,No Failure,Operational,0,302.3,311.0,1528,43.1,30
2025-06-08 00:00:00,L50972,No Failure,Operational,0,302.3,310.9,1459,35.0,32
2025-06-08 01:00:00,L50973,Heat Dissipation Failure,Maintenance Required,1,302.3,310.9,1379,49.3,34
2025-06-08 02:00:00,M18654,No Failure,Operational,0,302.2,310.8,1356,48.3,36
2025-06-08 03:00:00,M18655,No Failure,Operational,0,302.1,310.8,1409,41.3,39
2025-06-08 04:00:00,M18656,No Failure,Operational,0,302.1,310.8,1504,37.5,42
2025-06-08 05:00:00,L50977,No Failure,Operational,0,302.1,310.8,1622,36.8,45
2025-06-08 06:00:00,L50978,No Failure,Operational,0,302.1,310.8,1786,25.7,47
2025-06-08 07:00:00,L50979,No Failure,Operational,0,302.2,310.9,1506,34.0,49
2025-06-08 08:00:00,M18660,No Failure,Operational,0,302.1,310.9,1916,23.1,51
2025-06-08 09:00:00,M18661,No Failure,Operational,0,302.2,310.9,1771,27.6,54
2025-06-08 10:00:00,M18662,No Failure,Operational,0,302.2,310.9,1488,44.2,57
2025-06-08 11:00:00,L50983,No Failure,Operational,0,302.2,310.9,1531,37.5,60
2025-06-08 12:00:00,L50984,No Failure,Operational,0,302.3,310.9,1529,33.4,62
2025-06-08 13:00:00,M18665,No Failure,Operational,0,302.4,311.0,1580,36.5,64
2025-06-08 14:00:00,M18666,Heat Dissipation Failure,Maintenance Required,1,302.3,310.9,1360,44.0,67
2025-06-08 15:00:00,M18667,No Failure,Operational,0,302.3,311.0,1546,35.5,70
2025-06-08 16:00:00,M18668,No Failure,Operational,0,302.3,310.9,1762,24.5,73
2025-06-08 17:00:00,L50989,No Failure,Operational,0,302.2,310.8,1350,56.6,76
2025-06-08 18:00:00,M18670,No Failure,Operational,0,302.2,310.8,1562,38.1,78
2025-06-08 19:00:00,M18671,No Failure,Operational,0,302.1,310.7,1608,30.3,81
2025-06-08 20:00:00,L50992,No Failure,Operational,0,302.0,310.6,1392,50.0,84
2025-06-08 21:00:00,L50993,No Failure,Operational,0,302.0,310.6,1467,44.9,86
2025-06-08 22:00:00,M18674,Heat Dissipation Failure,Maintenance Required,1,302.1,310.6,1326,59.1,88
2025-06-08 23:00:00,L50995,No Failure,Operational,0,302.2,310.7,1769,24.9,91
2025-06-09 00:00:00,L50996,No Failure,Operational,0,302.1,310.6,1459,47.6,93
2025-06-09 01:00:00,M18677,No Failure,Operational,0,302.1,310.6,1421,52.0,95
2025-06-09 02:00:00,L50998,No Failure,Operational,0,302.1,310.7,1491,42.8,98
2025-06-09 03:00:00,L50999,No Failure,Operational,0,302.2,310.7,1567,36.4,100
2025-06-09 04:00:00,L51000,No Failure,Operational,0,302.3,310.8,1421,41.4,102
2025-06-09 05:00:00,L51001,No Failure,Operational,0,302.3,310.9,1596,33.5,104
2025-06-09 06:00:00,M18682,No Failure,Operational,0,302.4,311.0,1464,44.2,106
2025-06-09 07:00:00,M18683,No Failure,Operational,0,302.3,310.9,1581,36.1,109
2025-06-09 08:00:00,L51004,No Failure,Operational,0,302.3,310.9,1620,30.3,112
2025-06-09 09:00:00,H33239,No Failure,Operational,0,302.2,310.7,1413,48.9,114
2025-06-09 10:00:00,H33240,No Failure,Operational,0,302.3,310.8,1438,43.8,119
2025-06-09 11:00:00,M18687,No Failure,Operational,0,302.4,310.9,1469,41.6,124
2025-06-09 12:00:00,M18688,No Failure,Operational,0,302.3,310.8,1762,27.8,127
2025-06-09 13:00:00,H33243,Heat Dissipation Failure,Maintenance Required,1,302.3,310.9,1366,48.4,130
2025-06-09 14:00:00,L51010,No Failure,Operational,0,302.3,310.9,1891,22.7,135
2025-06-09 15:00:00,M18691,No Failure,Operational,0,302.3,310.9,1742,29.7,137
2025-06-09 16:00:00,M18692,No Failure,Operational,0,302.2,310.9,1465,43.5,140
2025-06-09 17:00:00,M18693,No Failure,Operational,0,302.3,311.0,1541,36.6,143
2025-06-09 18:00:00,M18694,No Failure,Operational,0,302.3,311.1,1295,57.1,146
2025-06-09 19:00:00,M18695,No Failure,Operational,0,302.3,311.1,1435,43.1,149
2025-06-09 20:00:00,L51016,No Failure,Operational,0,302.4,311.2,1466,43.9,152
2025-06-09 21:00:00,L51017,No Failure,Operational,0,302.4,311.2,1450,47.9,154
2025-06-09 22:00:00,L51018,No Failure,Operational,0,302.4,311.1,1880,24.5,156
2025-06-09 23:00:00,M18699,No Failure,Operational,0,302.3,311.0,1578,33.5,158
2025-06-10 00:00:00,L51020,No Failure,Operational,0,302.4,311.0,1610,33.1,161
2025-06-10 01:00:00,L51021,No Failure,Operational,0,302.4,311.1,1565,42.8,163
2025-06-10 02:00:00,L51022,No Failure,Operational,0,302.5,311.2,1545,40.1,165
2025-06-10 03:00:00,L51023,No Failure,Operational,0,302.5,311.2,1227,60.1,167
2025-06-10 04:00:00,L51024,No Failure,Operational,0,302.4,311.1,1484,45.9,169
2025-06-10 05:00:00,L51025,No Failure,Operational,0,302.3,311.0,1591,32.7,171
2025-06-10 06:00:00,L51026,No Failure,Operational,0,302.3,310.9,1403,47.2,173
2025-06-10 07:00:00,M18707,No Failure,Operational,0,302.3,311.0,1450,45.7,175
2025-06-10 08:00:00,L51028,No Failure,Operational,0,302.3,310.9,1720,28.1,178
2025-06-10 09:00:00,L51029,No Failure,Operational,0,302.3,311.0,1561,37.2,180
2025-06-10 10:00:00,M18710,No Failure,Operational,0,302.3,311.0,1421,41.3,182
2025-06-10 11:00:00,H33265,No Failure,Operational,0,302.2,310.9,1415,48.4,185
2025-06-10 12:00:00,L51032,No Failure,Operational,0,302.3,310.9,2034,19.7,190
2025-06-10 13:00:00,L51033,No Failure,Operational,0,302.4,311.0,1486,40.4,192
2025-06-10 14:00:00,L51034,Power Failure,Maintenance Required,1,302.4,311.0,1338,67.6,194
2025-06-10 15:00:00,H33269,No Failure,Operational,0,302.4,311.1,1578,32.3,196
2025-06-10 16:00:00,M18716,No Failure,Operational,0,302.4,311.2,1330,58.6,201
2025-06-10 17:00:00,H33271,No Failure,Operational,0,302.4,311.2,1506,40.8,204
2025-06-10 18:00:00,L51038,No Failure,Operational,0,302.5,311.4,1559,37.6,209
2025-06-10 19:00:00,L51039,No Failure,Operational,0,302.6,311.5,1599,37.0,211
2025-06-10 20:00:00,L51040,No Failure,Operational,0,302.6,311.5,1427,38.9,213
2025-06-10 21:00:00,M18721,No Failure,Operational,0,302.5,311.5,1481,41.1,215
2025-06-10 22:00:00,H33276,No Failure,Operational,0,302.5,311.5,1496,43.8,218
2025-06-10 23:00:00,L51043,No Failure,Operational,0,302.5,311.4,1674,27.0,223
2025-06-11 00:00:00,M18724,No Failure,Operational,0,302.5,311.4,1629,31.7,225
2025-06-11 01:00:00,H33279,Tool Wear Failure,Maintenance Required,1,302.6,311.5,1629,34.4,228
2025-06-11 02:00:00,L51046,No Failure,Operational,0,302.6,311.6,1311,53.2,0
2025-06-11 03:00:00,M18727,Power Failure,Maintenance Required,1,302.7,311.6,2709,9.7,2
2025-06-11 04:00:00,M18728,No Failure,Operational,0,302.7,311.7,1759,29.9,5
2025-06-11 05:00:00,L51049,No Failure,Operational,0,302.7,311.7,1480,45.2,8
2025-06-11 06:00:00,L51050,No Failure,Operational,0,302.7,311.8,1461,46.1,10
2025-06-11 07:00:00,M18731,No Failure,Operational,0,302.7,311.8,1728,30.0,12
2025-06-11 08:00:00,L51052,No Failure,Operational,0,302.7,311.9,1389,46.5,15
2025-06-11 09:00:00,L51053,No Failure,Operational,0,302.6,311.8,1638,35.1,17
2025-06-11 10:00:00,L51054,No Failure,Operational,0,302.6,311.7,1254,54.1,19
2025-06-11 11:00:00,L51055,No Failure,Operational,0,302.6,311.8,1427,50.1,21
2025-06-11 12:00:00,L51056,No Failure,Operational,0,302.6,311.8,1627,31.8,23
2025-06-11 13:00:00,H33291,No Failure,Operational,0,302.6,311.7,1471,48.3,25
2025-06-11 14:00:00,L51058,No Failure,Operational,0,302.6,311.7,1773,27.1,30
2025-06-11 15:00:00,M18739,No Failure,Operational,0,302.6,311.7,1430,51.7,32
2025-06-11 16:00:00,L51060,No Failure,Operational,0,302.5,311.6,1595,29.5,35
2025-06-11 17:00:00,L51061,No Failure,Operational,0,302.5,311.5,1521,44.1,37
2025-06-11 18:00:00,L51062,No Failure,Operational,0,302.5,311.6,1419,43.7,39
2025-06-11 19:00:00,M18743,No Failure,Operational,0,302.4,311.4,1534,40.1,41
2025-06-11 20:00:00,H33298,No Failure,Operational,0,302.5,311.5,1626,36.0,44
2025-06-11 21:00:00,L51065,No Failure,Operational,0,302.5,311.5,1677,29.2,49
2025-06-11 22:00:00,L51066,No Failure,Operational,0,302.4,311.3,1392,50.5,51
2025-06-11 23:00:00,L51067,No Failure,Operational,0,302.4,311.2,1448,50.5,53
2025-06-12 00:00:00,L51068,No Failure,Operational,0,302.3,311.2,1903,22.9,55
2025-06-12 01:00:00,L51069,No Failure,Operational,0,302.4,311.2,1404,52.0,57
2025-06-12 02:00:00,L51070,No Failure,Operational,0,302.3,311.2,1386,53.5,59
2025-06-12 03:00:00,L51071,No Failure,Operational,0,302.2,311.1,1418,47.0,61
2025-06-12 04:00:00,M18752,No Failure,Operational,0,302.3,311.1,1338,53.3,63
2025-06-12 05:00:00,L51073,No Failure,Operational,0,302.3,311.2,1549,40.6,66
2025-06-12 06:00:00,M18754,No Failure,Operational,0,302.3,311.2,1432,42.7,68
2025-06-12 07:00:00,M18755,No Failure,Operational,0,302.3,311.2,1546,40.0,71
2025-06-12 08:00:00,M18756,No Failure,Operational,0,302.2,311.2,1627,33.2,74
2025-06-12 09:00:00,M18757,No Failure,Operational,0,302.2,311.1,1640,32.8,77
2025-06-12 10:00:00,M18758,No Failure,Operational,0,302.1,311.1,1423,36.8,80
2025-06-12 11:00:00,M18759,No Failure,Operational,0,302.1,311.0,1711,28.7,83
2025-06-12 12:00:00,M18760,No Failure,Operational,0,302.1,311.1,1450,51.6,86
2025-06-12 13:00:00,H33315,No Failure,Operational,0,302.2,311.1,1553,34.1,89
2025-06-12 14:00:00,L51082,No Failure,Operational,0,302.2,311.1,1630,34.6,94
2025-06-12 15:00:00,H33317,No Failure,Operational,0,302.2,311.1,1476,39.6,96
2025-06-12 16:00:00,H33318,No Failure,Operational,0,302.2,311.1,1426,50.6,101
2025-06-12 17:00:00,M18765,No Failure,Operational,0,302.2,311.2,1561,34.9,106
2025-06-12 18:00:00,L51086,No Failure,Operational,0,302.3,311.2,1297,62.5,109
2025-06-12 19:00:00,M18767,No Failure,Operational,0,302.3,311.2,1842,23.9,111
2025-06-12 20:00:00,L51088,No Failure,Operational,0,302.3,311.2,1633,36.4,114
2025-06-12 21:00:00,H33323,No Failure,Operational,0,302.3,311.3,1744,30.3,116
2025-06-12 22:00:00,L51090,No Failure,Operational,0,302.4,311.4,1831,26.9,121
2025-06-12 23:00:00,M18771,No Failure,Operational,0,302.3,311.3,1339,50.8,123
2025-06-13 00:00:00,L51092,No Failure,Operational,0,302.4,311.4,1475,40.4,126
2025-06-13 01:00:00,M18773,No Failure,Operational,0,302.4,311.4,1675,29.6,128
2025-06-13 02:00:00,L51094,No Failure,Operational,0,302.5,311.5,1493,35.1,131
2025-06-13 03:00:00,L51095,No Failure,Operational,0,302.5,311.5,1700,29.5,133
2025-06-13 04:00:00,L51096,No Failure,Operational,0,302.6,311.6,1453,37.0,135
2025-06-13 05:00:00,L51097,No Failure,Operational,0,302.6,311.7,1542,34.1,137
2025-06-13 06:00:00,M18778,No Failure,Operational,0,302.5,311.5,1358,52.7,139
2025-06-13 07:00:00,H33333,No Failure,Operational,0,302.5,311.5,1655,32.3,142
2025-06-13 08:00:00,L51100,No Failure,Operational,0,302.6,311.5,1885,27.5,147
2025-06-13 09:00:00,L51101,No Failure,Operational,0,302.7,311.5,1494,41.4,149
2025-06-13 10:00:00,M18782,No Failure,Operational,0,302.6,311.4,1757,29.5,151
2025-06-13 11:00:00,M18783,No Failure,Operational,0,302.6,311.4,1718,31.2,154
2025-06-13 12:00:00,M18784,No Failure,Operational,0,302.5,311.4,1636,35.0,157
2025-06-13 13:00:00,L51105,No Failure,Operational,0,302.6,311.6,1638,29.6,160
2025-06-13 14:00:00,L51106,No Failure,Operational,0,302.6,311.5,1609,36.0,162
2025-06-13 15:00:00,H33341,No Failure,Operational,0,302.7,311.5,1556,35.0,164
2025-06-13 16:00:00,L51108,Power Failure,Maintenance Required,1,302.6,311.5,1442,59.8,169
2025-06-13 17:00:00,M18789,No Failure,Operational,0,302.7,311.6,1501,38.8,171
2025-06-13 18:00:00,M18790,No Failure,Operational,0,302.6,311.6,2041,19.2,174
2025-06-13 19:00:00,M18791,No Failure,Operational,0,302.7,311.7,1784,25.1,177
2025-06-13 20:00:00,L51112,No Failure,Operational,0,302.6,311.6,1953,22.4,180
2025-06-13 21:00:00,L51113,No Failure,Operational,0,302.6,311.6,1576,34.7,182
2025-06-13 22:00:00,M18794,No Failure,Operational,0,302.6,311.6,1518,39.0,184
2025-06-13 23:00:00,M18795,Overstrain Failure,Maintenance Required,1,302.6,311.6,1227,68.2,187
2025-06-14 00:00:00,L51116,No Failure,Operational,0,302.5,311.5,1985,18.8,190
2025-06-14 01:00:00,L51117,No Failure,Operational,0,302.5,311.5,1802,26.4,192
2025-06-14 02:00:00,L51118,No Failure,Operational,0,302.5,311.5,1603,32.4,194
2025-06-14 03:00:00,L51119,No Failure,Operational,0,302.5,311.6,1400,54.0,196
2025-06-14 04:00:00,L51120,No Failure,Operational,0,302.3,311.5,1395,54.2,198
2025-06-14 05:00:00,L51121,No Failure,Operational,0,302.2,311.4,1987,19.9,200
2025-06-14 06:00:00,M18802,No Failure,Operational,0,302.2,311.4,1398,47.2,202
2025-06-14 07:00:00,L51123,Power Failure,Maintenance Required,1,302.3,311.4,1333,66.7,205
2025-06-14 08:00:00,L51124,No Failure,Operational,0,302.2,311.2,1381,49.4,207
2025-06-14 09:00:00,L51125,No Failure,Operational,0,302.2,311.3,1570,36.1,0
2025-06-14 10:00:00,M18806,No Failure,Operational,0,302.2,311.3,1658,31.0,2
2025-06-14 11:00:00,H33361,No Failure,Operational,0,302.2,311.3,1749,29.2,5
2025-06-14 12:00:00,M18808,No Failure,Operational,0,302.2,311.3,1510,37.1,10
2025-06-14 13:00:00,L51129,No Failure,Operational,0,302.3,311.5,1384,50.8,13
2025-06-14 14:00:00,L51130,No Failure,Operational,0,302.3,311.4,1570,37.2,15
2025-06-14 15:00:00,M18811,No Failure,Operational,0,302.3,311.4,1571,32.7,17
2025-06-14 16:00:00,L51132,No Failure,Operational,0,302.3,311.4,1476,37.3,20
2025-06-14 17:00:00,M18813,No Failure,Operational,0,302.3,311.4,1484,39.5,22
2025-06-14 18:00:00,M18814,No Failure,Operational,0,302.3,311.4,1909,23.2,25
2025-06-14 19:00:00,L51135,No Failure,Operational,0,302.3,311.5,1448,49.6,28
2025-06-14 20:00:00,M18816,No Failure,Operational,0,302.3,311.4,1500,40.2,30
2025-06-14 21:00:00,L51137,No Failure,Operational,0,302.2,311.4,1510,44.9,33
2025-06-14 22:00:00,L51138,No Failure,Operational,0,302.2,311.3,1378,55.5,35
2025-06-14 23:00:00,M18819,No Failure,Operational,0,302.2,311.4,1538,37.4,37
2025-06-15 00:00:00,L51140,No Failure,Operational,0,302.2,311.4,1390,48.1,40
2025-06-15 01:00:00,M18821,No Failure,Operational,0,302.2,311.4,1642,32.1,42
2025-06-15 02:00:00,L51142,No Failure,Operational,0,302.4,311.5,1785,24.8,45
2025-06-15 03:00:00,H33377,No Failure,Operational,0,302.3,311.5,1526,38.2,47
2025-06-15 04:00:00,M18824,No Failure,Operational,0,302.3,311.6,1668,33.2,52
2025-06-15 05:00:00,L51145,No Failure,Operational,0,302.3,311.5,1507,37.5,55
2025-06-15 06:00:00,L51146,No Failure,Operational,0,302.3,311.5,1530,37.8,57
2025-06-15 07:00:00,M18827,No Failure,Operational,0,302.3,311.4,1479,45.6,59
2025-06-15 08:00:00,M18828,No Failure,Operational,0,302.3,311.4,1418,41.3,62
2025-06-15 09:00:00,L51149,No Failure,Operational,0,302.3,311.4,1504,38.7,65
2025-06-15 10:00:00,M18830,No Failure,Operational,0,302.3,311.4,1345,47.6,67
2025-06-15 11:00:00,H33385,No Failure,Operational,0,302.2,311.4,1625,35.4,70
2025-06-15 12:00:00,L51152,No Failure,Operational,0,302.3,311.4,1511,34.7,75
2025-06-15 13:00:00,L51153,No Failure,Operational,0,302.3,311.4,1535,41.8,77
2025-06-15 14:00:00,L51154,No Failure,Operational,0,302.4,311.5,1505,37.9,79
2025-06-15 15:00:00,H33389,No Failure,Operational,0,302.4,311.5,1540,43.7,81
2025-06-15 16:00:00,H33390,No Failure,Operational,0,302.3,311.4,1372,46.0,86
2025-06-15 17:00:00,M18837,No Failure,Operational,0,302.2,311.3,1510,36.6,91
2025-06-15 18:00:00,L51158,No Failure,Operational,0,302.2,311.3,1382,46.4,94
2025-06-15 19:00:00,L51159,No Failure,Operational,0,302.3,311.3,1439,41.8,96
2025-06-15 20:00:00,M18840,No Failure,Operational,0,302.2,311.3,1375,47.0,98
2025-06-15 21:00:00,M18841,No Failure,Operational,0,302.2,311.3,1931,21.9,101
2025-06-15 22:00:00,L51162,No Failure,Operational,0,302.2,311.3,1475,48.6,104
2025-06-15 23:00:00,L51163,No Failure,Operational,0,302.2,311.3,1389,46.9,106
2025-06-16 00:00:00,L51164,No Failure,Operational,0,302.3,311.3,1652,32.8,108
2025-06-16 01:00:00,L51165,No Failure,Operational,0,302.3,311.2,1386,50.3,110
2025-06-16 02:00:00,M18846,No Failure,Operational,0,302.2,311.3,1577,29.8,112
2025-06-16 03:00:00,M18847,No Failure,Operational,0,302.3,311.3,1444,43.1,115
2025-06-16 04:00:00,L51168,No Failure,Operational,0,302.2,311.3,1554,40.2,118
2025-06-16 05:00:00,L51169,No Failure,Operational,0,302.2,311.3,1602,32.8,120
2025-06-16 06:00:00,H33404,No Failure,Operational,0,302.2,311.2,1692,28.2,122
2025-06-16 07:00:00,L51171,No Failure,Operational,0,302.3,311.3,1682,34.4,127
2025-06-16 08:00:00,L51172,No Failure,Operational,0,302.3,311.3,1614,34.1,129
2025-06-16 09:00:00,L51173,No Failure,Operational,0,302.3,311.3,1324,47.8,131
2025-06-16 10:00:00,L51174,No Failure,Operational,0,302.3,311.4,1434,40.3,133
2025-06-16 11:00:00,L51175,No Failure,Operational,0,302.3,311.3,1621,31.6,135
2025-06-16 12:00:00,M18856,No Failure,Operational,0,302.3,311.3,1625,33.1,137
2025-06-16 13:00:00,L51177,No Failure,Operational,0,302.2,311.1,1394,53.7,140
2025-06-16 14:00:00,L51178,No Failure,Operational,0,302.1,311.0,1586,35.1,142
2025-06-16 15:00:00,L51179,No Failure,Operational,0,302.0,311.0,1420,45.9,144
2025-06-16 16:00:00,L51180,No Failure,Operational,0,302.1,311.2,1422,50.3,146
2025-06-16 17:00:00,H33415,No Failure,Operational,0,302.1,311.2,1598,37.9,148
2025-06-16 18:00:00,L51182,Power Failure,Maintenance Required,1,302.1,311.2,1454,59.2,153
2025-06-16 19:00:00,L51183,No Failure,Operational,0,302.1,311.2,1519,39.3,155
2025-06-16 20:00:00,L51184,No Failure,Operational,0,302.0,311.1,1373,55.7,157
2025-06-16 21:00:00,M18865,No Failure,Operational,0,302.0,311.1,1406,48.8,159
2025-06-16 22:00:00,L51186,No Failure,Operational,0,302.1,311.2,1492,45.0,162
2025-06-16 23:00:00,L51187,No Failure,Operational,0,302.1,311.2,1369,50.8,164
2025-06-17 00:00:00,M18868,No Failure,Operational,0,302.2,311.2,1471,41.9,166
2025-06-17 01:00:00,L51189,No Failure,Operational,0,302.2,311.2,1630,36.0,169
2025-06-17 02:00:00,M18870,No Failure,Operational,0,302.1,311.1,1605,37.6,171
2025-06-17 03:00:00,L51191,No Failure,Operational,0,302.2,311.1,1447,52.1,174
2025-06-17 04:00:00,M18872,No Failure,Operational,0,302.2,311.2,1360,52.8,176
2025-06-17 05:00:00,M18873,No Failure,Operational,0,302.2,311.1,1728,34.0,179
2025-06-17 06:00:00,L51194,No Failure,Operational,0,302.1,311.0,1740,30.8,182
2025-06-17 07:00:00,L51195,No Failure,Operational,0,302.1,310.9,1477,41.4,184
2025-06-17 08:00:00,L51196,No Failure,Operational,0,302.1,310.9,1658,30.3,186
2025-06-17 09:00:00,L51197,No Failure,Operational,0,302.0,310.8,1902,23.4,188
2025-06-17 10:00:00,M18878,No Failure,Operational,0,302.0,310.8,1783,23.1,190
2025-06-17 11:00:00,M18879,No Failure,Operational,0,302.0,310.9,1558,45.3,193
2025-06-17 12:00:00,L51200,No Failure,Operational,0,302.1,311.0,1351,49.5,196
2025-06-17 13:00:00,H33435,No Failure,Operational,0,302.1,310.9,1452,42.5,198
2025-06-17 14:00:00,L51202,No Failure,Operational,0,302.1,310.9,1666,30.7,203
2025-06-17 15:00:00,L51203,No Failure,Operational,0,302.1,311.0,1364,50.0,205
2025-06-17 16:00:00,M18884,Overstrain Failure,Maintenance Required,1,302.1,311.0,1351,60.3,207
2025-06-17 17:00:00,H33439,No Failure,Operational,0,302.1,311.0,1729,26.1,210
2025-06-17 18:00:00,M18886,No Failure,Operational,0,302.1,311.0,1574,34.1,215
2025-06-17 19:00:00,L51207,No Failure,Operational,0,302.0,311.0,1566,37.8,218
2025-06-17 20:00:00,L51208,No Failure,Operational,0,302.0,310.9,1455,43.2,220
2025-06-17 21:00:00,H33443,No Failure,Operational,0,302.0,310.9,1679,29.0,222
2025-06-17 22:00:00,L51210,No Failure,Operational,0,302.0,310.8,2143,17.3,227
2025-06-17 23:00:00,L51211,No Failure,Operational,0,302.0,310.8,1447,42.7,229
2025-06-18 00:00:00,L51212,Overstrain Failure,Maintenance Required,1,302.0,310.8,1383,50.3,231
2025-06-18 01:00:00,L51213,No Failure,Operational,0,302.1,310.8,1772,27.1,233
2025-06-18 02:00:00,L51214,Tool Wear Failure,Maintenance Required,1,302.0,310.8,1615,29.0,235
2025-06-18 03:00:00,L51215,No Failure,Operational,0,302.0,310.8,1454,36.6,0
2025-06-18 04:00:00,L51216,No Failure,Operational,0,302.0,310.8,1445,49.1,2
2025-06-18 05:00:00,M18897,No Failure,Operational,0,302.0,310.8,1609,35.2,4
2025-06-18 06:00:00,L51218,No Failure,Operational,0,302.0,310.9,1546,34.4,7
2025-06-18 07:00:00,L51219,No Failure,Operational,0,301.9,310.8,1567,39.3,9
2025-06-18 08:00:00,L51220,No Failure,Operational,0,302.0,310.8,1767,27.4,11
2025-06-18 09:00:00,L51221,No Failure,Operational,0,302.0,310.9,1539,34.2,13
2025-06-18 10:00:00,L51222,No Failure,Operational,0,302.0,310.9,1564,39.0,15
2025-06-18 11:00:00,M18903,No Failure,Operational,0,302.0,310.8,1445,46.3,17
2025-06-18 12:00:00,M18904,No Failure,Maintenance Required,1,301.9,310.9,1419,47.7,20
2025-06-18 13:00:00,M18905,No Failure,Operational,0,301.8,310.9,1881,20.9,23
2025-06-18 14:00:00,M18906,No Failure,Operational,0,301.9,310.9,1421,46.2,26
2025-06-18 15:00:00,L51227,No Failure,Operational,0,301.9,311.0,1455,46.0,29
2025-06-18 16:00:00,L51228,Power Failure,Maintenance Required,1,301.9,311.0,2691,12.1,31
2025-06-18 17:00:00,L51229,No Failure,Operational,0,301.8,310.8,1505,41.2,33
2025-06-18 18:00:00,L51230,No Failure,Operational,0,301.8,310.8,1456,46.6,35
2025-06-18 19:00:00,L51231,No Failure,Operational,0,301.8,310.8,1383,46.4,37
2025-06-18 20:00:00,M18912,No Failure,Operational,0,301.9,310.8,1563,39.2,39
2025-06-18 21:00:00,M18913,No Failure,Operational,0,301.9,310.9,2305,16.1,42
2025-06-18 22:00:00,M18914,No Failure,Operational,0,301.9,310.9,1456,43.6,45
2025-06-18 23:00:00,L51235,No Failure,Operational,0,302.0,311.0,1865,22.7,48
2025-06-19 00:00:00,L51236,No Failure,Operational,0,301.9,310.9,1597,36.9,50
2025-06-19 01:00:00,L51237,No Failure,Operational,0,302.0,310.9,1495,38.6,52
2025-06-19 02:00:00,M18918,No Failure,Operational,0,302.0,310.9,1456,47.2,54
2025-06-19 03:00:00,L51239,No Failure,Operational,0,301.9,310.8,1465,44.3,57
2025-06-19 04:00:00,M18920,No Failure,Operational,0,302.0,310.9,1352,55.5,59
2025-06-19 05:00:00,L51241,No Failure,Operational,0,301.9,310.8,1906,21.7,62
2025-06-19 06:00:00,L51242,No Failure,Operational,0,302.0,310.9,1446,44.0,64
2025-06-19 07:00:00,L51243,No Failure,Operational,0,302.0,310.8,1948,19.7,66
2025-06-19 08:00:00,L51244,No Failure,Operational,0,301.9,310.7,1480,47.1,68
2025-06-19 09:00:00,M18925,No Failure,Operational,0,301.9,310.7,1511,37.6,70
2025-06-19 10:00:00,M18926,No Failure,Operational,0,301.9,310.7,1472,47.0,73
2025-06-19 11:00:00,L51247,No Failure,Operational,0,301.9,310.7,1429,51.0,76
2025-06-19 12:00:00,L51248,No Failure,Operational,0,301.9,310.7,1405,48.8,78
2025-06-19 13:00:00,M18929,No Failure,Operational,0,301.9,310.7,1405,47.9,80
2025-06-19 14:00:00,L51250,No Failure,Operational,0,302.0,310.7,1348,58.1,83
2025-06-19 15:00:00,L51251,Power Failure,Maintenance Required,1,301.9,310.6,1331,68.6,85
2025-06-19 16:00:00,L51252,No Failure,Operational,0,301.9,310.6,1610,33.4,87
2025-06-19 17:00:00,M18933,No Failure,Operational,0,301.9,310.6,1412,46.5,89
2025-06-19 18:00:00,L51254,No Failure,Operational,0,302.0,310.7,1453,42.7,92
2025-06-19 19:00:00,L51255,No Failure,Operational,0,302.0,310.6,1583,38.9,94
2025-06-19 20:00:00,M18936,No Failure,Operational,0,302.0,310.6,1539,37.4,96
2025-06-19 21:00:00,L51257,No Failure,Operational,0,302.0,310.5,1635,39.8,99
2025-06-19 22:00:00,H33492,Heat Dissipation Failure,Maintenance Required,1,302.1,310.7,1294,62.4,101
2025-06-19 23:00:00,L51259,No Failure,Operational,0,302.0,310.5,1978,22.0,106
2025-06-20 00:00:00,L51260,Heat Dissipation Failure,Maintenance Required,1,302.0,310.4,1357,58.0,108
2025-06-20 01:00:00,L51261,Heat Dissipation Failure,Maintenance Required,1,302.0,310.4,1336,58.2,110
2025-06-20 02:00:00,L51262,No Failure,Operational,0,302.0,310.4,1568,39.2,112
2025-06-20 03:00:00,M18943,No Failure,Operational,0,302.0,310.4,1567,36.4,114
2025-06-20 04:00:00,L51264,No Failure,Operational,0,302.0,310.4,1611,35.6,117
2025-06-20 05:00:00,H33499,No Failure,Operational,0,302.0,310.5,1841,23.6,119
2025-06-20 06:00:00,L51266,No Failure,Operational,0,302.0,310.5,1567,36.1,124
2025-06-20 07:00:00,L51267,Heat Dissipation Failure,Maintenance Required,1,301.9,310.4,1376,54.9,126
2025-06-20 08:00:00,L51268,No Failure,Operational,0,301.9,310.5,1477,42.4,128
2025-06-20 09:00:00,M18949,No Failure,Operational,0,301.9,310.5,1590,40.3,130
2025-06-20 10:00:00,L51270,No Failure,Operational,0,302.0,310.5,2197,15.8,133
2025-06-20 11:00:00,M18951,No Failure,Operational,0,302.0,310.4,1595,32.9,135
2025-06-20 12:00:00,H33506,No Failure,Operational,0,302.0,310.5,1812,24.4,138
2025-06-20 13:00:00,M18953,No Failure,Operational,0,302.0,310.5,1573,32.1,143
2025-06-20 14:00:00,L51274,No Failure,Operational,0,302.0,310.5,1651,30.9,146
2025-06-20 15:00:00,H33509,No Failure,Operational,0,302.0,310.5,1459,43.2,148
2025-06-20 16:00:00,L51276,Heat Dissipation Failure,Maintenance Required,1,301.9,310.4,1370,51.7,153
2025-06-20 17:00:00,L51277,No Failure,Operational,0,301.9,310.4,1518,34.1,155
2025-06-20 18:00:00,L51278,No Failure,Operational,0,302.0,310.3,1648,29.6,157
2025-06-20 19:00:00,L51279,No Failure,Operational,0,302.0,310.4,1464,47.2,159
2025-06-20 20:00:00,L51280,No Failure,Operational,0,302.0,310.4,1895,23.2,161
2025-06-20 21:00:00,L51281,No Failure,Operational,0,301.9,310.4,1884,23.4,163
2025-06-20 22:00:00,L51282,No Failure,Operational,0,302.0,310.4,1450,46.6,165
2025-06-20 23:00:00,L51283,No Failure,Operational,0,302.0,310.4,1448,43.4,167
2025-06-21 00:00:00,L51284,No Failure,Operational,0,302.1,310.5,1389,49.6,169
2025-06-21 01:00:00,L51285,No Failure,Operational,0,302.0,310.6,1583,35.2,171
2025-06-21 02:00:00,L51286,No Failure,Operational,0,301.9,310.5,1425,51.1,173
2025-06-21 03:00:00,L51287,No Failure,Operational,0,302.0,310.5,1809,27.1,175
2025-06-21 04:00:00,L51288,No Failure,Operational,0,301.9,310.5,1892,21.8,177
2025-06-21 05:00:00,M18969,No Failure,Operational,0,301.9,310.6,1475,47.8,179
2025-06-21 06:00:00,L51290,No Failure,Operational,0,302.0,310.6,1361,46.7,182
2025-06-21 07:00:00,M18971,No Failure,Operational,0,302.0,310.6,1563,41.0,184
2025-06-21 08:00:00,H33526,No Failure,Operational,0,301.9,310.5,1472,39.7,187
2025-06-21 09:00:00,L51293,No Failure,Operational,0,302.0,310.6,1325,55.3,192
2025-06-21 10:00:00,L51294,No Failure,Operational,0,302.0,310.6,1358,53.1,194
2025-06-21 11:00:00,H33529,No Failure,Operational,0,302.0,310.6,1346,54.7,196
2025-06-21 12:00:00,M18976,No Failure,Operational,0,302.0,310.5,1381,58.4,201
2025-06-21 13:00:00,L51297,Overstrain Failure,Maintenance Required,1,301.9,310.5,1340,55.7,204
2025-06-21 14:00:00,L51298,No Failure,Operational,0,302.0,310.6,1366,47.7,206
2025-06-21 15:00:00,L51299,Heat Dissipation Failure,Maintenance Required,1,302.1,310.7,1325,45.1,208
2025-06-21 16:00:00,M18980,Heat Dissipation Failure,Maintenance Required,1,302.1,310.7,1376,46.3,210
2025-06-21 17:00:00,M18981,Heat Dissipation Failure,Maintenance Required,1,302.1,310.7,1364,47.8,213
2025-06-21 18:00:00,L51302,No Failure,Operational,0,302.2,310.6,1462,43.6,0
2025-06-21 19:00:00,M18983,No Failure,Operational,0,302.1,310.6,1517,38.9,2
2025-06-21 20:00:00,L51304,No Failure,Operational,0,302.1,310.6,1385,53.6,5
2025-06-21 21:00:00,L51305,No Failure,Operational,0,302.1,310.6,1439,40.0,7
2025-06-21 22:00:00,M18986,No Failure,Operational,0,302.0,310.6,1623,34.3,9
2025-06-21 23:00:00,H33541,No Failure,Operational,0,302.0,310.6,1438,43.2,12
2025-06-22 00:00:00,L51308,No Failure,Operational,0,301.9,310.4,1708,24.8,17
2025-06-22 01:00:00,M18989,No Failure,Operational,0,301.8,310.3,1666,32.7,19
2025-06-22 02:00:00,L51310,Heat Dissipation Failure,Maintenance Required,1,301.9,310.4,1286,62.8,22
2025-06-22 03:00:00,L51311,No Failure,Operational,0,301.9,310.3,1485,46.3,24
2025-06-22 04:00:00,M18992,No Failure,Operational,0,301.8,310.3,1409,52.5,26
2025-06-22 05:00:00,L51313,No Failure,Operational,0,301.8,310.3,1765,27.3,29
2025-06-22 06:00:00,L51314,No Failure,Operational,0,301.8,310.3,1688,28.8,31
2025-06-22 07:00:00,M18995,No Failure,Operational,0,301.7,310.3,1787,26.7,33
2025-06-22 08:00:00,L51316,No Failure,Operational,0,301.7,310.1,1487,48.0,36
2025-06-22 09:00:00,L51317,No Failure,Operational,0,301.7,310.1,1384,50.5,38
2025-06-22 10:00:00,L51318,Heat Dissipation Failure,Maintenance Required,1,301.7,310.2,1311,57.4,40
2025-06-22 11:00:00,H33553,No Failure,Operational,0,301.7,310.2,1620,30.8,42
2025-06-22 12:00:00,L51320,Heat Dissipation Failure,Maintenance Required,1,301.7,310.2,1331,61.2,47
2025-06-22 13:00:00,H33555,No Failure,Operational,0,301.7,310.1,1462,38.3,49
2025-06-22 14:00:00,L51322,No Failure,Operational,0,301.7,310.1,1424,50.2,54
2025-06-22 15:00:00,L51323,No Failure,Operational,0,301.7,310.1,1500,39.6,56
2025-06-22 16:00:00,L51324,No Failure,Operational,0,301.8,310.1,1738,28.0,58
2025-06-22 17:00:00,M19005,No Failure,Operational,0,301.8,310.3,1465,46.5,60
2025-06-22 18:00:00,L51326,No Failure,Operational,0,301.8,310.3,1482,41.4,63
2025-06-22 19:00:00,L51327,No Failure,Operational,0,301.9,310.3,1398,44.0,65
2025-06-22 20:00:00,L51328,No Failure,Operational,0,301.9,310.3,1972,21.3,67
2025-06-22 21:00:00,L51329,No Failure,Operational,0,301.9,310.4,1603,37.6,69
2025-06-22 22:00:00,L51330,No Failure,Operational,0,301.9,310.4,1610,34.8,71
2025-06-22 23:00:00,M19011,Heat Dissipation Failure,Maintenance Required,1,301.9,310.4,1373,48.0,73
2025-06-23 00:00:00,M19012,No Failure,Operational,0,302.0,310.5,1425,44.7,76
2025-06-23 01:00:00,M19013,Heat Dissipation Failure,Maintenance Required,1,302.0,310.4,1212,55.6,79
2025-06-23 02:00:00,M19014,No Failure,Operational,0,302.0,310.4,1828,26.3,82
2025-06-23 03:00:00,L51335,Heat Dissipation Failure,Maintenance Required,1,302.0,310.5,1370,44.4,85
2025-06-23 04:00:00,M19016,No Failure,Operational,0,302.0,310.5,1823,25.1,87
2025-06-23 05:00:00,L51337,Heat Dissipation Failure,Maintenance Required,1,302.0,310.5,1263,60.6,90
2025-06-23 06:00:00,L51338,No Failure,Operational,0,301.9,310.4,1889,21.5,92
2025-06-23 07:00:00,M19019,No Failure,Operational,0,302.0,310.5,1639,32.9,94
2025-06-23 08:00:00,M19020,No Failure,Operational,0,302.0,310.4,1608,33.1,97
2025-06-23 09:00:00,H33575,No Failure,Operational,0,301.9,310.3,1653,32.4,100
2025-06-23 10:00:00,L51342,No Failure,Operational,0,302.0,310.4,1591,29.8,105
2025-06-23 11:00:00,L51343,No Failure,Operational,0,302.1,310.5,1696,30.9,107
2025-06-23 12:00:00,L51344,Heat Dissipation Failure,Maintenance Required,1,302.2,310.6,1346,47.5,109
2025-06-23 13:00:00,M19025,No Failure,Operational,0,302.2,310.5,1507,40.4,111
2025-06-23 14:00:00,H33580,No Failure,Operational,0,302.3,310.6,1525,48.7,114
2025-06-23 15:00:00,M19027,No Failure,Operational,0,302.3,310.7,1559,33.9,119
2025-06-23 16:00:00,L51348,No Failure,Operational,0,302.2,310.6,1632,30.5,122
2025-06-23 17:00:00,L51349,No Failure,Operational,0,302.1,310.5,1559,36.0,124
2025-06-23 18:00:00,M19030,Heat Dissipation Failure,Maintenance Required,1,302.2,310.6,1355,51.5,126
2025-06-23 19:00:00,M19031,No Failure,Operational,0,302.2,310.5,1832,23.7,129
2025-06-23 20:00:00,L51352,No Failure,Operational,0,302.2,310.6,1386,50.0,132
2025-06-23 21:00:00,M19033,Heat Dissipation Failure,Maintenance Required,1,302.2,310.6,1346,49.2,134
2025-06-23 22:00:00,L51354,No Failure,Operational,0,302.3,310.7,1499,37.8,137
2025-06-23 23:00:00,L51355,No Failure,Operational,0,302.3,310.7,1612,33.4,139
2025-06-24 00:00:00,M19036,No Failure,Operational,0,302.3,310.7,1544,39.7,141
2025-06-24 01:00:00,L51357,No Failure,Operational,0,302.5,310.9,1477,39.2,144
2025-06-24 02:00:00,L51358,No Failure,Operational,0,302.5,310.9,1624,34.4,146
2025-06-24 03:00:00,L51359,Heat Dissipation Failure,Maintenance Required,1,302.4,310.9,1349,46.1,148
2025-06-24 04:00:00,L51360,No Failure,Operational,0,302.4,310.8,1686,28.8,150
2025-06-24 05:00:00,M19041,No Failure,Operational,0,302.4,310.7,1521,40.4,152
2025-06-24 06:00:00,L51362,Heat Dissipation Failure,Maintenance Required,1,302.4,310.7,1362,54.8,155
2025-06-24 07:00:00,L51363,No Failure,Operational,0,302.3,310.7,1402,50.9,157
2025-06-24 08:00:00,L51364,Heat Dissipation Failure,Maintenance Required,1,302.2,310.6,1334,53.2,159
2025-06-24 09:00:00,L51365,Heat Dissipation Failure,Maintenance Required,1,302.2,310.6,1348,48.4,161
2025-06-24 10:00:00,M19046,No Failure,Operational,0,302.2,310.6,1570,34.6,163
2025-06-24 11:00:00,M19047,No Failure,Operational,0,302.2,310.7,1601,33.0,166
2025-06-24 12:00:00,M19048,No Failure,Operational,0,302.3,310.8,1611,31.8,169
2025-06-24 13:00:00,L51369,No Failure,Operational,0,302.4,310.9,1560,31.8,172
2025-06-24 14:00:00,H33604,No Failure,Operational,0,302.4,310.9,1444,40.7,174
2025-06-24 15:00:00,L51371,No Failure,Operational,0,302.4,311.0,1317,59.4,179
2025-06-24 16:00:00,M19052,No Failure,Operational,0,302.5,311.0,1463,43.1,181
2025-06-24 17:00:00,L51373,No Failure,Operational,0,302.4,311.1,1634,34.2,184
2025-06-24 18:00:00,L51374,No Failure,Operational,0,302.4,311.0,1423,46.2,186
2025-06-24 19:00:00,L51375,No Failure,Operational,0,302.5,311.0,1548,38.4,188
2025-06-24 20:00:00,M19056,No Failure,Operational,0,302.5,311.0,1563,35.6,190
2025-06-24 21:00:00,L51377,No Failure,Operational,0,302.4,311.0,1573,36.5,193
2025-06-24 22:00:00,M19058,No Failure,Operational,0,302.4,311.1,1432,44.5,195
2025-06-24 23:00:00,M19059,No Failure,Operational,0,302.5,311.1,1638,32.0,198
2025-06-25 00:00:00,L51380,No Failure,Operational,0,302.5,311.1,1571,34.2,201
2025-06-25 01:00:00,L51381,No Failure,Operational,0,302.4,311.0,2211,15.4,203
2025-06-25 02:00:00,L51382,No Failure,Operational,0,302.4,311.0,1555,40.6,205
2025-06-25 03:00:00,M19063,No Failure,Operational,0,302.3,310.9,1558,31.9,207
2025-06-25 04:00:00,M19064,No Failure,Operational,0,302.3,310.9,1523,43.2,210
2025-06-25 05:00:00,L51385,No Failure,Operational,0,302.3,310.8,1723,26.3,213
2025-06-25 06:00:00,M19066,No Failure,Operational,0,302.3,310.8,1721,28.4,215
2025-06-25 07:00:00,M19067,Tool Wear Failure,Maintenance Required,1,302.3,310.9,1710,30.4,218
2025-06-25 08:00:00,M19068,No Failure,Operational,0,302.3,310.9,1627,32.3,0
2025-06-25 09:00:00,M19069,No Failure,Operational,0,302.2,310.8,1422,47.0,3
2025-06-25 10:00:00,L51390,No Failure,Operational,0,302.1,310.8,1565,35.3,6
2025-06-25 11:00:00,L51391,Heat Dissipation Failure,Maintenance Required,1,302.1,310.7,1314,52.8,8
2025-06-25 12:00:00,M19072,No Failure,Operational,0,302.0,310.6,1392,60.5,10
2025-06-25 13:00:00,L51393,No Failure,Operational,0,302.1,310.7,1465,40.7,13
2025-06-25 14:00:00,L51394,No Failure,Operational,0,301.9,310.6,1573,36.6,15
2025-06-25 15:00:00,M19075,No Failure,Operational,0,302.0,310.7,2157,17.8,17
2025-06-25 16:00:00,L51396,No Failure,Operational,0,301.9,310.7,1370,50.3,20
2025-06-25 17:00:00,L51397,No Failure,Operational,0,301.9,310.6,1462,38.8,22
2025-06-25 18:00:00,M19078,No Failure,Operational,0,302.0,310.6,1479,40.5,24
2025-06-25 19:00:00,L51399,No Failure,Operational,0,301.9,310.7,1717,26.8,27
2025-06-25 20:00:00,M19080,No Failure,Operational,0,301.9,310.6,1260,65.9,29
2025-06-25 21:00:00,L51401,No Failure,Operational,0,301.9,310.6,1467,39.3,32
2025-06-25 22:00:00,M19082,No Failure,Operational,0,302.0,310.6,1535,38.6,34
2025-06-25 23:00:00,L51403,No Failure,Operational,0,302.0,310.7,1657,31.9,37
2025-06-26 00:00:00,L51404,No Failure,Operational,0,302.0,310.7,1698,28.1,39
2025-06-26 01:00:00,L51405,Heat Dissipation Failure,Maintenance Required,1,302.1,310.7,1359,49.3,41
2025-06-26 02:00:00,L51406,No Failure,Operational,0,302.1,310.8,1596,37.1,43
2025-06-26 03:00:00,L51407,No Failure,Operational,0,302.2,310.8,1383,46.9,45
2025-06-26 04:00:00,L51408,No Failure,Operational,0,302.2,310.8,2203,16.6,47
2025-06-26 05:00:00,M19089,No Failure,Operational,0,302.2,310.8,1408,46.8,49
2025-06-26 06:00:00,L51410,No Failure,Operational,0,302.2,310.8,1673,32.9,52
2025-06-26 07:00:00,L51411,No Failure,Operational,0,302.2,310.8,1340,47.8,54
2025-06-26 08:00:00,L51412,No Failure,Operational,0,302.2,310.9,1452,42.3,56
2025-06-26 09:00:00,M19093,No Failure,Operational,0,302.2,310.9,1302,53.4,58
2025-06-26 10:00:00,H33648,No Failure,Operational,0,302.2,310.9,1522,35.9,61
2025-06-26 11:00:00,L51415,No Failure,Operational,0,302.2,310.8,1438,41.4,66
2025-06-26 12:00:00,L51416,No Failure,Operational,0,302.2,310.9,1604,40.5,68
2025-06-26 13:00:00,L51417,No Failure,Operational,0,302.2,311.0,1832,23.2,70
2025-06-26 14:00:00,M19098,No Failure,Operational,0,302.3,311.0,1521,34.8,72
2025-06-26 15:00:00,L51419,No Failure,Operational,0,302.3,311.0,1446,37.6,75
2025-06-26 16:00:00,L51420,No Failure,Operational,0,302.4,311.1,1905,20.9,77
2025-06-26 17:00:00,L51421,No Failure,Operational,0,302.4,311.0,1475,47.9,79
2025-06-26 18:00:00,L51422,No Failure,Operational,0,302.4,311.0,1462,48.5,81
2025-06-26 19:00:00,M19103,No Failure,Operational,0,302.4,310.9,1435,42.3,83
2025-06-26 20:00:00,L51424,No Failure,Operational,0,302.4,310.9,1469,39.6,86
2025-06-26 21:00:00,M19105,No Failure,Operational,0,302.6,311.1,1520,43.0,88
2025-06-26 22:00:00,L51426,No Failure,Operational,0,302.6,311.0,1537,35.5,91
2025-06-26 23:00:00,L51427,Heat Dissipation Failure,Maintenance Required,1,302.6,311.0,1369,60.0,93
2025-06-27 00:00:00,L51428,No Failure,Operational,0,302.6,311.0,1506,37.2,95
2025-06-27 01:00:00,L51429,Heat Dissipation Failure,Maintenance Required,1,302.5,310.9,1330,56.9,97
2025-06-27 02:00:00,L51430,No Failure,Operational,0,302.6,311.0,1660,38.0,99
2025-06-27 03:00:00,H33665,Heat Dissipation Failure,Maintenance Required,1,302.5,310.9,1356,55.5,101
2025-06-27 04:00:00,H33666,No Failure,Operational,0,302.6,311.0,1438,51.0,106
2025-06-27 05:00:00,M19113,Heat Dissipation Failure,Maintenance Required,1,302.6,311.0,1329,48.6,111
2025-06-27 06:00:00,L51434,Heat Dissipation Failure,Maintenance Required,1,302.6,311.0,1284,68.0,114
2025-06-27 07:00:00,M19115,No Failure,Operational,0,302.5,311.0,1387,52.1,116
2025-06-27 08:00:00,M19116,No Failure,Operational,0,302.6,311.0,1591,33.9,119
2025-06-27 09:00:00,M19117,No Failure,Operational,0,302.6,311.0,1589,39.0,122
2025-06-27 10:00:00,M19118,Heat Dissipation Failure,Maintenance Required,1,302.7,311.1,1297,60.7,125
2025-06-27 11:00:00,L51439,No Failure,Operational,0,302.7,311.2,1545,35.1,128
2025-06-27 12:00:00,H33674,No Failure,Operational,0,302.7,311.1,1418,43.4,130
2025-06-27 13:00:00,L51441,No Failure,Operational,0,302.7,311.1,1730,28.1,135
2025-06-27 14:00:00,L51442,No Failure,Operational,0,302.6,311.0,2001,20.7,137
2025-06-27 15:00:00,L51443,No Failure,Operational,0,302.6,311.0,1620,36.2,139
2025-06-27 16:00:00,M19124,No Failure,Operational,0,302.6,311.0,1542,39.7,141
2025-06-27 17:00:00,L51445,No Failure,Operational,0,302.6,311.0,1424,38.0,144
2025-06-27 18:00:00,L51446,No Failure,Operational,0,302.7,311.1,1440,39.5,146
2025-06-27 19:00:00,L51447,No Failure,Operational,0,302.6,311.0,1520,42.8,148
2025-06-27 20:00:00,L51448,No Failure,Operational,0,302.7,311.0,1694,29.8,150
2025-06-27 21:00:00,L51449,No Failure,Operational,0,302.6,311.0,1610,39.2,152
2025-06-27 22:00:00,L51450,Heat Dissipation Failure,Maintenance Required,1,302.6,310.9,1331,52.0,154
2025-06-27 23:00:00,L51451,No Failure,Operational,0,302.6,310.8,1470,41.2,156
2025-06-28 00:00:00,L51452,No Failure,Operational,0,302.5,310.8,1577,36.9,158
2025-06-28 01:00:00,L51453,No Failure,Operational,0,302.6,310.8,1486,36.4,160
2025-06-28 02:00:00,L51454,No Failure,Operational,0,302.4,310.6,1445,40.3,162
2025-06-28 03:00:00,M19135,No Failure,Operational,0,302.4,310.5,1500,36.7,164
2025-06-28 04:00:00,M19136,No Failure,Operational,0,302.2,310.4,1456,47.5,167
2025-06-28 05:00:00,L51457,No Failure,Operational,0,302.2,310.4,1743,28.1,170
2025-06-28 06:00:00,L51458,No Failure,Operational,0,302.0,310.1,1409,50.4,172
2025-06-28 07:00:00,L51459,Heat Dissipation Failure,Maintenance Required,1,302.0,310.1,1361,45.4,174
2025-06-28 08:00:00,L51460,No Failure,Operational,0,302.1,310.1,1753,28.9,176
2025-06-28 09:00:00,L51461,No Failure,Operational,0,302.0,310.0,1832,22.9,178
2025-06-28 10:00:00,L51462,Heat Dissipation Failure,Maintenance Required,1,301.9,309.9,1374,48.5,180
2025-06-28 11:00:00,M19143,Heat Dissipation Failure,Maintenance Required,1,301.8,309.9,1334,61.0,182
2025-06-28 12:00:00,L51464,No Failure,Operational,0,301.8,310.0,1493,40.3,185
2025-06-28 13:00:00,L51465,Heat Dissipation Failure,Maintenance Required,1,301.7,309.9,1317,49.0,187
2025-06-28 14:00:00,M19146,No Failure,Operational,0,301.7,309.9,1434,47.9,189
2025-06-28 15:00:00,M19147,No Failure,Operational,0,301.7,309.9,1457,39.2,192
2025-06-28 16:00:00,M19148,No Failure,Operational,0,301.7,310.0,1391,50.6,195
2025-06-28 17:00:00,M19149,No Failure,Operational,0,301.8,310.0,1781,23.9,198
2025-06-28 18:00:00,L51470,No Failure,Operational,0,301.8,310.0,1642,32.6,201
2025-06-28 19:00:00,L51471,No Failure,Operational,0,301.8,310.0,2032,19.0,203
2025-06-28 20:00:00,M19152,Power Failure,Maintenance Required,1,301.8,310.1,2372,13.9,205
2025-06-28 21:00:00,L51473,No Failure,Operational,0,301.8,310.0,1393,44.9,208
2025-06-28 22:00:00,M19154,No Failure,Operational,0,301.7,310.1,1743,27.3,210
2025-06-28 23:00:00,L51475,No Failure,Operational,0,301.8,310.2,1457,40.4,213
2025-06-29 00:00:00,L51476,Power Failure,Maintenance Required,1,301.8,310.2,2825,5.8,215
2025-06-29 01:00:00,M19157,No Failure,Operational,0,301.8,310.2,1609,34.2,217
2025-06-29 02:00:00,M19158,No Failure,Operational,0,301.8,310.2,1437,42.3,0
2025-06-29 03:00:00,L51479,No Failure,Operational,0,301.7,310.1,1402,50.1,3
2025-06-29 04:00:00,M19160,No Failure,Operational,0,301.7,310.1,1644,34.6,5
2025-06-29 05:00:00,L51481,No Failure,Operational,0,301.7,310.2,1471,51.1,8
2025-06-29 06:00:00,L51482,No Failure,Operational,0,301.7,310.1,2695,12.6,10
2025-06-29 07:00:00,L51483,No Failure,Operational,0,301.7,310.2,1435,48.1,12
2025-06-29 08:00:00,L51484,No Failure,Operational,0,301.6,310.1,1694,26.3,14
2025-06-29 09:00:00,L51485,No Failure,Operational,0,301.6,310.1,1687,26.6,16
2025-06-29 10:00:00,L51486,No Failure,Operational,0,301.6,310.0,1869,22.9,18
2025-06-29 11:00:00,L51487,Heat Dissipation Failure,Maintenance Required,1,301.4,309.9,1259,63.9,20
2025-06-29 12:00:00,H33722,No Failure,Operational,0,301.4,309.9,1460,47.2,22
2025-06-29 13:00:00,M19169,No Failure,Operational,0,301.3,309.9,1501,39.5,27
2025-06-29 14:00:00,L51490,No Failure,Operational,0,301.4,310.0,1776,25.6,30
2025-06-29 15:00:00,M19171,No Failure,Operational,0,301.5,310.1,1468,40.8,32
2025-06-29 16:00:00,L51492,No Failure,Operational,0,301.5,310.1,1430,46.5,35
2025-06-29 17:00:00,L51493,No Failure,Operational,0,301.4,310.1,1502,46.6,37
2025-06-29 18:00:00,H33728,No Failure,Operational,0,301.4,310.1,1623,32.3,39
2025-06-29 19:00:00,M19175,No Failure,Operational,0,301.4,310.0,1651,29.8,44
2025-06-29 20:00:00,L51496,No Failure,Operational,0,301.5,310.1,1639,33.4,47
2025-06-29 21:00:00,M19177,No Failure,Operational,0,301.5,310.0,1417,44.6,49
2025-06-29 22:00:00,L51498,No Failure,Operational,0,301.5,310.1,1541,42.2,52
2025-06-29 23:00:00,M19179,No Failure,Operational,0,301.6,310.2,1411,45.1,54
2025-06-30 00:00:00,L51500,No Failure,Operational,0,301.7,310.3,1397,44.6,57
2025-06-30 01:00:00,L51501,No Failure,Operational,0,301.7,310.2,1686,28.9,59
2025-06-30 02:00:00,M19182,No Failure,Operational,0,301.7,310.1,1431,44.0,61
2025-06-30 03:00:00,L51503,Heat Dissipation Failure,Maintenance Required,1,301.8,310.3,1341,50.5,64
2025-06-30 04:00:00,L51504,No Failure,Operational,0,301.7,310.2,1486,43.0,66
2025-06-30 05:00:00,L51505,No Failure,Operational,0,301.6,310.2,1384,57.1,68
2025-06-30 06:00:00,L51506,Heat Dissipation Failure,Maintenance Required,1,301.6,310.1,1362,55.8,70
2025-06-30 07:00:00,H33741,No Failure,Operational,0,301.7,310.1,1660,29.3,72
2025-06-30 08:00:00,L51508,Heat Dissipation Failure,Maintenance Required,1,301.6,310.1,1326,48.2,77
2025-06-30 09:00:00,L51509,No Failure,Operational,0,301.6,310.0,1566,30.3,79
2025-06-30 10:00:00,L51510,No Failure,Operational,0,301.5,309.8,1549,38.5,81
2025-06-30 11:00:00,M19191,No Failure,Operational,0,301.6,309.9,1746,31.1,83
2025-06-30 12:00:00,M19192,No Failure,Operational,0,301.7,309.9,1452,41.5,86
2025-06-30 13:00:00,L51513,No Failure,Operational,0,301.6,309.8,1588,33.9,89
2025-06-30 14:00:00,L51514,No Failure,Operational,0,301.6,309.8,1472,42.5,91
2025-06-30 15:00:00,L51515,No Failure,Operational,0,301.7,309.9,1607,37.7,93
2025-06-30 16:00:00,H33750,No Failure,Operational,0,301.6,309.9,1423,53.6,95
2025-06-30 17:00:00,L51517,No Failure,Operational,0,301.6,309.9,1440,43.4,100
2025-06-30 18:00:00,L51518,No Failure,Operational,0,301.6,309.9,1397,43.7,102
2025-06-30 19:00:00,L51519,No Failure,Operational,0,301.7,309.9,1524,46.6,104
2025-06-30 20:00:00,M19200,No Failure,Operational,0,301.7,309.9,1533,40.9,106
2025-06-30 21:00:00,L51521,No Failure,Operational,0,301.7,309.8,1398,46.0,109
2025-06-30 22:00:00,M19202,Heat Dissipation Failure,Maintenance Required,1,301.7,309.8,1284,68.2,111
2025-06-30 23:00:00,L51523,No Failure,Operational,0,301.7,309.8,1491,39.3,114
2025-07-01 00:00:00,H33758,No Failure,Operational,0,301.8,309.9,1418,51.3,116
2025-07-01 01:00:00,M19205,No Failure,Operational,0,301.8,309.8,1546,39.8,121
2025-07-01 02:00:00,L51526,No Failure,Operational,0,301.8,309.7,1598,30.4,124
2025-07-01 03:00:00,H33761,No Failure,Operational,0,301.9,309.8,1724,27.5,126
2025-07-01 04:00:00,L51528,No Failure,Operational,0,301.9,309.8,1507,44.7,131
2025-07-01 05:00:00,L51529,No Failure,Operational,0,301.9,309.7,1595,31.4,133
2025-07-01 06:00:00,M19210,No Failure,Operational,0,301.9,309.7,1568,37.5,135
2025-07-01 07:00:00,L51531,No Failure,Operational,0,301.8,309.6,1432,43.7,138
2025-07-01 08:00:00,L51532,No Failure,Operational,0,301.9,309.7,1424,42.8,140
2025-07-01 09:00:00,M19213,Power Failure,Maintenance Required,1,302.0,309.7,1386,62.7,142
2025-07-01 10:00:00,L51534,No Failure,Operational,0,302.0,309.8,1456,58.1,145
2025-07-01 11:00:00,H33769,Heat Dissipation Failure,Maintenance Required,1,302.0,309.8,1280,57.3,147
2025-07-01 12:00:00,L51536,No Failure,Operational,0,302.0,309.8,1649,31.0,152
2025-07-01 13:00:00,L51537,No Failure,Operational,0,302.0,309.9,1407,52.8,154
2025-07-01 14:00:00,H33772,No Failure,Operational,0,302.0,309.9,1606,34.5,156
2025-07-01 15:00:00,M19219,No Failure,Operational,0,302.1,310.0,1531,38.0,161
2025-07-01 16:00:00,L51540,No Failure,Operational,0,302.1,310.1,1543,35.8,164
2025-07-01 17:00:00,M19221,Heat Dissipation Failure,Maintenance Required,1,302.1,310.1,1379,48.2,166
2025-07-01 18:00:00,L51542,No Failure,Operational,0,302.1,310.1,1447,46.6,169
2025-07-01 19:00:00,H33777,No Failure,Operational,0,302.1,310.1,1844,24.6,171
2025-07-01 20:00:00,H33778,No Failure,Operational,0,302.1,310.1,1615,29.9,176
2025-07-01 21:00:00,L51545,No Failure,Operational,0,302.0,310.0,1449,48.8,181
2025-07-01 22:00:00,L51546,No Failure,Operational,0,302.0,309.9,1388,51.4,183
2025-07-01 23:00:00,H33781,No Failure,Operational,0,302.0,309.9,1447,42.8,185
2025-07-02 00:00:00,L51548,No Failure,Operational,0,302.0,310.0,1664,28.6,190
2025-07-02 01:00:00,H33783,No Failure,Operational,0,302.0,309.9,1735,27.2,192
2025-07-02 02:00:00,L51550,Heat Dissipation Failure,Maintenance Required,1,302.0,309.9,1308,57.6,197
2025-07-02 03:00:00,L51551,No Failure,Operational,0,302.0,309.8,1480,40.0,199
2025-07-02 04:00:00,M19232,No Failure,Operational,0,301.9,309.6,1439,41.7,201
2025-07-02 05:00:00,M19233,No Failure,Operational,0,301.9,309.7,1533,35.9,204
2025-07-02 06:00:00,L51554,No Failure,Operational,0,302.0,309.7,1551,34.8,207
2025-07-02 07:00:00,L51555,No Failure,Operational,0,302.0,309.7,1414,36.3,209
2025-07-02 08:00:00,M19236,No Failure,Operational,0,301.9,309.6,1551,34.6,211
2025-07-02 09:00:00,M19237,No Failure,Operational,0,301.8,309.6,1436,49.0,214
2025-07-02 10:00:00,M19238,No Failure,Operational,0,301.9,309.6,1385,45.8,217
2025-07-02 11:00:00,M19239,No Failure,Operational,0,301.8,309.5,1732,30.1,220
2025-07-02 12:00:00,L51560,No Failure,Operational,0,301.9,309.6,1410,49.0,223
2025-07-02 13:00:00,L51561,No Failure,Operational,0,301.9,309.6,1446,43.2,225
2025-07-02 14:00:00,L51562,No Failure,Operational,0,301.8,309.5,1525,39.6,227
2025-07-02 15:00:00,L51563,Heat Dissipation Failure,Maintenance Required,1,301.7,309.5,1298,65.5,229
2025-07-02 16:00:00,L51564,No Failure,Operational,0,301.8,309.6,1443,42.7,231
2025-07-02 17:00:00,L51565,Tool Wear Failure,Maintenance Required,1,301.8,309.7,1442,45.3,233
2025-07-02 18:00:00,L51566,No Failure,Operational,0,301.9,309.7,1719,31.9,0
2025-07-02 19:00:00,L51567,No Failure,Operational,0,302.0,309.8,1532,39.4,2
2025-07-02 20:00:00,L51568,No Failure,Operational,0,302.0,309.8,1701,27.2,4
2025-07-02 21:00:00,M19249,Heat Dissipation Failure,Maintenance Required,1,302.1,310.0,1355,45.1,6
2025-07-02 22:00:00,M19250,No Failure,Operational,0,302.2,310.1,1421,45.4,9
2025-07-02 23:00:00,M19251,Heat Dissipation Failure,Maintenance Required,1,302.2,310.1,1368,51.6,12
2025-07-03 00:00:00,L51572,No Failure,Operational,0,302.2,310.1,1458,45.1,15
2025-07-03 01:00:00,M19253,No Failure,Operational,0,302.2,310.1,1572,34.6,17
2025-07-03 02:00:00,L51574,No Failure,Operational,0,302.2,310.0,1483,48.7,20
2025-07-03 03:00:00,L51575,No Failure,Operational,0,302.3,310.1,1513,40.4,22
2025-07-03 04:00:00,H33810,No Failure,Operational,0,302.3,310.1,1383,42.9,24
2025-07-03 05:00:00,L51577,No Failure,Operational,0,302.4,310.2,1539,37.7,29
2025-07-03 06:00:00,M19258,No Failure,Operational,0,302.3,310.1,1563,37.8,31
2025-07-03 07:00:00,L51579,No Failure,Operational,0,302.3,310.1,1653,29.7,34
2025-07-03 08:00:00,L51580,Heat Dissipation Failure,Maintenance Required,1,302.3,310.1,1353,50.9,36
2025-07-03 09:00:00,H33815,No Failure,Operational,0,302.2,310.0,1468,43.6,38
2025-07-03 10:00:00,H33816,No Failure,Operational,0,302.3,310.2,1506,33.8,43
2025-07-03 11:00:00,L51583,No Failure,Operational,0,302.3,310.1,1388,49.9,48
2025-07-03 12:00:00,M19264,No Failure,Operational,0,302.4,310.2,1485,45.9,50
2025-07-03 13:00:00,L51585,Heat Dissipation Failure,Maintenance Required,1,302.4,310.2,1331,45.5,53
2025-07-03 14:00:00,L51586,Heat Dissipation Failure,Maintenance Required,1,302.5,310.3,1326,58.5,55
2025-07-03 15:00:00,L51587,No Failure,Operational,0,302.3,310.2,1394,55.4,57
2025-07-03 16:00:00,L51588,No Failure,Operational,0,302.4,310.1,2009,18.9,59
2025-07-03 17:00:00,M19269,Heat Dissipation Failure,Maintenance Required,1,302.4,310.1,1358,54.6,61
2025-07-03 18:00:00,L51590,No Failure,Operational,0,302.5,310.2,1586,32.2,64
2025-07-03 19:00:00,L51591,No Failure,Operational,0,302.5,310.3,1688,31.6,66
2025-07-03 20:00:00,L51592,No Failure,Operational,0,302.6,310.5,1450,43.2,68
2025-07-03 21:00:00,M19273,No Failure,Operational,0,302.7,310.5,1398,47.3,70
2025-07-03 22:00:00,L51594,No Failure,Operational,0,302.7,310.5,1520,39.3,73
2025-07-03 23:00:00,L51595,No Failure,Operational,0,302.6,310.4,1514,42.7,75
2025-07-04 00:00:00,M19276,No Failure,Operational,0,302.6,310.4,1532,36.1,77
2025-07-04 01:00:00,L51597,Heat Dissipation Failure,Maintenance Required,1,302.6,310.4,1365,66.8,80
2025-07-04 02:00:00,L51598,No Failure,Operational,0,302.6,310.3,1642,33.2,82
2025-07-04 03:00:00,M19279,Power Failure,Maintenance Required,1,302.6,310.2,2676,10.8,84
2025-07-04 04:00:00,H33834,No Failure,Operational,0,302.6,310.2,1873,21.3,87
2025-07-04 05:00:00,L51601,Heat Dissipation Failure,Maintenance Required,1,302.6,310.2,1325,62.4,92
2025-07-04 06:00:00,M19282,No Failure,Operational,0,302.6,310.2,2157,17.2,94
2025-07-04 07:00:00,M19283,No Failure,Operational,0,302.6,310.2,1563,39.0,97
2025-07-04 08:00:00,M19284,No Failure,Operational,0,302.6,310.2,1631,31.0,100
2025-07-04 09:00:00,L51605,No Failure,Operational,0,302.5,310.2,1547,36.9,103
2025-07-04 10:00:00,L51606,No Failure,Operational,0,302.6,310.3,1479,40.4,105
2025-07-04 11:00:00,M19287,Heat Dissipation Failure,Maintenance Required,1,302.4,310.1,1379,48.9,107
2025-07-04 12:00:00,L51608,No Failure,Operational,0,302.4,310.1,1906,21.2,110
2025-07-04 13:00:00,M19289,No Failure,Operational,0,302.3,310.1,1731,33.4,112
2025-07-04 14:00:00,H33844,No Failure,Operational,0,302.3,310.1,1688,30.4,115
2025-07-04 15:00:00,H33845,No Failure,Operational,0,302.3,310.2,1443,54.6,120
2025-07-04 16:00:00,L51612,No Failure,Operational,0,302.4,310.2,1445,46.4,125
2025-07-04 17:00:00,H33847,No Failure,Operational,0,302.4,310.2,1435,44.9,127
2025-07-04 18:00:00,L51614,No Failure,Operational,0,302.4,310.1,1556,32.9,132
2025-07-04 19:00:00,L51615,Heat Dissipation Failure,Maintenance Required,1,302.3,310.1,1321,52.7,134
2025-07-04 20:00:00,M19296,No Failure,Operational,0,302.4,310.1,1577,35.8,136
2025-07-04 21:00:00,L51617,No Failure,Operational,0,302.4,310.2,1578,31.2,139
2025-07-04 22:00:00,L51618,No Failure,Operational,0,302.4,310.1,1418,52.3,141
2025-07-04 23:00:00,M19299,No Failure,Operational,0,302.4,310.2,1392,55.8,143
2025-07-05 00:00:00,L51620,No Failure,Operational,0,302.5,310.3,1446,44.0,146
2025-07-05 01:00:00,L51621,Heat Dissipation Failure,Maintenance Required,1,302.5,310.2,1329,50.6,148
2025-07-05 02:00:00,L51622,No Failure,Operational,0,302.5,310.2,1563,34.8,150
2025-07-05 03:00:00,L51623,No Failure,Operational,0,302.5,310.3,1405,57.4,152
2025-07-05 04:00:00,L51624,No Failure,Operational,0,302.4,310.2,2224,16.0,154
2025-07-05 05:00:00,L51625,No Failure,Operational,0,302.5,310.2,1716,29.9,156
2025-07-05 06:00:00,L51626,No Failure,Operational,0,302.5,310.3,1584,35.5,158
2025-07-05 07:00:00,M19307,No Failure,Operational,0,302.5,310.3,1488,41.8,160
2025-07-05 08:00:00,L51628,Heat Dissipation Failure,Maintenance Required,1,302.4,310.3,1374,51.2,163
2025-07-05 09:00:00,M19309,Heat Dissipation Failure,Maintenance Required,1,302.4,310.3,1378,54.3,165
2025-07-05 10:00:00,L51630,No Failure,Operational,0,302.5,310.3,1551,37.3,168
2025-07-05 11:00:00,L51631,No Failure,Operational,0,302.5,310.3,1549,40.9,170
2025-07-05 12:00:00,M19312,No Failure,Operational,0,302.5,310.3,1447,39.2,172
2025-07-05 13:00:00,L51633,No Failure,Operational,0,302.4,310.2,1400,53.7,175
2025-07-05 14:00:00,L51634,No Failure,Operational,0,302.4,310.1,1401,48.8,177
2025-07-05 15:00:00,H33869,No Failure,Operational,0,302.4,310.1,1597,28.9,179
2025-07-05 16:00:00,L51636,No Failure,Operational,0,302.3,310.1,1487,46.0,184
2025-07-05 17:00:00,M19317,No Failure,Operational,0,302.5,310.3,1710,27.3,186
2025-07-05 18:00:00,L51638,No Failure,Operational,0,302.6,310.4,1478,47.7,189
2025-07-05 19:00:00,L51639,No Failure,Operational,0,302.6,310.4,1743,26.3,191
2025-07-05 20:00:00,L51640,No Failure,Operational,0,302.6,310.5,1596,32.8,193
2025-07-05 21:00:00,L51641,No Failure,Operational,0,302.7,310.5,1642,30.8,195
2025-07-05 22:00:00,L51642,Heat Dissipation Failure,Maintenance Required,1,302.7,310.5,1263,67.8,197
2025-07-05 23:00:00,L51643,No Failure,Operational,0,302.8,310.6,2016,19.9,199
2025-07-06 00:00:00,L51644,No Failure,Operational,0,302.8,310.6,1671,30.5,201
2025-07-06 01:00:00,L51645,No Failure,Operational,0,302.8,310.6,1404,43.2,203
2025-07-06 02:00:00,L51646,No Failure,Operational,0,302.8,310.6,1470,41.1,205
2025-07-06 03:00:00,L51647,No Failure,Operational,0,302.8,310.6,1617,37.9,207
2025-07-06 04:00:00,L51648,No Failure,Operational,0,302.7,310.5,1725,29.0,209
2025-07-06 05:00:00,L51649,Tool Wear Failure,Maintenance Required,1,302.7,310.5,1446,40.9,211
2025-07-06 06:00:00,L51650,No Failure,Operational,0,302.7,310.6,1564,34.3,0
2025-07-06 07:00:00,L51651,No Failure,Operational,0,302.8,310.6,1670,29.1,2
2025-07-06 08:00:00,L51652,No Failure,Operational,0,302.7,310.6,1501,48.7,4
2025-07-06 09:00:00,L51653,No Failure,Operational,0,302.7,310.5,1551,35.9,6
2025-07-06 10:00:00,L51654,No Failure,Operational,0,302.7,310.5,1563,35.0,8
2025-07-06 11:00:00,L51655,Heat Dissipation Failure,Maintenance Required,1,302.7,310.5,1351,41.8,10
2025-07-06 12:00:00,L51656,No Failure,Operational,0,302.6,310.4,1415,52.1,12
2025-07-06 13:00:00,L51657,No Failure,Operational,0,302.6,310.3,1647,34.2,14
2025-07-06 14:00:00,L51658,No Failure,Operational,0,302.5,310.2,1477,41.6,16
2025-07-06 15:00:00,L51659,No Failure,Operational,0,302.6,310.2,1923,21.5,18
2025-07-06 16:00:00,H33894,Heat Dissipation Failure,Maintenance Required,1,302.7,310.4,1305,55.2,20
2025-07-06 17:00:00,M19341,No Failure,Operational,0,302.6,310.4,1544,35.1,25
2025-07-06 18:00:00,H33896,No Failure,Operational,0,302.7,310.5,1568,36.9,28
2025-07-06 19:00:00,L51663,No Failure,Operational,0,302.7,310.4,1489,42.7,33
2025-07-06 20:00:00,M19344,No Failure,Operational,0,302.6,310.4,1451,43.1,35
2025-07-06 21:00:00,L51665,No Failure,Operational,0,302.7,310.4,1542,35.7,38
2025-07-06 22:00:00,M19346,No Failure,Operational,0,302.6,310.5,1965,20.2,40
2025-07-06 23:00:00,L51667,No Failure,Operational,0,302.5,310.5,1436,36.5,43
2025-07-07 00:00:00,M19348,No Failure,Operational,0,302.5,310.4,1509,37.6,45
2025-07-07 01:00:00,L51669,No Failure,Operational,0,302.5,310.4,1487,40.2,48
2025-07-07 02:00:00,L51670,No Failure,Operational,0,302.5,310.4,1967,20.3,50
2025-07-07 03:00:00,H33905,No Failure,Operational,0,302.6,310.4,1409,53.3,52
2025-07-07 04:00:00,M19352,No Failure,Operational,0,302.6,310.5,1420,56.4,57
2025-07-07 05:00:00,L51673,No Failure,Operational,0,302.7,310.5,1511,37.7,60
2025-07-07 06:00:00,H33908,No Failure,Operational,0,302.6,310.4,1649,30.1,62
2025-07-07 07:00:00,L51675,Heat Dissipation Failure,Maintenance Required,1,302.6,310.4,1359,57.2,67
2025-07-07 08:00:00,M19356,No Failure,Operational,0,302.5,310.4,1605,36.0,69
2025-07-07 09:00:00,L51677,No Failure,Operational,0,302.5,310.3,1523,36.0,72
2025-07-07 10:00:00,H33912,No Failure,Operational,0,302.6,310.4,1614,36.0,74
2025-07-07 11:00:00,H33913,No Failure,Operational,0,302.6,310.3,1721,27.4,79
2025-07-07 12:00:00,L51680,No Failure,Operational,0,302.6,310.4,1638,36.2,84
2025-07-07 13:00:00,L51681,Heat Dissipation Failure,Maintenance Required,1,302.5,310.2,1307,54.0,86
2025-07-07 14:00:00,L51682,No Failure,Operational,0,302.4,310.2,1642,28.3,88
2025-07-07 15:00:00,M19363,No Failure,Operational,0,302.5,310.2,1751,30.5,90
2025-07-07 16:00:00,L51684,No Failure,Operational,0,302.4,310.1,1645,31.6,93
2025-07-07 17:00:00,L51685,No Failure,Operational,0,302.4,310.1,1426,46.8,95
2025-07-07 18:00:00,M19366,No Failure,Operational,0,302.4,310.1,1520,36.6,97
2025-07-07 19:00:00,L51687,No Failure,Operational,0,302.4,310.1,1709,31.8,100
2025-07-07 20:00:00,L51688,No Failure,Operational,0,302.4,310.0,1426,46.6,102
2025-07-07 21:00:00,L51689,No Failure,Operational,0,302.4,310.1,1429,43.7,104
2025-07-07 22:00:00,L51690,Heat Dissipation Failure,Maintenance Required,1,302.4,310.2,1346,62.4,106
2025-07-07 23:00:00,L51691,No Failure,Operational,0,302.5,310.2,1454,43.0,108
2025-07-08 00:00:00,M19372,No Failure,Operational,0,302.5,310.3,1411,49.5,110
2025-07-08 01:00:00,L51693,No Failure,Operational,0,302.4,310.3,1900,24.4,113
2025-07-08 02:00:00,L51694,No Failure,Operational,0,302.4,310.3,1479,36.2,115
2025-07-08 03:00:00,L51695,No Failure,Operational,0,302.5,310.4,1415,48.2,117
2025-07-08 04:00:00,L51696,No Failure,Operational,0,302.5,310.3,1539,39.0,119
2025-07-08 05:00:00,L51697,No Failure,Operational,0,302.4,310.3,1520,31.6,121
2025-07-08 06:00:00,L51698,No Failure,Operational,0,302.4,310.3,1480,45.8,123
2025-07-08 07:00:00,L51699,No Failure,Operational,0,302.4,310.4,1666,29.7,125
2025-07-08 08:00:00,L51700,No Failure,Operational,0,302.4,310.4,1456,47.6,127
2025-07-08 09:00:00,L51701,No Failure,Operational,0,302.4,310.4,1865,23.9,129
2025-07-08 10:00:00,M19382,No Failure,Operational,0,302.5,310.5,1918,21.6,131
2025-07-08 11:00:00,L51703,No Failure,Operational,0,302.5,310.4,1488,48.4,134
2025-07-08 12:00:00,M19384,No Failure,Operational,0,302.5,310.5,1527,38.8,136
2025-07-08 13:00:00,M19385,No Failure,Operational,0,302.4,310.4,1463,42.2,139
2025-07-08 14:00:00,L51706,No Failure,Operational,0,302.4,310.4,1521,38.5,142
2025-07-08 15:00:00,M19387,Heat Dissipation Failure,Maintenance Required,1,302.4,310.5,1372,45.7,144
2025-07-08 16:00:00,L51708,No Failure,Operational,0,302.5,310.5,1507,39.5,147
2025-07-08 17:00:00,M19389,No Failure,Operational,0,302.4,310.4,1586,34.3,149
2025-07-08 18:00:00,L51710,No Failure,Operational,0,302.5,310.4,1487,42.0,152
2025-07-08 19:00:00,L51711,No Failure,Operational,0,302.5,310.5,1520,41.2,154
2025-07-08 20:00:00,H33946,No Failure,Operational,0,302.5,310.4,1422,41.9,156
2025-07-08 21:00:00,M19393,Heat Dissipation Failure,Maintenance Required,1,302.4,310.3,1375,52.5,161
2025-07-08 22:00:00,L51714,No Failure,Operational,0,302.4,310.2,1633,28.0,164
2025-07-08 23:00:00,L51715,No Failure,Operational,0,302.4,310.2,1503,36.2,166
2025-07-09 00:00:00,L51716,Heat Dissipation Failure,Maintenance Required,1,302.4,310.2,1351,45.1,168
2025-07-09 01:00:00,L51717,No Failure,Operational,0,302.3,310.2,1548,35.3,170
2025-07-09 02:00:00,L51718,No Failure,Operational,0,302.4,310.3,1923,23.3,172
2025-07-09 03:00:00,L51719,No Failure,Operational,0,302.5,310.3,1592,32.6,174
2025-07-09 04:00:00,M19400,No Failure,Operational,0,302.5,310.4,1580,35.6,176
2025-07-09 05:00:00,L51721,No Failure,Operational,0,302.5,310.4,1427,46.8,179
2025-07-09 06:00:00,M19402,No Failure,Operational,0,302.5,310.4,1581,32.7,181
2025-07-09 07:00:00,M19403,No Failure,Operational,0,302.6,310.5,1542,39.9,184
2025-07-09 08:00:00,L51724,Heat Dissipation Failure,Maintenance Required,1,302.5,310.4,1349,55.1,187
2025-07-09 09:00:00,L51725,No Failure,Operational,0,302.5,310.5,1463,43.0,189
2025-07-09 10:00:00,M19406,No Failure,Operational,0,302.5,310.4,1429,43.2,191
2025-07-09 11:00:00,M19407,No Failure,Operational,0,302.5,310.4,1451,53.6,194
2025-07-09 12:00:00,L51728,No Failure,Operational,0,302.6,310.5,1511,37.2,197
2025-07-09 13:00:00,L51729,No Failure,Operational,0,302.6,310.6,1549,37.5,199
2025-07-09 14:00:00,M19410,No Failure,Operational,0,302.5,310.5,1507,40.2,201
2025-07-09 15:00:00,M19411,No Failure,Operational,0,302.6,310.5,1524,33.7,204
2025-07-09 16:00:00,M19412,No Failure,Operational,0,302.7,310.5,1880,22.7,207
2025-07-09 17:00:00,L51733,No Failure,Operational,0,302.6,310.5,1461,45.4,0
2025-07-09 18:00:00,L51734,No Failure,Operational,0,302.6,310.5,1748,28.2,2
2025-07-09 19:00:00,L51735,No Failure,Operational,0,302.7,310.6,1690,26.7,4
2025-07-09 20:00:00,M19416,Heat Dissipation Failure,Maintenance Required,1,302.7,310.6,1349,51.2,6
2025-07-09 21:00:00,L51737,No Failure,Operational,0,302.7,310.6,1686,26.3,9
2025-07-09 22:00:00,L51738,Heat Dissipation Failure,Maintenance Required,1,302.7,310.7,1369,47.5,11
2025-07-09 23:00:00,L51739,No Failure,Operational,0,302.7,310.7,1433,43.7,13
2025-07-10 00:00:00,L51740,No Failure,Operational,0,302.7,310.7,1597,41.9,15
2025-07-10 01:00:00,L51741,No Failure,Operational,0,302.9,310.8,1610,32.2,17
2025-07-10 02:00:00,L51742,No Failure,Operational,0,302.7,310.7,1398,57.7,19
2025-07-10 03:00:00,L51743,No Failure,Operational,0,302.7,310.7,1977,20.0,21
2025-07-10 04:00:00,L51744,No Failure,Operational,0,302.8,310.8,1516,39.5,23
2025-07-10 05:00:00,H33979,Heat Dissipation Failure,Maintenance Required,1,302.7,310.8,1275,55.0,25
2025-07-10 06:00:00,L51746,No Failure,Operational,0,302.8,310.8,1402,50.5,30
2025-07-10 07:00:00,M19427,No Failure,Operational,0,302.8,310.8,1451,44.7,32
2025-07-10 08:00:00,M19428,No Failure,Operational,0,302.7,310.8,1555,36.1,35
2025-07-10 09:00:00,L51749,No Failure,Operational,0,302.8,310.9,1636,35.0,38
2025-07-10 10:00:00,L51750,Heat Dissipation Failure,Maintenance Required,1,302.8,310.9,1312,52.2,40
2025-07-10 11:00:00,L51751,No Failure,Operational,0,302.8,310.9,1708,29.8,42
2025-07-10 12:00:00,M19432,No Failure,Operational,0,302.9,311.0,1556,36.5,44
2025-07-10 13:00:00,H33987,No Failure,Operational,0,302.8,311.0,1436,43.5,47
2025-07-10 14:00:00,M19434,No Failure,Operational,0,302.9,311.0,1402,40.7,52
2025-07-10 15:00:00,M19435,No Failure,Operational,0,302.9,311.0,1437,49.9,55
2025-07-10 16:00:00,M19436,No Failure,Operational,0,302.9,311.1,1926,21.8,58
2025-07-10 17:00:00,L51757,No Failure,Operational,0,303.0,311.2,1800,23.7,61
2025-07-10 18:00:00,L51758,No Failure,Operational,0,303.0,311.2,1641,32.6,63
2025-07-10 19:00:00,L51759,Heat Dissipation Failure,Maintenance Required,1,303.0,311.2,1374,48.2,65
2025-07-10 20:00:00,L51760,No Failure,Operational,0,303.0,311.2,1494,37.0,67
2025-07-10 21:00:00,L51761,No Failure,Operational,0,303.0,311.2,1601,32.9,69
2025-07-10 22:00:00,L51762,No Failure,Operational,0,302.9,311.2,1634,36.9,71
2025-07-10 23:00:00,M19443,No Failure,Operational,0,302.9,311.2,1467,37.7,73
2025-07-11 00:00:00,L51764,No Failure,Operational,0,302.8,311.1,1550,32.3,76
2025-07-11 01:00:00,L51765,No Failure,Operational,0,302.8,311.1,1563,32.2,78
2025-07-11 02:00:00,L51766,No Failure,Operational,0,302.7,310.9,1395,48.3,80
2025-07-11 03:00:00,M19447,No Failure,Operational,0,302.8,311.0,1507,33.4,82
2025-07-11 04:00:00,L51768,No Failure,Operational,0,302.8,311.0,1564,38.5,85
2025-07-11 05:00:00,L51769,No Failure,Operational,0,302.8,311.1,1721,30.0,87
2025-07-11 06:00:00,L51770,No Failure,Operational,0,302.8,311.1,1456,36.1,89
2025-07-11 07:00:00,H34005,No Failure,Operational,0,302.9,311.2,2102,17.8,91
2025-07-11 08:00:00,L51772,No Failure,Operational,0,302.9,311.1,1555,33.9,96
2025-07-11 09:00:00,L51773,No Failure,Operational,0,303.0,311.2,1409,41.9,98
2025-07-11 10:00:00,M19454,No Failure,Operational,0,303.0,311.2,1387,41.4,100
2025-07-11 11:00:00,M19455,No Failure,Operational,0,303.0,311.2,1460,43.9,103
2025-07-11 12:00:00,L51776,Heat Dissipation Failure,Maintenance Required,1,303.0,311.2,1361,47.6,106
2025-07-11 13:00:00,M19457,No Failure,Operational,0,303.0,311.1,1490,43.0,108
2025-07-11 14:00:00,L51778,No Failure,Operational,0,303.1,311.2,1399,49.2,111
2025-07-11 15:00:00,L51779,No Failure,Operational,0,303.1,311.1,1420,55.8,113
2025-07-11 16:00:00,L51780,Heat Dissipation Failure,Maintenance Required,1,303.0,311.0,1359,44.2,115
2025-07-11 17:00:00,M19461,Heat Dissipation Failure,Maintenance Required,1,303.0,311.1,1372,54.3,117
2025-07-11 18:00:00,M19462,No Failure,Operational,0,303.0,311.0,1409,41.7,120
2025-07-11 19:00:00,H34017,No Failure,Operational,0,302.9,311.0,1452,58.3,123
2025-07-11 20:00:00,L51784,No Failure,Operational,0,302.9,311.0,1820,24.6,128
2025-07-11 21:00:00,H34019,No Failure,Operational,0,302.9,311.0,1469,48.7,130
2025-07-11 22:00:00,L51786,No Failure,Operational,0,302.9,311.1,1556,45.3,135
2025-07-11 23:00:00,L51787,No Failure,Operational,0,303.0,311.1,1980,20.2,137
2025-07-12 00:00:00,M19468,No Failure,Operational,0,303.0,311.2,1519,38.0,139
2025-07-12 01:00:00,L51789,No Failure,Operational,0,303.0,311.2,1456,44.0,142
2025-07-12 02:00:00,L51790,No Failure,Operational,0,303.1,311.2,1394,45.3,144
2025-07-12 03:00:00,L51791,Heat Dissipation Failure,Maintenance Required,1,303.0,311.3,1365,56.2,146
2025-07-12 04:00:00,L51792,No Failure,Operational,0,303.0,311.3,2194,16.5,148
2025-07-12 05:00:00,L51793,No Failure,Operational,0,303.1,311.3,1403,55.6,150
2025-07-12 06:00:00,H34028,No Failure,Operational,0,303.0,311.2,1503,37.0,152
2025-07-12 07:00:00,L51795,No Failure,Operational,0,303.0,311.3,1793,29.3,157
2025-07-12 08:00:00,L51796,No Failure,Operational,0,303.1,311.4,1829,24.5,159
2025-07-12 09:00:00,M19477,No Failure,Operational,0,303.1,311.4,1831,23.3,161
2025-07-12 10:00:00,M19478,Heat Dissipation Failure,Maintenance Required,1,303.0,311.3,1335,53.6,164
2025-07-12 11:00:00,H34033,No Failure,Operational,0,303.1,311.3,2056,19.7,167
2025-07-12 12:00:00,L51800,Heat Dissipation Failure,Maintenance Required,1,303.1,311.3,1336,52.6,172
2025-07-12 13:00:00,L51801,Heat Dissipation Failure,Maintenance Required,1,303.0,311.2,1341,51.0,174
2025-07-12 14:00:00,M19482,No Failure,Operational,0,303.0,311.1,1526,37.3,176
2025-07-12 15:00:00,L51803,No Failure,Operational,0,303.0,311.1,1525,40.7,179
2025-07-12 16:00:00,M19484,No Failure,Operational,0,303.0,311.1,1428,39.8,181
2025-07-12 17:00:00,L51805,No Failure,Operational,0,303.0,311.2,1511,45.7,184
2025-07-12 18:00:00,L51806,No Failure,Operational,0,303.0,311.2,1664,29.8,186
2025-07-12 19:00:00,M19487,No Failure,Operational,0,303.0,311.2,1592,38.9,188
2025-07-12 20:00:00,M19488,No Failure,Operational,0,303.0,311.1,1597,36.7,191
2025-07-12 21:00:00,L51809,No Failure,Operational,0,303.0,311.2,1735,26.1,194
2025-07-12 22:00:00,L51810,No Failure,Operational,0,302.9,311.2,1751,23.8,196
2025-07-12 23:00:00,L51811,No Failure,Operational,0,303.0,311.2,1383,44.6,198
2025-07-13 00:00:00,M19492,Heat Dissipation Failure,Maintenance Required,1,302.9,311.2,1330,53.7,200
2025-07-13 01:00:00,L51813,No Failure,Operational,0,303.0,311.2,1382,50.5,203
2025-07-13 02:00:00,L51814,No Failure,Operational,0,303.0,311.2,1755,30.4,205
2025-07-13 03:00:00,M19495,No Failure,Operational,0,303.0,311.2,1614,35.7,207
2025-07-13 04:00:00,L51816,No Failure,Operational,0,303.0,311.3,1466,43.0,210
2025-07-13 05:00:00,M19497,No Failure,Operational,0,303.1,311.3,1847,24.7,212
2025-07-13 06:00:00,L51818,No Failure,Operational,0,303.1,311.3,1474,34.8,215
2025-07-13 07:00:00,L51819,No Failure,Operational,0,303.1,311.3,1657,31.8,217
2025-07-13 08:00:00,L51820,No Failure,Operational,0,303.1,311.2,1435,40.1,219
2025-07-13 09:00:00,H34055,No Failure,Operational,0,303.1,311.3,1494,42.7,221
2025-07-13 10:00:00,L51822,Heat Dissipation Failure,Maintenance Required,1,303.2,311.4,1238,54.6,226
2025-07-13 11:00:00,L51823,Heat Dissipation Failure,Maintenance Required,1,303.2,311.4,1324,54.2,228
2025-07-13 12:00:00,L51824,No Failure,Operational,0,303.2,311.4,1514,41.2,230
2025-07-13 13:00:00,L51825,No Failure,Operational,0,303.3,311.4,1732,25.6,232
2025-07-13 14:00:00,L51826,Tool Wear Failure,Maintenance Required,1,303.3,311.4,1497,46.0,234
2025-07-13 15:00:00,L51827,No Failure,Operational,0,303.3,311.4,1958,21.5,0
2025-07-13 16:00:00,L51828,No Failure,Operational,0,303.3,311.4,1630,32.5,2
2025-07-13 17:00:00,M19509,No Failure,Operational,0,303.3,311.4,1395,59.1,4
2025-07-13 18:00:00,L51830,No Failure,Operational,0,303.3,311.4,1658,30.5,7
2025-07-13 19:00:00,L51831,Heat Dissipation Failure,Maintenance Required,1,303.2,311.4,1349,51.1,9
2025-07-13 20:00:00,L51832,No Failure,Operational,0,303.1,311.2,1452,52.9,11
2025-07-13 21:00:00,M19513,No Failure,Operational,0,303.1,311.1,1594,35.5,13
2025-07-13 22:00:00,M19514,No Failure,Operational,0,303.1,311.0,1510,47.6,16
2025-07-13 23:00:00,L51835,No Failure,Operational,0,303.1,311.1,1854,22.6,19
2025-07-14 00:00:00,L51836,No Failure,Operational,0,303.1,311.2,1626,32.3,21
2025-07-14 01:00:00,L51837,No Failure,Operational,0,303.1,311.2,1628,35.2,23
2025-07-14 02:00:00,L51838,No Failure,Operational,0,303.1,311.2,1679,34.8,25
2025-07-14 03:00:00,M19519,No Failure,Operational,0,303.1,311.2,1489,44.5,27
2025-07-14 04:00:00,L51840,No Failure,Operational,0,303.2,311.2,1439,43.9,30
2025-07-14 05:00:00,L51841,Heat Dissipation Failure,Maintenance Required,1,303.3,311.3,1350,48.1,32
2025-07-14 06:00:00,H34076,No Failure,Operational,0,303.3,311.2,1607,31.7,34
2025-07-14 07:00:00,L51843,No Failure,Operational,0,303.3,311.3,1389,53.9,39
2025-07-14 08:00:00,M19524,No Failure,Operational,0,303.3,311.3,1566,46.1,41
2025-07-14 09:00:00,M19525,Heat Dissipation Failure,Maintenance Required,1,303.4,311.4,1307,54.0,44
2025-07-14 10:00:00,M19526,No Failure,Operational,0,303.3,311.5,1569,36.6,47
2025-07-14 11:00:00,H34081,No Failure,Operational,0,303.3,311.4,1651,30.6,50
2025-07-14 12:00:00,H34082,No Failure,Operational,0,303.3,311.4,1692,27.9,55
2025-07-14 13:00:00,M19529,Heat Dissipation Failure,Maintenance Required,1,303.3,311.5,1373,47.3,60
2025-07-14 14:00:00,L51850,No Failure,Operational,0,303.2,311.4,1610,35.5,63
2025-07-14 15:00:00,L51851,No Failure,Operational,0,303.3,311.4,1511,43.4,65
2025-07-14 16:00:00,L51852,No Failure,Operational,0,303.3,311.5,1412,55.6,67
2025-07-14 17:00:00,L51853,No Failure,Operational,0,303.4,311.5,1501,36.2,69
2025-07-14 18:00:00,L51854,No Failure,Operational,0,303.4,311.5,1414,44.8,71
2025-07-14 19:00:00,H34089,No Failure,Operational,0,303.5,311.5,1629,33.5,73
2025-07-14 20:00:00,L51856,No Failure,Operational,0,303.4,311.5,1879,21.3,78
2025-07-14 21:00:00,H34091,No Failure,Operational,0,303.5,311.6,1466,47.0,80
2025-07-14 22:00:00,H34092,No Failure,Operational,0,303.6,311.7,1476,40.1,85
2025-07-14 23:00:00,L51859,No Failure,Operational,0,303.6,311.8,1695,30.7,90
2025-07-15 00:00:00,L51860,No Failure,Operational,0,303.6,311.7,1491,39.8,92
2025-07-15 01:00:00,M19541,No Failure,Operational,0,303.6,311.8,1659,34.7,94
2025-07-15 02:00:00,L51862,No Failure,Operational,0,303.6,311.8,1567,31.7,97
2025-07-15 03:00:00,L51863,No Failure,Operational,0,303.6,311.8,1736,32.9,99
2025-07-15 04:00:00,M19544,No Failure,Maintenance Required,1,303.6,311.8,1421,44.8,101
2025-07-15 05:00:00,M19545,No Failure,Operational,0,303.6,311.8,1627,30.8,104
2025-07-15 06:00:00,M19546,No Failure,Operational,0,303.5,311.6,1562,34.2,107
2025-07-15 07:00:00,L51867,No Failure,Operational,0,303.5,311.6,2183,17.0,110
2025-07-15 08:00:00,L51868,No Failure,Operational,0,303.5,311.6,1577,38.1,112
2025-07-15 09:00:00,M19549,No Failure,Operational,0,303.4,311.5,1560,36.4,114
2025-07-15 10:00:00,M19550,No Failure,Operational,0,303.4,311.5,1483,43.0,117
2025-07-15 11:00:00,L51871,No Failure,Operational,0,303.5,311.5,1535,33.3,120
2025-07-15 12:00:00,M19552,No Failure,Operational,0,303.4,311.4,1606,29.6,122
2025-07-15 13:00:00,M19553,No Failure,Operational,0,303.4,311.5,1817,24.7,125
2025-07-15 14:00:00,L51874,No Failure,Operational,0,303.4,311.5,1424,50.8,128
2025-07-15 15:00:00,L51875,No Failure,Operational,0,303.3,311.6,1514,34.7,130
2025-07-15 16:00:00,L51876,No Failure,Operational,0,303.4,311.6,1449,41.7,132
2025-07-15 17:00:00,M19557,No Failure,Operational,0,303.5,311.6,1573,34.0,134
2025-07-15 18:00:00,L51878,No Failure,Operational,0,303.4,311.6,1564,41.9,137
2025-07-15 19:00:00,L51879,No Failure,Operational,0,303.5,311.6,1428,46.2,139
2025-07-15 20:00:00,L51880,No Failure,Operational,0,303.5,311.7,1620,31.0,141
2025-07-15 21:00:00,H34115,No Failure,Operational,0,303.5,311.7,1584,32.7,143
2025-07-15 22:00:00,L51882,Heat Dissipation Failure,Maintenance Required,1,303.6,311.8,1222,66.8,148
2025-07-15 23:00:00,M19563,No Failure,Operational,0,303.6,311.8,1432,42.5,150
2025-07-16 00:00:00,L51884,No Failure,Operational,0,303.7,311.9,1561,33.3,153
2025-07-16 01:00:00,L51885,No Failure,Operational,0,303.6,311.8,1614,33.2,155
2025-07-16 02:00:00,L51886,No Failure,Operational,0,303.5,311.7,1959,22.3,157
2025-07-16 03:00:00,L51887,No Failure,Operational,0,303.5,311.8,1944,23.5,159
2025-07-16 04:00:00,L51888,No Failure,Operational,0,303.4,311.7,1793,25.8,161
2025-07-16 05:00:00,M19569,No Failure,Operational,0,303.4,311.6,1446,50.0,163
2025-07-16 06:00:00,L51890,No Failure,Operational,0,303.4,311.7,1673,32.2,166
2025-07-16 07:00:00,M19571,No Failure,Operational,0,303.4,311.7,1515,44.2,168
2025-07-16 08:00:00,L51892,No Failure,Operational,0,303.4,311.8,1564,35.9,171
2025-07-16 09:00:00,L51893,No Failure,Operational,0,303.5,311.8,1451,45.2,173
2025-07-16 10:00:00,H34128,No Failure,Operational,0,303.4,311.8,1693,28.3,175
2025-07-16 11:00:00,L51895,No Failure,Operational,0,303.4,311.7,1476,42.3,180
2025-07-16 12:00:00,L51896,No Failure,Operational,0,303.4,311.6,1712,30.1,182
2025-07-16 13:00:00,M19577,No Failure,Operational,0,303.4,311.6,1425,45.4,184
2025-07-16 14:00:00,L51898,Heat Dissipation Failure,Maintenance Required,1,303.3,311.6,1337,56.8,187
2025-07-16 15:00:00,M19579,No Failure,Operational,0,303.4,311.7,1690,34.9,189
2025-07-16 16:00:00,M19580,Heat Dissipation Failure,Maintenance Required,1,303.4,311.7,1353,44.1,192
2025-07-16 17:00:00,L51901,No Failure,Operational,0,303.5,311.8,1927,21.9,195
2025-07-16 18:00:00,M19582,No Failure,Operational,0,303.4,311.8,1391,42.7,197
2025-07-16 19:00:00,L51903,Heat Dissipation Failure,Maintenance Required,1,303.4,311.8,1366,50.9,200
2025-07-16 20:00:00,L51904,No Failure,Operational,0,303.4,311.9,1771,31.6,202
2025-07-16 21:00:00,M19585,No Failure,Operational,0,303.4,311.8,1515,42.6,204
2025-07-16 22:00:00,M19586,No Failure,Operational,0,303.4,311.8,2133,18.3,207
2025-07-16 23:00:00,M19587,Heat Dissipation Failure,Maintenance Required,1,303.4,311.8,1341,47.0,210
2025-07-17 00:00:00,L51908,No Failure,Operational,0,303.4,311.7,1406,47.1,213
2025-07-17 01:00:00,L51909,Heat Dissipation Failure,Maintenance Required,1,303.4,311.8,1306,61.0,215
2025-07-17 02:00:00,L51910,No Failure,Operational,0,303.3,311.7,1508,35.5,217
2025-07-17 03:00:00,L51911,Heat Dissipation Failure,Maintenance Required,1,303.3,311.6,1301,45.1,219
2025-07-17 04:00:00,L51912,No Failure,Operational,0,303.3,311.7,1539,38.5,221
2025-07-17 05:00:00,L51913,No Failure,Operational,0,303.3,311.6,1484,44.6,223
2025-07-17 06:00:00,L51914,No Failure,Operational,0,303.2,311.5,1507,39.2,225
2025-07-17 07:00:00,L51915,No Failure,Operational,0,303.2,311.5,1544,42.5,227
2025-07-17 08:00:00,L51916,No Failure,Operational,0,303.2,311.5,1513,37.9,0
2025-07-17 09:00:00,M19597,Heat Dissipation Failure,Maintenance Required,1,303.2,311.5,1336,58.2,2
2025-07-17 10:00:00,M19598,No Failure,Operational,0,303.2,311.4,2102,19.0,5
2025-07-17 11:00:00,L51919,Heat Dissipation Failure,Maintenance Required,1,303.2,311.4,1351,53.8,8
2025-07-17 12:00:00,L51920,No Failure,Operational,0,303.3,311.5,1601,35.2,10
2025-07-17 13:00:00,L51921,No Failure,Operational,0,303.2,311.3,1393,52.9,12
2025-07-17 14:00:00,L51922,No Failure,Operational,0,303.3,311.3,1592,33.7,14
2025-07-17 15:00:00,L51923,No Failure,Operational,0,303.3,311.3,1409,51.8,16
2025-07-17 16:00:00,L51924,No Failure,Operational,0,303.3,311.3,1393,47.4,18
2025-07-17 17:00:00,H34159,No Failure,Operational,0,303.2,311.2,1475,43.1,20
2025-07-17 18:00:00,L51926,No Failure,Operational,0,303.2,311.2,1427,45.6,25
2025-07-17 19:00:00,L51927,No Failure,Operational,0,303.3,311.2,1763,27.3,27
2025-07-17 20:00:00,L51928,Heat Dissipation Failure,Maintenance Required,1,303.2,311.2,1363,46.7,29
2025-07-17 21:00:00,L51929,No Failure,Operational,0,303.2,311.2,1404,50.9,31
2025-07-17 22:00:00,M19610,No Failure,Operational,0,303.2,311.2,1688,31.9,33
2025-07-17 23:00:00,L51931,No Failure,Operational,0,303.3,311.4,1510,37.3,36
2025-07-18 00:00:00,H34166,No Failure,Operational,0,303.3,311.3,1502,39.5,38
2025-07-18 01:00:00,H34167,No Failure,Operational,0,303.2,311.4,1607,36.6,43
2025-07-18 02:00:00,M19614,No Failure,Operational,0,303.3,311.5,1384,54.8,48
2025-07-18 03:00:00,L51935,Heat Dissipation Failure,Maintenance Required,1,303.4,311.7,1295,51.3,51
2025-07-18 04:00:00,H34170,No Failure,Operational,0,303.4,311.7,1991,19.0,53
2025-07-18 05:00:00,L51937,No Failure,Operational,0,303.4,311.6,1497,42.8,58
2025-07-18 06:00:00,L51938,No Failure,Operational,0,303.5,311.6,1465,48.7,60
2025-07-18 07:00:00,L51939,Heat Dissipation Failure,Maintenance Required,1,303.5,311.6,1361,46.5,62
2025-07-18 08:00:00,L51940,No Failure,Operational,0,303.6,311.7,1546,38.5,64
2025-07-18 09:00:00,H34175,Heat Dissipation Failure,Maintenance Required,1,303.7,311.9,1332,52.7,66
2025-07-18 10:00:00,M19622,Power Failure,Maintenance Required,1,303.7,312.0,2663,11.4,71
2025-07-18 11:00:00,L51943,No Failure,Operational,0,303.7,312.1,1443,45.9,74
2025-07-18 12:00:00,M19624,No Failure,Operational,0,303.7,312.0,1402,48.6,76
2025-07-18 13:00:00,L51945,No Failure,Operational,0,303.7,312.0,1892,22.5,79
2025-07-18 14:00:00,M19626,No Failure,Operational,0,303.6,312.0,1645,35.7,81
2025-07-18 15:00:00,L51947,No Failure,Operational,0,303.6,311.9,1473,50.1,84
2025-07-18 16:00:00,L51948,Heat Dissipation Failure,Maintenance Required,1,303.6,312.0,1309,52.9,86
2025-07-18 17:00:00,H34183,No Failure,Operational,0,303.6,311.9,1544,37.1,88
2025-07-18 18:00:00,L51950,Heat Dissipation Failure,Maintenance Required,1,303.5,311.9,1344,49.3,93
2025-07-18 19:00:00,M19631,No Failure,Operational,0,303.6,311.9,1617,36.0,95
2025-07-18 20:00:00,M19632,No Failure,Operational,0,303.6,312.0,1435,37.9,98
2025-07-18 21:00:00,L51953,No Failure,Operational,0,303.6,312.0,1391,50.3,101
2025-07-18 22:00:00,L51954,No Failure,Operational,0,303.6,312.0,1827,23.3,103
2025-07-18 23:00:00,L51955,No Failure,Operational,0,303.5,312.0,1761,25.8,105
2025-07-19 00:00:00,L51956,No Failure,Operational,0,303.5,312.1,1522,36.4,107
2025-07-19 01:00:00,M19637,No Failure,Operational,0,303.5,312.2,1818,23.6,109
2025-07-19 02:00:00,H34192,Heat Dissipation Failure,Maintenance Required,1,303.6,312.2,1371,54.6,112
2025-07-19 03:00:00,L51959,No Failure,Operational,0,303.7,312.3,1511,38.9,117
2025-07-19 04:00:00,L51960,No Failure,Operational,0,303.7,312.4,1404,46.6,119
2025-07-19 05:00:00,L51961,No Failure,Operational,0,303.7,312.3,1384,45.9,121
2025-07-19 06:00:00,L51962,No Failure,Operational,0,303.8,312.5,1368,52.6,123
2025-07-19 07:00:00,L51963,No Failure,Operational,0,303.7,312.5,1641,36.0,125
2025-07-19 08:00:00,L51964,No Failure,Operational,0,303.9,312.6,1642,32.3,127
2025-07-19 09:00:00,H34199,No Failure,Operational,0,303.9,312.7,1401,50.0,129
2025-07-19 10:00:00,L51966,No Failure,Operational,0,303.8,312.6,1577,41.3,134
2025-07-19 11:00:00,L51967,No Failure,Operational,0,303.7,312.6,1396,44.1,136
2025-07-19 12:00:00,H34202,No Failure,Operational,0,303.7,312.6,1514,35.5,138
2025-07-19 13:00:00,L51969,No Failure,Operational,0,303.8,312.8,1646,35.8,143
2025-07-19 14:00:00,L51970,No Failure,Operational,0,303.8,312.8,1443,40.7,145
2025-07-19 15:00:00,M19651,No Failure,Operational,0,303.7,312.7,1469,48.5,147
2025-07-19 16:00:00,H34206,No Failure,Operational,0,303.7,312.7,1564,40.2,150
2025-07-19 17:00:00,H34207,No Failure,Operational,0,303.6,312.6,1498,40.2,155
2025-07-19 18:00:00,L51974,No Failure,Operational,0,303.6,312.6,1699,27.9,160
2025-07-19 19:00:00,L51975,No Failure,Operational,0,303.6,312.5,1431,49.0,162
2025-07-19 20:00:00,L51976,No Failure,Operational,0,303.5,312.4,1390,47.3,164
2025-07-19 21:00:00,L51977,No Failure,Operational,0,303.5,312.5,1380,46.1,166
2025-07-19 22:00:00,L51978,No Failure,Operational,0,303.5,312.5,1457,46.4,168
2025-07-19 23:00:00,L51979,No Failure,Operational,0,303.5,312.5,1418,42.2,170
2025-07-20 00:00:00,M19660,No Failure,Operational,0,303.5,312.5,1353,51.0,172
2025-07-20 01:00:00,L51981,No Failure,Operational,0,303.5,312.4,1574,32.7,175
2025-07-20 02:00:00,M19662,No Failure,Operational,0,303.5,312.4,1318,54.2,177
2025-07-20 03:00:00,L51983,No Failure,Operational,0,303.6,312.5,1710,31.4,180
2025-07-20 04:00:00,L51984,No Failure,Operational,0,303.7,312.6,1621,38.8,182
2025-07-20 05:00:00,L51985,No Failure,Operational,0,303.6,312.6,1606,33.6,184
2025-07-20 06:00:00,H34220,No Failure,Operational,0,303.6,312.5,1375,54.0,186
2025-07-20 07:00:00,L51987,No Failure,Operational,0,303.5,312.4,1503,36.5,191
2025-07-20 08:00:00,L51988,No Failure,Operational,0,303.5,312.3,1404,48.6,193
2025-07-20 09:00:00,L51989,No Failure,Operational,0,303.4,312.2,1656,32.7,195
2025-07-20 10:00:00,M19670,No Failure,Operational,0,303.4,312.1,1499,39.4,197
2025-07-20 11:00:00,M19671,No Failure,Operational,0,303.4,312.0,1748,28.4,200
2025-07-20 12:00:00,L51992,No Failure,Operational,0,303.4,311.9,1531,37.9,203
2025-07-20 13:00:00,M19673,No Failure,Operational,0,303.3,311.8,1536,40.6,205
2025-07-20 14:00:00,L51994,Overstrain Failure,Maintenance Required,1,303.4,311.8,1401,53.0,208
2025-07-20 15:00:00,H34229,No Failure,Operational,0,303.4,311.9,1534,33.2,210
2025-07-20 16:00:00,L51996,Tool Wear Failure,Maintenance Required,1,303.4,312.0,1521,35.9,215
2025-07-20 17:00:00,L51997,No Failure,Operational,0,303.5,312.1,1674,30.8,0
2025-07-20 18:00:00,M19678,No Failure,Operational,0,303.6,312.1,1967,20.9,2
2025-07-20 19:00:00,L51999,No Failure,Operational,0,303.6,312.2,1696,30.7,5
2025-07-20 20:00:00,M19680,No Failure,Operational,0,303.6,312.1,1627,32.5,7
2025-07-20 21:00:00,L52001,No Failure,Operational,0,303.5,311.9,1405,45.6,10
2025-07-20 22:00:00,L52002,No Failure,Operational,0,303.5,311.9,1565,38.9,12
2025-07-20 23:00:00,L52003,No Failure,Operational,0,303.5,311.9,1493,38.7,14
2025-07-21 00:00:00,L52004,No Failure,Operational,0,303.4,311.8,1499,45.0,16
2025-07-21 01:00:00,L52005,No Failure,Operational,0,303.3,311.8,1692,30.6,18
2025-07-21 02:00:00,L52006,No Failure,Operational,0,303.4,311.8,2268,15.8,20
2025-07-21 03:00:00,L52007,No Failure,Operational,0,303.4,311.8,1438,58.9,22
2025-07-21 04:00:00,L52008,No Failure,Operational,0,303.5,311.9,1515,39.2,24
2025-07-21 05:00:00,L52009,No Failure,Operational,0,303.4,311.9,1491,38.2,26
2025-07-21 06:00:00,L52010,No Failure,Operational,0,303.5,312.0,1756,29.7,28
2025-07-21 07:00:00,L52011,Heat Dissipation Failure,Maintenance Required,1,303.5,312.0,1366,54.5,30
2025-07-21 08:00:00,L52012,No Failure,Operational,0,303.5,312.0,1436,45.1,32
2025-07-21 09:00:00,L52013,Heat Dissipation Failure,Maintenance Required,1,303.4,311.9,1377,41.6,34
2025-07-21 10:00:00,M19694,No Failure,Operational,0,303.4,311.9,1510,42.2,36
2025-07-21 11:00:00,M19695,No Failure,Operational,0,303.4,311.9,1419,50.9,39
2025-07-21 12:00:00,L52016,Heat Dissipation Failure,Maintenance Required,1,303.3,311.8,1315,62.0,42
2025-07-21 13:00:00,H34251,No Failure,Operational,0,303.3,311.8,1806,27.7,44
2025-07-21 14:00:00,H34252,No Failure,Operational,0,303.3,311.8,1649,29.4,49
2025-07-21 15:00:00,H34253,No Failure,Operational,0,303.4,311.9,1402,50.0,54
2025-07-21 16:00:00,L52020,Heat Dissipation Failure,Maintenance Required,1,303.4,311.9,1298,63.9,59
2025-07-21 17:00:00,M19701,No Failure,Operational,0,303.3,311.8,1441,44.9,61
2025-07-21 18:00:00,M19702,No Failure,Operational,0,303.3,311.8,1489,49.4,64
2025-07-21 19:00:00,L52023,No Failure,Operational,0,303.3,311.8,1842,24.5,67
2025-07-21 20:00:00,M19704,Heat Dissipation Failure,Maintenance Required,1,303.4,311.8,1316,50.9,69
2025-07-21 21:00:00,M19705,No Failure,Operational,0,303.3,311.8,1583,33.3,72
2025-07-21 22:00:00,M19706,No Failure,Operational,0,303.3,311.8,1548,33.5,75
2025-07-21 23:00:00,L52027,No Failure,Operational,0,303.4,311.9,1434,44.6,78
2025-07-22 00:00:00,H34262,No Failure,Operational,0,303.5,312.0,1397,52.9,80
2025-07-22 01:00:00,M19709,No Failure,Operational,0,303.5,312.0,1475,42.9,85
2025-07-22 02:00:00,L52030,No Failure,Operational,0,303.5,312.0,1441,56.8,88
2025-07-22 03:00:00,L52031,Heat Dissipation Failure,Maintenance Required,1,303.7,312.1,1363,51.8,90
2025-07-22 04:00:00,L52032,No Failure,Operational,0,303.7,312.2,1619,34.9,92
2025-07-22 05:00:00,L52033,No Failure,Operational,0,303.7,312.2,1487,34.0,94
2025-07-22 06:00:00,L52034,No Failure,Operational,0,303.7,312.2,1568,33.8,96
2025-07-22 07:00:00,L52035,No Failure,Operational,0,303.7,312.3,1375,46.2,98
2025-07-22 08:00:00,M19716,No Failure,Operational,0,303.6,312.3,1698,31.3,100
2025-07-22 09:00:00,L52037,No Failure,Operational,0,303.7,312.3,1606,37.4,103
2025-07-22 10:00:00,L52038,No Failure,Operational,0,303.7,312.3,1349,51.0,105
2025-07-22 11:00:00,L52039,No Failure,Operational,0,303.7,312.4,1535,38.6,107
2025-07-22 12:00:00,M19720,No Failure,Operational,0,303.6,312.4,1504,49.5,109
2025-07-22 13:00:00,L52041,No Failure,Operational,0,303.5,312.3,1946,21.1,112
2025-07-22 14:00:00,L52042,No Failure,Operational,0,303.5,312.1,1326,55.7,114
2025-07-22 15:00:00,M19723,No Failure,Operational,0,303.6,312.3,1915,22.3,116
2025-07-22 16:00:00,L52044,No Failure,Operational,0,303.6,312.3,1451,43.4,119
2025-07-22 17:00:00,M19725,No Failure,Operational,0,303.5,312.3,1624,34.8,121
2025-07-22 18:00:00,L52046,No Failure,Operational,0,303.6,312.4,1781,28.7,124
2025-07-22 19:00:00,L52047,No Failure,Operational,0,303.6,312.5,1345,54.1,126
2025-07-22 20:00:00,L52048,No Failure,Operational,0,303.6,312.4,1418,46.0,128
2025-07-22 21:00:00,L52049,No Failure,Operational,0,303.7,312.4,1718,26.5,130
2025-07-22 22:00:00,M19730,No Failure,Operational,0,303.7,312.4,1631,28.5,132
2025-07-22 23:00:00,L52051,No Failure,Operational,0,303.7,312.4,1513,40.1,135
2025-07-23 00:00:00,L52052,No Failure,Operational,0,303.7,312.4,1316,59.3,137
2025-07-23 01:00:00,M19733,No Failure,Operational,0,303.7,312.4,1474,38.8,139
2025-07-23 02:00:00,L52054,No Failure,Operational,0,303.8,312.5,1619,30.9,142
2025-07-23 03:00:00,L52055,No Failure,Operational,0,303.7,312.4,1702,31.2,144
2025-07-23 04:00:00,M19736,No Failure,Operational,0,303.7,312.4,1540,37.4,146
2025-07-23 05:00:00,M19737,No Failure,Operational,0,303.7,312.4,1546,33.7,149
2025-07-23 06:00:00,L52058,No Failure,Operational,0,303.7,312.4,1348,51.0,152
2025-07-23 07:00:00,H34293,No Failure,Operational,0,303.7,312.5,1520,35.6,154
2025-07-23 08:00:00,M19740,No Failure,Operational,0,303.8,312.6,1527,41.9,159
2025-07-23 09:00:00,M19741,No Failure,Operational,0,303.8,312.6,1406,47.1,162
2025-07-23 10:00:00,L52062,No Failure,Operational,0,303.7,312.5,1462,46.2,165
2025-07-23 11:00:00,M19743,No Failure,Operational,0,303.8,312.6,1684,29.3,167
2025-07-23 12:00:00,H34298,No Failure,Operational,0,303.8,312.5,1655,28.0,170
2025-07-23 13:00:00,H34299,No Failure,Operational,0,303.8,312.5,1748,25.1,175
2025-07-23 14:00:00,L52066,No Failure,Operational,0,303.8,312.5,1372,45.7,180
2025-07-23 15:00:00,L52067,No Failure,Operational,0,303.7,312.5,1481,33.3,182
2025-07-23 16:00:00,L52068,No Failure,Operational,0,303.7,312.4,1512,39.2,184
2025-07-23 17:00:00,L52069,No Failure,Operational,0,303.7,312.5,1632,36.6,186
2025-07-23 18:00:00,L52070,No Failure,Operational,0,303.7,312.4,1525,43.9,188
2025-07-23 19:00:00,M19751,No Failure,Operational,0,303.7,312.3,1756,26.4,190
2025-07-23 20:00:00,L52072,No Failure,Operational,0,303.7,312.3,1922,23.1,193
2025-07-23 21:00:00,M19753,No Failure,Operational,0,303.8,312.5,1448,44.3,195
2025-07-23 22:00:00,H34308,No Failure,Operational,0,303.8,312.5,1447,46.6,198
2025-07-23 23:00:00,M19755,No Failure,Operational,0,303.8,312.4,1597,33.4,203
2025-07-24 00:00:00,M19756,No Failure,Operational,0,303.7,312.4,1642,32.3,206
2025-07-24 01:00:00,H34311,No Failure,Operational,0,303.8,312.5,1525,38.0,209
2025-07-24 02:00:00,H34312,No Failure,Operational,0,303.6,312.4,1460,53.7,214
2025-07-24 03:00:00,L52079,No Failure,Operational,0,303.6,312.3,2168,17.7,219
2025-07-24 04:00:00,L52080,No Failure,Operational,0,303.6,312.4,1388,41.9,221
2025-07-24 05:00:00,M19761,No Failure,Operational,0,303.6,312.3,1630,32.4,223
2025-07-24 06:00:00,L52082,No Failure,Operational,0,303.6,312.3,1616,29.3,226
2025-07-24 07:00:00,L52083,No Failure,Operational,0,303.6,312.4,2232,16.8,0
2025-07-24 08:00:00,H34318,No Failure,Operational,0,303.6,312.4,1480,50.7,2
2025-07-24 09:00:00,L52085,No Failure,Operational,0,303.6,312.4,1363,53.1,7
2025-07-24 10:00:00,H34320,No Failure,Operational,0,303.6,312.4,1436,45.6,9
2025-07-24 11:00:00,M19767,No Failure,Operational,0,303.6,312.5,1607,33.7,14
2025-07-24 12:00:00,M19768,No Failure,Operational,0,303.6,312.5,1459,48.2,17
2025-07-24 13:00:00,L52089,No Failure,Operational,0,303.5,312.4,1481,43.7,20
2025-07-24 14:00:00,M19770,No Failure,Operational,0,303.5,312.4,1606,31.7,22
2025-07-24 15:00:00,L52091,No Failure,Operational,0,303.5,312.3,1681,29.8,25
2025-07-24 16:00:00,L52092,No Failure,Operational,0,303.5,312.2,1511,37.1,27
2025-07-24 17:00:00,M19773,No Failure,Operational,0,303.5,312.3,1593,35.2,29
2025-07-24 18:00:00,M19774,No Failure,Operational,0,303.5,312.3,1532,41.7,32
2025-07-24 19:00:00,H34329,No Failure,Operational,0,303.5,312.3,1386,49.0,35
2025-07-24 20:00:00,H34330,No Failure,Operational,0,303.4,312.3,1769,27.9,40
2025-07-24 21:00:00,M19777,No Failure,Operational,0,303.4,312.2,1561,38.2,45
2025-07-24 22:00:00,L52098,No Failure,Operational,0,303.3,312.2,1457,40.7,48
2025-07-24 23:00:00,L52099,No Failure,Operational,0,303.3,312.2,1506,40.0,50
2025-07-25 00:00:00,L52100,Power Failure,Maintenance Required,1,303.4,312.2,1337,69.4,52
2025-07-25 01:00:00,L52101,No Failure,Operational,0,303.4,312.3,1287,54.8,54
2025-07-25 02:00:00,M19782,No Failure,Operational,0,303.4,312.2,1615,35.7,56
2025-07-25 03:00:00,M19783,No Failure,Operational,0,303.4,312.2,1972,23.5,59
2025-07-25 04:00:00,H34338,No Failure,Operational,0,303.4,312.3,1522,42.1,62
2025-07-25 05:00:00,L52105,No Failure,Operational,0,303.4,312.3,1680,30.6,67
2025-07-25 06:00:00,L52106,No Failure,Operational,0,303.4,312.3,1502,36.0,69
2025-07-25 07:00:00,M19787,No Failure,Operational,0,303.5,312.3,1543,33.3,71
2025-07-25 08:00:00,L52108,No Failure,Operational,0,303.5,312.3,1584,35.2,74
2025-07-25 09:00:00,L52109,No Failure,Operational,0,303.5,312.4,1340,44.5,76
2025-07-25 10:00:00,L52110,No Failure,Operational,0,303.4,312.3,1663,33.9,78
2025-07-25 11:00:00,M19791,No Failure,Operational,0,303.3,312.1,1693,30.0,80
2025-07-25 12:00:00,L52112,No Failure,Operational,0,303.3,312.1,1418,44.7,83
2025-07-25 13:00:00,H34347,No Failure,Operational,0,303.4,312.2,1554,36.8,85
2025-07-25 14:00:00,L52114,No Failure,Operational,0,303.4,312.2,1580,35.8,90
2025-07-25 15:00:00,L52115,No Failure,Operational,0,303.4,312.3,1479,42.8,92
2025-07-25 16:00:00,L52116,Power Failure,Maintenance Required,1,303.5,312.4,1284,70.6,94
2025-07-25 17:00:00,L52117,No Failure,Operational,0,303.4,312.3,1540,38.7,96
2025-07-25 18:00:00,M19798,No Failure,Operational,0,303.5,312.4,1606,30.1,98
2025-07-25 19:00:00,L52119,No Failure,Operational,0,303.6,312.5,1286,62.4,101
2025-07-25 20:00:00,L52120,No Failure,Operational,0,303.6,312.6,1502,39.5,103
2025-07-25 21:00:00,M19801,No Failure,Operational,0,303.6,312.7,1699,31.5,105
2025-07-25 22:00:00,L52122,No Failure,Operational,0,303.5,312.6,1602,34.2,108
2025-07-25 23:00:00,H34357,No Failure,Operational,0,303.6,312.6,1436,42.0,110
2025-07-26 00:00:00,M19804,No Failure,Operational,0,303.6,312.7,1765,27.5,115
2025-07-26 01:00:00,L52125,No Failure,Operational,0,303.6,312.7,1418,44.1,118
2025-07-26 02:00:00,M19806,No Failure,Operational,0,303.7,312.7,1669,31.7,120
2025-07-26 03:00:00,L52127,No Failure,Operational,0,303.7,312.7,1395,53.9,123
2025-07-26 04:00:00,M19808,No Failure,Operational,0,303.8,312.7,1500,41.7,125
2025-07-26 05:00:00,M19809,No Failure,Operational,0,303.8,312.7,1555,33.4,128
2025-07-26 06:00:00,M19810,No Failure,Operational,0,303.8,312.7,1919,20.2,131
2025-07-26 07:00:00,L52131,No Failure,Operational,0,303.8,312.7,1596,36.6,134
2025-07-26 08:00:00,M19812,No Failure,Operational,0,303.8,312.7,1374,53.6,136
2025-07-26 09:00:00,L52133,No Failure,Operational,0,303.7,312.5,1670,26.1,139
2025-07-26 10:00:00,L52134,No Failure,Operational,0,303.7,312.6,1702,29.1,141
2025-07-26 11:00:00,M19815,No Failure,Operational,0,303.8,312.5,1366,45.1,143
2025-07-26 12:00:00,M19816,No Failure,Operational,0,303.8,312.5,2344,15.2,146
2025-07-26 13:00:00,M19817,No Failure,Operational,0,303.8,312.6,1768,23.9,149
2025-07-26 14:00:00,L52138,No Failure,Operational,0,303.8,312.5,1523,47.0,152
2025-07-26 15:00:00,L52139,No Failure,Operational,0,303.8,312.6,1735,25.9,154
2025-07-26 16:00:00,L52140,No Failure,Operational,0,303.9,312.7,1339,62.3,156
2025-07-26 17:00:00,L52141,No Failure,Operational,0,303.9,312.7,1800,24.3,158
2025-07-26 18:00:00,M19822,No Failure,Operational,0,304.0,312.7,1456,51.2,160
2025-07-26 19:00:00,L52143,No Failure,Operational,0,303.9,312.7,1789,24.4,163
2025-07-26 20:00:00,L52144,No Failure,Operational,0,303.9,312.7,1602,33.9,165
2025-07-26 21:00:00,M19825,No Failure,Operational,0,303.8,312.7,1364,49.3,167
2025-07-26 22:00:00,L52146,No Failure,Operational,0,303.8,312.6,1793,28.1,170
2025-07-26 23:00:00,L52147,No Failure,Operational,0,303.9,312.6,1426,53.4,172
2025-07-27 00:00:00,M19828,No Failure,Operational,0,303.9,312.7,1485,43.3,174
2025-07-27 01:00:00,L52149,No Failure,Operational,0,303.9,312.7,1528,38.4,177
2025-07-27 02:00:00,L52150,No Failure,Operational,0,303.8,312.6,1565,36.0,179
2025-07-27 03:00:00,L52151,No Failure,Operational,0,303.8,312.7,1838,27.8,181
2025-07-27 04:00:00,H34386,No Failure,Operational,0,303.8,312.6,1811,24.9,183
2025-07-27 05:00:00,L52153,No Failure,Operational,0,303.8,312.7,1461,38.2,188
2025-07-27 06:00:00,L52154,No Failure,Operational,0,303.8,312.7,1414,41.7,190
2025-07-27 07:00:00,L52155,No Failure,Operational,0,303.7,312.7,1426,45.5,192
2025-07-27 08:00:00,L52156,Overstrain Failure,Maintenance Required,1,303.7,312.7,1359,56.8,194
2025-07-27 09:00:00,L52157,No Failure,Operational,0,303.7,312.7,1540,44.8,196
2025-07-27 10:00:00,L52158,No Failure,Operational,0,303.6,312.7,1429,47.7,198
2025-07-27 11:00:00,M19839,No Failure,Operational,0,303.7,312.7,1612,36.3,200
2025-07-27 12:00:00,M19840,No Failure,Operational,0,303.7,312.8,1685,31.8,203
2025-07-27 13:00:00,M19841,No Failure,Operational,0,303.7,312.8,1558,37.7,206
2025-07-27 14:00:00,L52162,No Failure,Operational,0,303.7,313.0,1811,24.3,209
2025-07-27 15:00:00,L52163,No Failure,Operational,0,303.8,313.1,1869,25.8,211
2025-07-27 16:00:00,L52164,Overstrain Failure,Maintenance Required,1,303.8,313.1,1256,58.7,213
2025-07-27 17:00:00,M19845,No Failure,Operational,0,303.8,313.0,1789,23.5,215
2025-07-27 18:00:00,L52166,No Failure,Operational,0,303.7,312.9,1502,40.5,0
2025-07-27 19:00:00,M19847,No Failure,Operational,0,303.7,313.0,1303,54.4,2
2025-07-27 20:00:00,L52168,Power Failure,Maintenance Required,1,303.8,313.1,2497,13.0,5
2025-07-27 21:00:00,L52169,No Failure,Operational,0,303.9,313.2,1499,37.4,7
2025-07-27 22:00:00,L52170,No Failure,Operational,0,303.9,313.2,1393,46.5,9
2025-07-27 23:00:00,M19851,No Failure,Operational,0,303.9,313.0,1475,41.0,11
2025-07-28 00:00:00,L52172,No Failure,Operational,0,303.8,312.9,1573,34.6,14
2025-07-28 01:00:00,L52173,No Failure,Operational,0,303.8,312.9,1819,23.7,16
2025-07-28 02:00:00,M19854,No Failure,Operational,0,303.5,312.6,1642,29.4,18
2025-07-28 03:00:00,L52175,No Failure,Operational,0,303.6,312.6,1540,39.8,21
2025-07-28 04:00:00,M19856,No Failure,Operational,0,303.6,312.8,1400,43.2,23
2025-07-28 05:00:00,M19857,Power Failure,Maintenance Required,1,303.6,312.8,2659,11.4,26
2025-07-28 06:00:00,M19858,No Failure,Operational,0,303.6,312.8,1825,25.2,29
2025-07-28 07:00:00,M19859,No Failure,Operational,0,303.7,312.9,1532,41.3,32
2025-07-28 08:00:00,L52180,No Failure,Operational,0,303.7,312.8,1832,23.6,35
2025-07-28 09:00:00,M19861,No Failure,Operational,0,303.6,312.7,2174,17.6,37
2025-07-28 10:00:00,L52182,No Failure,Operational,0,303.7,312.8,1627,31.7,40
2025-07-28 11:00:00,L52183,No Failure,Operational,0,303.7,312.8,1437,51.3,42
2025-07-28 12:00:00,L52184,No Failure,Operational,0,303.7,312.8,1364,46.3,44
2025-07-28 13:00:00,M19865,No Failure,Operational,0,303.7,312.9,1444,52.7,46
2025-07-28 14:00:00,M19866,No Failure,Operational,0,303.7,312.8,1366,47.3,49
2025-07-28 15:00:00,L52187,No Failure,Operational,0,303.8,312.9,1442,48.3,52
2025-07-28 16:00:00,H34422,No Failure,Operational,0,303.7,312.8,1488,42.8,54
2025-07-28 17:00:00,L52189,No Failure,Operational,0,303.7,312.8,1523,40.7,59
2025-07-28 18:00:00,L52190,No Failure,Operational,0,303.7,312.8,1543,38.3,61
2025-07-28 19:00:00,M19871,No Failure,Operational,0,303.7,312.8,1634,33.8,63
2025-07-28 20:00:00,M19872,No Failure,Operational,0,303.8,312.9,1815,27.8,66
2025-07-28 21:00:00,M19873,No Failure,Operational,0,303.8,312.9,1594,35.2,69
2025-07-28 22:00:00,L52194,No Failure,Operational,0,303.8,313.0,1452,38.6,72
2025-07-28 23:00:00,L52195,No Failure,Operational,0,303.9,313.0,1759,28.4,74
2025-07-29 00:00:00,L52196,No Failure,Operational,0,303.9,313.0,1408,47.5,76
2025-07-29 01:00:00,L52197,No Failure,Operational,0,303.9,313.0,1483,45.0,78
2025-07-29 02:00:00,M19878,No Failure,Operational,0,303.9,313.0,1620,36.6,80
2025-07-29 03:00:00,M19879,No Failure,Operational,0,304.0,313.1,1466,39.5,83
2025-07-29 04:00:00,L52200,No Failure,Operational,0,304.1,313.1,1556,36.3,86
2025-07-29 05:00:00,L52201,No Failure,Operational,0,304.0,313.0,1350,61.1,88
2025-07-29 06:00:00,L52202,No Failure,Operational,0,304.0,313.1,1404,47.1,90
2025-07-29 07:00:00,M19883,No Failure,Operational,0,304.0,313.0,1575,34.5,92
2025-07-29 08:00:00,L52204,No Failure,Operational,0,303.9,313.1,1639,29.0,95
2025-07-29 09:00:00,M19885,No Failure,Operational,0,303.9,313.1,1473,42.8,97
2025-07-29 10:00:00,L52206,No Failure,Operational,0,303.9,313.2,1481,40.0,100
2025-07-29 11:00:00,L52207,No Failure,Operational,0,304.0,313.3,1294,54.6,102
2025-07-29 12:00:00,M19888,No Failure,Operational,0,303.9,313.2,1630,29.3,104
2025-07-29 13:00:00,M19889,No Failure,Operational,0,303.9,313.2,1624,39.8,107
2025-07-29 14:00:00,M19890,No Failure,Operational,0,303.9,313.1,1437,48.3,110
2025-07-29 15:00:00,M19891,No Failure,Operational,0,303.8,313.0,1514,45.0,113
2025-07-29 16:00:00,M19892,No Failure,Operational,0,304.0,313.1,1694,31.4,116
2025-07-29 17:00:00,L52213,No Failure,Operational,0,304.0,313.1,1564,50.9,119
2025-07-29 18:00:00,M19894,No Failure,Operational,0,303.9,313.1,1514,41.1,121
2025-07-29 19:00:00,M19895,No Failure,Operational,0,304.0,313.2,1500,40.6,124
2025-07-29 20:00:00,L52216,No Failure,Operational,0,304.0,313.2,1615,37.8,127
2025-07-29 21:00:00,M19897,No Failure,Operational,0,304.1,313.2,1586,41.1,129
2025-07-29 22:00:00,L52218,No Failure,Operational,0,304.1,313.3,1732,28.5,132
2025-07-29 23:00:00,H34453,No Failure,Operational,0,304.1,313.3,1689,32.5,134
2025-07-30 00:00:00,H34454,No Failure,Operational,0,304.1,313.2,1586,34.6,139
2025-07-30 01:00:00,L52221,No Failure,Operational,0,304.0,313.2,1314,47.1,144
2025-07-30 02:00:00,L52222,No Failure,Operational,0,304.1,313.2,1569,35.8,146
2025-07-30 03:00:00,L52223,No Failure,Operational,0,304.1,313.2,1468,39.4,148
2025-07-30 04:00:00,L52224,No Failure,Operational,0,304.1,313.2,1412,47.5,150
2025-07-30 05:00:00,M19905,No Failure,Operational,0,304.1,313.2,1510,46.9,152
2025-07-30 06:00:00,M19906,No Failure,Operational,0,304.1,313.2,1410,42.4,155
2025-07-30 07:00:00,M19907,No Failure,Operational,0,304.1,313.3,1680,29.3,158
2025-07-30 08:00:00,H34462,Power Failure,Maintenance Required,1,304.0,313.2,1271,68.6,161
2025-07-30 09:00:00,H34463,No Failure,Operational,0,304.0,313.1,1472,45.5,166
2025-07-30 10:00:00,H34464,No Failure,Operational,0,304.0,313.0,1701,30.4,171
2025-07-30 11:00:00,L52231,No Failure,Operational,0,303.9,313.0,1480,39.9,176
2025-07-30 12:00:00,L52232,No Failure,Operational,0,303.9,313.0,1433,48.4,178
2025-07-30 13:00:00,L52233,No Failure,Operational,0,303.8,312.9,1514,34.3,180
2025-07-30 14:00:00,L52234,No Failure,Operational,0,303.8,312.9,1619,35.7,182
2025-07-30 15:00:00,H34469,No Failure,Operational,0,303.8,312.9,1378,45.6,184
2025-07-30 16:00:00,M19916,No Failure,Operational,0,303.9,312.9,1430,53.5,189
2025-07-30 17:00:00,L52237,No Failure,Operational,0,303.8,312.9,1367,49.9,192
2025-07-30 18:00:00,L52238,No Failure,Operational,0,303.9,312.9,1526,42.5,194
2025-07-30 19:00:00,L52239,No Failure,Operational,0,303.9,312.8,1419,47.9,196
2025-07-30 20:00:00,L52240,No Failure,Operational,0,304.0,312.8,1542,42.7,198
2025-07-30 21:00:00,L52241,Overstrain Failure,Maintenance Required,1,304.0,312.9,1363,62.5,200
2025-07-30 22:00:00,L52242,No Failure,Operational,0,304.0,312.9,1313,53.9,202
2025-07-30 23:00:00,H34477,No Failure,Operational,0,304.0,312.9,1495,46.6,0
2025-07-31 00:00:00,L52244,No Failure,Operational,0,304.0,313.0,1407,42.1,5
2025-07-31 01:00:00,L52245,No Failure,Operational,0,304.1,313.0,1566,37.2,7
2025-07-31 02:00:00,L52246,No Failure,Operational,0,304.1,313.1,1550,30.9,9
2025-07-31 03:00:00,M19927,No Failure,Operational,0,304.2,313.2,1396,50.5,11
2025-07-31 04:00:00,M19928,No Failure,Operational,0,304.3,313.3,1540,39.0,14
2025-07-31 05:00:00,M19929,No Failure,Operational,0,304.2,313.2,1380,48.7,17
2025-07-31 06:00:00,M19930,No Failure,Operational,0,304.2,313.1,1608,31.1,20
2025-07-31 07:00:00,H34485,No Failure,Operational,0,304.2,313.0,1442,40.9,23
2025-07-31 08:00:00,L52252,No Failure,Operational,0,304.1,313.0,1408,45.3,28
2025-07-31 09:00:00,M19933,No Failure,Operational,0,304.0,313.0,1454,46.8,30
2025-07-31 10:00:00,L52254,No Failure,Operational,0,304.1,313.1,1666,34.6,33
2025-07-31 11:00:00,L52255,No Failure,Operational,0,304.1,313.2,1366,46.6,35
2025-07-31 12:00:00,L52256,No Failure,Operational,0,304.2,313.2,1464,44.9,37
2025-07-31 13:00:00,L52257,No Failure,Operational,0,304.3,313.3,1775,24.9,39
2025-07-31 14:00:00,M19938,No Failure,Operational,0,304.3,313.4,1482,43.8,41
2025-07-31 15:00:00,M19939,No Failure,Operational,0,304.2,313.4,1411,54.8,44
2025-07-31 16:00:00,L52260,No Failure,Operational,0,304.2,313.3,1410,51.6,47
2025-07-31 17:00:00,M19941,No Failure,Operational,0,304.1,313.3,1494,39.0,49
2025-07-31 18:00:00,H34496,No Failure,Operational,0,304.1,313.2,1590,43.4,52
2025-07-31 19:00:00,L52263,No Failure,Operational,0,304.1,313.1,1327,54.1,57
2025-07-31 20:00:00,L52264,No Failure,Operational,0,304.1,313.1,1969,20.8,59
2025-07-31 21:00:00,M19945,No Failure,Operational,0,304.0,313.0,1377,56.0,61
2025-07-31 22:00:00,L52266,No Failure,Operational,0,304.0,313.0,1541,45.9,64
2025-07-31 23:00:00,M19947,No Failure,Operational,0,304.0,313.0,1685,28.2,66
2025-08-01 00:00:00,L52268,No Failure,Operational,0,304.0,313.1,1465,41.0,69
2025-08-01 01:00:00,M19949,No Failure,Operational,0,303.9,313.1,1483,47.2,71
2025-08-01 02:00:00,M19950,No Failure,Operational,0,303.9,313.2,1570,40.7,74
2025-08-01 03:00:00,L52271,No Failure,Operational,0,303.9,313.2,1345,48.2,77
2025-08-01 04:00:00,M19952,No Failure,Operational,0,303.9,313.2,1608,40.6,79
2025-08-01 05:00:00,M19953,No Failure,Operational,0,304.0,313.3,1415,52.8,82
2025-08-01 06:00:00,M19954,No Failure,Operational,0,304.1,313.5,1470,45.8,85
2025-08-01 07:00:00,M19955,No Failure,Operational,0,304.1,313.5,1428,39.9,88
2025-08-01 08:00:00,H34510,No Failure,Operational,0,304.2,313.5,1627,32.2,91
2025-08-01 09:00:00,L52277,No Failure,Operational,0,304.2,313.4,1457,49.4,96
2025-08-01 10:00:00,L52278,No Failure,Operational,0,304.2,313.4,1475,40.2,98
2025-08-01 11:00:00,L52279,No Failure,Operational,0,304.2,313.5,1438,50.1,100
2025-08-01 12:00:00,M19960,No Failure,Operational,0,304.2,313.5,1437,47.2,102
2025-08-01 13:00:00,M19961,No Failure,Operational,0,304.1,313.4,1518,42.4,105
2025-08-01 14:00:00,M19962,No Failure,Operational,0,304.1,313.5,1587,33.6,108
2025-08-01 15:00:00,L52283,No Failure,Operational,0,304.1,313.4,1399,43.7,111
2025-08-01 16:00:00,L52284,No Failure,Operational,0,304.1,313.5,1469,44.6,113
2025-08-01 17:00:00,L52285,No Failure,Operational,0,304.1,313.4,1374,56.6,115
2025-08-01 18:00:00,L52286,No Failure,Operational,0,304.0,313.3,1519,36.7,117
2025-08-01 19:00:00,L52287,No Failure,Operational,0,303.9,313.2,1540,44.4,119
2025-08-01 20:00:00,L52288,No Failure,Operational,0,303.9,313.3,1394,51.6,121
2025-08-01 21:00:00,M19969,No Failure,Operational,0,304.0,313.4,1389,45.8,123
2025-08-01 22:00:00,M19970,No Failure,Operational,0,304.0,313.5,1732,26.2,126
2025-08-01 23:00:00,L52291,No Failure,Operational,0,304.1,313.6,1556,37.4,129
2025-08-02 00:00:00,M19972,No Failure,Operational,0,304.1,313.6,1441,43.7,131
2025-08-02 01:00:00,L52293,No Failure,Operational,0,304.1,313.6,1382,46.7,134
2025-08-02 02:00:00,M19974,No Failure,Operational,0,304.2,313.8,1481,44.9,136
2025-08-02 03:00:00,M19975,No Failure,Operational,0,304.2,313.7,2113,18.4,139
2025-08-02 04:00:00,L52296,No Failure,Operational,0,304.2,313.8,1401,53.9,142
2025-08-02 05:00:00,L52297,No Failure,Operational,0,304.1,313.6,1611,31.4,144
2025-08-02 06:00:00,M19978,No Failure,Operational,0,304.2,313.6,1512,33.4,146
2025-08-02 07:00:00,L52299,No Failure,Operational,0,304.2,313.6,1411,46.0,149
2025-08-02 08:00:00,M19980,No Failure,Operational,0,304.2,313.6,1424,43.7,151
2025-08-02 09:00:00,L52301,No Failure,Operational,0,304.2,313.6,1469,40.0,154
2025-08-02 10:00:00,H34536,No Failure,Operational,0,304.2,313.5,1684,29.8,156
2025-08-02 11:00:00,M19983,No Failure,Operational,0,304.2,313.5,1532,41.3,161
2025-08-02 12:00:00,M19984,No Failure,Operational,0,304.2,313.5,1557,37.3,164
2025-08-02 13:00:00,M19985,No Failure,Operational,0,304.3,313.5,1416,48.1,167
2025-08-02 14:00:00,L52306,No Failure,Operational,0,304.3,313.5,1802,25.4,170
2025-08-02 15:00:00,M19987,No Failure,Operational,0,304.3,313.5,2245,15.1,172
2025-08-02 16:00:00,L52308,No Failure,Operational,0,304.2,313.4,1434,42.5,175
2025-08-02 17:00:00,M19989,No Failure,Operational,0,304.1,313.3,1725,28.3,177
2025-08-02 18:00:00,L52310,No Failure,Operational,0,304.2,313.3,1668,35.7,180
2025-08-02 19:00:00,L52311,No Failure,Operational,0,304.1,313.3,1452,43.9,182
2025-08-02 20:00:00,L52312,No Failure,Operational,0,304.1,313.3,1415,50.0,184
2025-08-02 21:00:00,L52313,No Failure,Operational,0,304.1,313.2,1824,25.8,186
2025-08-02 22:00:00,L52314,No Failure,Operational,0,304.1,313.3,1438,45.5,188
2025-08-02 23:00:00,L52315,No Failure,Operational,0,304.1,313.3,1883,24.5,190
2025-08-03 00:00:00,L52316,No Failure,Operational,0,304.2,313.4,1735,28.9,192
2025-08-03 01:00:00,L52317,No Failure,Operational,0,304.3,313.5,1464,36.7,194
2025-08-03 02:00:00,M19998,No Failure,Operational,0,304.3,313.6,1489,40.3,196
2025-08-03 03:00:00,M19999,No Failure,Operational,0,304.4,313.6,1510,38.9,199
2025-08-03 04:00:00,M20000,No Failure,Operational,0,304.3,313.6,1585,32.1,202
2025-08-03 05:00:00,L52321,Tool Wear Failure,Maintenance Required,1,304.4,313.7,1509,35.0,205
2025-08-03 06:00:00,L52322,No Failure,Operational,0,304.4,313.6,1568,39.1,0
2025-08-03 07:00:00,M20003,No Failure,Operational,0,304.3,313.5,1525,42.0,2
2025-08-03 08:00:00,L52324,No Failure,Operational,0,304.4,313.7,1607,33.5,5
2025-08-03 09:00:00,L52325,No Failure,Operational,0,304.5,313.7,1670,32.9,7
2025-08-03 10:00:00,L52326,No Failure,Operational,0,304.4,313.6,1585,38.9,9
2025-08-03 11:00:00,L52327,No Failure,Operational,0,304.4,313.6,1569,38.4,11
2025-08-03 12:00:00,L52328,No Failure,Operational,0,304.4,313.6,1507,43.1,13
2025-08-03 13:00:00,L52329,No Failure,Operational,0,304.3,313.5,1452,41.5,15
2025-08-03 14:00:00,L52330,No Failure,Operational,0,304.3,313.5,1590,29.8,17
2025-08-03 15:00:00,L52331,No Failure,Operational,0,304.3,313.6,1409,56.0,19
2025-08-03 16:00:00,L52332,No Failure,Operational,0,304.3,313.5,2643,12.7,21
2025-08-03 17:00:00,L52333,No Failure,Operational,0,304.2,313.4,1644,31.7,23
2025-08-03 18:00:00,L52334,No Failure,Operational,0,304.2,313.4,1568,37.6,25
2025-08-03 19:00:00,H34569,No Failure,Operational,0,304.2,313.3,1625,37.3,27
2025-08-03 20:00:00,L52336,No Failure,Operational,0,304.2,313.4,1482,41.4,32
2025-08-03 21:00:00,H34571,No Failure,Operational,0,304.1,313.3,1397,49.6,34
2025-08-03 22:00:00,L52338,No Failure,Operational,0,304.1,313.3,1459,50.3,39
2025-08-03 23:00:00,L52339,No Failure,Operational,0,304.2,313.4,1490,44.0,41
2025-08-04 00:00:00,L52340,No Failure,Operational,0,304.1,313.2,1434,50.1,43
2025-08-04 01:00:00,M20021,No Failure,Operational,0,304.1,313.2,2028,18.9,45
2025-08-04 02:00:00,L52342,No Failure,Operational,0,304.2,313.3,1464,45.9,48
2025-08-04 03:00:00,M20023,No Failure,Operational,0,304.2,313.4,1713,23.5,50
2025-08-04 04:00:00,M20024,No Failure,Operational,0,304.3,313.4,1624,32.1,53
2025-08-04 05:00:00,L52345,No Failure,Operational,0,304.2,313.4,1421,43.4,56
2025-08-04 06:00:00,H34580,No Failure,Operational,0,304.2,313.5,1546,41.4,58
2025-08-04 07:00:00,L52347,No Failure,Operational,0,304.2,313.4,1639,32.7,63
2025-08-04 08:00:00,H34582,No Failure,Operational,0,304.1,313.4,1696,29.6,65
2025-08-04 09:00:00,L52349,No Failure,Operational,0,304.1,313.3,1470,39.9,70
2025-08-04 10:00:00,M20030,No Failure,Operational,0,304.1,313.3,1480,38.4,72
2025-08-04 11:00:00,M20031,No Failure,Operational,0,304.2,313.4,1329,54.5,75
2025-08-04 12:00:00,L52352,No Failure,Operational,0,304.2,313.4,1740,28.2,78
2025-08-04 13:00:00,M20033,No Failure,Operational,0,304.2,313.5,1739,28.1,80
2025-08-04 14:00:00,M20034,No Failure,Operational,0,304.2,313.5,1390,47.8,83
2025-08-04 15:00:00,L52355,No Failure,Operational,0,304.2,313.4,1740,23.7,86
2025-08-04 16:00:00,M20036,No Failure,Operational,0,304.0,313.3,1844,27.1,88
2025-08-04 17:00:00,H34591,No Failure,Operational,0,304.0,313.1,1388,53.2,91
2025-08-04 18:00:00,H34592,No Failure,Operational,0,304.0,313.2,1517,43.1,96
2025-08-04 19:00:00,M20039,No Failure,Operational,0,304.0,313.1,1450,42.8,101
2025-08-04 20:00:00,L52360,No Failure,Operational,0,304.0,313.2,1584,38.7,104
2025-08-04 21:00:00,L52361,No Failure,Operational,0,304.0,313.1,1720,28.7,106
2025-08-04 22:00:00,L52362,No Failure,Operational,0,303.9,313.1,1586,31.9,108
2025-08-04 23:00:00,M20043,No Failure,Operational,0,303.9,313.0,1901,22.5,110
2025-08-05 00:00:00,L52364,No Failure,Operational,0,304.0,313.0,1397,42.4,113
2025-08-05 01:00:00,L52365,No Failure,Operational,0,304.0,313.0,2012,21.1,115
2025-08-05 02:00:00,L52366,No Failure,Operational,0,304.0,313.0,2354,15.0,117
2025-08-05 03:00:00,L52367,No Failure,Operational,0,304.0,313.1,1648,35.7,119
2025-08-05 04:00:00,L52368,No Failure,Operational,0,304.0,313.2,1632,30.6,121
2025-08-05 05:00:00,M20049,No Failure,Operational,0,304.1,313.2,1427,46.9,123
2025-08-05 06:00:00,L52370,No Failure,Operational,0,304.1,313.2,1452,48.0,126
2025-08-05 07:00:00,L52371,No Failure,Operational,0,304.0,313.2,1416,46.0,128
2025-08-05 08:00:00,L52372,No Failure,Operational,0,303.9,313.1,1310,62.9,130
2025-08-05 09:00:00,H34607,No Failure,Operational,0,304.0,313.1,1408,39.8,132
2025-08-05 10:00:00,M20054,No Failure,Operational,0,303.9,313.1,1668,34.4,137
2025-08-05 11:00:00,L52375,No Failure,Operational,0,303.9,313.0,1551,36.8,140
2025-08-05 12:00:00,H34610,No Failure,Operational,0,303.9,313.0,1517,36.0,142
2025-08-05 13:00:00,H34611,No Failure,Operational,0,303.8,312.9,1570,35.8,147
2025-08-05 14:00:00,L52378,No Failure,Operational,0,303.8,312.8,1428,53.3,152
2025-08-05 15:00:00,L52379,No Failure,Operational,0,303.8,312.8,1503,40.0,154
2025-08-05 16:00:00,L52380,No Failure,Operational,0,303.8,312.8,1416,58.7,156
2025-08-05 17:00:00,M20061,No Failure,Operational,0,303.7,312.7,1396,47.3,158
2025-08-05 18:00:00,L52382,No Failure,Operational,0,303.7,312.7,1335,51.1,161
2025-08-05 19:00:00,M20063,No Failure,Operational,0,303.7,312.6,1671,30.5,163
2025-08-05 20:00:00,L52384,No Failure,Operational,0,303.7,312.7,1989,22.4,166
2025-08-05 21:00:00,L52385,No Failure,Operational,0,303.7,312.7,1468,43.3,168
2025-08-05 22:00:00,H34620,No Failure,Operational,0,303.7,312.6,1711,27.6,170
2025-08-05 23:00:00,M20067,No Failure,Operational,0,303.8,312.7,1488,41.3,175
2025-08-06 00:00:00,L52388,No Failure,Operational,0,303.8,312.7,1664,29.3,178
2025-08-06 01:00:00,M20069,No Failure,Operational,0,303.8,312.7,1507,38.5,180
2025-08-06 02:00:00,L52390,No Failure,Operational,0,303.7,312.6,1466,42.5,183
2025-08-06 03:00:00,L52391,No Failure,Operational,0,303.7,312.5,1433,53.6,185
2025-08-06 04:00:00,L52392,No Failure,Operational,0,303.7,312.5,1397,45.7,187
2025-08-06 05:00:00,M20073,No Failure,Operational,0,303.7,312.6,1429,43.3,189
2025-08-06 06:00:00,L52394,No Failure,Operational,0,303.7,312.7,1572,37.2,192
2025-08-06 07:00:00,M20075,No Failure,Operational,0,303.7,312.7,1532,42.7,194
2025-08-06 08:00:00,M20076,No Failure,Operational,0,303.7,312.7,1316,51.8,197
2025-08-06 09:00:00,M20077,No Failure,Operational,0,303.8,312.8,1420,47.9,200
2025-08-06 10:00:00,L52398,No Failure,Operational,0,303.8,312.9,1589,37.2,203
2025-08-06 11:00:00,L52399,Overstrain Failure,Maintenance Required,1,303.8,313.0,1365,59.9,205
2025-08-06 12:00:00,L52400,No Failure,Operational,0,303.8,313.0,1633,32.9,207
2025-08-06 13:00:00,L52401,No Failure,Operational,0,303.9,313.0,1626,31.4,209
2025-08-06 14:00:00,L52402,No Failure,Operational,0,303.9,313.1,1665,29.6,0
2025-08-06 15:00:00,M20083,No Failure,Operational,0,303.9,313.2,1350,47.2,2
2025-08-06 16:00:00,L52404,No Failure,Operational,0,303.9,313.2,1590,31.9,5
2025-08-06 17:00:00,M20085,No Failure,Operational,0,304.0,313.2,1437,53.9,7
2025-08-06 18:00:00,L52406,No Failure,Operational,0,303.9,313.0,1403,48.3,10
2025-08-06 19:00:00,L52407,No Failure,Operational,0,303.9,313.1,1440,41.1,12
2025-08-06 20:00:00,M20088,No Failure,Operational,0,303.9,313.1,1343,61.4,14
2025-08-06 21:00:00,H34643,No Failure,Operational,0,303.9,313.1,1790,26.7,17
2025-08-06 22:00:00,M20090,No Failure,Operational,0,303.8,313.1,2117,18.6,22
2025-08-06 23:00:00,L52411,No Failure,Operational,0,303.8,313.1,1458,42.2,25
2025-08-07 00:00:00,L52412,No Failure,Operational,0,303.6,312.9,1381,57.8,27
2025-08-07 01:00:00,L52413,No Failure,Operational,0,303.6,312.9,1450,45.3,29
2025-08-07 02:00:00,L52414,No Failure,Operational,0,303.7,312.9,1461,50.1,31
2025-08-07 03:00:00,M20095,No Failure,Operational,0,303.7,312.9,1511,41.0,33
2025-08-07 04:00:00,L52416,No Failure,Operational,0,303.8,313.1,1394,45.4,36
2025-08-07 05:00:00,L52417,No Failure,Operational,0,303.8,313.0,1499,42.3,38
2025-08-07 06:00:00,L52418,No Failure,Operational,0,303.7,313.0,1457,44.1,40
2025-08-07 07:00:00,L52419,No Failure,Operational,0,303.7,313.0,1753,29.0,42
2025-08-07 08:00:00,L52420,No Failure,Operational,0,303.7,313.0,1694,28.0,44
2025-08-07 09:00:00,L52421,No Failure,Operational,0,303.7,313.1,1683,28.4,46
2025-08-07 10:00:00,L52422,No Failure,Operational,0,303.7,313.1,1496,47.4,48
2025-08-07 11:00:00,L52423,No Failure,Operational,0,303.7,313.1,1721,34.8,50
2025-08-07 12:00:00,L52424,No Failure,Operational,0,303.6,313.0,1593,31.6,52
2025-08-07 13:00:00,L52425,No Failure,Operational,0,303.6,313.0,1575,38.3,54
2025-08-07 14:00:00,L52426,No Failure,Operational,0,303.5,313.0,1465,41.0,56
2025-08-07 15:00:00,L52427,No Failure,Operational,0,303.6,313.1,1405,38.3,58
2025-08-07 16:00:00,M20108,No Failure,Operational,0,303.5,313.0,1902,21.6,60
2025-08-07 17:00:00,M20109,No Failure,Operational,0,303.4,312.9,1422,39.9,63
2025-08-07 18:00:00,L52430,No Failure,Operational,0,303.5,312.9,1332,52.9,66
2025-08-07 19:00:00,M20111,No Failure,Operational,0,303.4,312.9,1307,54.3,68
2025-08-07 20:00:00,L52432,No Failure,Operational,0,303.5,313.0,1322,59.5,71
2025-08-07 21:00:00,L52433,No Failure,Operational,0,303.5,313.0,1547,40.3,73
2025-08-07 22:00:00,L52434,No Failure,Operational,0,303.5,313.1,1897,23.6,75
2025-08-07 23:00:00,M20115,No Failure,Operational,0,303.5,313.0,1403,51.9,77
2025-08-08 00:00:00,L52436,No Failure,Operational,0,303.5,313.0,1393,51.6,80
2025-08-08 01:00:00,L52437,No Failure,Operational,0,303.5,313.0,1482,38.5,82
2025-08-08 02:00:00,M20118,No Failure,Operational,0,303.5,312.9,1572,44.7,84
2025-08-08 03:00:00,L52439,No Failure,Operational,0,303.5,312.9,1544,36.9,87
2025-08-08 04:00:00,M20120,No Failure,Operational,0,303.5,313.0,1492,46.1,89
2025-08-08 05:00:00,L52441,No Failure,Operational,0,303.4,312.8,1513,35.8,92
2025-08-08 06:00:00,L52442,No Failure,Operational,0,303.4,312.8,1449,43.9,94
2025-08-08 07:00:00,L52443,No Failure,Operational,0,303.5,312.8,1877,22.3,96
2025-08-08 08:00:00,L52444,No Failure,Operational,0,303.4,312.8,1376,53.4,98
2025-08-08 09:00:00,M20125,No Failure,Operational,0,303.5,312.9,1883,23.3,100
2025-08-08 10:00:00,M20126,No Failure,Operational,0,303.4,312.8,1518,38.7,103
2025-08-08 11:00:00,M20127,No Failure,Operational,0,303.5,312.9,1438,42.8,106
2025-08-08 12:00:00,L52448,No Failure,Operational,0,303.4,312.9,1389,54.1,109
2025-08-08 13:00:00,L52449,No Failure,Operational,0,303.5,312.9,1504,44.8,111
2025-08-08 14:00:00,L52450,No Failure,Operational,0,303.5,312.9,1275,64.4,113
2025-08-08 15:00:00,L52451,No Failure,Operational,0,303.6,313.0,1534,39.7,115
2025-08-08 16:00:00,M20132,No Failure,Operational,0,303.6,313.0,1396,38.2,117
2025-08-08 17:00:00,L52453,No Failure,Operational,0,303.6,313.1,1395,44.1,120
2025-08-08 18:00:00,L52454,No Failure,Operational,0,303.6,313.0,1617,30.9,122
2025-08-08 19:00:00,L52455,No Failure,Operational,0,303.7,313.1,1423,41.2,124
2025-08-08 20:00:00,L52456,No Failure,Operational,0,303.5,313.0,1606,34.0,126
2025-08-08 21:00:00,L52457,No Failure,Operational,0,303.5,312.9,1501,44.0,128
2025-08-08 22:00:00,M20138,No Failure,Operational,0,303.5,312.9,1618,30.4,130
2025-08-08 23:00:00,L52459,No Failure,Operational,0,303.6,313.0,1522,35.8,133
2025-08-09 00:00:00,L52460,No Failure,Operational,0,303.6,312.9,1480,41.4,135
2025-08-09 01:00:00,M20141,No Failure,Operational,0,303.7,313.0,1469,39.9,137
2025-08-09 02:00:00,H34696,No Failure,Operational,0,303.8,313.2,1381,52.4,140
2025-08-09 03:00:00,L52463,No Failure,Operational,0,303.8,313.2,1525,41.9,145
2025-08-09 04:00:00,M20144,No Failure,Operational,0,303.8,313.2,1732,29.6,147
2025-08-09 05:00:00,L52465,No Failure,Operational,0,303.8,313.1,1523,39.8,150
2025-08-09 06:00:00,L52466,No Failure,Operational,0,303.8,313.1,1422,42.4,152
2025-08-09 07:00:00,H34701,No Failure,Operational,0,303.8,313.2,1506,46.9,154
2025-08-09 08:00:00,L52468,No Failure,Operational,0,303.8,313.2,1531,39.4,159
2025-08-09 09:00:00,M20149,No Failure,Operational,0,303.9,313.3,1507,34.3,161
2025-08-09 10:00:00,L52470,No Failure,Operational,0,303.9,313.3,1526,40.7,164
2025-08-09 11:00:00,L52471,No Failure,Operational,0,303.8,313.3,1406,52.1,166
2025-08-09 12:00:00,M20152,No Failure,Operational,0,303.9,313.3,1567,35.0,168
2025-08-09 13:00:00,M20153,No Failure,Operational,0,303.9,313.4,1464,49.1,171
2025-08-09 14:00:00,L52474,No Failure,Operational,0,303.9,313.4,1442,48.5,174
2025-08-09 15:00:00,L52475,No Failure,Operational,0,303.8,313.2,1336,47.8,176
2025-08-09 16:00:00,H34710,No Failure,Operational,0,303.8,313.2,1379,50.2,178
2025-08-09 17:00:00,L52477,No Failure,Operational,0,303.7,313.1,1406,48.6,183
2025-08-09 18:00:00,M20158,No Failure,Operational,0,303.7,313.1,2130,18.1,185
2025-08-09 19:00:00,L52479,No Failure,Operational,0,303.7,313.1,1355,49.1,188
2025-08-09 20:00:00,M20160,No Failure,Operational,0,303.8,313.2,1710,26.5,190
2025-08-09 21:00:00,L52481,No Failure,Operational,0,303.8,313.1,1309,55.8,193
2025-08-09 22:00:00,L52482,No Failure,Operational,0,303.9,313.1,1491,37.2,195
2025-08-09 23:00:00,L52483,No Failure,Operational,0,303.9,313.2,1481,44.1,197
2025-08-10 00:00:00,L52484,No Failure,Operational,0,303.9,313.1,1425,49.3,199
2025-08-10 01:00:00,H34719,No Failure,Operational,0,303.9,313.2,1680,29.1,201
2025-08-10 02:00:00,H34720,No Failure,Operational,0,304.0,313.2,1612,31.7,206
2025-08-10 03:00:00,L52487,No Failure,Operational,0,304.0,313.3,1530,34.8,211
2025-08-10 04:00:00,L52488,No Failure,Operational,0,304.0,313.2,1481,42.6,213
2025-08-10 05:00:00,M20169,Tool Wear Failure,Maintenance Required,1,303.9,313.2,1422,48.0,215
2025-08-10 06:00:00,L52490,No Failure,Operational,0,303.8,313.0,1427,43.0,0
2025-08-10 07:00:00,H34725,No Failure,Operational,0,303.7,312.9,1460,49.8,2
2025-08-10 08:00:00,L52492,No Failure,Operational,0,303.6,312.9,1873,23.5,7
2025-08-10 09:00:00,M20173,No Failure,Operational,0,303.7,312.9,1566,32.6,9
2025-08-10 10:00:00,L52494,No Failure,Operational,0,303.6,312.8,1701,30.8,12
2025-08-10 11:00:00,L52495,No Failure,Operational,0,303.6,312.8,1710,27.2,14
2025-08-10 12:00:00,M20176,No Failure,Operational,0,303.6,312.8,1689,33.1,16
2025-08-10 13:00:00,L52497,No Failure,Operational,0,303.6,312.7,1637,32.9,19
2025-08-10 14:00:00,L52498,No Failure,Operational,0,303.5,312.6,1496,39.0,21
2025-08-10 15:00:00,M20179,No Failure,Operational,0,303.5,312.7,1402,47.0,23
2025-08-10 16:00:00,L52500,No Failure,Operational,0,303.4,312.7,1363,45.5,26
2025-08-10 17:00:00,M20181,No Failure,Operational,0,303.4,312.7,1576,49.9,28
2025-08-10 18:00:00,M20182,No Failure,Operational,0,303.4,312.7,1357,55.3,31
2025-08-10 19:00:00,M20183,No Failure,Operational,0,303.4,312.7,1399,48.4,34
2025-08-10 20:00:00,M20184,No Failure,Operational,0,303.4,312.8,1526,30.8,37
2025-08-10 21:00:00,L52505,No Failure,Operational,0,303.5,312.7,1694,27.3,40
2025-08-10 22:00:00,M20186,No Failure,Operational,0,303.5,312.7,1420,49.1,42
2025-08-10 23:00:00,M20187,No Failure,Operational,0,303.5,312.7,2116,16.7,45
2025-08-11 00:00:00,M20188,No Failure,Operational,0,303.7,312.9,1406,41.9,48
2025-08-11 01:00:00,L52509,No Failure,Operational,0,303.7,313.0,1456,45.5,51
2025-08-11 02:00:00,L52510,No Failure,Operational,0,303.6,312.9,1588,31.9,53
2025-08-11 03:00:00,L52511,No Failure,Operational,0,303.7,312.8,1448,44.5,55
2025-08-11 04:00:00,H34746,No Failure,Operational,0,303.6,312.7,1403,46.2,57
2025-08-11 05:00:00,M20193,No Failure,Operational,0,303.5,312.6,1405,51.6,62
2025-08-11 06:00:00,M20194,Power Failure,Maintenance Required,1,303.4,312.6,2706,9.8,65
2025-08-11 07:00:00,M20195,No Failure,Operational,0,303.3,312.4,1505,38.9,68
2025-08-11 08:00:00,L52516,No Failure,Operational,0,303.2,312.4,1663,33.7,71
2025-08-11 09:00:00,M20197,No Failure,Operational,0,303.3,312.6,1482,44.4,73
2025-08-11 10:00:00,M20198,No Failure,Operational,0,303.3,312.5,1674,32.7,76
2025-08-11 11:00:00,M20199,No Failure,Operational,0,303.4,312.7,1594,32.8,79
2025-08-11 12:00:00,L52520,No Failure,Operational,0,303.5,312.7,1393,49.3,82
2025-08-11 13:00:00,H34755,No Failure,Operational,0,303.5,312.8,1404,55.8,84
2025-08-11 14:00:00,M20202,No Failure,Operational,0,303.5,312.8,1375,45.7,89
2025-08-11 15:00:00,L52523,No Failure,Operational,0,303.5,312.8,1607,38.4,92
2025-08-11 16:00:00,L52524,No Failure,Operational,0,303.4,312.8,1360,50.8,94
2025-08-11 17:00:00,L52525,No Failure,Operational,0,303.5,312.8,1524,39.4,96
2025-08-11 18:00:00,L52526,No Failure,Operational,0,303.4,312.7,1534,35.5,98
2025-08-11 19:00:00,L52527,No Failure,Operational,0,303.3,312.7,1262,63.8,100
2025-08-11 20:00:00,L52528,No Failure,Operational,0,303.3,312.6,1623,34.6,102
2025-08-11 21:00:00,M20209,No Failure,Operational,0,303.3,312.7,1642,33.6,104
2025-08-11 22:00:00,M20210,No Failure,Operational,0,303.4,312.8,1622,35.1,107
2025-08-11 23:00:00,M20211,No Failure,Operational,0,303.5,312.9,1530,34.5,110
2025-08-12 00:00:00,M20212,No Failure,Operational,0,303.4,312.8,1590,36.3,113
2025-08-12 01:00:00,L52533,No Failure,Operational,0,303.4,312.7,1589,34.0,116
2025-08-12 02:00:00,L52534,No Failure,Operational,0,303.4,312.6,1462,37.5,118
2025-08-12 03:00:00,H34769,No Failure,Operational,0,303.3,312.5,1328,49.8,120
2025-08-12 04:00:00,H34770,No Failure,Operational,0,303.3,312.6,1692,29.0,125
2025-08-12 05:00:00,L52537,No Failure,Operational,0,303.3,312.5,1968,20.6,130
2025-08-12 06:00:00,H34772,No Failure,Operational,0,303.3,312.6,1827,24.2,132
2025-08-12 07:00:00,M20219,No Failure,Operational,0,303.3,312.6,1397,47.1,137
2025-08-12 08:00:00,L52540,No Failure,Operational,0,303.3,312.6,1463,44.0,140
2025-08-12 09:00:00,L52541,No Failure,Operational,0,303.3,312.7,1643,30.7,142
2025-08-12 10:00:00,L52542,No Failure,Operational,0,303.2,312.6,1281,57.0,144
2025-08-12 11:00:00,L52543,No Failure,Operational,0,303.2,312.5,1518,39.9,146
2025-08-12 12:00:00,L52544,No Failure,Operational,0,303.2,312.6,1601,35.3,148
2025-08-12 13:00:00,L52545,No Failure,Operational,0,303.1,312.6,1548,36.4,150
2025-08-12 14:00:00,H34780,No Failure,Operational,0,303.1,312.6,1404,40.6,152
2025-08-12 15:00:00,M20227,No Failure,Operational,0,303.1,312.5,1766,26.7,157
2025-08-12 16:00:00,M20228,No Failure,Operational,0,303.1,312.5,1667,30.0,160
2025-08-12 17:00:00,H34783,No Failure,Operational,0,303.0,312.5,1507,37.9,163
2025-08-12 18:00:00,H34784,No Failure,Operational,0,303.0,312.4,1627,37.1,168
2025-08-12 19:00:00,L52551,No Failure,Operational,0,302.9,312.3,1435,47.7,173
2025-08-12 20:00:00,H34786,No Failure,Operational,0,302.9,312.3,1509,46.8,175
2025-08-12 21:00:00,M20233,No Failure,Operational,0,302.9,312.3,1809,25.0,180
2025-08-12 22:00:00,L52554,No Failure,Operational,0,302.9,312.3,1515,40.8,183
2025-08-12 23:00:00,L52555,No Failure,Operational,0,302.9,312.3,1530,34.9,185
2025-08-13 00:00:00,H34790,No Failure,Operational,0,302.8,312.3,1336,57.5,187
2025-08-13 01:00:00,L52557,No Failure,Operational,0,302.9,312.4,2030,19.1,192
2025-08-13 02:00:00,L52558,No Failure,Operational,0,302.9,312.4,1550,36.9,194
2025-08-13 03:00:00,L52559,No Failure,Operational,0,302.9,312.4,1446,41.7,196
2025-08-13 04:00:00,L52560,No Failure,Operational,0,302.8,312.3,1494,37.5,198
2025-08-13 05:00:00,L52561,No Failure,Operational,0,302.8,312.4,1651,27.0,200
2025-08-13 06:00:00,L52562,No Failure,Operational,0,302.9,312.4,1698,33.8,202
2025-08-13 07:00:00,L52563,No Failure,Operational,0,302.8,312.3,1504,40.3,204
2025-08-13 08:00:00,M20244,No Failure,Operational,0,302.9,312.4,1421,46.0,206
2025-08-13 09:00:00,H34799,No Failure,Operational,0,302.9,312.3,1754,26.9,209
2025-08-13 10:00:00,L52566,No Failure,Operational,0,302.9,312.2,1469,42.0,214
2025-08-13 11:00:00,L52567,No Failure,Operational,0,302.8,312.2,1433,50.0,216
2025-08-13 12:00:00,M20248,No Failure,Operational,0,302.8,312.3,1432,49.0,218
2025-08-13 13:00:00,L52569,No Failure,Operational,0,302.8,312.3,1366,49.1,221
2025-08-13 14:00:00,H34804,No Failure,Operational,0,302.8,312.3,1483,47.2,223
2025-08-13 15:00:00,L52571,No Failure,Operational,0,302.7,312.2,1572,34.4,228
2025-08-13 16:00:00,L52572,No Failure,Operational,0,302.8,312.2,1481,40.2,230
2025-08-13 17:00:00,L52573,No Failure,Operational,0,302.8,312.3,1473,42.6,232
2025-08-13 18:00:00,M20254,Power Failure,Maintenance Required,1,302.8,312.3,1262,70.5,234
2025-08-13 19:00:00,L52575,No Failure,Operational,0,302.8,312.4,1529,36.8,237
2025-08-13 20:00:00,L52576,No Failure,Operational,0,302.8,312.4,1523,39.7,239
2025-08-13 21:00:00,M20257,No Failure,Operational,0,302.8,312.3,1416,42.7,241
2025-08-13 22:00:00,L52578,No Failure,Operational,0,302.9,312.4,1923,23.9,244
2025-08-13 23:00:00,H34813,Overstrain Failure,Maintenance Required,1,302.8,312.4,1411,53.8,246
2025-08-14 00:00:00,L52580,Overstrain Failure,Maintenance Required,1,302.7,312.4,1477,46.3,251
2025-08-14 01:00:00,M20261,Tool Wear Failure,Maintenance Required,1,302.6,312.3,1454,54.8,253
2025-08-14 02:00:00,L52582,No Failure,Operational,0,302.7,312.3,1421,48.5,0
2025-08-14 03:00:00,L52583,No Failure,Operational,0,302.7,312.3,1858,25.4,2
2025-08-14 04:00:00,H34818,No Failure,Operational,0,302.8,312.5,1422,46.1,4
2025-08-14 05:00:00,L52585,No Failure,Operational,0,302.7,312.4,1444,48.7,9
2025-08-14 06:00:00,L52586,No Failure,Operational,0,302.7,312.4,1360,47.8,11
2025-08-14 07:00:00,L52587,No Failure,Operational,0,302.7,312.4,1954,24.8,13
2025-08-14 08:00:00,L52588,No Failure,Operational,0,302.6,312.4,1628,33.0,15
2025-08-14 09:00:00,L52589,No Failure,Operational,0,302.7,312.4,1433,44.2,17
2025-08-14 10:00:00,M20270,No Failure,Operational,0,302.7,312.5,1417,51.5,19
2025-08-14 11:00:00,L52591,No Failure,Operational,0,302.8,312.6,1462,39.4,22
2025-08-14 12:00:00,L52592,No Failure,Operational,0,302.9,312.6,1328,59.9,24
2025-08-14 13:00:00,H34827,No Failure,Operational,0,302.7,312.5,1527,36.4,26
2025-08-14 14:00:00,L52594,No Failure,Operational,0,302.6,312.3,1534,34.3,31
2025-08-14 15:00:00,M20275,No Failure,Operational,0,302.6,312.4,1410,50.3,33
2025-08-14 16:00:00,L52596,No Failure,Operational,0,302.6,312.3,1660,30.3,36
2025-08-14 17:00:00,L52597,No Failure,Operational,0,302.6,312.4,1386,45.8,38
2025-08-14 18:00:00,L52598,No Failure,Operational,0,302.6,312.4,1398,41.6,40
2025-08-14 19:00:00,L52599,No Failure,Operational,0,302.6,312.3,1321,53.4,42
2025-08-14 20:00:00,L52600,No Failure,Operational,0,302.6,312.3,1512,34.2,44
2025-08-14 21:00:00,M20281,No Failure,Operational,0,302.6,312.3,1566,36.6,46
2025-08-14 22:00:00,M20282,No Failure,Operational,0,302.7,312.4,1422,44.5,49
2025-08-14 23:00:00,L52603,No Failure,Operational,0,302.6,312.3,1647,31.8,52
2025-08-15 00:00:00,L52604,No Failure,Operational,0,302.6,312.2,1377,45.5,54
2025-08-15 01:00:00,L52605,No Failure,Operational,0,302.5,312.2,1775,27.9,56
2025-08-15 02:00:00,L52606,No Failure,Operational,0,302.6,312.3,1554,42.0,58
2025-08-15 03:00:00,L52607,No Failure,Operational,0,302.7,312.4,1423,51.9,60
2025-08-15 04:00:00,L52608,No Failure,Operational,0,302.7,312.4,1453,47.3,62
2025-08-15 05:00:00,L52609,No Failure,Operational,0,302.8,312.4,1590,34.4,64
2025-08-15 06:00:00,L52610,No Failure,Operational,0,302.8,312.5,1694,28.4,66
2025-08-15 07:00:00,L52611,No Failure,Operational,0,302.8,312.5,1462,43.4,68
2025-08-15 08:00:00,L52612,No Failure,Operational,0,302.8,312.4,1392,46.2,70
2025-08-15 09:00:00,L52613,No Failure,Operational,0,302.9,312.5,1550,45.5,72
2025-08-15 10:00:00,L52614,No Failure,Operational,0,302.9,312.5,1629,30.4,74
2025-08-15 11:00:00,M20295,No Failure,Operational,0,303.0,312.5,1524,42.1,76
2025-08-15 12:00:00,M20296,No Failure,Operational,0,302.9,312.5,1679,30.9,79
2025-08-15 13:00:00,M20297,No Failure,Operational,0,302.9,312.6,1394,46.4,82
2025-08-15 14:00:00,L52618,No Failure,Operational,0,302.9,312.5,1683,32.1,85
2025-08-15 15:00:00,L52619,No Failure,Operational,0,303.0,312.5,1626,30.5,87
2025-08-15 16:00:00,H34854,No Failure,Operational,0,303.0,312.5,1698,30.0,89
2025-08-15 17:00:00,M20301,No Failure,Operational,0,303.0,312.6,1392,42.9,94
2025-08-15 18:00:00,L52622,No Failure,Operational,0,303.1,312.7,1353,51.8,97
2025-08-15 19:00:00,M20303,No Failure,Operational,0,303.0,312.7,1426,46.8,99
2025-08-15 20:00:00,L52624,No Failure,Operational,0,303.0,312.7,2024,19.9,102
2025-08-15 21:00:00,M20305,No Failure,Operational,0,303.0,312.8,1648,32.1,104
2025-08-15 22:00:00,L52626,No Failure,Operational,0,303.1,312.9,1511,40.1,107
2025-08-15 23:00:00,L52627,No Failure,Operational,0,303.1,312.8,1465,44.1,109
2025-08-16 00:00:00,L52628,No Failure,Operational,0,303.0,312.7,1551,41.8,111
2025-08-16 01:00:00,L52629,No Failure,Operational,0,303.1,312.8,2329,15.1,113
2025-08-16 02:00:00,H34864,No Failure,Operational,0,303.1,312.8,1435,41.9,115
2025-08-16 03:00:00,L52631,No Failure,Operational,0,303.0,312.7,1361,48.8,120
2025-08-16 04:00:00,M20312,No Failure,Operational,0,303.0,312.7,1553,35.8,122
2025-08-16 05:00:00,L52633,No Failure,Operational,0,303.0,312.6,1451,42.1,125
2025-08-16 06:00:00,L52634,No Failure,Operational,0,303.0,312.5,1461,40.2,127
2025-08-16 07:00:00,M20315,No Failure,Operational,0,303.1,312.6,1895,23.5,129
2025-08-16 08:00:00,M20316,No Failure,Operational,0,303.1,312.6,1567,32.9,132
2025-08-16 09:00:00,M20317,No Failure,Operational,0,303.0,312.5,1602,33.7,135
2025-08-16 10:00:00,L52638,No Failure,Operational,0,303.1,312.6,1514,42.1,138
2025-08-16 11:00:00,L52639,No Failure,Operational,0,303.1,312.5,1453,49.1,140
2025-08-16 12:00:00,M20320,No Failure,Operational,0,303.0,312.4,1526,36.1,142
2025-08-16 13:00:00,M20321,No Failure,Operational,0,302.9,312.3,1339,52.1,145
2025-08-16 14:00:00,L52642,No Failure,Operational,0,302.9,312.3,1889,22.8,148
2025-08-16 15:00:00,L52643,No Failure,Operational,0,302.9,312.4,1561,34.8,150
2025-08-16 16:00:00,M20324,No Failure,Operational,0,302.9,312.4,1659,33.1,152
2025-08-16 17:00:00,L52645,No Failure,Operational,0,302.9,312.4,1424,49.5,155
2025-08-16 18:00:00,M20326,No Failure,Operational,0,302.9,312.3,1426,44.7,157
2025-08-16 19:00:00,L52647,No Failure,Operational,0,302.9,312.4,1383,51.4,160
2025-08-16 20:00:00,L52648,No Failure,Operational,0,302.8,312.3,1764,29.9,162
2025-08-16 21:00:00,M20329,No Failure,Operational,0,302.7,312.2,1439,42.5,164
2025-08-16 22:00:00,M20330,No Failure,Operational,0,302.7,312.2,1585,35.5,167
2025-08-16 23:00:00,L52651,Random Failure,Operational,0,302.7,312.3,1346,61.2,170
2025-08-17 00:00:00,L52652,No Failure,Operational,0,302.8,312.3,1386,57.8,172
2025-08-17 01:00:00,L52653,No Failure,Operational,0,302.7,312.2,1369,51.8,174
2025-08-17 02:00:00,M20334,No Failure,Operational,0,302.7,312.1,1378,46.9,176
2025-08-17 03:00:00,L52655,No Failure,Operational,0,302.7,312.2,1336,46.8,179
2025-08-17 04:00:00,M20336,No Failure,Operational,0,302.6,312.1,1445,42.0,181
2025-08-17 05:00:00,L52657,No Failure,Operational,0,302.7,312.1,1763,26.5,184
2025-08-17 06:00:00,L52658,No Failure,Operational,0,302.7,312.2,1611,34.1,186
2025-08-17 07:00:00,M20339,No Failure,Operational,0,302.7,312.1,1564,32.1,188
2025-08-17 08:00:00,H34894,No Failure,Operational,0,302.7,312.1,1478,36.0,191
2025-08-17 09:00:00,L52661,No Failure,Operational,0,302.6,312.0,1781,28.5,196
2025-08-17 10:00:00,L52662,No Failure,Operational,0,302.6,312.1,1782,26.8,198
2025-08-17 11:00:00,M20343,No Failure,Operational,0,302.6,312.1,2000,21.9,200
2025-08-17 12:00:00,M20344,No Failure,Operational,0,302.5,312.0,1826,25.3,203
2025-08-17 13:00:00,L52665,No Failure,Operational,0,302.6,312.1,1344,51.0,206
2025-08-17 14:00:00,L52666,No Failure,Operational,0,302.6,312.2,1520,43.0,208
2025-08-17 15:00:00,M20347,No Failure,Operational,0,302.6,312.1,1611,39.9,210
2025-08-17 16:00:00,L52668,Overstrain Failure,Maintenance Required,1,302.7,312.2,1450,52.1,213
2025-08-17 17:00:00,L52669,Random Failure,Operational,0,302.6,312.1,1499,35.0,215
2025-08-17 18:00:00,L52670,Power Failure,Maintenance Required,1,302.6,312.1,1288,68.5,0
2025-08-17 19:00:00,M20351,No Failure,Operational,0,302.7,312.2,1350,58.6,2
2025-08-17 20:00:00,M20352,No Failure,Operational,0,302.9,312.4,1334,50.9,5
2025-08-17 21:00:00,L52673,No Failure,Operational,0,302.8,312.4,1376,57.1,8
2025-08-17 22:00:00,L52674,No Failure,Operational,0,302.8,312.4,1368,49.5,10
2025-08-17 23:00:00,H34909,Random Failure,Operational,0,302.9,312.5,1357,55.0,12
2025-08-18 00:00:00,M20356,No Failure,Operational,0,302.9,312.5,1924,24.0,17
2025-08-18 01:00:00,M20357,No Failure,Operational,0,302.9,312.5,1551,40.0,20
2025-08-18 02:00:00,M20358,No Failure,Operational,0,302.9,312.5,1903,21.2,23
2025-08-18 03:00:00,H34913,No Failure,Operational,0,302.9,312.3,1417,48.7,26
2025-08-18 04:00:00,L52680,No Failure,Operational,0,302.7,312.1,1601,35.2,31
2025-08-18 05:00:00,L52681,No Failure,Operational,0,302.7,312.1,1543,37.5,33
2025-08-18 06:00:00,L52682,No Failure,Operational,0,302.6,312.1,1439,52.3,35
2025-08-18 07:00:00,H34917,No Failure,Operational,0,302.6,312.0,1657,29.3,37
2025-08-18 08:00:00,L52684,No Failure,Operational,0,302.8,312.2,1458,51.0,42
2025-08-18 09:00:00,L52685,No Failure,Operational,0,302.8,312.2,1746,27.4,44
2025-08-18 10:00:00,L52686,No Failure,Operational,0,302.9,312.2,1677,30.5,46
2025-08-18 11:00:00,L52687,No Failure,Operational,0,302.8,312.1,1520,39.9,48
2025-08-18 12:00:00,L52688,No Failure,Operational,0,302.9,312.2,1367,55.1,50
2025-08-18 13:00:00,L52689,Random Failure,Operational,0,302.8,312.2,1509,36.5,52
2025-08-18 14:00:00,L52690,No Failure,Operational,0,302.8,312.1,1418,51.4,54
2025-08-18 15:00:00,L52691,No Failure,Operational,0,302.8,312.1,1958,20.3,56
2025-08-18 16:00:00,L52692,No Failure,Operational,0,302.8,312.2,1682,30.9,58
2025-08-18 17:00:00,M20373,No Failure,Operational,0,302.8,312.2,1452,50.3,60
2025-08-18 18:00:00,L52694,No Failure,Operational,0,302.7,312.0,1828,24.0,63
2025-08-18 19:00:00,H34929,No Failure,Operational,0,302.7,312.0,1484,41.5,65
2025-08-18 20:00:00,L52696,No Failure,Operational,0,302.6,312.0,1674,32.2,70
2025-08-18 21:00:00,L52697,No Failure,Operational,0,302.6,311.9,1448,49.5,72
2025-08-18 22:00:00,M20378,No Failure,Operational,0,302.5,311.8,2023,19.1,74
2025-08-18 23:00:00,L52699,No Failure,Operational,0,302.5,311.9,1452,47.4,77
2025-08-19 00:00:00,M20380,No Failure,Operational,0,302.6,312.0,1496,45.0,79
2025-08-19 01:00:00,L52701,No Failure,Operational,0,302.6,311.9,1397,46.9,82
2025-08-19 02:00:00,L52702,No Failure,Operational,0,302.6,311.9,1453,39.1,84
2025-08-19 03:00:00,M20383,No Failure,Operational,0,302.5,311.9,1524,34.8,86
2025-08-19 04:00:00,L52704,No Failure,Operational,0,302.6,311.9,1633,30.9,89
2025-08-19 05:00:00,M20385,No Failure,Operational,0,302.6,312.0,1363,45.7,91
2025-08-19 06:00:00,L52706,No Failure,Operational,0,302.5,311.9,1520,44.9,94
2025-08-19 07:00:00,M20387,No Failure,Operational,0,302.5,311.9,1532,38.8,96
2025-08-19 08:00:00,L52708,No Failure,Operational,0,302.4,311.8,1384,50.9,99
2025-08-19 09:00:00,M20389,No Failure,Operational,0,302.4,311.8,1539,39.9,101
2025-08-19 10:00:00,M20390,No Failure,Operational,0,302.3,311.8,1355,50.1,104
2025-08-19 11:00:00,M20391,No Failure,Operational,0,302.3,311.7,1504,37.3,107
2025-08-19 12:00:00,L52712,No Failure,Operational,0,302.4,311.8,1476,46.6,110
2025-08-19 13:00:00,L52713,No Failure,Operational,0,302.4,311.7,1721,26.9,112
2025-08-19 14:00:00,M20394,No Failure,Operational,0,302.3,311.7,1494,37.1,114
2025-08-19 15:00:00,L52715,No Failure,Operational,0,302.3,311.7,1465,43.5,117
2025-08-19 16:00:00,M20396,No Failure,Maintenance Required,1,302.3,311.8,1363,54.0,119
2025-08-19 17:00:00,L52717,No Failure,Operational,0,302.4,311.8,1648,30.0,122
2025-08-19 18:00:00,M20398,No Failure,Operational,0,302.3,311.8,1879,23.0,124
2025-08-19 19:00:00,H34953,No Failure,Operational,0,302.3,311.7,1482,39.0,127
2025-08-19 20:00:00,L52720,No Failure,Operational,0,302.4,311.8,1493,38.4,132
2025-08-19 21:00:00,L52721,No Failure,Operational,0,302.4,311.8,1433,42.2,134
2025-08-19 22:00:00,L52722,No Failure,Operational,0,302.3,311.7,1400,41.6,136
2025-08-19 23:00:00,L52723,No Failure,Operational,0,302.4,311.8,1255,59.0,138
2025-08-20 00:00:00,L52724,No Failure,Operational,0,302.2,311.7,1471,45.6,140
2025-08-20 01:00:00,H34959,No Failure,Operational,0,302.2,311.6,1357,44.2,142
2025-08-20 02:00:00,L52726,No Failure,Operational,0,302.3,311.7,1453,41.2,147
2025-08-20 03:00:00,M20407,No Failure,Operational,0,302.3,311.7,1540,28.9,149
2025-08-20 04:00:00,L52728,No Failure,Operational,0,302.3,311.8,1605,35.2,152
2025-08-20 05:00:00,H34963,No Failure,Operational,0,302.3,311.9,1374,52.4,154
2025-08-20 06:00:00,M20410,No Failure,Operational,0,302.3,311.9,1508,42.3,159
2025-08-20 07:00:00,H34965,No Failure,Operational,0,302.4,311.9,1366,47.3,162
2025-08-20 08:00:00,H34966,No Failure,Operational,0,302.5,312.0,1579,35.7,167
2025-08-20 09:00:00,L52733,Random Failure,Operational,0,302.5,311.9,1306,59.7,172
2025-08-20 10:00:00,M20414,No Failure,Operational,0,302.5,312.0,1521,40.2,174
2025-08-20 11:00:00,L52735,No Failure,Operational,0,302.5,312.0,1411,44.2,177
2025-08-20 12:00:00,H34970,No Failure,Operational,0,302.5,312.0,1357,42.0,179
2025-08-20 13:00:00,M20417,No Failure,Operational,0,302.5,312.0,1436,43.5,184
2025-08-20 14:00:00,L52738,No Failure,Operational,0,302.5,311.9,1553,40.1,187
2025-08-20 15:00:00,M20419,No Failure,Operational,0,302.5,312.0,1451,43.2,189
2025-08-20 16:00:00,L52740,No Failure,Operational,0,302.4,311.9,1541,37.9,192
2025-08-20 17:00:00,M20421,No Failure,Operational,0,302.3,311.7,1341,46.3,194
2025-08-20 18:00:00,L52742,No Failure,Operational,0,302.3,311.7,1648,32.1,197
2025-08-20 19:00:00,M20423,No Failure,Operational,0,302.3,311.7,1640,31.5,199
2025-08-20 20:00:00,L52744,No Failure,Operational,0,302.4,311.8,1416,46.1,202
2025-08-20 21:00:00,L52745,No Failure,Operational,0,302.4,311.9,1671,29.9,204
2025-08-20 22:00:00,L52746,No Failure,Operational,0,302.4,312.0,1457,45.5,206
2025-08-20 23:00:00,M20427,No Failure,Operational,0,302.5,312.0,1445,54.8,0
2025-08-21 00:00:00,L52748,No Failure,Operational,0,302.5,312.1,1534,38.6,3
2025-08-21 01:00:00,L52749,No Failure,Operational,0,302.4,312.0,1508,36.9,5
2025-08-21 02:00:00,M20430,No Failure,Operational,0,302.4,312.1,1492,47.7,7
2025-08-21 03:00:00,L52751,No Failure,Operational,0,302.4,312.0,1562,37.9,10
2025-08-21 04:00:00,L52752,No Failure,Operational,0,302.4,312.0,1545,36.4,12
2025-08-21 05:00:00,L52753,No Failure,Operational,0,302.5,312.2,1738,25.3,14
2025-08-21 06:00:00,L52754,No Failure,Operational,0,302.4,312.0,1305,49.1,16
2025-08-21 07:00:00,H34989,No Failure,Operational,0,302.4,312.0,1477,39.7,18
2025-08-21 08:00:00,H34990,No Failure,Operational,0,302.4,312.0,1457,43.4,23
2025-08-21 09:00:00,L52757,No Failure,Operational,0,302.4,312.1,1455,40.4,28
2025-08-21 10:00:00,L52758,No Failure,Operational,0,302.5,312.2,1574,38.7,30
2025-08-21 11:00:00,L52759,No Failure,Operational,0,302.6,312.2,1695,27.1,32
2025-08-21 12:00:00,M20440,No Failure,Operational,0,302.6,312.2,1458,38.8,34
2025-08-21 13:00:00,M20441,No Failure,Operational,0,302.5,312.1,1454,47.6,37
2025-08-21 14:00:00,L52762,No Failure,Operational,0,302.5,312.0,2052,18.9,40
2025-08-21 15:00:00,L52763,No Failure,Operational,0,302.5,312.0,1673,29.9,42
2025-08-21 16:00:00,L52764,No Failure,Operational,0,302.4,311.9,1578,29.9,44
2025-08-21 17:00:00,M20445,No Failure,Operational,0,302.5,312.0,1642,29.1,46
2025-08-21 18:00:00,M20446,No Failure,Operational,0,302.4,311.8,1557,31.5,49
2025-08-21 19:00:00,L52767,No Failure,Operational,0,302.5,311.9,1481,42.9,52
2025-08-21 20:00:00,M20448,No Failure,Operational,0,302.5,311.8,1566,37.6,54
2025-08-21 21:00:00,M20449,No Failure,Operational,0,302.5,311.9,1298,57.5,57
2025-08-21 22:00:00,M20450,No Failure,Operational,0,302.5,311.9,1340,59.4,60
2025-08-21 23:00:00,L52771,No Failure,Operational,0,302.5,312.0,1574,33.8,63
2025-08-22 00:00:00,L52772,No Failure,Operational,0,302.5,311.9,1437,46.7,65
2025-08-22 01:00:00,L52773,No Failure,Operational,0,302.6,311.9,1354,48.0,67
2025-08-22 02:00:00,L52774,No Failure,Operational,0,302.6,311.9,1598,35.5,69
2025-08-22 03:00:00,M20455,No Failure,Operational,0,302.7,312.0,1944,21.4,71
2025-08-22 04:00:00,M20456,No Failure,Operational,0,302.7,312.0,1538,36.7,74
2025-08-22 05:00:00,L52777,No Failure,Operational,0,302.7,312.0,1501,37.0,77
2025-08-22 06:00:00,L52778,No Failure,Operational,0,302.8,312.1,1441,52.1,79
2025-08-22 07:00:00,M20459,No Failure,Operational,0,302.7,312.0,1652,31.0,81
2025-08-22 08:00:00,L52780,No Failure,Operational,0,302.8,312.1,1487,36.6,84
2025-08-22 09:00:00,L52781,No Failure,Operational,0,302.9,312.2,1605,33.9,86
2025-08-22 10:00:00,L52782,No Failure,Operational,0,302.9,312.1,1334,54.7,88
2025-08-22 11:00:00,L52783,No Failure,Operational,0,302.9,312.2,1340,57.8,90
2025-08-22 12:00:00,L52784,No Failure,Operational,0,302.9,312.2,1513,37.8,92
2025-08-22 13:00:00,L52785,No Failure,Operational,0,302.9,312.2,1510,41.4,94
2025-08-22 14:00:00,L52786,No Failure,Operational,0,302.9,312.2,1729,23.6,96
2025-08-22 15:00:00,M20467,No Failure,Operational,0,302.9,312.2,1745,25.5,98
2025-08-22 16:00:00,M20468,No Failure,Operational,0,303.1,312.3,1623,31.6,101
2025-08-22 17:00:00,M20469,No Failure,Operational,0,303.1,312.4,1378,50.1,104
2025-08-22 18:00:00,L52790,No Failure,Operational,0,303.1,312.4,1407,41.2,107
2025-08-22 19:00:00,M20471,No Failure,Operational,0,303.0,312.3,1674,29.5,109
2025-08-22 20:00:00,L52792,No Failure,Operational,0,303.0,312.3,1486,42.4,112
2025-08-22 21:00:00,M20473,No Failure,Operational,0,303.0,312.3,1483,38.8,114
2025-08-22 22:00:00,H35028,No Failure,Operational,0,303.0,312.2,1624,28.8,117
2025-08-22 23:00:00,M20475,Power Failure,Maintenance Required,1,303.0,312.2,1257,71.3,122
2025-08-23 00:00:00,L52796,No Failure,Operational,0,303.0,312.3,1480,41.4,125
2025-08-23 01:00:00,L52797,Power Failure,Maintenance Required,1,303.1,312.4,1404,61.5,127
2025-08-23 02:00:00,M20478,No Failure,Operational,0,303.0,312.4,1645,29.6,129
2025-08-23 03:00:00,L52799,No Failure,Operational,0,303.0,312.3,1932,21.9,132
2025-08-23 04:00:00,L52800,No Failure,Operational,0,303.0,312.3,1533,38.5,134
2025-08-23 05:00:00,M20481,No Failure,Operational,0,302.9,312.2,1292,54.4,136
2025-08-23 06:00:00,L52802,No Failure,Operational,0,302.9,312.2,1571,40.6,139
2025-08-23 07:00:00,L52803,No Failure,Operational,0,302.9,312.3,1578,36.3,141
2025-08-23 08:00:00,M20484,No Failure,Operational,0,302.8,312.2,1469,36.9,143
2025-08-23 09:00:00,L52805,No Failure,Operational,0,302.7,312.1,1728,24.4,146
2025-08-23 10:00:00,H35040,No Failure,Operational,0,302.7,312.1,1603,32.5,148
2025-08-23 11:00:00,L52807,No Failure,Operational,0,302.7,312.1,1597,39.8,153
2025-08-23 12:00:00,L52808,No Failure,Operational,0,302.7,312.1,1688,32.0,155
2025-08-23 13:00:00,L52809,No Failure,Operational,0,302.7,312.2,1405,51.4,157
2025-08-23 14:00:00,M20490,No Failure,Operational,0,302.8,312.2,1615,32.9,159
2025-08-23 15:00:00,L52811,No Failure,Operational,0,302.8,312.2,1515,36.8,162
2025-08-23 16:00:00,L52812,No Failure,Operational,0,302.7,312.2,1376,52.8,164
2025-08-23 17:00:00,L52813,No Failure,Operational,0,302.7,312.2,1447,47.5,166
2025-08-23 18:00:00,M20494,No Failure,Operational,0,302.6,312.2,1353,56.5,168
2025-08-23 19:00:00,L52815,No Failure,Operational,0,302.6,312.1,1502,47.3,171
2025-08-23 20:00:00,L52816,No Failure,Operational,0,302.6,312.0,1447,45.5,173
2025-08-23 21:00:00,M20497,No Failure,Operational,0,302.5,312.0,1487,46.1,175
2025-08-23 22:00:00,L52818,No Failure,Operational,0,302.6,312.1,1519,38.1,178
2025-08-23 23:00:00,L52819,Random Failure,Operational,0,302.6,312.1,1668,28.7,180
2025-08-24 00:00:00,L52820,No Failure,Operational,0,302.6,312.1,1420,51.6,182
2025-08-24 01:00:00,L52821,No Failure,Operational,0,302.6,312.1,1473,37.3,184
2025-08-24 02:00:00,L52822,No Failure,Operational,0,302.5,312.0,1495,38.8,186
2025-08-24 03:00:00,L52823,No Failure,Operational,0,302.5,312.0,1574,42.0,188
2025-08-24 04:00:00,L52824,No Failure,Operational,0,302.5,312.0,1383,51.3,190
2025-08-24 05:00:00,M20505,No Failure,Operational,0,302.5,312.0,1591,29.4,192
2025-08-24 06:00:00,M20506,No Failure,Operational,0,302.4,311.8,1644,37.2,195
2025-08-24 07:00:00,H35061,No Failure,Operational,0,302.5,311.8,2370,14.7,198
2025-08-24 08:00:00,L52828,No Failure,Operational,0,302.5,311.9,1401,44.9,203
2025-08-24 09:00:00,M20509,No Failure,Operational,0,302.5,311.9,1414,51.6,205
2025-08-24 10:00:00,L52830,No Failure,Operational,0,302.5,312.0,1456,46.3,208
2025-08-24 11:00:00,M20511,No Failure,Operational,0,302.5,312.0,1447,45.7,210
2025-08-24 12:00:00,L52832,No Failure,Operational,0,302.4,311.8,1727,26.5,213
2025-08-24 13:00:00,L52833,No Failure,Operational,0,302.4,311.7,1495,36.8,215
2025-08-24 14:00:00,L52834,No Failure,Operational,0,302.3,311.6,1544,34.3,0
2025-08-24 15:00:00,L52835,No Failure,Operational,0,302.3,311.5,1387,47.3,2
2025-08-24 16:00:00,M20516,No Failure,Operational,0,302.3,311.5,1316,47.2,4
2025-08-24 17:00:00,L52837,No Failure,Operational,0,302.3,311.5,1794,26.1,7
2025-08-24 18:00:00,M20518,No Failure,Operational,0,302.2,311.4,1372,55.1,9
2025-08-24 19:00:00,M20519,No Failure,Operational,0,302.3,311.5,1674,30.0,12
2025-08-24 20:00:00,L52840,No Failure,Operational,0,302.2,311.4,1477,41.7,15
2025-08-24 21:00:00,L52841,No Failure,Operational,0,302.2,311.4,1397,53.0,17
2025-08-24 22:00:00,L52842,No Failure,Operational,0,302.2,311.5,1616,34.0,19
2025-08-24 23:00:00,M20523,No Failure,Operational,0,302.3,311.5,1530,42.3,21
2025-08-25 00:00:00,M20524,No Failure,Operational,0,302.2,311.4,1539,35.1,24
2025-08-25 01:00:00,L52845,No Failure,Operational,0,302.3,311.4,1845,21.9,27
2025-08-25 02:00:00,L52846,No Failure,Operational,0,302.2,311.4,1430,43.1,29
2025-08-25 03:00:00,L52847,No Failure,Operational,0,302.2,311.4,2080,19.2,31
2025-08-25 04:00:00,M20528,No Failure,Operational,0,302.2,311.4,1432,45.3,33
2025-08-25 05:00:00,M20529,No Failure,Operational,0,302.2,311.5,1479,39.5,36
2025-08-25 06:00:00,L52850,No Failure,Operational,0,302.2,311.5,1424,45.2,39
2025-08-25 07:00:00,H35085,No Failure,Operational,0,302.2,311.6,1534,37.2,41
2025-08-25 08:00:00,H35086,No Failure,Operational,0,302.1,311.6,1701,26.2,46
2025-08-25 09:00:00,L52853,No Failure,Operational,0,302.2,311.6,1462,50.0,51
2025-08-25 10:00:00,M20534,No Failure,Operational,0,302.2,311.7,1393,42.5,53
2025-08-25 11:00:00,M20535,No Failure,Operational,0,302.3,311.7,1453,42.5,56
2025-08-25 12:00:00,L52856,No Failure,Operational,0,302.3,311.8,1565,37.8,59
2025-08-25 13:00:00,L52857,No Failure,Operational,0,302.3,311.8,1281,51.7,61
2025-08-25 14:00:00,M20538,No Failure,Operational,0,302.2,311.7,1584,36.2,63
2025-08-25 15:00:00,M20539,No Failure,Operational,0,302.2,311.7,1466,49.0,66
2025-08-25 16:00:00,M20540,No Failure,Operational,0,302.2,311.6,1386,50.5,69
2025-08-25 17:00:00,L52861,No Failure,Operational,0,302.2,311.6,1383,44.3,72
2025-08-25 18:00:00,H35096,No Failure,Operational,0,302.3,311.6,1441,53.9,74
2025-08-25 19:00:00,M20543,No Failure,Operational,0,302.2,311.6,1592,37.7,79
2025-08-25 20:00:00,H35098,No Failure,Operational,0,302.2,311.6,1594,36.8,82
2025-08-25 21:00:00,L52865,No Failure,Operational,0,302.2,311.5,1482,45.6,87
2025-08-25 22:00:00,L52866,No Failure,Operational,0,302.2,311.6,1658,31.4,89
2025-08-25 23:00:00,L52867,No Failure,Operational,0,302.3,311.7,2170,18.2,91
2025-08-26 00:00:00,M20548,No Failure,Operational,0,302.3,311.7,1423,44.6,93
2025-08-26 01:00:00,L52869,No Failure,Operational,0,302.4,311.8,1543,31.1,96
2025-08-26 02:00:00,L52870,No Failure,Operational,0,302.3,311.8,1435,44.8,98
2025-08-26 03:00:00,L52871,No Failure,Operational,0,302.4,311.8,1320,56.4,100
2025-08-26 04:00:00,M20552,No Failure,Operational,0,302.4,311.9,1313,55.7,102
2025-08-26 05:00:00,M20553,No Failure,Operational,0,302.4,311.8,1453,42.1,105
2025-08-26 06:00:00,L52874,No Failure,Operational,0,302.4,311.8,1508,45.7,108
2025-08-26 07:00:00,L52875,No Failure,Operational,0,302.4,311.8,1451,42.0,110
2025-08-26 08:00:00,H35110,No Failure,Operational,0,302.5,311.9,1595,34.6,112
2025-08-26 09:00:00,L52877,No Failure,Operational,0,302.5,311.9,1354,49.4,117
2025-08-26 10:00:00,L52878,No Failure,Operational,0,302.5,311.9,1265,59.8,119
2025-08-26 11:00:00,L52879,No Failure,Operational,0,302.4,311.9,1867,25.9,121
2025-08-26 12:00:00,L52880,No Failure,Operational,0,302.5,311.9,1497,41.6,123
2025-08-26 13:00:00,M20561,No Failure,Operational,0,302.5,311.9,1347,54.3,125
2025-08-26 14:00:00,L52882,No Failure,Operational,0,302.3,311.7,1544,43.2,128
2025-08-26 15:00:00,H35117,No Failure,Operational,0,302.3,311.7,1456,45.4,130
2025-08-26 16:00:00,L52884,No Failure,Operational,0,302.5,311.8,1335,52.7,135
2025-08-26 17:00:00,L52885,No Failure,Operational,0,302.4,311.9,1452,43.1,137
2025-08-26 18:00:00,L52886,Power Failure,Maintenance Required,1,302.4,311.9,1290,70.0,139
2025-08-26 19:00:00,L52887,No Failure,Operational,0,302.4,311.8,1448,43.4,141
2025-08-26 20:00:00,L52888,No Failure,Operational,0,302.3,311.7,1611,38.6,143
2025-08-26 21:00:00,L52889,No Failure,Operational,0,302.2,311.7,1556,38.6,145
2025-08-26 22:00:00,H35124,No Failure,Operational,0,302.2,311.7,1413,46.5,147
2025-08-26 23:00:00,L52891,No Failure,Operational,0,302.2,311.6,1545,35.9,152
2025-08-27 00:00:00,L52892,No Failure,Operational,0,302.2,311.7,1330,54.6,154
2025-08-27 01:00:00,L52893,No Failure,Operational,0,302.2,311.9,1596,38.0,156
2025-08-27 02:00:00,L52894,No Failure,Operational,0,302.2,311.8,1618,36.0,158
2025-08-27 03:00:00,H35129,No Failure,Operational,0,302.2,311.9,1597,35.8,160
2025-08-27 04:00:00,L52896,No Failure,Operational,0,302.3,312.0,1354,52.2,165
2025-08-27 05:00:00,L52897,No Failure,Operational,0,302.3,312.0,1746,28.1,167
2025-08-27 06:00:00,L52898,No Failure,Operational,0,302.4,312.0,1621,32.5,169
2025-08-27 07:00:00,L52899,No Failure,Operational,0,302.3,312.0,1398,43.3,171
2025-08-27 08:00:00,L52900,No Failure,Operational,0,302.3,311.9,1434,51.9,173
2025-08-27 09:00:00,M20581,No Failure,Operational,0,302.3,311.8,1443,43.4,175
2025-08-27 10:00:00,L52902,No Failure,Operational,0,302.2,311.7,1488,44.6,178
2025-08-27 11:00:00,M20583,No Failure,Operational,0,302.3,311.8,1475,48.0,180
2025-08-27 12:00:00,L52904,No Failure,Operational,0,302.3,311.8,1433,50.3,183
2025-08-27 13:00:00,M20585,No Failure,Operational,0,302.3,311.8,1557,34.1,185
2025-08-27 14:00:00,M20586,No Failure,Operational,0,302.4,311.9,1398,50.1,188
2025-08-27 15:00:00,M20587,No Failure,Operational,0,302.3,311.8,1559,34.4,191
2025-08-27 16:00:00,M20588,No Failure,Operational,0,302.4,311.9,1422,46.4,194
2025-08-27 17:00:00,M20589,No Failure,Operational,0,302.3,311.8,1463,35.7,197
2025-08-27 18:00:00,L52910,No Failure,Operational,0,302.3,311.7,1793,25.3,200
2025-08-27 19:00:00,L52911,No Failure,Operational,0,302.2,311.6,1872,20.4,202
2025-08-27 20:00:00,L52912,No Failure,Operational,0,302.2,311.7,1412,44.5,204
2025-08-27 21:00:00,L52913,No Failure,Operational,0,302.3,311.8,1487,43.2,206
2025-08-27 22:00:00,L52914,Overstrain Failure,Maintenance Required,1,302.3,311.8,1369,56.2,208
2025-08-27 23:00:00,L52915,No Failure,Operational,0,302.4,311.8,1673,30.1,210
2025-08-28 00:00:00,M20596,No Failure,Operational,0,302.4,311.9,1439,36.6,212
2025-08-28 01:00:00,L52917,No Failure,Operational,0,302.3,311.8,1574,42.8,215
2025-08-28 02:00:00,L52918,No Failure,Operational,0,302.3,311.7,1281,48.8,0
2025-08-28 03:00:00,M20599,No Failure,Operational,0,302.2,311.7,1653,31.4,2
2025-08-28 04:00:00,M20600,No Failure,Operational,0,302.3,311.7,1535,38.3,5
2025-08-28 05:00:00,M20601,No Failure,Operational,0,302.3,311.7,1483,40.5,8
2025-08-28 06:00:00,L52922,No Failure,Operational,0,302.3,311.7,1414,47.0,11
2025-08-28 07:00:00,M20603,No Failure,Operational,0,302.2,311.6,1379,42.9,13
2025-08-28 08:00:00,H35158,No Failure,Operational,0,302.2,311.5,1482,42.6,16
2025-08-28 09:00:00,L52925,No Failure,Operational,0,302.1,311.5,1987,20.1,21
2025-08-28 10:00:00,M20606,No Failure,Operational,0,302.1,311.5,1635,31.6,23
2025-08-28 11:00:00,L52927,No Failure,Operational,0,302.1,311.5,1533,39.4,26
2025-08-28 12:00:00,M20608,No Failure,Operational,0,302.2,311.7,1576,34.0,28
2025-08-28 13:00:00,H35163,No Failure,Operational,0,302.2,311.8,1330,62.4,31
2025-08-28 14:00:00,L52930,No Failure,Operational,0,302.2,311.8,1981,21.8,36
2025-08-28 15:00:00,H35165,No Failure,Operational,0,302.3,311.8,1475,42.8,38
2025-08-28 16:00:00,H35166,No Failure,Operational,0,302.3,311.8,1804,25.0,43
2025-08-28 17:00:00,L52933,No Failure,Operational,0,302.2,311.6,1416,54.1,48
2025-08-28 18:00:00,L52934,No Failure,Operational,0,302.1,311.5,1727,27.7,50
2025-08-28 19:00:00,L52935,No Failure,Operational,0,302.1,311.4,1391,49.2,52
2025-08-28 20:00:00,M20616,No Failure,Operational,0,302.0,311.5,1366,52.3,54
2025-08-28 21:00:00,L52937,No Failure,Operational,0,301.9,311.3,1366,55.6,57
2025-08-28 22:00:00,L52938,No Failure,Operational,0,301.9,311.3,1501,40.8,59
2025-08-28 23:00:00,L52939,No Failure,Operational,0,301.8,311.3,1551,35.8,61
2025-08-29 00:00:00,M20620,No Failure,Operational,0,301.9,311.3,1522,35.6,63
2025-08-29 01:00:00,L52941,No Failure,Operational,0,301.9,311.2,1369,49.8,66
2025-08-29 02:00:00,L52942,No Failure,Operational,0,301.8,311.2,1334,52.3,68
2025-08-29 03:00:00,H35177,No Failure,Operational,0,301.8,311.2,1451,39.4,70
2025-08-29 04:00:00,L52944,No Failure,Operational,0,301.7,311.2,1589,37.9,75
2025-08-29 05:00:00,L52945,No Failure,Operational,0,301.7,311.3,1708,30.5,77
2025-08-29 06:00:00,M20626,No Failure,Operational,0,301.7,311.2,1413,42.6,79
2025-08-29 07:00:00,M20627,No Failure,Operational,0,301.6,311.2,1415,46.5,82
2025-08-29 08:00:00,L52948,No Failure,Operational,0,301.7,311.3,1421,45.9,85
2025-08-29 09:00:00,L52949,No Failure,Operational,0,301.7,311.3,1348,51.0,87
2025-08-29 10:00:00,L52950,No Failure,Operational,0,301.6,311.2,1408,42.9,89
2025-08-29 11:00:00,L52951,No Failure,Operational,0,301.6,311.2,1525,43.7,91
2025-08-29 12:00:00,L52952,No Failure,Operational,0,301.6,311.3,1706,29.9,93
2025-08-29 13:00:00,H35187,No Failure,Operational,0,301.6,311.2,1395,46.8,95
2025-08-29 14:00:00,L52954,No Failure,Operational,0,301.5,311.1,1602,34.3,100
2025-08-29 15:00:00,L52955,No Failure,Operational,0,301.6,311.1,1907,21.5,102
2025-08-29 16:00:00,L52956,No Failure,Operational,0,301.6,311.1,1325,49.2,104
2025-08-29 17:00:00,L52957,No Failure,Operational,0,301.6,311.1,1408,44.4,106
2025-08-29 18:00:00,M20638,No Failure,Operational,0,301.7,311.1,1489,41.4,108
2025-08-29 19:00:00,L52959,No Failure,Operational,0,301.6,311.1,1680,29.2,111
2025-08-29 20:00:00,L52960,No Failure,Operational,0,301.7,311.2,1517,42.4,113
2025-08-29 21:00:00,M20641,No Failure,Operational,0,301.7,311.1,1618,36.7,115
2025-08-29 22:00:00,L52962,No Failure,Operational,0,301.7,311.1,1455,39.8,118
2025-08-29 23:00:00,H35197,No Failure,Operational,0,301.8,311.1,1543,36.4,120
2025-08-30 00:00:00,M20644,No Failure,Operational,0,301.8,311.1,1399,41.8,125
2025-08-30 01:00:00,L52965,No Failure,Operational,0,301.7,311.1,1469,37.2,128
2025-08-30 02:00:00,L52966,No Failure,Operational,0,301.7,311.2,1521,36.7,130
2025-08-30 03:00:00,L52967,No Failure,Operational,0,301.7,311.3,1584,38.8,132
2025-08-30 04:00:00,L52968,No Failure,Operational,0,301.8,311.5,1443,43.3,134
2025-08-30 05:00:00,M20649,No Failure,Operational,0,301.8,311.5,1416,49.0,136
2025-08-30 06:00:00,M20650,No Failure,Operational,0,301.7,311.2,1563,34.5,139
2025-08-30 07:00:00,M20651,No Failure,Operational,0,301.8,311.3,1542,40.1,142
2025-08-30 08:00:00,M20652,No Failure,Operational,0,301.8,311.3,1624,31.6,145
2025-08-30 09:00:00,L52973,No Failure,Operational,0,301.8,311.3,1471,44.2,148
2025-08-30 10:00:00,M20654,No Failure,Operational,0,301.9,311.5,1492,40.8,150
2025-08-30 11:00:00,M20655,No Failure,Operational,0,301.9,311.4,1465,39.9,153
2025-08-30 12:00:00,L52976,No Failure,Operational,0,301.7,311.1,1399,55.1,156
2025-08-30 13:00:00,L52977,No Failure,Operational,0,301.6,311.0,1431,42.6,158
2025-08-30 14:00:00,L52978,No Failure,Operational,0,301.5,310.9,1600,39.0,160
2025-08-30 15:00:00,L52979,No Failure,Operational,0,301.5,310.8,1593,34.5,162
2025-08-30 16:00:00,L52980,No Failure,Operational,0,301.5,310.9,1469,44.7,164
2025-08-30 17:00:00,L52981,No Failure,Operational,0,301.5,310.8,1413,44.6,166
2025-08-30 18:00:00,L52982,No Failure,Operational,0,301.4,310.8,1490,38.0,168
2025-08-30 19:00:00,L52983,No Failure,Operational,0,301.5,310.9,1671,31.1,170
2025-08-30 20:00:00,L52984,No Failure,Operational,0,301.5,310.9,1365,46.5,172
2025-08-30 21:00:00,M20665,No Failure,Operational,0,301.4,310.9,1557,39.3,174
2025-08-30 22:00:00,L52986,No Failure,Operational,0,301.4,310.9,1440,45.4,177
2025-08-30 23:00:00,M20667,No Failure,Operational,0,301.4,310.9,1489,38.9,179
2025-08-31 00:00:00,L52988,No Failure,Operational,0,301.4,311.0,1733,25.7,182
2025-08-31 01:00:00,H35223,No Failure,Operational,0,301.3,311.0,1580,36.6,184
2025-08-31 02:00:00,L52990,No Failure,Operational,0,301.3,311.0,1856,21.9,189
2025-08-31 03:00:00,L52991,No Failure,Operational,0,301.3,311.1,1454,40.3,191
2025-08-31 04:00:00,L52992,No Failure,Operational,0,301.4,311.1,1495,36.3,193
2025-08-31 05:00:00,L52993,No Failure,Operational,0,301.2,311.0,1761,29.1,195
2025-08-31 06:00:00,M20674,No Failure,Operational,0,301.3,311.0,1402,47.5,197
2025-08-31 07:00:00,L52995,No Failure,Operational,0,301.2,311.0,1670,33.0,200
2025-08-31 08:00:00,L52996,No Failure,Operational,0,301.3,311.0,1582,35.6,202
2025-08-31 09:00:00,L52997,No Failure,Operational,0,301.3,311.0,1542,35.1,204
2025-08-31 10:00:00,L52998,No Failure,Operational,0,301.3,311.0,1539,36.9,206
2025-08-31 11:00:00,L52999,No Failure,Operational,0,301.3,311.0,1418,41.9,208
2025-08-31 12:00:00,L53000,No Failure,Operational,0,301.3,311.1,1723,27.6,210
2025-08-31 13:00:00,L53001,No Failure,Operational,0,301.3,311.1,1303,49.2,212
2025-08-31 14:00:00,M20682,No Failure,Operational,0,301.3,311.0,1463,50.2,214
2025-08-31 15:00:00,L53003,No Failure,Operational,0,301.2,311.0,1544,39.3,217
2025-08-31 16:00:00,L53004,No Failure,Operational,0,301.2,311.0,1596,37.2,219
2025-08-31 17:00:00,L53005,No Failure,Operational,0,301.3,311.1,1413,42.0,221
2025-08-31 18:00:00,M20686,No Failure,Operational,0,301.3,311.1,1492,41.2,223
2025-08-31 19:00:00,L53007,No Failure,Operational,0,301.3,311.1,1624,40.9,0
2025-08-31 20:00:00,L53008,No Failure,Operational,0,301.3,311.1,1504,39.1,2
2025-08-31 21:00:00,M20689,No Failure,Operational,0,301.2,311.1,1574,34.3,4
2025-08-31 22:00:00,M20690,No Failure,Operational,0,301.3,311.2,1438,42.4,7
2025-08-31 23:00:00,L53011,No Failure,Operational,0,301.3,311.3,1474,50.7,10
2025-09-01 00:00:00,L53012,No Failure,Operational,0,301.3,311.2,1675,32.1,12
2025-09-01 01:00:00,L53013,No Failure,Operational,0,301.3,311.2,1457,44.5,14
2025-09-01 02:00:00,L53014,No Failure,Operational,0,301.3,311.3,1434,49.8,16
2025-09-01 03:00:00,L53015,No Failure,Operational,0,301.3,311.2,1668,30.1,18
2025-09-01 04:00:00,L53016,No Failure,Operational,0,301.2,311.1,1550,39.7,20
2025-09-01 05:00:00,M20697,No Failure,Operational,0,301.3,311.1,1834,25.4,22
2025-09-01 06:00:00,M20698,No Failure,Operational,0,301.4,311.2,1476,36.5,25
2025-09-01 07:00:00,M20699,No Failure,Operational,0,301.4,311.2,1541,36.3,28
2025-09-01 08:00:00,M20700,No Failure,Operational,0,301.3,311.1,1581,30.9,31
2025-09-01 09:00:00,M20701,No Failure,Operational,0,301.3,311.1,1678,30.7,34
2025-09-01 10:00:00,L53022,No Failure,Operational,0,301.4,311.2,1355,50.6,37
2025-09-01 11:00:00,L53023,No Failure,Operational,0,301.5,311.2,1700,28.8,39
2025-09-01 12:00:00,L53024,No Failure,Operational,0,301.4,311.1,1462,37.1,41
2025-09-01 13:00:00,M20705,No Failure,Operational,0,301.4,311.2,1727,26.5,43
2025-09-01 14:00:00,L53026,No Failure,Operational,0,301.4,311.3,1674,33.3,46
2025-09-01 15:00:00,L53027,No Failure,Operational,0,301.4,311.3,1397,42.3,48
2025-09-01 16:00:00,L53028,No Failure,Operational,0,301.4,311.3,2323,15.9,50
2025-09-01 17:00:00,M20709,No Failure,Operational,0,301.4,311.2,1434,47.6,52
2025-09-01 18:00:00,L53030,No Failure,Operational,0,301.3,311.1,1560,35.3,55
2025-09-01 19:00:00,L53031,No Failure,Operational,0,301.2,311.0,1573,32.8,57
2025-09-01 20:00:00,H35266,No Failure,Operational,0,301.2,310.9,1798,22.3,59
2025-09-01 21:00:00,L53033,No Failure,Operational,0,301.2,311.0,1567,35.1,64
2025-09-01 22:00:00,L53034,No Failure,Operational,0,301.2,310.9,1416,53.3,66
2025-09-01 23:00:00,M20715,No Failure,Operational,0,301.2,310.9,1424,45.2,68
2025-09-02 00:00:00,H35270,No Failure,Operational,0,301.2,310.9,1598,35.9,71
2025-09-02 01:00:00,L53037,No Failure,Operational,0,301.3,310.9,1760,23.9,76
2025-09-02 02:00:00,L53038,No Failure,Operational,0,301.3,311.0,1348,44.5,78
2025-09-02 03:00:00,L53039,No Failure,Operational,0,301.3,311.0,1542,33.6,80
2025-09-02 04:00:00,L53040,No Failure,Operational,0,301.3,310.9,1566,33.1,82
2025-09-02 05:00:00,L53041,No Failure,Operational,0,301.3,311.0,1554,47.7,84
2025-09-02 06:00:00,L53042,No Failure,Operational,0,301.4,311.0,1470,40.6,86
2025-09-02 07:00:00,M20723,No Failure,Operational,0,301.4,311.1,1758,25.4,88
2025-09-02 08:00:00,M20724,No Failure,Operational,0,301.4,311.0,1486,36.5,91
2025-09-02 09:00:00,M20725,No Failure,Operational,0,301.5,311.1,1402,40.0,94
2025-09-02 10:00:00,L53046,No Failure,Operational,0,301.5,311.1,1459,45.1,97
2025-09-02 11:00:00,L53047,No Failure,Operational,0,301.5,311.0,1494,45.3,99
2025-09-02 12:00:00,L53048,No Failure,Operational,0,301.5,311.1,1731,27.9,101
2025-09-02 13:00:00,L53049,No Failure,Operational,0,301.5,311.1,2076,18.7,103
2025-09-02 14:00:00,L53050,No Failure,Operational,0,301.5,311.1,2055,16.8,105
2025-09-02 15:00:00,L53051,No Failure,Operational,0,301.5,311.1,1469,49.5,107
2025-09-02 16:00:00,M20732,No Failure,Operational,0,301.5,311.0,1504,42.6,109
2025-09-02 17:00:00,M20733,No Failure,Operational,0,301.5,311.1,1396,43.5,112
2025-09-02 18:00:00,M20734,No Failure,Operational,0,301.5,311.1,1660,33.8,115
2025-09-02 19:00:00,M20735,No Failure,Operational,0,301.5,311.0,1577,39.7,118
2025-09-02 20:00:00,L53056,No Failure,Operational,0,301.5,311.1,1426,52.1,121
2025-09-02 21:00:00,L53057,No Failure,Operational,0,301.5,311.1,1458,41.4,123
2025-09-02 22:00:00,L53058,No Failure,Operational,0,301.4,311.0,1533,45.8,125
2025-09-02 23:00:00,L53059,No Failure,Operational,0,301.4,311.0,1701,28.4,127
2025-09-03 00:00:00,L53060,No Failure,Operational,0,301.5,311.1,1434,49.6,129
2025-09-03 01:00:00,L53061,No Failure,Operational,0,301.4,311.1,1952,22.7,131
2025-09-03 02:00:00,L53062,No Failure,Operational,0,301.4,311.1,1469,36.9,133
2025-09-03 03:00:00,L53063,No Failure,Operational,0,301.4,311.1,1800,26.0,135
2025-09-03 04:00:00,M20744,No Failure,Operational,0,301.3,311.1,1438,43.0,137
2025-09-03 05:00:00,L53065,No Failure,Operational,0,301.3,311.1,1647,28.2,140
2025-09-03 06:00:00,L53066,No Failure,Operational,0,301.4,311.1,1494,41.9,142
2025-09-03 07:00:00,H35301,No Failure,Operational,0,301.4,311.1,1445,41.4,144
2025-09-03 08:00:00,M20748,No Failure,Operational,0,301.5,311.1,1507,38.6,149
2025-09-03 09:00:00,M20749,No Failure,Operational,0,301.4,311.0,1234,55.8,152
2025-09-03 10:00:00,L53070,No Failure,Operational,0,301.4,311.0,1634,32.6,155
2025-09-03 11:00:00,L53071,No Failure,Operational,0,301.4,311.0,1334,53.3,157
2025-09-03 12:00:00,L53072,No Failure,Operational,0,301.4,311.1,1472,44.5,159
2025-09-03 13:00:00,M20753,No Failure,Operational,0,301.3,311.0,1410,52.7,161
2025-09-03 14:00:00,L53074,No Failure,Operational,0,301.2,310.9,1597,37.9,164
2025-09-03 15:00:00,M20755,No Failure,Operational,0,301.2,310.9,1460,46.7,166
2025-09-03 16:00:00,L53076,No Failure,Operational,0,301.1,310.8,1274,55.7,169
2025-09-03 17:00:00,M20757,No Failure,Operational,0,301.0,310.7,1517,40.2,171
2025-09-03 18:00:00,L53078,No Failure,Operational,0,301.0,310.7,1300,57.2,174
2025-09-03 19:00:00,H35313,No Failure,Operational,0,300.9,310.6,1686,27.7,176
2025-09-03 20:00:00,M20760,No Failure,Operational,0,300.9,310.7,1485,41.0,181
2025-09-03 21:00:00,L53081,No Failure,Operational,0,301.0,310.7,1464,45.8,184
2025-09-03 22:00:00,L53082,No Failure,Operational,0,300.9,310.6,1598,35.4,186
2025-09-03 23:00:00,L53083,No Failure,Operational,0,300.9,310.5,1894,21.9,188
2025-09-04 00:00:00,M20764,No Failure,Operational,0,300.8,310.5,1330,59.0,190
2025-09-04 01:00:00,H35319,No Failure,Operational,0,300.8,310.5,1582,31.1,193
2025-09-04 02:00:00,L53086,No Failure,Operational,0,300.7,310.3,1533,35.6,198
2025-09-04 03:00:00,H35321,No Failure,Operational,0,300.8,310.4,1419,46.4,200
2025-09-04 04:00:00,M20768,No Failure,Operational,0,300.8,310.3,1526,36.3,205
2025-09-04 05:00:00,H35323,Tool Wear Failure,Maintenance Required,1,300.7,310.2,1364,65.3,208
2025-09-04 06:00:00,M20770,No Failure,Operational,0,300.8,310.3,1458,43.4,0
2025-09-04 07:00:00,M20771,No Failure,Operational,0,300.8,310.4,1288,64.0,3
2025-09-04 08:00:00,M20772,No Failure,Operational,0,300.7,310.3,1659,29.8,6
2025-09-04 09:00:00,H35327,No Failure,Operational,0,300.7,310.2,1479,52.3,9
2025-09-04 10:00:00,L53094,No Failure,Operational,0,300.7,310.3,1592,36.0,14
2025-09-04 11:00:00,M20775,No Failure,Operational,0,300.6,310.2,1532,38.7,16
2025-09-04 12:00:00,L53096,No Failure,Operational,0,300.6,310.2,1555,41.9,19
2025-09-04 13:00:00,L53097,No Failure,Operational,0,300.6,310.2,1341,52.6,21
2025-09-04 14:00:00,L53098,No Failure,Operational,0,300.6,310.1,1541,42.0,23
2025-09-04 15:00:00,L53099,No Failure,Operational,0,300.6,310.3,1414,50.6,25
2025-09-04 16:00:00,L53100,No Failure,Operational,0,300.5,310.2,1764,25.9,27
2025-09-04 17:00:00,L53101,No Failure,Operational,0,300.5,310.3,1336,57.1,29
2025-09-04 18:00:00,L53102,No Failure,Operational,0,300.5,310.3,1435,43.3,31
2025-09-04 19:00:00,M20783,No Failure,Operational,0,300.4,310.3,1537,35.0,33
2025-09-04 20:00:00,L53104,No Failure,Operational,0,300.3,310.2,1369,48.8,36
2025-09-04 21:00:00,M20785,No Failure,Operational,0,300.2,310.1,1619,31.3,38
2025-09-04 22:00:00,L53106,No Failure,Operational,0,300.2,310.1,1440,51.1,41
2025-09-04 23:00:00,L53107,No Failure,Operational,0,300.2,310.1,1649,30.5,43
2025-09-05 00:00:00,M20788,No Failure,Operational,0,300.2,310.1,1550,38.7,45
2025-09-05 01:00:00,L53109,No Failure,Operational,0,300.3,310.2,1471,45.2,48
2025-09-05 02:00:00,L53110,No Failure,Operational,0,300.3,310.3,1483,51.6,50
2025-09-05 03:00:00,L53111,No Failure,Operational,0,300.3,310.4,1336,54.4,52
2025-09-05 04:00:00,L53112,No Failure,Operational,0,300.5,310.5,1515,36.6,54
2025-09-05 05:00:00,L53113,No Failure,Operational,0,300.5,310.5,1373,47.4,56
2025-09-05 06:00:00,H35348,No Failure,Operational,0,300.6,310.5,1454,51.2,58
2025-09-05 07:00:00,L53115,No Failure,Operational,0,300.5,310.5,1646,34.5,63
2025-09-05 08:00:00,M20796,No Failure,Operational,0,300.5,310.4,1548,37.3,65
2025-09-05 09:00:00,M20797,No Failure,Operational,0,300.6,310.5,1462,41.3,68
2025-09-05 10:00:00,L53118,No Failure,Operational,0,300.5,310.4,1702,33.1,71
2025-09-05 11:00:00,L53119,No Failure,Operational,0,300.5,310.5,1409,60.9,73
2025-09-05 12:00:00,M20800,No Failure,Operational,0,300.6,310.6,1427,52.8,75
2025-09-05 13:00:00,L53121,No Failure,Maintenance Required,1,300.6,310.7,1438,48.5,78
2025-09-05 14:00:00,L53122,No Failure,Operational,0,300.7,310.7,1450,43.4,80
2025-09-05 15:00:00,L53123,No Failure,Operational,0,300.7,310.7,1541,41.3,82
2025-09-05 16:00:00,M20804,No Failure,Operational,0,300.7,310.6,1484,38.0,84
2025-09-05 17:00:00,M20805,No Failure,Operational,0,300.8,310.8,1415,44.5,87
2025-09-05 18:00:00,L53126,No Failure,Operational,0,300.7,310.8,1496,46.4,90
2025-09-05 19:00:00,M20807,No Failure,Operational,0,300.7,310.8,1465,45.2,92
2025-09-05 20:00:00,L53128,No Failure,Operational,0,300.7,310.8,2113,18.5,95
2025-09-05 21:00:00,M20809,No Failure,Operational,0,300.7,310.8,1506,44.0,97
2025-09-05 22:00:00,L53130,No Failure,Operational,0,300.7,310.8,1689,28.9,100
2025-09-05 23:00:00,L53131,No Failure,Operational,0,300.7,310.9,1650,29.4,102
2025-09-06 00:00:00,L53132,No Failure,Operational,0,300.7,310.8,1563,33.8,104
2025-09-06 01:00:00,M20813,No Failure,Operational,0,300.7,310.9,1486,38.9,106
2025-09-06 02:00:00,L53134,No Failure,Operational,0,300.8,310.9,1732,25.7,109
2025-09-06 03:00:00,L53135,No Failure,Operational,0,300.7,310.8,1653,31.6,111
2025-09-06 04:00:00,L53136,No Failure,Operational,0,300.7,310.9,1535,37.1,113
2025-09-06 05:00:00,L53137,No Failure,Operational,0,300.7,310.9,1637,37.2,115
2025-09-06 06:00:00,L53138,No Failure,Operational,0,300.6,310.8,1533,38.5,117
2025-09-06 07:00:00,L53139,No Failure,Operational,0,300.6,310.8,1378,51.2,119
2025-09-06 08:00:00,L53140,No Failure,Operational,0,300.5,310.7,1606,33.5,121
2025-09-06 09:00:00,L53141,No Failure,Operational,0,300.3,310.7,1539,32.3,123
2025-09-06 10:00:00,L53142,No Failure,Operational,0,300.5,310.8,1728,26.3,125
2025-09-06 11:00:00,H35377,No Failure,Operational,0,300.4,310.7,1656,36.3,127
2025-09-06 12:00:00,H35378,No Failure,Operational,0,300.5,310.8,1631,30.5,132
2025-09-06 13:00:00,H35379,No Failure,Operational,0,300.5,310.9,1447,46.5,137
2025-09-06 14:00:00,L53146,No Failure,Operational,0,300.4,310.8,1396,49.3,142
2025-09-06 15:00:00,L53147,No Failure,Operational,0,300.4,310.8,1390,52.5,144
2025-09-06 16:00:00,L53148,No Failure,Operational,0,300.4,310.8,1348,56.0,146
2025-09-06 17:00:00,M20829,No Failure,Operational,0,300.4,310.8,1491,35.9,148
2025-09-06 18:00:00,L53150,No Failure,Operational,0,300.4,310.8,1520,37.6,151
2025-09-06 19:00:00,L53151,No Failure,Operational,0,300.5,310.8,1509,33.0,153
2025-09-06 20:00:00,L53152,No Failure,Operational,0,300.5,310.8,1445,46.6,155
2025-09-06 21:00:00,L53153,No Failure,Operational,0,300.5,310.8,1354,51.8,157
2025-09-06 22:00:00,L53154,No Failure,Operational,0,300.5,310.7,1488,39.4,159
2025-09-06 23:00:00,H35389,No Failure,Operational,0,300.5,310.7,1654,28.6,161
2025-09-07 00:00:00,H35390,No Failure,Operational,0,300.5,310.6,1378,51.5,166
2025-09-07 01:00:00,L53157,No Failure,Operational,0,300.6,310.7,1750,30.6,171
2025-09-07 02:00:00,L53158,No Failure,Operational,0,300.5,310.6,1448,46.3,173
2025-09-07 03:00:00,H35393,No Failure,Operational,0,300.6,310.7,1501,45.3,175
2025-09-07 04:00:00,M20840,No Failure,Operational,0,300.6,310.7,1654,32.0,180
2025-09-07 05:00:00,M20841,No Failure,Operational,0,300.7,310.7,1347,46.5,183
2025-09-07 06:00:00,L53162,No Failure,Operational,0,300.7,310.8,1486,37.1,186
2025-09-07 07:00:00,H35397,No Failure,Operational,0,300.8,310.8,1466,45.2,188
2025-09-07 08:00:00,H35398,No Failure,Operational,0,300.7,310.8,1346,52.0,193
2025-09-07 09:00:00,L53165,No Failure,Operational,0,300.7,310.7,1314,42.4,198
2025-09-07 10:00:00,L53166,No Failure,Operational,0,300.6,310.7,1440,52.5,200
2025-09-07 11:00:00,L53167,No Failure,Operational,0,300.7,310.8,1608,39.5,202
2025-09-07 12:00:00,H35402,No Failure,Operational,0,300.7,310.8,1296,58.2,204
2025-09-07 13:00:00,L53169,No Failure,Operational,0,300.7,310.7,1507,46.1,209
2025-09-07 14:00:00,M20850,No Failure,Operational,0,300.7,310.7,1343,51.6,211
2025-09-07 15:00:00,L53171,No Failure,Operational,0,300.7,310.7,1416,40.4,214
2025-09-07 16:00:00,L53172,No Failure,Operational,0,300.7,310.6,1288,47.2,216
2025-09-07 17:00:00,M20853,No Failure,Operational,0,300.7,310.6,1407,42.4,218
2025-09-07 18:00:00,L53174,No Failure,Operational,0,300.6,310.4,1608,39.2,221
2025-09-07 19:00:00,L53175,No Failure,Operational,0,300.6,310.3,1920,22.3,223
2025-09-07 20:00:00,M20856,No Failure,Operational,0,300.5,310.2,1386,48.2,225
2025-09-07 21:00:00,M20857,No Failure,Operational,0,300.5,310.2,1571,34.6,228
2025-09-07 22:00:00,M20858,No Failure,Operational,0,300.4,310.2,1613,36.9,231
2025-09-07 23:00:00,M20859,Tool Wear Failure,Maintenance Required,1,300.4,310.2,1671,30.5,234
2025-09-08 00:00:00,H35414,No Failure,Operational,0,300.4,310.2,1431,43.2,0
2025-09-08 01:00:00,M20861,No Failure,Operational,0,300.4,310.2,1380,47.3,5
2025-09-08 02:00:00,L53182,No Failure,Operational,0,300.5,310.3,1683,31.5,8
2025-09-08 03:00:00,L53183,No Failure,Operational,0,300.4,310.2,1529,36.2,10
2025-09-08 04:00:00,L53184,No Failure,Operational,0,300.5,310.4,1761,26.5,12
2025-09-08 05:00:00,L53185,No Failure,Operational,0,300.6,310.5,1570,38.3,14
2025-09-08 06:00:00,M20866,No Failure,Operational,0,300.6,310.5,2156,18.0,16
2025-09-08 07:00:00,M20867,No Failure,Operational,0,300.7,310.6,1349,54.5,19
2025-09-08 08:00:00,L53188,No Failure,Operational,0,300.7,310.7,1431,39.3,22
2025-09-08 09:00:00,L53189,No Failure,Operational,0,300.6,310.6,1931,22.0,24
2025-09-08 10:00:00,H35424,No Failure,Operational,0,300.7,310.7,1428,43.4,26
2025-09-08 11:00:00,L53191,No Failure,Operational,0,300.8,310.8,1564,36.2,31
2025-09-08 12:00:00,H35426,No Failure,Operational,0,300.8,310.9,1425,44.0,33
2025-09-08 13:00:00,L53193,No Failure,Operational,0,300.7,310.8,1597,30.5,38
2025-09-08 14:00:00,H35428,No Failure,Operational,0,300.8,310.8,1618,32.8,40
2025-09-08 15:00:00,M20875,No Failure,Operational,0,300.8,310.8,1520,38.0,45
2025-09-08 16:00:00,L53196,No Failure,Operational,0,300.7,310.7,1425,45.3,48
2025-09-08 17:00:00,L53197,No Failure,Operational,0,300.8,310.9,1398,38.2,50
2025-09-08 18:00:00,M20878,No Failure,Operational,0,300.8,310.9,1557,31.6,52
2025-09-08 19:00:00,L53199,No Failure,Operational,0,300.7,310.8,1519,43.9,55
2025-09-08 20:00:00,L53200,No Failure,Operational,0,300.7,310.8,1619,34.9,57
2025-09-08 21:00:00,L53201,No Failure,Operational,0,300.7,310.8,1814,21.4,59
2025-09-08 22:00:00,L53202,No Failure,Operational,0,300.7,310.9,1521,39.4,61
2025-09-08 23:00:00,M20883,No Failure,Operational,0,300.7,310.9,1369,51.2,63
2025-09-09 00:00:00,L53204,Power Failure,Maintenance Required,1,300.7,310.9,1356,65.3,66
2025-09-09 01:00:00,L53205,No Failure,Operational,0,300.7,311.0,1336,53.3,68
2025-09-09 02:00:00,L53206,No Failure,Operational,0,300.7,311.0,1403,48.3,70
2025-09-09 03:00:00,M20887,No Failure,Operational,0,300.7,311.0,1413,44.3,72
2025-09-09 04:00:00,L53208,No Failure,Operational,0,300.6,310.9,1472,47.6,75
2025-09-09 05:00:00,M20889,No Failure,Operational,0,300.7,310.8,1452,47.9,77
2025-09-09 06:00:00,L53210,No Failure,Operational,0,300.6,310.7,1397,53.7,80
2025-09-09 07:00:00,L53211,No Failure,Operational,0,300.6,310.7,1455,40.6,82
2025-09-09 08:00:00,L53212,No Failure,Operational,0,300.7,310.8,1754,27.7,84
2025-09-09 09:00:00,L53213,No Failure,Operational,0,300.6,310.9,1471,37.9,86
2025-09-09 10:00:00,M20894,No Failure,Operational,0,300.6,310.8,1389,48.1,88
2025-09-09 11:00:00,M20895,No Failure,Operational,0,300.6,310.9,1702,30.3,91
2025-09-09 12:00:00,M20896,No Failure,Operational,0,300.6,311.0,1401,54.6,94
2025-09-09 13:00:00,L53217,No Failure,Operational,0,300.7,311.1,1426,46.2,97
2025-09-09 14:00:00,L53218,No Failure,Operational,0,300.7,311.0,1496,38.3,99
2025-09-09 15:00:00,L53219,No Failure,Operational,0,300.6,310.9,1433,42.6,101
2025-09-09 16:00:00,M20900,No Failure,Operational,0,300.7,311.1,1438,46.6,103
2025-09-09 17:00:00,M20901,No Failure,Operational,0,300.7,311.0,1418,49.3,106
2025-09-09 18:00:00,M20902,No Failure,Operational,0,300.8,311.0,1580,36.6,109
2025-09-09 19:00:00,M20903,No Failure,Operational,0,300.7,310.9,1468,41.8,112
2025-09-09 20:00:00,M20904,No Failure,Operational,0,300.8,310.9,1522,41.7,115
2025-09-09 21:00:00,L53225,No Failure,Operational,0,300.8,310.9,1311,55.8,118
2025-09-09 22:00:00,L53226,No Failure,Operational,0,300.9,311.0,1316,56.5,120
2025-09-09 23:00:00,H35461,No Failure,Operational,0,300.9,311.0,1853,23.6,122
2025-09-10 00:00:00,M20908,No Failure,Operational,0,300.9,311.0,1556,38.8,127
2025-09-10 01:00:00,M20909,No Failure,Operational,0,300.9,311.0,1567,34.3,130
2025-09-10 02:00:00,M20910,No Failure,Operational,0,300.9,311.1,1546,37.7,133
2025-09-10 03:00:00,L53231,No Failure,Operational,0,300.9,311.0,1382,51.2,136
2025-09-10 04:00:00,L53232,No Failure,Operational,0,300.9,311.0,2003,20.2,138
2025-09-10 05:00:00,L53233,No Failure,Operational,0,300.8,310.9,1748,29.9,140
2025-09-10 06:00:00,H35468,No Failure,Operational,0,300.7,310.8,1518,40.1,142
2025-09-10 07:00:00,L53235,No Failure,Operational,0,300.7,310.8,1475,42.0,147
2025-09-10 08:00:00,L53236,No Failure,Operational,0,300.8,310.8,1634,29.2,149
2025-09-10 09:00:00,L53237,No Failure,Operational,0,300.8,310.8,1689,32.9,151
2025-09-10 10:00:00,M20918,No Failure,Operational,0,300.9,310.9,1636,35.3,153
2025-09-10 11:00:00,L53239,No Failure,Operational,0,300.9,311.0,2235,15.8,156
2025-09-10 12:00:00,L53240,No Failure,Operational,0,301.0,311.1,1615,35.6,158
2025-09-10 13:00:00,H35475,No Failure,Operational,0,301.1,311.1,1618,29.5,160
2025-09-10 14:00:00,M20922,No Failure,Operational,0,301.1,311.2,1407,53.0,165
2025-09-10 15:00:00,L53243,No Failure,Operational,0,301.1,311.1,1450,43.3,168
2025-09-10 16:00:00,L53244,No Failure,Operational,0,301.1,311.1,1889,23.8,170
2025-09-10 17:00:00,L53245,No Failure,Operational,0,301.0,310.9,1568,38.2,172
2025-09-10 18:00:00,L53246,No Failure,Operational,0,301.0,311.0,1804,25.8,174
2025-09-10 19:00:00,L53247,No Failure,Operational,0,301.0,311.0,1582,37.5,176
2025-09-10 20:00:00,M20928,No Failure,Operational,0,301.0,310.9,2047,17.9,178
2025-09-10 21:00:00,L53249,No Failure,Operational,0,300.9,310.9,1601,34.0,181
2025-09-10 22:00:00,L53250,No Failure,Operational,0,300.9,310.9,1615,32.0,183
2025-09-10 23:00:00,M20931,No Failure,Operational,0,300.9,310.8,1452,43.6,185
2025-09-11 00:00:00,M20932,No Failure,Operational,0,300.9,310.8,1695,30.2,188
2025-09-11 01:00:00,M20933,No Failure,Operational,0,300.9,310.8,1790,26.2,191
2025-09-11 02:00:00,M20934,No Failure,Operational,0,301.0,310.8,1533,39.3,194
2025-09-11 03:00:00,L53255,No Failure,Operational,0,301.0,310.9,1813,28.5,197
2025-09-11 04:00:00,L53256,No Failure,Operational,0,301.0,310.9,1492,36.7,199
2025-09-11 05:00:00,L53257,No Failure,Operational,0,300.9,310.7,1479,43.3,201
2025-09-11 06:00:00,L53258,Overstrain Failure,Maintenance Required,1,300.8,310.7,1339,59.1,203
2025-09-11 07:00:00,M20939,No Failure,Operational,0,300.8,310.7,1371,44.7,205
2025-09-11 08:00:00,L53260,No Failure,Operational,0,300.9,310.7,1468,36.2,208
2025-09-11 09:00:00,L53261,No Failure,Operational,0,300.9,310.7,1517,41.7,210
2025-09-11 10:00:00,L53262,No Failure,Operational,0,300.9,310.7,1352,46.4,212
2025-09-11 11:00:00,L53263,No Failure,Operational,0,300.9,310.7,1389,50.0,214
2025-09-11 12:00:00,M20944,No Failure,Operational,0,300.8,310.6,1505,36.2,0
2025-09-11 13:00:00,L53265,No Failure,Operational,0,300.9,310.6,1538,36.7,3
2025-09-11 14:00:00,L53266,No Failure,Operational,0,300.9,310.8,1482,37.0,5
2025-09-11 15:00:00,M20947,No Failure,Operational,0,300.9,310.8,1599,33.0,7
2025-09-11 16:00:00,L53268,No Failure,Operational,0,300.9,310.8,1476,39.0,10
2025-09-11 17:00:00,L53269,No Failure,Operational,0,300.9,310.7,1509,37.5,12
2025-09-11 18:00:00,L53270,No Failure,Operational,0,300.9,310.8,1708,29.1,14
2025-09-11 19:00:00,L53271,Random Failure,Operational,0,300.9,310.7,1412,57.5,16
2025-09-11 20:00:00,L53272,No Failure,Operational,0,300.9,310.7,1658,28.5,18
2025-09-11 21:00:00,L53273,No Failure,Operational,0,301.0,310.8,1375,57.2,20
2025-09-11 22:00:00,M20954,No Failure,Operational,0,300.9,310.8,1402,48.1,22
2025-09-11 23:00:00,M20955,No Failure,Operational,0,300.9,310.7,1452,47.3,25
2025-09-12 00:00:00,M20956,No Failure,Operational,0,300.8,310.7,1483,40.8,28
2025-09-12 01:00:00,H35511,No Failure,Operational,0,300.9,310.8,1477,38.4,31
2025-09-12 02:00:00,M20958,No Failure,Operational,0,300.8,310.7,1924,22.4,36
2025-09-12 03:00:00,H35513,No Failure,Operational,0,300.9,310.7,1609,28.7,39
2025-09-12 04:00:00,M20960,No Failure,Operational,0,300.8,310.7,1886,21.1,44
2025-09-12 05:00:00,L53281,No Failure,Operational,0,300.7,310.6,1616,29.6,47
2025-09-12 06:00:00,L53282,No Failure,Operational,0,300.7,310.7,1442,43.2,49
2025-09-12 07:00:00,L53283,No Failure,Operational,0,300.8,310.8,1407,45.1,51
2025-09-12 08:00:00,M20964,No Failure,Operational,0,300.8,310.8,1461,41.3,53
2025-09-12 09:00:00,M20965,No Failure,Operational,0,300.8,310.9,1522,46.2,56
2025-09-12 10:00:00,L53286,No Failure,Operational,0,300.9,311.0,1432,48.1,59
2025-09-12 11:00:00,L53287,No Failure,Operational,0,300.9,311.0,1438,49.0,61
2025-09-12 12:00:00,M20968,No Failure,Operational,0,300.8,310.9,1678,28.1,63
2025-09-12 13:00:00,M20969,No Failure,Operational,0,300.8,310.9,1514,38.7,66
2025-09-12 14:00:00,L53290,No Failure,Operational,0,300.7,310.8,1534,41.3,69
2025-09-12 15:00:00,M20971,No Failure,Operational,0,300.7,310.8,1486,41.2,71
2025-09-12 16:00:00,L53292,No Failure,Operational,0,300.7,310.8,1925,22.0,74
2025-09-12 17:00:00,M20973,No Failure,Operational,0,300.7,310.8,1724,30.0,76
2025-09-12 18:00:00,M20974,No Failure,Operational,0,300.8,310.8,1549,35.5,79
2025-09-12 19:00:00,L53295,No Failure,Operational,0,300.8,310.9,1457,47.7,82
2025-09-12 20:00:00,L53296,No Failure,Operational,0,300.8,310.9,1453,43.9,84
2025-09-12 21:00:00,L53297,No Failure,Operational,0,300.8,311.0,1578,44.4,86
2025-09-12 22:00:00,M20978,No Failure,Operational,0,300.9,311.1,1325,61.4,88
2025-09-12 23:00:00,L53299,No Failure,Operational,0,300.9,311.1,1471,39.3,91
2025-09-13 00:00:00,M20980,No Failure,Operational,0,300.9,311.2,1472,40.0,93
2025-09-13 01:00:00,L53301,No Failure,Operational,0,300.9,311.1,1457,37.4,96
2025-09-13 02:00:00,L53302,No Failure,Operational,0,301.0,311.0,1402,55.3,98
2025-09-13 03:00:00,L53303,No Failure,Operational,0,300.9,310.9,1477,41.5,100
2025-09-13 04:00:00,M20984,No Failure,Operational,0,300.9,310.9,1727,30.1,102
2025-09-13 05:00:00,L53305,No Failure,Operational,0,300.9,310.9,1995,20.2,105
2025-09-13 06:00:00,L53306,No Failure,Operational,0,300.9,310.9,1370,52.5,107
2025-09-13 07:00:00,L53307,No Failure,Operational,0,300.9,310.9,1228,66.4,109
2025-09-13 08:00:00,L53308,No Failure,Operational,0,300.9,311.0,1499,38.0,111
2025-09-13 09:00:00,M20989,No Failure,Operational,0,301.0,311.0,1508,46.9,113
2025-09-13 10:00:00,L53310,No Failure,Operational,0,301.0,310.9,1473,44.2,116
2025-09-13 11:00:00,H35545,No Failure,Operational,0,301.0,311.0,1640,37.6,118
2025-09-13 12:00:00,L53312,No Failure,Operational,0,301.1,311.1,1429,42.5,123
2025-09-13 13:00:00,L53313,No Failure,Operational,0,301.1,311.1,1470,40.9,125
2025-09-13 14:00:00,L53314,No Failure,Operational,0,301.0,311.0,1581,37.0,127
2025-09-13 15:00:00,L53315,No Failure,Operational,0,301.0,310.9,1740,28.9,129
2025-09-13 16:00:00,H35550,No Failure,Operational,0,300.9,310.8,1390,40.6,131
2025-09-13 17:00:00,M20997,No Failure,Operational,0,300.9,310.8,1988,19.7,136
2025-09-13 18:00:00,M20998,No Failure,Operational,0,300.8,310.7,1452,43.0,139
2025-09-13 19:00:00,L53319,No Failure,Operational,0,300.8,310.7,1586,33.4,142
2025-09-13 20:00:00,L53320,No Failure,Operational,0,300.8,310.7,1589,34.3,144
2025-09-13 21:00:00,L53321,No Failure,Operational,0,300.8,310.8,1486,45.7,146
2025-09-13 22:00:00,L53322,No Failure,Operational,0,300.9,310.9,1755,27.9,148
2025-09-13 23:00:00,M21003,No Failure,Operational,0,301.0,310.9,1575,34.6,150
2025-09-14 00:00:00,M21004,No Failure,Operational,0,301.1,311.1,1615,37.7,153
2025-09-14 01:00:00,M21005,No Failure,Operational,0,301.1,311.1,1436,41.8,156
2025-09-14 02:00:00,M21006,No Failure,Operational,0,301.1,311.1,1470,40.6,159
2025-09-14 03:00:00,M21007,No Failure,Operational,0,301.1,311.1,2089,19.8,162
2025-09-14 04:00:00,L53328,No Failure,Operational,0,301.1,311.2,1564,37.0,165
2025-09-14 05:00:00,M21009,No Failure,Operational,0,301.0,311.1,1420,47.4,167
2025-09-14 06:00:00,L53330,No Failure,Operational,0,301.1,311.1,1711,29.1,170
2025-09-14 07:00:00,L53331,No Failure,Operational,0,301.1,311.2,1555,35.3,172
2025-09-14 08:00:00,M21012,No Failure,Operational,0,301.1,311.1,1592,35.7,174
2025-09-14 09:00:00,L53333,Overstrain Failure,Maintenance Required,1,301.0,311.1,1236,64.4,177
2025-09-14 10:00:00,M21014,No Failure,Operational,0,301.0,310.9,1765,24.2,179
2025-09-14 11:00:00,L53335,No Failure,Operational,0,301.0,311.0,1634,31.2,182
2025-09-14 12:00:00,L53336,No Failure,Operational,0,301.1,311.1,1508,41.5,184
2025-09-14 13:00:00,L53337,No Failure,Operational,0,301.1,311.2,1774,29.6,186
2025-09-14 14:00:00,L53338,No Failure,Operational,0,301.1,311.0,1677,29.1,188
2025-09-14 15:00:00,L53339,Overstrain Failure,Maintenance Required,1,301.0,311.0,1399,58.0,190
2025-09-14 16:00:00,L53340,No Failure,Operational,0,301.0,310.9,1570,34.0,192
2025-09-14 17:00:00,L53341,No Failure,Operational,0,301.0,310.9,1479,44.3,194
2025-09-14 18:00:00,L53342,No Failure,Operational,0,301.0,310.8,1558,34.9,196
2025-09-14 19:00:00,L53343,No Failure,Operational,0,300.8,310.7,1358,48.1,198
2025-09-14 20:00:00,H35578,No Failure,Operational,0,300.9,310.7,1656,30.7,200
2025-09-14 21:00:00,L53345,No Failure,Operational,0,300.9,310.7,1523,35.8,205
2025-09-14 22:00:00,H35580,No Failure,Operational,0,300.9,310.7,1403,40.6,207
2025-09-14 23:00:00,M21027,No Failure,Operational,0,300.9,310.7,1362,51.6,212
2025-09-15 00:00:00,M21028,No Failure,Operational,0,300.7,310.6,1778,27.1,215
2025-09-15 01:00:00,L53349,No Failure,Operational,0,300.7,310.5,1448,38.2,218
2025-09-15 02:00:00,H35584,No Failure,Operational,0,300.8,310.5,1559,40.1,220
2025-09-15 03:00:00,L53351,No Failure,Operational,0,300.8,310.6,1416,42.2,225
2025-09-15 04:00:00,L53352,Tool Wear Failure,Maintenance Required,1,300.8,310.6,1577,37.9,227
2025-09-15 05:00:00,L53353,No Failure,Operational,0,300.8,310.7,1633,27.8,0
2025-09-15 06:00:00,L53354,No Failure,Operational,0,300.9,310.7,1573,31.2,2
2025-09-15 07:00:00,L53355,No Failure,Operational,0,300.9,310.8,1517,44.3,4
2025-09-15 08:00:00,L53356,No Failure,Operational,0,301.0,310.9,1515,37.3,6
2025-09-15 09:00:00,L53357,No Failure,Operational,0,301.0,310.8,1527,45.3,8
2025-09-15 10:00:00,L53358,Power Failure,Maintenance Required,1,301.1,310.9,1282,67.9,10
2025-09-15 11:00:00,M21039,No Failure,Operational,0,301.1,310.9,1396,45.1,12
2025-09-15 12:00:00,L53360,No Failure,Operational,0,301.0,310.9,1492,44.6,15
2025-09-15 13:00:00,L53361,No Failure,Operational,0,301.0,310.8,1975,19.7,17
2025-09-15 14:00:00,L53362,No Failure,Operational,0,301.0,310.8,1475,35.3,19
2025-09-15 15:00:00,H35597,No Failure,Operational,0,301.0,310.9,1495,37.3,21
2025-09-15 16:00:00,L53364,No Failure,Operational,0,301.0,311.0,1553,35.8,26
2025-09-15 17:00:00,L53365,No Failure,Operational,0,301.1,311.0,1918,21.7,28
2025-09-15 18:00:00,M21046,No Failure,Operational,0,301.1,311.0,1413,46.6,30
2025-09-15 19:00:00,L53367,No Failure,Operational,0,301.0,311.0,1437,56.0,33
2025-09-15 20:00:00,L53368,No Failure,Operational,0,301.0,310.9,1450,45.9,35
2025-09-15 21:00:00,M21049,No Failure,Operational,0,301.0,310.9,1910,21.9,37
2025-09-15 22:00:00,L53370,No Failure,Operational,0,300.9,310.9,1749,26.4,40
2025-09-15 23:00:00,H35605,No Failure,Operational,0,301.0,310.9,1916,22.0,42
2025-09-16 00:00:00,L53372,No Failure,Operational,0,301.0,310.9,1428,45.3,47
2025-09-16 01:00:00,L53373,No Failure,Operational,0,301.0,310.9,1578,38.4,49
2025-09-16 02:00:00,L53374,No Failure,Operational,0,300.9,310.8,1571,39.9,51
2025-09-16 03:00:00,L53375,No Failure,Operational,0,300.9,310.8,1729,30.2,53
2025-09-16 04:00:00,L53376,No Failure,Operational,0,300.9,310.8,1701,30.4,55
2025-09-16 05:00:00,L53377,No Failure,Operational,0,300.9,310.8,1493,45.8,57
2025-09-16 06:00:00,M21058,No Failure,Operational,0,301.0,310.9,1554,32.7,59
2025-09-16 07:00:00,L53379,No Failure,Operational,0,300.9,310.9,1497,43.2,62
2025-09-16 08:00:00,L53380,No Failure,Operational,0,301.0,310.9,1679,29.8,64
2025-09-16 09:00:00,M21061,No Failure,Operational,0,301.0,310.9,1510,44.5,66
2025-09-16 10:00:00,L53382,No Failure,Operational,0,301.0,310.9,1296,54.9,69
2025-09-16 11:00:00,L53383,No Failure,Operational,0,301.0,310.9,1404,41.8,71
2025-09-16 12:00:00,M21064,No Failure,Operational,0,300.9,310.8,1519,34.9,73
2025-09-16 13:00:00,M21065,No Failure,Operational,0,300.9,310.7,1696,27.3,76
2025-09-16 14:00:00,M21066,No Failure,Operational,0,300.8,310.6,1669,28.4,79
2025-09-16 15:00:00,L53387,No Failure,Operational,0,300.7,310.6,1447,40.7,82
2025-09-16 16:00:00,M21068,No Failure,Operational,0,300.7,310.6,1418,46.3,84
2025-09-16 17:00:00,L53389,No Failure,Operational,0,300.7,310.6,1407,40.5,87
2025-09-16 18:00:00,L53390,No Failure,Operational,0,300.8,310.5,1434,44.5,89
2025-09-16 19:00:00,L53391,No Failure,Operational,0,300.8,310.6,1360,48.8,91
2025-09-16 20:00:00,L53392,No Failure,Operational,0,300.8,310.6,1402,53.7,93
2025-09-16 21:00:00,L53393,No Failure,Operational,0,300.9,310.6,1552,34.9,95
2025-09-16 22:00:00,L53394,No Failure,Operational,0,300.9,310.7,1392,44.2,97
2025-09-16 23:00:00,L53395,No Failure,Operational,0,301.1,310.8,1521,41.0,99
2025-09-17 00:00:00,L53396,No Failure,Operational,0,301.1,310.8,1724,27.5,101
2025-09-17 01:00:00,M21077,No Failure,Operational,0,301.0,310.7,1455,46.1,103
2025-09-17 02:00:00,H35632,No Failure,Operational,0,301.0,310.6,1366,50.6,106
2025-09-17 03:00:00,H35633,No Failure,Operational,0,301.1,310.6,1407,43.9,111
2025-09-17 04:00:00,L53400,No Failure,Operational,0,301.1,310.8,1470,49.3,116
2025-09-17 05:00:00,M21081,No Failure,Operational,0,301.2,310.9,1359,50.8,118
2025-09-17 06:00:00,H35636,No Failure,Operational,0,301.1,310.8,1792,25.8,121
2025-09-17 07:00:00,M21083,No Failure,Operational,0,301.1,310.9,1552,37.9,126
2025-09-17 08:00:00,L53404,No Failure,Operational,0,301.2,311.0,1612,32.9,129
2025-09-17 09:00:00,M21085,No Failure,Operational,0,301.2,311.0,1424,41.4,131
2025-09-17 10:00:00,H35640,No Failure,Operational,0,301.3,311.0,1341,59.3,134
2025-09-17 11:00:00,L53407,No Failure,Operational,0,301.2,310.8,1479,38.2,139
2025-09-17 12:00:00,L53408,No Failure,Operational,0,301.2,310.9,1413,50.1,141
2025-09-17 13:00:00,L53409,No Failure,Operational,0,301.3,310.9,2165,17.4,143
2025-09-17 14:00:00,M21090,No Failure,Operational,0,301.3,311.0,1641,33.0,145
2025-09-17 15:00:00,M21091,No Failure,Operational,0,301.3,311.0,1495,40.8,148
2025-09-17 16:00:00,L53412,No Failure,Operational,0,301.3,311.0,1576,30.4,151
2025-09-17 17:00:00,L53413,No Failure,Operational,0,301.2,310.9,1467,37.1,153
2025-09-17 18:00:00,L53414,No Failure,Operational,0,301.2,310.8,1479,41.2,155
2025-09-17 19:00:00,L53415,No Failure,Operational,0,301.3,310.9,1596,33.9,157
2025-09-17 20:00:00,M21096,No Failure,Operational,0,301.3,310.9,1512,36.9,159
2025-09-17 21:00:00,L53417,No Failure,Operational,0,301.4,310.9,1414,38.8,162
2025-09-17 22:00:00,L53418,No Failure,Operational,0,301.3,310.8,1390,57.4,164
2025-09-17 23:00:00,L53419,No Failure,Operational,0,301.2,310.7,1644,31.6,166
2025-09-18 00:00:00,M21100,No Failure,Operational,0,301.2,310.7,1394,42.8,168
2025-09-18 01:00:00,L53421,No Failure,Operational,0,301.1,310.5,1324,52.4,171
2025-09-18 02:00:00,L53422,No Failure,Operational,0,301.0,310.4,1476,43.6,173
2025-09-18 03:00:00,L53423,No Failure,Operational,0,301.0,310.4,2204,16.6,175
2025-09-18 04:00:00,M21104,No Failure,Operational,0,301.0,310.4,1665,30.9,177
2025-09-18 05:00:00,L53425,No Failure,Operational,0,300.9,310.4,1445,41.7,180
2025-09-18 06:00:00,H35660,No Failure,Operational,0,300.8,310.3,1457,46.8,182
2025-09-18 07:00:00,L53427,No Failure,Operational,0,300.8,310.2,1492,46.3,187
2025-09-18 08:00:00,L53428,Power Failure,Maintenance Required,1,300.8,310.1,1405,61.2,189
2025-09-18 09:00:00,L53429,No Failure,Operational,0,300.7,310.1,1542,35.5,191
2025-09-18 10:00:00,L53430,No Failure,Operational,0,300.8,310.2,1520,37.7,193
2025-09-18 11:00:00,M21111,No Failure,Operational,0,300.8,310.2,1598,36.5,195
2025-09-18 12:00:00,L53432,No Failure,Operational,0,300.8,310.3,1538,36.1,198
2025-09-18 13:00:00,L53433,No Failure,Operational,0,300.9,310.4,1615,30.9,200
2025-09-18 14:00:00,L53434,No Failure,Operational,0,301.0,310.5,1408,47.0,202
2025-09-18 15:00:00,L53435,Overstrain Failure,Maintenance Required,1,301.0,310.5,1379,57.3,204
2025-09-18 16:00:00,L53436,Tool Wear Failure,Maintenance Required,1,301.0,310.6,1493,37.8,206
2025-09-18 17:00:00,L53437,No Failure,Operational,0,301.1,310.7,1376,49.1,0
2025-09-18 18:00:00,M21118,No Failure,Operational,0,301.1,310.7,1583,40.7,2
2025-09-18 19:00:00,M21119,No Failure,Operational,0,301.2,310.8,1396,47.4,5
2025-09-18 20:00:00,L53440,No Failure,Operational,0,301.1,310.7,1436,45.3,8
2025-09-18 21:00:00,L53441,No Failure,Operational,0,301.1,310.6,1417,47.6,10
2025-09-18 22:00:00,L53442,No Failure,Operational,0,301.0,310.6,1641,33.4,12
2025-09-18 23:00:00,M21123,No Failure,Operational,0,301.0,310.6,1698,27.3,14
2025-09-19 00:00:00,L53444,No Failure,Operational,0,300.9,310.4,1541,39.1,17
2025-09-19 01:00:00,L53445,No Failure,Operational,0,300.8,310.3,1383,46.6,19
2025-09-19 02:00:00,L53446,No Failure,Operational,0,300.8,310.4,1368,46.8,21
2025-09-19 03:00:00,L53447,No Failure,Operational,0,300.8,310.4,1570,35.2,23
2025-09-19 04:00:00,L53448,No Failure,Operational,0,300.9,310.5,1616,33.5,25
2025-09-19 05:00:00,M21129,No Failure,Operational,0,300.9,310.5,1444,43.2,27
2025-09-19 06:00:00,L53450,No Failure,Operational,0,300.9,310.4,2021,18.8,30
2025-09-19 07:00:00,M21131,No Failure,Operational,0,300.9,310.5,1702,29.3,32
2025-09-19 08:00:00,M21132,No Failure,Operational,0,301.1,310.6,1429,52.7,35
2025-09-19 09:00:00,L53453,No Failure,Operational,0,301.2,310.8,1711,28.9,38
2025-09-19 10:00:00,M21134,No Failure,Operational,0,301.2,310.7,1543,32.9,40
2025-09-19 11:00:00,L53455,No Failure,Operational,0,301.3,310.8,1628,32.2,43
2025-09-19 12:00:00,L53456,No Failure,Operational,0,301.2,310.8,1233,64.6,45
2025-09-19 13:00:00,L53457,No Failure,Operational,0,301.2,310.8,1461,40.6,47
2025-09-19 14:00:00,L53458,No Failure,Operational,0,301.2,310.7,1568,38.3,49
2025-09-19 15:00:00,L53459,No Failure,Operational,0,301.3,310.8,1432,54.4,51
2025-09-19 16:00:00,M21140,No Failure,Operational,0,301.2,310.7,1527,41.1,53
2025-09-19 17:00:00,M21141,No Failure,Operational,0,301.3,310.8,1455,41.2,56
2025-09-19 18:00:00,M21142,No Failure,Operational,0,301.3,310.8,1418,45.4,59
2025-09-19 19:00:00,L53463,No Failure,Operational,0,301.3,310.8,1719,29.5,62
2025-09-19 20:00:00,M21144,No Failure,Operational,0,301.2,310.8,1734,31.3,64
2025-09-19 21:00:00,M21145,No Failure,Operational,0,301.2,310.7,1426,46.1,67
2025-09-19 22:00:00,L53466,No Failure,Operational,0,301.1,310.6,1611,35.2,70
2025-09-19 23:00:00,M21147,No Failure,Operational,0,301.1,310.6,1479,41.1,72
2025-09-20 00:00:00,L53468,No Failure,Operational,0,301.0,310.5,1317,50.9,75
2025-09-20 01:00:00,L53469,No Failure,Operational,0,301.0,310.5,1248,61.4,77
2025-09-20 02:00:00,L53470,No Failure,Operational,0,301.0,310.5,1932,21.7,79
2025-09-20 03:00:00,M21151,No Failure,Operational,0,301.1,310.5,1547,35.8,81
2025-09-20 04:00:00,L53472,No Failure,Operational,0,301.0,310.4,1614,31.6,84
2025-09-20 05:00:00,H35707,No Failure,Operational,0,301.0,310.4,1512,44.9,86
2025-09-20 06:00:00,L53474,No Failure,Operational,0,301.1,310.5,1529,38.7,91
2025-09-20 07:00:00,H35709,No Failure,Operational,0,301.1,310.6,1782,24.9,93
2025-09-20 08:00:00,L53476,No Failure,Operational,0,301.0,310.5,1429,39.4,98
2025-09-20 09:00:00,M21157,No Failure,Operational,0,301.1,310.5,1309,60.7,100
2025-09-20 10:00:00,L53478,No Failure,Operational,0,301.1,310.5,1428,44.1,103
2025-09-20 11:00:00,L53479,No Failure,Operational,0,301.2,310.6,1385,49.2,105
2025-09-20 12:00:00,L53480,No Failure,Operational,0,301.2,310.7,1517,39.4,107
2025-09-20 13:00:00,M21161,No Failure,Operational,0,301.2,310.6,1576,39.6,109
2025-09-20 14:00:00,L53482,No Failure,Operational,0,301.2,310.6,1437,51.2,112
2025-09-20 15:00:00,H35717,No Failure,Operational,0,301.2,310.6,1457,50.5,114
2025-09-20 16:00:00,L53484,No Failure,Operational,0,301.1,310.5,1532,37.5,119
2025-09-20 17:00:00,M21165,No Failure,Operational,0,301.1,310.5,1603,32.6,121
2025-09-20 18:00:00,L53486,No Failure,Operational,0,301.0,310.4,1563,34.4,124
2025-09-20 19:00:00,L53487,No Failure,Operational,0,301.0,310.3,1617,34.5,126
2025-09-20 20:00:00,M21168,No Failure,Operational,0,300.8,310.1,1686,26.9,128
2025-09-20 21:00:00,L53489,No Failure,Operational,0,300.9,310.2,1382,50.4,131
2025-09-20 22:00:00,L53490,No Failure,Operational,0,300.9,310.1,2090,17.8,133
2025-09-20 23:00:00,L53491,No Failure,Operational,0,300.9,310.3,1446,44.5,135
2025-09-21 00:00:00,M21172,No Failure,Operational,0,300.9,310.2,1533,38.1,137
2025-09-21 01:00:00,L53493,No Failure,Operational,0,300.9,310.3,1440,47.6,140
2025-09-21 02:00:00,M21174,No Failure,Operational,0,301.0,310.4,1793,25.0,142
2025-09-21 03:00:00,M21175,No Failure,Operational,0,301.0,310.4,1517,46.1,145
2025-09-21 04:00:00,L53496,No Failure,Operational,0,300.9,310.4,1544,36.0,148
2025-09-21 05:00:00,L53497,No Failure,Operational,0,300.9,310.3,1321,48.8,150
2025-09-21 06:00:00,M21178,No Failure,Operational,0,300.9,310.3,1416,50.9,152
2025-09-21 07:00:00,L53499,No Failure,Operational,0,300.8,310.2,1514,40.0,155
2025-09-21 08:00:00,M21180,No Failure,Operational,0,300.8,310.2,1304,52.5,157
2025-09-21 09:00:00,L53501,No Failure,Operational,0,300.7,310.2,1286,64.9,160
2025-09-21 10:00:00,M21182,No Failure,Operational,0,300.7,310.1,1483,40.2,162
2025-09-21 11:00:00,L53503,No Failure,Operational,0,300.7,310.1,1351,46.9,165
2025-09-21 12:00:00,M21184,No Failure,Operational,0,300.7,310.1,1367,52.6,167
2025-09-21 13:00:00,L53505,No Failure,Operational,0,300.7,310.1,1721,32.3,170
2025-09-21 14:00:00,L53506,No Failure,Operational,0,300.6,310.0,1455,40.4,172
2025-09-21 15:00:00,L53507,No Failure,Operational,0,300.6,310.0,1425,49.5,174
2025-09-21 16:00:00,L53508,No Failure,Operational,0,300.7,310.0,1672,29.7,176
2025-09-21 17:00:00,M21189,No Failure,Operational,0,300.7,310.0,1641,34.6,178
2025-09-21 18:00:00,M21190,No Failure,Operational,0,300.5,310.0,1580,37.0,181
2025-09-21 19:00:00,H35745,No Failure,Operational,0,300.5,310.0,1495,47.4,184
2025-09-21 20:00:00,M21192,No Failure,Operational,0,300.5,309.9,1994,19.8,189
2025-09-21 21:00:00,M21193,No Failure,Operational,0,300.4,309.9,1415,31.8,192
2025-09-21 22:00:00,M21194,No Failure,Operational,0,300.4,309.8,1725,30.4,195
2025-09-21 23:00:00,M21195,No Failure,Operational,0,300.4,309.8,1430,43.4,198
2025-09-22 00:00:00,L53516,No Failure,Operational,0,300.4,309.8,1395,48.1,201
2025-09-22 01:00:00,M21197,No Failure,Operational,0,300.4,309.8,1435,43.6,203
2025-09-22 02:00:00,L53518,No Failure,Operational,0,300.4,309.9,1681,28.6,206
2025-09-22 03:00:00,L53519,No Failure,Operational,0,300.5,310.0,1451,48.6,208
2025-09-22 04:00:00,H35754,Tool Wear Failure,Maintenance Required,1,300.5,309.9,1397,45.9,210
2025-09-22 05:00:00,M21201,No Failure,Operational,0,300.4,309.8,1421,47.2,0
2025-09-22 06:00:00,M21202,No Failure,Operational,0,300.3,309.8,1444,42.0,3
2025-09-22 07:00:00,L53523,No Failure,Operational,0,300.2,309.8,1827,23.0,6
2025-09-22 08:00:00,H35758,No Failure,Operational,0,300.2,309.8,1374,47.7,8
2025-09-22 09:00:00,L53525,No Failure,Operational,0,300.2,309.8,1650,29.6,13
2025-09-22 10:00:00,L53526,No Failure,Operational,0,300.2,309.7,1275,60.7,15
2025-09-22 11:00:00,L53527,No Failure,Operational,0,300.2,309.7,1421,44.6,17
2025-09-22 12:00:00,L53528,No Failure,Operational,0,300.2,309.8,1557,33.8,19
2025-09-22 13:00:00,L53529,No Failure,Operational,0,300.1,309.8,1506,35.2,21
2025-09-22 14:00:00,L53530,No Failure,Operational,0,300.1,309.7,1362,49.1,23
2025-09-22 15:00:00,L53531,No Failure,Operational,0,300.0,309.7,1542,47.1,25
2025-09-22 16:00:00,L53532,No Failure,Operational,0,300.0,309.6,1496,38.8,27
2025-09-22 17:00:00,M21213,No Failure,Operational,0,300.0,309.6,1491,42.0,29
2025-09-22 18:00:00,L53534,No Failure,Operational,0,300.1,309.6,1565,34.8,32
2025-09-22 19:00:00,L53535,No Failure,Operational,0,300.1,309.7,1481,37.9,34
2025-09-22 20:00:00,M21216,No Failure,Operational,0,300.1,309.7,1420,48.4,36
2025-09-22 21:00:00,L53537,No Failure,Operational,0,300.2,309.8,1398,54.8,39
2025-09-22 22:00:00,M21218,No Failure,Operational,0,300.2,309.8,1466,45.7,41
2025-09-22 23:00:00,L53539,No Failure,Operational,0,300.1,309.8,1430,56.7,44
2025-09-23 00:00:00,L53540,No Failure,Operational,0,300.1,309.7,1441,40.1,46
2025-09-23 01:00:00,M21221,No Failure,Operational,0,300.1,309.7,1348,57.3,48
2025-09-23 02:00:00,L53542,No Failure,Operational,0,300.0,309.6,1738,28.7,51
2025-09-23 03:00:00,M21223,No Failure,Operational,0,300.0,309.6,1618,36.2,53
2025-09-23 04:00:00,M21224,No Failure,Operational,0,299.9,309.6,1489,41.7,56
2025-09-23 05:00:00,M21225,No Failure,Operational,0,299.9,309.5,1412,57.9,59
2025-09-23 06:00:00,M21226,No Failure,Operational,0,299.9,309.5,2065,18.1,62
2025-09-23 07:00:00,L53547,No Failure,Operational,0,300.0,309.6,1571,33.1,65
2025-09-23 08:00:00,M21228,No Failure,Operational,0,300.0,309.6,1423,48.7,67
2025-09-23 09:00:00,H35783,No Failure,Operational,0,300.0,309.5,1781,24.9,70
2025-09-23 10:00:00,L53550,No Failure,Operational,0,300.1,309.6,1321,46.9,75
2025-09-23 11:00:00,L53551,No Failure,Operational,0,300.1,309.6,1546,36.7,77
2025-09-23 12:00:00,M21232,No Failure,Operational,0,300.0,309.5,1879,22.4,79
2025-09-23 13:00:00,H35787,No Failure,Operational,0,300.0,309.5,1735,28.9,82
2025-09-23 14:00:00,L53554,No Failure,Operational,0,300.0,309.5,1506,38.8,87
2025-09-23 15:00:00,H35789,No Failure,Operational,0,300.0,309.6,1629,32.3,89
2025-09-23 16:00:00,L53556,No Failure,Operational,0,300.0,309.6,1694,28.7,94
2025-09-23 17:00:00,L53557,No Failure,Operational,0,300.1,309.6,1541,37.0,96
2025-09-23 18:00:00,L53558,No Failure,Operational,0,300.0,309.6,1514,44.6,98
2025-09-23 19:00:00,L53559,No Failure,Operational,0,300.1,309.7,1485,45.9,100
2025-09-23 20:00:00,L53560,No Failure,Operational,0,300.2,309.8,1430,55.0,102
2025-09-23 21:00:00,L53561,No Failure,Operational,0,300.2,309.7,1771,27.1,104
2025-09-23 22:00:00,L53562,No Failure,Operational,0,300.2,309.8,1481,41.9,106
2025-09-23 23:00:00,H35797,No Failure,Operational,0,300.2,309.7,1483,43.8,108
2025-09-24 00:00:00,H35798,No Failure,Operational,0,300.1,309.6,1463,45.1,113
2025-09-24 01:00:00,L53565,No Failure,Operational,0,300.1,309.7,1410,48.3,118
2025-09-24 02:00:00,L53566,No Failure,Operational,0,300.2,309.7,1656,34.3,120
2025-09-24 03:00:00,M21247,No Failure,Operational,0,300.2,309.8,1487,39.2,122
2025-09-24 04:00:00,H35802,No Failure,Operational,0,300.3,309.9,1509,46.6,125
2025-09-24 05:00:00,H35803,No Failure,Operational,0,300.3,309.9,1677,30.1,130
2025-09-24 06:00:00,L53570,No Failure,Operational,0,300.3,309.8,1450,55.0,135
2025-09-24 07:00:00,M21251,No Failure,Operational,0,300.2,309.7,1413,43.0,137
2025-09-24 08:00:00,L53572,No Failure,Operational,0,300.1,309.7,1680,33.8,140
2025-09-24 09:00:00,L53573,No Failure,Operational,0,300.2,309.7,1678,30.5,142
2025-09-24 10:00:00,M21254,No Failure,Operational,0,300.2,309.7,1408,44.0,144
2025-09-24 11:00:00,M21255,No Failure,Operational,0,300.1,309.6,1376,52.1,147
2025-09-24 12:00:00,L53576,No Failure,Operational,0,300.0,309.6,1526,46.4,150
2025-09-24 13:00:00,M21257,No Failure,Operational,0,300.0,309.6,1587,32.6,152
2025-09-24 14:00:00,L53578,No Failure,Operational,0,300.1,309.7,1351,58.2,155
2025-09-24 15:00:00,M21259,No Failure,Operational,0,300.1,309.6,1501,38.0,157
2025-09-24 16:00:00,L53580,No Failure,Operational,0,300.1,309.7,1601,35.8,160
2025-09-24 17:00:00,M21261,No Failure,Operational,0,300.0,309.6,1573,39.7,162
2025-09-24 18:00:00,M21262,No Failure,Operational,0,300.1,309.6,1584,36.7,165
2025-09-24 19:00:00,L53583,No Failure,Operational,0,300.1,309.6,1649,33.6,168
2025-09-24 20:00:00,M21264,No Failure,Operational,0,300.2,309.7,1183,61.4,170
2025-09-24 21:00:00,L53585,No Failure,Operational,0,300.1,309.7,2151,17.5,173
2025-09-24 22:00:00,L53586,No Failure,Operational,0,300.2,309.8,1526,45.6,175
2025-09-24 23:00:00,M21267,No Failure,Operational,0,300.3,309.9,1611,29.0,177
2025-09-25 00:00:00,L53588,No Failure,Operational,0,300.3,309.9,1601,31.7,180
2025-09-25 01:00:00,L53589,No Failure,Operational,0,300.3,310.0,1560,40.8,182
2025-09-25 02:00:00,L53590,No Failure,Operational,0,300.4,310.1,1544,41.9,184
2025-09-25 03:00:00,M21271,No Failure,Operational,0,300.4,310.0,1560,42.3,186
2025-09-25 04:00:00,L53592,No Failure,Operational,0,300.4,310.0,1423,44.2,189
2025-09-25 05:00:00,L53593,No Failure,Operational,0,300.4,310.1,1614,33.5,191
2025-09-25 06:00:00,M21274,No Failure,Operational,0,300.4,310.1,1457,35.1,193
2025-09-25 07:00:00,L53595,No Failure,Operational,0,300.4,310.1,1503,42.2,196
2025-09-25 08:00:00,H35830,No Failure,Operational,0,300.4,310.1,1484,38.0,198
2025-09-25 09:00:00,L53597,No Failure,Operational,0,300.3,309.9,1540,39.9,203
2025-09-25 10:00:00,H35832,No Failure,Operational,0,300.3,309.9,1405,52.1,205
2025-09-25 11:00:00,H35833,Tool Wear Failure,Maintenance Required,1,300.3,309.9,1394,46.7,210
2025-09-25 12:00:00,L53600,No Failure,Operational,0,300.3,309.9,1518,36.4,0
2025-09-25 13:00:00,L53601,No Failure,Operational,0,300.3,309.9,1527,41.4,2
2025-09-25 14:00:00,L53602,No Failure,Operational,0,300.3,309.9,1377,55.3,4
2025-09-25 15:00:00,M21283,No Failure,Operational,0,300.3,310.0,1537,37.5,6
2025-09-25 16:00:00,M21284,No Failure,Operational,0,300.3,310.0,1409,43.2,9
2025-09-25 17:00:00,L53605,No Failure,Operational,0,300.3,309.9,1393,56.1,12
2025-09-25 18:00:00,L53606,No Failure,Operational,0,300.2,309.7,1448,36.8,14
2025-09-25 19:00:00,L53607,No Failure,Operational,0,300.2,309.8,1418,49.3,16
2025-09-25 20:00:00,M21288,No Failure,Operational,0,300.2,309.8,1743,24.1,18
2025-09-25 21:00:00,M21289,No Failure,Operational,0,300.2,309.8,1394,47.4,21
2025-09-25 22:00:00,L53610,No Failure,Operational,0,300.3,309.8,1523,39.2,24
2025-09-25 23:00:00,L53611,No Failure,Operational,0,300.2,309.8,1353,59.4,26
2025-09-26 00:00:00,M21292,No Failure,Operational,0,300.3,309.9,1447,46.5,28
2025-09-26 01:00:00,L53613,No Failure,Operational,0,300.3,309.9,1570,34.0,31
2025-09-26 02:00:00,M21294,No Failure,Operational,0,300.3,309.9,1494,38.5,33
2025-09-26 03:00:00,L53615,No Failure,Operational,0,300.3,309.9,1621,34.1,36
2025-09-26 04:00:00,L53616,No Failure,Operational,0,300.4,310.0,1769,26.1,38
2025-09-26 05:00:00,L53617,No Failure,Operational,0,300.4,310.0,1282,66.1,40
2025-09-26 06:00:00,L53618,No Failure,Operational,0,300.4,310.0,1581,30.3,42
2025-09-26 07:00:00,L53619,No Failure,Operational,0,300.6,310.1,1656,32.7,44
2025-09-26 08:00:00,L53620,No Failure,Operational,0,300.6,310.2,1648,31.7,46
2025-09-26 09:00:00,L53621,No Failure,Operational,0,300.7,310.2,1639,31.4,48
2025-09-26 10:00:00,L53622,No Failure,Operational,0,300.7,310.2,1348,54.8,50
2025-09-26 11:00:00,L53623,No Failure,Operational,0,300.8,310.3,1537,33.3,52
2025-09-26 12:00:00,M21304,No Failure,Operational,0,300.8,310.3,1270,61.0,54
2025-09-26 13:00:00,L53625,No Failure,Operational,0,300.7,310.3,1662,34.4,57
2025-09-26 14:00:00,M21306,No Failure,Operational,0,300.7,310.3,1471,40.2,59
2025-09-26 15:00:00,L53627,No Failure,Operational,0,300.6,310.1,1337,45.8,62
2025-09-26 16:00:00,H35862,No Failure,Operational,0,300.7,310.2,1877,24.8,64
2025-09-26 17:00:00,L53629,No Failure,Operational,0,300.6,310.2,1519,44.6,69
2025-09-26 18:00:00,L53630,No Failure,Operational,0,300.6,310.2,1378,47.3,71
2025-09-26 19:00:00,L53631,No Failure,Operational,0,300.7,310.2,1696,27.5,73
2025-09-26 20:00:00,L53632,No Failure,Operational,0,300.7,310.1,1376,50.8,75
2025-09-26 21:00:00,L53633,No Failure,Operational,0,300.7,310.2,1807,24.2,77
2025-09-26 22:00:00,L53634,No Failure,Operational,0,300.7,310.1,1598,32.8,79
2025-09-26 23:00:00,L53635,No Failure,Operational,0,300.7,310.1,1565,40.2,81
2025-09-27 00:00:00,L53636,No Failure,Operational,0,300.7,310.2,1387,50.6,83
2025-09-27 01:00:00,L53637,No Failure,Operational,0,300.7,310.0,1395,48.0,85
2025-09-27 02:00:00,M21318,No Failure,Operational,0,300.6,310.0,1302,62.9,87
2025-09-27 03:00:00,M21319,No Failure,Operational,0,300.6,310.0,1397,55.2,90
2025-09-27 04:00:00,L53640,No Failure,Operational,0,300.6,310.0,1313,52.9,93
2025-09-27 05:00:00,L53641,No Failure,Operational,0,300.6,310.0,1505,35.9,95
2025-09-27 06:00:00,H35876,No Failure,Operational,0,300.6,310.0,1483,44.0,97
2025-09-27 07:00:00,H35877,No Failure,Operational,0,300.5,310.0,1358,60.4,102
2025-09-27 08:00:00,M21324,No Failure,Operational,0,300.5,309.9,1735,27.0,107
2025-09-27 09:00:00,M21325,No Failure,Operational,0,300.5,309.8,1416,48.5,110
2025-09-27 10:00:00,L53646,No Failure,Operational,0,300.4,309.7,1740,31.1,113
2025-09-27 11:00:00,L53647,No Failure,Operational,0,300.4,309.7,1692,27.4,115
2025-09-27 12:00:00,L53648,No Failure,Operational,0,300.5,309.8,1507,42.5,117
2025-09-27 13:00:00,M21329,No Failure,Operational,0,300.4,309.6,1521,35.0,119
2025-09-27 14:00:00,L53650,No Failure,Operational,0,300.4,309.6,1379,54.5,122
2025-09-27 15:00:00,L53651,No Failure,Operational,0,300.4,309.6,1523,38.5,124
2025-09-27 16:00:00,H35886,No Failure,Operational,0,300.4,309.6,1571,33.6,126
2025-09-27 17:00:00,H35887,No Failure,Operational,0,300.4,309.5,1547,50.7,131
2025-09-27 18:00:00,M21334,No Failure,Operational,0,300.5,309.7,1347,54.3,136
2025-09-27 19:00:00,L53655,No Failure,Operational,0,300.5,309.7,1560,30.2,139
2025-09-27 20:00:00,L53656,No Failure,Operational,0,300.5,309.7,1384,48.6,141
2025-09-27 21:00:00,L53657,No Failure,Operational,0,300.5,309.7,1841,24.6,143
2025-09-27 22:00:00,L53658,No Failure,Maintenance Required,1,300.5,309.8,1663,29.1,145
2025-09-27 23:00:00,L53659,No Failure,Operational,0,300.6,309.8,1418,42.7,147
2025-09-28 00:00:00,L53660,No Failure,Operational,0,300.7,309.9,1775,26.6,149
2025-09-28 01:00:00,L53661,No Failure,Operational,0,300.7,309.8,1406,48.4,151
2025-09-28 02:00:00,L53662,No Failure,Operational,0,300.6,309.9,1480,43.7,153
2025-09-28 03:00:00,L53663,No Failure,Operational,0,300.7,309.9,1412,45.3,155
2025-09-28 04:00:00,H35898,No Failure,Operational,0,300.6,309.8,1913,22.5,157
2025-09-28 05:00:00,L53665,No Failure,Operational,0,300.6,309.8,1629,37.6,162
2025-09-28 06:00:00,L53666,No Failure,Operational,0,300.5,309.8,1939,21.4,164
2025-09-28 07:00:00,H35901,No Failure,Operational,0,300.6,309.8,1541,36.2,166
2025-09-28 08:00:00,L53668,No Failure,Operational,0,300.7,309.8,1330,54.4,171
2025-09-28 09:00:00,M21349,No Failure,Operational,0,300.7,309.8,1490,38.8,173
2025-09-28 10:00:00,L53670,No Failure,Operational,0,300.7,309.9,1383,44.5,176
2025-09-28 11:00:00,L53671,No Failure,Operational,0,300.8,310.0,1468,52.7,178
2025-09-28 12:00:00,M21352,No Failure,Operational,0,300.8,309.9,1444,46.0,180
2025-09-28 13:00:00,L53673,No Failure,Operational,0,300.7,309.8,1363,53.1,183
2025-09-28 14:00:00,L53674,No Failure,Operational,0,300.6,309.7,1617,33.2,185
2025-09-28 15:00:00,M21355,No Failure,Operational,0,300.6,309.8,1694,31.1,187
2025-09-28 16:00:00,L53676,No Failure,Operational,0,300.7,309.9,1815,27.0,190
2025-09-28 17:00:00,L53677,Overstrain Failure,Maintenance Required,1,300.8,309.9,1312,65.3,192
2025-09-28 18:00:00,H35912,No Failure,Operational,0,300.8,309.9,2041,19.2,194
2025-09-28 19:00:00,L53679,No Failure,Operational,0,300.9,310.0,1671,26.8,199
2025-09-28 20:00:00,M21360,No Failure,Operational,0,300.9,310.0,1416,46.6,201
2025-09-28 21:00:00,M21361,No Failure,Operational,0,300.9,310.0,1600,36.0,204
2025-09-28 22:00:00,L53682,No Failure,Operational,0,300.9,310.0,2595,13.7,207
2025-09-28 23:00:00,M21363,No Failure,Operational,0,300.9,309.9,1465,42.9,209
2025-09-29 00:00:00,M21364,No Failure,Operational,0,301.0,310.1,1681,27.4,212
2025-09-29 01:00:00,L53685,No Failure,Operational,0,301.1,310.1,1457,39.6,215
2025-09-29 02:00:00,H35920,No Failure,Operational,0,301.0,310.1,1454,44.1,217
2025-09-29 03:00:00,L53687,No Failure,Operational,0,301.0,310.1,1558,32.6,0
2025-09-29 04:00:00,H35922,No Failure,Operational,0,301.0,310.1,1756,30.7,2
2025-09-29 05:00:00,L53689,No Failure,Operational,0,301.1,310.1,1564,36.8,7
2025-09-29 06:00:00,L53690,No Failure,Operational,0,301.1,310.2,1455,55.3,9
2025-09-29 07:00:00,M21371,No Failure,Operational,0,301.2,310.1,2280,15.7,11
2025-09-29 08:00:00,M21372,No Failure,Operational,0,301.1,310.0,1433,48.1,14
2025-09-29 09:00:00,L53693,No Failure,Operational,0,301.1,310.0,1513,38.0,17
2025-09-29 10:00:00,L53694,No Failure,Operational,0,301.0,309.9,1507,41.8,19
2025-09-29 11:00:00,L53695,No Failure,Operational,0,301.0,310.0,1480,43.5,21
2025-09-29 12:00:00,H35930,No Failure,Operational,0,301.1,310.0,1470,40.1,23
2025-09-29 13:00:00,L53697,No Failure,Operational,0,301.1,310.1,1540,36.6,28
2025-09-29 14:00:00,H35932,No Failure,Operational,0,301.0,310.0,1212,67.9,30
2025-09-29 15:00:00,L53699,No Failure,Operational,0,301.1,310.1,1417,46.9,35
2025-09-29 16:00:00,M21380,No Failure,Operational,0,301.2,310.1,1666,34.9,37
2025-09-29 17:00:00,L53701,No Failure,Operational,0,301.1,310.1,1666,27.2,40
2025-09-29 18:00:00,L53702,No Failure,Operational,0,301.1,310.1,1489,45.8,42
2025-09-29 19:00:00,M21383,No Failure,Operational,0,301.1,310.2,1850,27.7,44
2025-09-29 20:00:00,L53704,No Failure,Operational,0,301.1,310.4,1874,24.8,47
2025-09-29 21:00:00,L53705,Power Failure,Maintenance Required,1,301.1,310.4,1312,73.6,49
2025-09-29 22:00:00,L53706,No Failure,Operational,0,301.2,310.4,1515,38.4,51
2025-09-29 23:00:00,L53707,No Failure,Operational,0,301.2,310.4,1516,44.4,53
2025-09-30 00:00:00,L53708,No Failure,Operational,0,301.2,310.5,1546,40.0,55
2025-09-30 01:00:00,L53709,No Failure,Operational,0,301.3,310.6,1481,40.9,57
2025-09-30 02:00:00,H35944,No Failure,Operational,0,301.3,310.6,1605,32.5,59
2025-09-30 03:00:00,H35945,No Failure,Operational,0,301.2,310.7,1656,26.2,64
2025-09-30 04:00:00,H35946,No Failure,Operational,0,301.2,310.6,1352,52.0,69
2025-09-30 05:00:00,L53713,No Failure,Operational,0,301.3,310.7,1504,47.2,74
2025-09-30 06:00:00,L53714,No Failure,Operational,0,301.3,310.6,1436,44.2,76
2025-09-30 07:00:00,H35949,No Failure,Operational,0,301.2,310.5,1505,43.6,78
2025-09-30 08:00:00,L53716,No Failure,Operational,0,301.3,310.5,1406,47.1,83
2025-09-30 09:00:00,M21397,No Failure,Operational,0,301.3,310.5,1481,39.7,85
2025-09-30 10:00:00,L53718,No Failure,Operational,0,301.4,310.7,1487,44.6,88
2025-09-30 11:00:00,L53719,No Failure,Operational,0,301.4,310.7,1436,54.1,90
2025-09-30 12:00:00,M21400,Power Failure,Maintenance Required,1,301.4,310.7,1368,63.7,92
2025-09-30 13:00:00,L53721,No Failure,Operational,0,301.4,310.7,1509,38.3,95
2025-09-30 14:00:00,L53722,No Failure,Operational,0,301.4,310.8,1543,36.9,97
2025-09-30 15:00:00,L53723,No Failure,Operational,0,301.4,310.8,1698,29.6,99
2025-09-30 16:00:00,M21404,No Failure,Operational,0,301.4,310.7,1470,46.5,101
2025-09-30 17:00:00,M21405,No Failure,Operational,0,301.4,310.8,1738,30.3,104
2025-09-30 18:00:00,M21406,No Failure,Operational,0,301.4,310.8,1530,39.9,107
2025-09-30 19:00:00,L53727,No Failure,Operational,0,301.4,310.8,1740,29.2,110
2025-09-30 20:00:00,L53728,No Failure,Operational,0,301.4,310.8,1770,24.1,112
2025-09-30 21:00:00,H35963,No Failure,Operational,0,301.3,310.6,1527,44.0,114
2025-09-30 22:00:00,L53730,No Failure,Operational,0,301.3,310.7,1516,46.0,119
2025-09-30 23:00:00,L53731,No Failure,Operational,0,301.4,310.7,1616,36.5,121
2025-10-01 00:00:00,L53732,No Failure,Operational,0,301.4,310.7,1786,26.1,123
2025-10-01 01:00:00,L53733,No Failure,Operational,0,301.4,310.8,1389,52.7,125
2025-10-01 02:00:00,M21414,No Failure,Operational,0,301.4,310.7,1639,29.8,127
2025-10-01 03:00:00,H35969,No Failure,Operational,0,301.5,310.7,1394,46.7,130
2025-10-01 04:00:00,L53736,No Failure,Operational,0,301.5,310.7,1686,27.9,135
2025-10-01 05:00:00,M21417,No Failure,Operational,0,301.5,310.6,1638,31.9,137
2025-10-01 06:00:00,M21418,No Failure,Operational,0,301.5,310.6,1447,41.9,140
2025-10-01 07:00:00,H35973,No Failure,Operational,0,301.5,310.6,1512,39.0,143
2025-10-01 08:00:00,L53740,No Failure,Operational,0,301.6,310.8,1961,21.8,148
2025-10-01 09:00:00,L53741,No Failure,Operational,0,301.5,310.7,1596,35.4,150
2025-10-01 10:00:00,M21422,No Failure,Operational,0,301.5,310.7,1871,21.3,152
2025-10-01 11:00:00,L53743,No Failure,Operational,0,301.5,310.7,1942,20.5,155
2025-10-01 12:00:00,L53744,No Failure,Operational,0,301.4,310.6,1557,38.2,157
2025-10-01 13:00:00,L53745,No Failure,Operational,0,301.4,310.6,1550,36.8,159
2025-10-01 14:00:00,L53746,No Failure,Operational,0,301.3,310.6,1966,22.6,161
2025-10-01 15:00:00,M21427,No Failure,Operational,0,301.3,310.6,1499,36.1,163
2025-10-01 16:00:00,L53748,No Failure,Operational,0,301.3,310.6,1521,36.3,166
2025-10-01 17:00:00,M21429,No Failure,Operational,0,301.4,310.7,1375,42.0,168
2025-10-01 18:00:00,L53750,No Failure,Operational,0,301.4,310.6,1634,31.1,171
2025-10-01 19:00:00,M21431,No Failure,Operational,0,301.3,310.6,1378,49.4,173
2025-10-01 20:00:00,L53752,No Failure,Operational,0,301.4,310.7,1428,53.7,176
2025-10-01 21:00:00,M21433,No Failure,Operational,0,301.4,310.6,1855,25.3,178
2025-10-01 22:00:00,L53754,No Failure,Operational,0,301.4,310.6,1578,33.0,181
2025-10-01 23:00:00,M21435,No Failure,Operational,0,301.4,310.5,1451,45.3,183
2025-10-02 00:00:00,L53756,No Failure,Operational,0,301.5,310.5,1644,34.9,186
2025-10-02 01:00:00,L53757,No Failure,Operational,0,301.4,310.4,1388,45.3,188
2025-10-02 02:00:00,L53758,No Failure,Operational,0,301.4,310.4,1543,40.9,190
2025-10-02 03:00:00,L53759,No Failure,Operational,0,301.3,310.4,1501,41.6,192
2025-10-02 04:00:00,L53760,No Failure,Operational,0,301.3,310.4,1507,39.1,194
2025-10-02 05:00:00,L53761,No Failure,Operational,0,301.4,310.4,1559,36.0,196
2025-10-02 06:00:00,L53762,No Failure,Operational,0,301.5,310.5,1528,35.7,198
2025-10-02 07:00:00,M21443,No Failure,Operational,0,301.5,310.5,1503,38.2,200
2025-10-02 08:00:00,L53764,No Failure,Operational,0,301.5,310.5,1372,44.0,203
2025-10-02 09:00:00,M21445,No Failure,Operational,0,301.5,310.5,1600,32.8,205
2025-10-02 10:00:00,L53766,No Failure,Operational,0,301.5,310.6,1453,44.0,208
2025-10-02 11:00:00,M21447,No Failure,Operational,0,301.6,310.7,1813,24.6,210
2025-10-02 12:00:00,L53768,No Failure,Operational,0,301.6,310.7,1457,40.4,213
2025-10-02 13:00:00,M21449,No Failure,Operational,0,301.6,310.6,1553,38.9,0
2025-10-02 14:00:00,L53770,No Failure,Operational,0,301.7,310.7,1763,25.9,3
2025-10-02 15:00:00,L53771,No Failure,Operational,0,301.7,310.7,2023,20.9,5
2025-10-02 16:00:00,M21452,No Failure,Operational,0,301.6,310.7,1457,47.8,7
2025-10-02 17:00:00,L53773,No Failure,Operational,0,301.6,310.7,1679,29.5,10
2025-10-02 18:00:00,L53774,No Failure,Operational,0,301.6,310.6,2103,19.7,12
2025-10-02 19:00:00,M21455,No Failure,Operational,0,301.5,310.7,1460,38.6,14
2025-10-02 20:00:00,M21456,No Failure,Operational,0,301.5,310.7,1454,39.4,17
2025-10-02 21:00:00,L53777,No Failure,Operational,0,301.5,310.6,1481,46.8,20
2025-10-02 22:00:00,L53778,No Failure,Operational,0,301.5,310.7,1424,51.1,22
2025-10-02 23:00:00,L53779,No Failure,Operational,0,301.6,310.7,1494,39.5,24
2025-10-03 00:00:00,M21460,No Failure,Operational,0,301.5,310.6,1424,47.0,26
2025-10-03 01:00:00,M21461,No Failure,Operational,0,301.5,310.7,1347,47.9,29
2025-10-03 02:00:00,L53782,No Failure,Operational,0,301.5,310.6,1374,46.7,32
2025-10-03 03:00:00,M21463,No Failure,Operational,0,301.5,310.6,1403,47.4,34
2025-10-03 04:00:00,M21464,No Failure,Operational,0,301.5,310.6,1573,37.4,37
2025-10-03 05:00:00,M21465,No Failure,Operational,0,301.6,310.6,1691,30.1,40
2025-10-03 06:00:00,H36020,No Failure,Operational,0,301.5,310.5,1538,44.3,43
2025-10-03 07:00:00,L53787,No Failure,Operational,0,301.5,310.5,1556,39.1,48
2025-10-03 08:00:00,M21468,No Failure,Operational,0,301.5,310.4,1593,36.8,50
2025-10-03 09:00:00,L53789,No Failure,Operational,0,301.5,310.4,1474,39.9,53
2025-10-03 10:00:00,L53790,No Failure,Operational,0,301.5,310.4,1543,34.0,55
2025-10-03 11:00:00,H36025,No Failure,Operational,0,301.5,310.5,1587,33.8,57
2025-10-03 12:00:00,L53792,No Failure,Operational,0,301.6,310.6,1222,70.0,62
2025-10-03 13:00:00,L53793,No Failure,Operational,0,301.7,310.6,1513,41.1,64
2025-10-03 14:00:00,L53794,No Failure,Operational,0,301.7,310.6,1660,28.7,66
2025-10-03 15:00:00,L53795,No Failure,Operational,0,301.7,310.6,1545,42.1,68
2025-10-03 16:00:00,M21476,No Failure,Operational,0,301.7,310.6,1380,45.8,70
2025-10-03 17:00:00,L53797,No Failure,Operational,0,301.6,310.6,1321,60.8,73
2025-10-03 18:00:00,M21478,Power Failure,Maintenance Required,1,301.6,310.6,1309,65.8,75
2025-10-03 19:00:00,M21479,No Failure,Operational,0,301.7,310.7,1627,31.3,78
2025-10-03 20:00:00,M21480,No Failure,Operational,0,301.6,310.7,1791,23.8,81
2025-10-03 21:00:00,M21481,No Failure,Operational,0,301.7,310.7,1861,21.8,84
2025-10-03 22:00:00,L53802,No Failure,Operational,0,301.7,310.7,1493,51.1,87
2025-10-03 23:00:00,M21483,No Failure,Operational,0,301.7,310.7,1442,41.1,89
2025-10-04 00:00:00,L53804,No Failure,Operational,0,301.7,310.7,1532,39.8,92
2025-10-04 01:00:00,M21485,No Failure,Operational,0,301.6,310.7,1421,44.4,94
2025-10-04 02:00:00,L53806,No Failure,Operational,0,301.6,310.6,1613,42.5,97
2025-10-04 03:00:00,M21487,No Failure,Operational,0,301.7,310.6,1876,22.1,99
2025-10-04 04:00:00,L53808,No Failure,Operational,0,301.6,310.5,1593,34.5,102
2025-10-04 05:00:00,L53809,No Failure,Operational,0,301.6,310.5,1397,49.4,104
2025-10-04 06:00:00,M21490,No Failure,Operational,0,301.6,310.5,1414,49.3,106
2025-10-04 07:00:00,M21491,No Failure,Operational,0,301.5,310.4,1378,55.3,109
2025-10-04 08:00:00,L53812,No Failure,Operational,0,301.4,310.4,1301,51.2,112
2025-10-04 09:00:00,M21493,No Failure,Operational,0,301.5,310.5,1737,29.3,114
2025-10-04 10:00:00,L53814,No Failure,Operational,0,301.5,310.5,1396,44.5,117
2025-10-04 11:00:00,L53815,No Failure,Operational,0,301.5,310.5,1534,39.3,119
2025-10-04 12:00:00,M21496,No Failure,Operational,0,301.5,310.5,1774,25.5,121
2025-10-04 13:00:00,H36051,No Failure,Operational,0,301.5,310.5,1453,48.0,124
2025-10-04 14:00:00,L53818,No Failure,Operational,0,301.5,310.5,1453,44.2,129
2025-10-04 15:00:00,L53819,No Failure,Operational,0,301.4,310.5,1380,48.4,131
2025-10-04 16:00:00,L53820,No Failure,Operational,0,301.4,310.4,1334,43.2,133
2025-10-04 17:00:00,L53821,No Failure,Operational,0,301.5,310.5,1702,28.7,135
2025-10-04 18:00:00,L53822,No Failure,Operational,0,301.6,310.6,1431,37.5,137
2025-10-04 19:00:00,M21503,No Failure,Operational,0,301.5,310.5,1308,60.5,139
2025-10-04 20:00:00,L53824,No Failure,Operational,0,301.5,310.6,1565,43.9,142
2025-10-04 21:00:00,M21505,No Failure,Operational,0,301.5,310.4,1486,39.6,144
2025-10-04 22:00:00,L53826,No Failure,Operational,0,301.5,310.5,1479,34.2,147
2025-10-04 23:00:00,L53827,No Failure,Operational,0,301.5,310.5,1927,22.4,149
2025-10-05 00:00:00,L53828,No Failure,Operational,0,301.5,310.4,1488,41.1,151
2025-10-05 01:00:00,M21509,No Failure,Operational,0,301.5,310.4,1350,54.9,153
2025-10-05 02:00:00,L53830,No Failure,Operational,0,301.6,310.4,1561,35.3,156
2025-10-05 03:00:00,M21511,No Failure,Operational,0,301.5,310.4,1276,55.6,158
2025-10-05 04:00:00,H36066,No Failure,Operational,0,301.5,310.4,1580,35.7,161
2025-10-05 05:00:00,M21513,No Failure,Operational,0,301.4,310.3,1610,29.1,166
2025-10-05 06:00:00,L53834,No Failure,Operational,0,301.4,310.3,2203,16.6,169
2025-10-05 07:00:00,L53835,No Failure,Operational,0,301.4,310.3,1639,32.7,171
2025-10-05 08:00:00,M21516,No Failure,Operational,0,301.4,310.4,1553,44.7,173
2025-10-05 09:00:00,L53837,No Failure,Operational,0,301.4,310.3,1374,47.6,176
2025-10-05 10:00:00,L53838,No Failure,Operational,0,301.4,310.4,1430,50.9,178
2025-10-05 11:00:00,L53839,No Failure,Operational,0,301.3,310.3,1626,31.3,180
2025-10-05 12:00:00,H36074,No Failure,Operational,0,301.4,310.5,1421,43.8,182
2025-10-05 13:00:00,M21521,No Failure,Operational,0,301.3,310.4,1501,39.8,187
2025-10-05 14:00:00,M21522,No Failure,Operational,0,301.3,310.4,2093,18.7,190
2025-10-05 15:00:00,L53843,No Failure,Operational,0,301.3,310.4,1504,47.2,193
2025-10-05 16:00:00,L53844,No Failure,Operational,0,301.3,310.4,1538,38.4,195
2025-10-05 17:00:00,L53845,No Failure,Operational,0,301.3,310.4,1440,41.5,197
2025-10-05 18:00:00,L53846,No Failure,Operational,0,301.3,310.4,1414,51.4,199
2025-10-05 19:00:00,H36081,No Failure,Operational,0,301.4,310.5,1536,39.9,201
2025-10-05 20:00:00,L53848,No Failure,Operational,0,301.4,310.5,1476,39.2,206
2025-10-05 21:00:00,L53849,No Failure,Operational,0,301.4,310.5,1571,33.9,208
2025-10-05 22:00:00,L53850,No Failure,Operational,0,301.5,310.6,1998,20.2,210
2025-10-05 23:00:00,L53851,No Failure,Operational,0,301.5,310.6,1357,42.1,212
2025-10-06 00:00:00,L53852,No Failure,Operational,0,301.6,310.7,1424,50.5,214
2025-10-06 01:00:00,L53853,Overstrain Failure,Maintenance Required,1,301.6,310.7,1380,51.8,216
2025-10-06 02:00:00,L53854,No Failure,Operational,0,301.5,310.7,1618,35.5,218
2025-10-06 03:00:00,L53855,No Failure,Operational,0,301.5,310.6,1579,28.0,220
2025-10-06 04:00:00,L53856,No Failure,Operational,0,301.5,310.7,1423,44.0,222
2025-10-06 05:00:00,L53857,No Failure,Operational,0,301.5,310.7,1435,38.5,224
2025-10-06 06:00:00,M21538,Power Failure,Maintenance Required,1,301.5,310.7,1336,65.6,0
2025-10-06 07:00:00,L53859,No Failure,Operational,0,301.6,310.8,1392,42.4,3
2025-10-06 08:00:00,L53860,No Failure,Operational,0,301.5,310.8,1417,49.7,5
2025-10-06 09:00:00,L53861,No Failure,Operational,0,301.4,310.7,1425,45.1,7
2025-10-06 10:00:00,L53862,No Failure,Operational,0,301.5,310.8,1512,38.9,9
2025-10-06 11:00:00,L53863,No Failure,Operational,0,301.5,310.9,1318,50.6,11
2025-10-06 12:00:00,L53864,No Failure,Operational,0,301.6,310.9,1538,40.4,13
2025-10-06 13:00:00,L53865,No Failure,Operational,0,301.6,310.9,1532,43.6,15
2025-10-06 14:00:00,L53866,No Failure,Operational,0,301.7,311.0,1715,24.8,17
2025-10-06 15:00:00,L53867,No Failure,Operational,0,301.7,311.0,1700,28.7,19
2025-10-06 16:00:00,L53868,No Failure,Operational,0,301.7,311.0,1548,40.3,21
2025-10-06 17:00:00,L53869,No Failure,Operational,0,301.7,311.0,1546,43.0,23
2025-10-06 18:00:00,L53870,No Failure,Operational,0,301.7,311.0,1343,49.2,25
2025-10-06 19:00:00,M21551,No Failure,Operational,0,301.7,311.0,1510,47.8,27
2025-10-06 20:00:00,M21552,No Failure,Operational,0,301.8,311.0,1839,23.6,30
2025-10-06 21:00:00,M21553,No Failure,Operational,0,301.8,311.0,1756,26.7,33
2025-10-06 22:00:00,M21554,No Failure,Operational,0,301.7,310.9,1300,62.7,36
2025-10-06 23:00:00,M21555,No Failure,Operational,0,301.7,311.0,1311,55.8,39
2025-10-07 00:00:00,L53876,No Failure,Operational,0,301.7,310.9,1636,31.3,42
2025-10-07 01:00:00,L53877,No Failure,Operational,0,301.6,310.9,1643,34.1,44
2025-10-07 02:00:00,L53878,No Failure,Operational,0,301.6,310.8,1418,44.7,46
2025-10-07 03:00:00,M21559,No Failure,Operational,0,301.7,310.8,1516,40.4,48
2025-10-07 04:00:00,H36114,No Failure,Operational,0,301.6,310.9,1419,50.2,51
2025-10-07 05:00:00,L53881,No Failure,Operational,0,301.6,310.9,1623,34.1,56
2025-10-07 06:00:00,M21562,No Failure,Operational,0,301.6,310.8,1664,32.0,58
2025-10-07 07:00:00,M21563,No Failure,Operational,0,301.5,310.7,1744,28.2,61
2025-10-07 08:00:00,M21564,No Failure,Operational,0,301.5,310.7,1510,36.0,64
2025-10-07 09:00:00,M21565,No Failure,Operational,0,301.5,310.6,1382,58.1,67
2025-10-07 10:00:00,L53886,No Failure,Operational,0,301.4,310.6,1381,46.1,70
2025-10-07 11:00:00,L53887,No Failure,Operational,0,301.3,310.6,1556,39.0,72
2025-10-07 12:00:00,M21568,No Failure,Operational,0,301.4,310.6,1464,37.4,74
2025-10-07 13:00:00,L53889,No Failure,Operational,0,301.4,310.6,1481,37.6,77
2025-10-07 14:00:00,L53890,No Failure,Operational,0,301.5,310.7,1323,49.7,79
2025-10-07 15:00:00,L53891,No Failure,Operational,0,301.5,310.7,1426,46.1,81
2025-10-07 16:00:00,H36126,No Failure,Operational,0,301.4,310.7,1516,36.4,83
2025-10-07 17:00:00,L53893,No Failure,Operational,0,301.3,310.6,1416,45.2,88
2025-10-07 18:00:00,L53894,No Failure,Operational,0,301.3,310.6,1440,53.8,90
2025-10-07 19:00:00,L53895,No Failure,Operational,0,301.3,310.6,1576,30.4,92
2025-10-07 20:00:00,L53896,No Failure,Operational,0,301.3,310.6,1387,53.6,94
2025-10-07 21:00:00,M21577,No Failure,Operational,0,301.4,310.6,1464,48.6,96
2025-10-07 22:00:00,L53898,No Failure,Operational,0,301.4,310.6,2137,18.0,99
2025-10-07 23:00:00,M21579,No Failure,Operational,0,301.4,310.6,1431,40.6,101
2025-10-08 00:00:00,L53900,No Failure,Operational,0,301.3,310.6,1458,48.0,104
2025-10-08 01:00:00,L53901,No Failure,Operational,0,301.4,310.7,1280,61.0,106
2025-10-08 02:00:00,L53902,No Failure,Operational,0,301.4,310.7,1657,28.7,108
2025-10-08 03:00:00,M21583,No Failure,Operational,0,301.4,310.6,1565,36.1,110
2025-10-08 04:00:00,L53904,No Failure,Operational,0,301.3,310.6,1560,36.8,113
2025-10-08 05:00:00,M21585,No Failure,Operational,0,301.5,310.7,1359,47.1,115
2025-10-08 06:00:00,L53906,No Failure,Operational,0,301.5,310.8,1500,41.0,118
2025-10-08 07:00:00,L53907,No Failure,Operational,0,301.5,310.8,1785,25.5,120
2025-10-08 08:00:00,L53908,No Failure,Operational,0,301.5,310.9,1891,23.2,122
2025-10-08 09:00:00,H36143,No Failure,Operational,0,301.5,310.9,1524,40.4,124
2025-10-08 10:00:00,M21590,No Failure,Operational,0,301.6,311.0,1431,42.3,129
2025-10-08 11:00:00,L53911,No Failure,Operational,0,301.6,310.9,1385,51.2,132
2025-10-08 12:00:00,L53912,No Failure,Operational,0,301.7,311.0,1503,44.8,134
2025-10-08 13:00:00,M21593,No Failure,Operational,0,301.7,311.0,1311,46.8,136
2025-10-08 14:00:00,M21594,No Failure,Operational,0,301.6,310.9,1575,40.1,139
2025-10-08 15:00:00,L53915,No Failure,Operational,0,301.6,311.0,1485,40.1,142
2025-10-08 16:00:00,L53916,No Failure,Operational,0,301.7,311.0,1527,42.2,144
2025-10-08 17:00:00,M21597,No Failure,Operational,0,301.7,311.0,1537,33.5,146
2025-10-08 18:00:00,H36152,No Failure,Operational,0,301.8,311.1,1463,50.1,149
2025-10-08 19:00:00,L53919,No Failure,Operational,0,301.7,311.2,1482,43.6,154
2025-10-08 20:00:00,L53920,No Failure,Operational,0,301.8,311.2,1417,55.9,156
2025-10-08 21:00:00,M21601,No Failure,Operational,0,301.7,311.1,1506,39.5,158
2025-10-08 22:00:00,H36156,No Failure,Operational,0,301.7,311.2,1639,30.0,161
2025-10-08 23:00:00,L53923,No Failure,Operational,0,301.7,311.2,1418,38.0,166
2025-10-09 00:00:00,M21604,No Failure,Operational,0,301.7,311.0,1298,58.1,168
2025-10-09 01:00:00,M21605,No Failure,Operational,0,301.8,311.1,1395,44.6,171
2025-10-09 02:00:00,M21606,No Failure,Operational,0,301.7,311.1,1578,40.5,174
2025-10-09 03:00:00,M21607,No Failure,Operational,0,301.8,311.1,1597,29.8,177
2025-10-09 04:00:00,H36162,No Failure,Operational,0,301.7,311.0,2016,19.3,180
2025-10-09 05:00:00,L53929,No Failure,Operational,0,301.7,311.0,1585,35.9,185
2025-10-09 06:00:00,M21610,No Failure,Operational,0,301.7,311.0,1505,44.0,187
2025-10-09 07:00:00,M21611,No Failure,Operational,0,301.7,311.0,1505,37.1,190
2025-10-09 08:00:00,L53932,No Failure,Operational,0,301.6,310.9,1706,29.5,193
2025-10-09 09:00:00,L53933,No Failure,Operational,0,301.6,310.9,1385,50.7,195
2025-10-09 10:00:00,L53934,No Failure,Operational,0,301.8,311.1,1495,36.9,197
2025-10-09 11:00:00,M21615,No Failure,Operational,0,301.8,311.1,1663,31.6,199
2025-10-09 12:00:00,L53936,No Failure,Operational,0,301.8,311.2,1840,26.6,202
2025-10-09 13:00:00,L53937,No Failure,Operational,0,301.8,311.2,1822,26.2,204
2025-10-09 14:00:00,L53938,No Failure,Operational,0,301.7,311.1,1644,32.8,206
2025-10-09 15:00:00,L53939,Tool Wear Failure,Maintenance Required,1,301.7,311.0,1441,44.3,208
2025-10-09 16:00:00,L53940,No Failure,Operational,0,301.5,310.9,1451,40.6,0
2025-10-09 17:00:00,L53941,No Failure,Operational,0,301.5,310.9,1400,50.8,2
2025-10-09 18:00:00,L53942,No Failure,Operational,0,301.4,310.8,1362,53.2,4
2025-10-09 19:00:00,M21623,No Failure,Operational,0,301.4,310.8,1782,26.5,6
2025-10-09 20:00:00,L53944,No Failure,Operational,0,301.4,310.9,1536,38.3,9
2025-10-09 21:00:00,L53945,No Failure,Operational,0,301.5,310.9,1580,32.3,11
2025-10-09 22:00:00,M21626,No Failure,Operational,0,301.4,311.0,1427,43.2,13
2025-10-09 23:00:00,L53947,No Failure,Operational,0,301.3,310.9,1509,41.7,16
2025-10-10 00:00:00,H36182,No Failure,Operational,0,301.3,310.8,1434,39.5,18
2025-10-10 01:00:00,L53949,No Failure,Operational,0,301.2,310.8,1392,52.6,23
2025-10-10 02:00:00,M21630,No Failure,Operational,0,301.3,310.8,1509,40.1,25
2025-10-10 03:00:00,M21631,No Failure,Operational,0,301.2,310.7,1962,22.5,28
2025-10-10 04:00:00,L53952,No Failure,Operational,0,301.3,310.7,1536,39.3,31
2025-10-10 05:00:00,L53953,No Failure,Operational,0,301.3,310.8,1381,47.9,33
2025-10-10 06:00:00,H36188,No Failure,Operational,0,301.2,310.7,1747,27.3,35
2025-10-10 07:00:00,L53955,No Failure,Operational,0,301.2,310.6,1670,30.0,40
2025-10-10 08:00:00,L53956,No Failure,Operational,0,301.3,310.6,1451,47.5,42
2025-10-10 09:00:00,L53957,No Failure,Operational,0,301.2,310.7,1951,21.3,44
2025-10-10 10:00:00,M21638,No Failure,Operational,0,301.3,310.7,1819,25.5,46
2025-10-10 11:00:00,M21639,No Failure,Operational,0,301.3,310.8,1372,54.2,49
2025-10-10 12:00:00,L53960,No Failure,Operational,0,301.3,310.8,1560,38.5,52
2025-10-10 13:00:00,M21641,No Failure,Operational,0,301.3,310.8,1494,35.3,54
2025-10-10 14:00:00,L53962,No Failure,Operational,0,301.3,310.8,1531,53.4,57
2025-10-10 15:00:00,L53963,No Failure,Operational,0,301.3,310.8,1450,46.9,59
2025-10-10 16:00:00,M21644,No Failure,Operational,0,301.3,310.7,1391,52.5,61
2025-10-10 17:00:00,L53965,No Failure,Operational,0,301.2,310.6,1389,45.3,64
2025-10-10 18:00:00,L53966,No Failure,Operational,0,301.2,310.6,1409,50.9,66
2025-10-10 19:00:00,H36201,No Failure,Operational,0,301.1,310.6,1388,58.5,68
2025-10-10 20:00:00,M21648,No Failure,Operational,0,301.1,310.6,1410,43.9,73
2025-10-10 21:00:00,M21649,No Failure,Operational,0,301.1,310.5,1646,30.7,76
2025-10-10 22:00:00,M21650,No Failure,Operational,0,301.1,310.7,2219,16.7,79
2025-10-10 23:00:00,L53971,No Failure,Operational,0,301.2,310.7,1551,41.2,82
2025-10-11 00:00:00,L53972,No Failure,Operational,0,301.2,310.6,1811,24.0,84
2025-10-11 01:00:00,L53973,No Failure,Operational,0,301.3,310.7,1608,31.4,86
2025-10-11 02:00:00,L53974,No Failure,Operational,0,301.3,310.8,1428,55.2,88
2025-10-11 03:00:00,L53975,No Failure,Operational,0,301.4,310.8,1477,50.4,90
2025-10-11 04:00:00,M21656,No Failure,Operational,0,301.3,310.7,1300,58.3,92
2025-10-11 05:00:00,M21657,No Failure,Operational,0,301.2,310.7,1615,34.9,95
2025-10-11 06:00:00,L53978,No Failure,Operational,0,301.2,310.7,1676,32.4,98
2025-10-11 07:00:00,M21659,Power Failure,Maintenance Required,1,301.1,310.7,2636,12.2,100
2025-10-11 08:00:00,M21660,No Failure,Operational,0,301.1,310.6,1310,48.8,103
2025-10-11 09:00:00,L53981,No Failure,Operational,0,301.1,310.7,1334,48.2,106
2025-10-11 10:00:00,M21662,No Failure,Operational,0,301.1,310.7,1621,31.0,108
2025-10-11 11:00:00,M21663,No Failure,Operational,0,301.1,310.7,1367,43.4,111
2025-10-11 12:00:00,L53984,No Failure,Operational,0,301.0,310.6,1588,33.7,114
2025-10-11 13:00:00,M21665,No Failure,Operational,0,301.0,310.7,1497,37.6,116
2025-10-11 14:00:00,L53986,No Failure,Operational,0,301.1,310.8,1608,32.9,119
2025-10-11 15:00:00,L53987,No Failure,Operational,0,301.0,310.8,1549,41.4,121
2025-10-11 16:00:00,L53988,No Failure,Operational,0,301.0,310.7,1391,45.0,123
2025-10-11 17:00:00,L53989,No Failure,Operational,0,300.9,310.8,1490,38.1,125
2025-10-11 18:00:00,L53990,No Failure,Operational,0,301.0,310.7,1727,34.5,127
2025-10-11 19:00:00,L53991,No Failure,Operational,0,300.9,310.6,1504,46.4,129
2025-10-11 20:00:00,L53992,No Failure,Operational,0,300.9,310.6,1350,53.8,131
2025-10-11 21:00:00,M21673,No Failure,Operational,0,300.9,310.7,1420,43.0,133
2025-10-11 22:00:00,H36228,No Failure,Operational,0,300.8,310.6,1465,44.1,136
2025-10-11 23:00:00,L53995,No Failure,Operational,0,300.9,310.7,1427,44.1,141
2025-10-12 00:00:00,L53996,No Failure,Operational,0,300.9,310.7,1477,43.2,143
2025-10-12 01:00:00,M21677,No Failure,Operational,0,301.0,310.7,1493,48.1,145
2025-10-12 02:00:00,M21678,No Failure,Operational,0,301.0,310.7,1657,29.9,148
2025-10-12 03:00:00,L53999,No Failure,Operational,0,300.9,310.7,1359,46.0,151
2025-10-12 04:00:00,L54000,No Failure,Operational,0,300.8,310.6,1551,34.5,153
2025-10-12 05:00:00,M21681,No Failure,Operational,0,300.8,310.6,1545,37.5,155
2025-10-12 06:00:00,M21682,No Failure,Operational,0,300.9,310.6,1709,29.2,158
2025-10-12 07:00:00,M21683,No Failure,Operational,0,300.9,310.7,1268,56.3,161
2025-10-12 08:00:00,L54004,No Failure,Operational,0,300.9,310.7,1740,25.3,164
2025-10-12 09:00:00,L54005,No Failure,Operational,0,301.0,310.9,1828,25.1,166
2025-10-12 10:00:00,L54006,No Failure,Operational,0,301.0,310.9,1822,21.6,168
2025-10-12 11:00:00,M21687,No Failure,Operational,0,301.0,310.9,1515,41.8,170
2025-10-12 12:00:00,L54008,No Failure,Operational,0,301.0,310.9,1392,52.9,173
2025-10-12 13:00:00,H36243,No Failure,Operational,0,300.9,310.9,1474,35.7,175
2025-10-12 14:00:00,M21690,No Failure,Operational,0,301.0,310.9,1359,53.4,180
2025-10-12 15:00:00,L54011,No Failure,Operational,0,301.1,311.0,1565,52.3,183
2025-10-12 16:00:00,M21692,No Failure,Operational,0,301.1,311.1,1384,42.5,185
2025-10-12 17:00:00,L54013,No Failure,Operational,0,301.1,311.1,1387,53.1,188
2025-10-12 18:00:00,L54014,No Failure,Operational,0,301.1,311.0,1378,51.1,190
2025-10-12 19:00:00,L54015,No Failure,Operational,0,301.0,310.9,1809,25.7,192
2025-10-12 20:00:00,H36250,No Failure,Operational,0,301.1,311.0,1339,52.8,194
2025-10-12 21:00:00,M21697,No Failure,Operational,0,301.0,311.0,1423,38.6,199
2025-10-12 22:00:00,L54018,No Failure,Operational,0,301.1,311.1,1570,41.6,202
2025-10-12 23:00:00,L54019,No Failure,Operational,0,301.2,311.2,1558,34.1,204
2025-10-13 00:00:00,L54020,No Failure,Operational,0,301.1,311.1,1799,21.7,206
2025-10-13 01:00:00,M21701,No Failure,Operational,0,301.1,311.2,1591,35.0,208
2025-10-13 02:00:00,L54022,No Failure,Operational,0,301.2,311.2,1635,29.6,211
2025-10-13 03:00:00,L54023,No Failure,Operational,0,301.3,311.3,1509,42.5,213
2025-10-13 04:00:00,M21704,No Failure,Operational,0,301.3,311.4,1838,23.2,215
2025-10-13 05:00:00,M21705,No Failure,Operational,0,301.3,311.5,1648,32.4,0
2025-10-13 06:00:00,M21706,No Failure,Operational,0,301.2,311.5,1498,49.5,3
2025-10-13 07:00:00,L54027,No Failure,Operational,0,301.2,311.4,1757,28.0,6
2025-10-13 08:00:00,M21708,No Failure,Operational,0,301.1,311.3,1389,53.3,8
2025-10-13 09:00:00,L54029,No Failure,Operational,0,301.1,311.3,1498,37.6,11
2025-10-13 10:00:00,M21710,No Failure,Operational,0,301.0,311.2,1521,35.8,13
2025-10-13 11:00:00,M21711,No Failure,Operational,0,301.0,311.2,1394,41.3,16
2025-10-13 12:00:00,H36266,No Failure,Operational,0,301.0,311.2,1602,32.7,19
2025-10-13 13:00:00,L54033,No Failure,Operational,0,300.9,311.1,1417,40.7,24
2025-10-13 14:00:00,L54034,No Failure,Operational,0,301.0,311.2,1511,42.9,26
2025-10-13 15:00:00,M21715,No Failure,Operational,0,301.1,311.3,1654,30.7,28
2025-10-13 16:00:00,M21716,No Failure,Operational,0,301.1,311.3,1836,22.8,31
2025-10-13 17:00:00,L54037,No Failure,Operational,0,301.1,311.3,1622,35.6,34
2025-10-13 18:00:00,L54038,No Failure,Operational,0,301.0,311.2,1467,45.4,36
2025-10-13 19:00:00,M21719,No Failure,Operational,0,301.1,311.3,1909,22.7,38
2025-10-13 20:00:00,L54040,No Failure,Operational,0,301.1,311.2,1910,20.2,41
2025-10-13 21:00:00,H36275,No Failure,Operational,0,301.1,311.3,2207,16.6,43
2025-10-13 22:00:00,M21722,No Failure,Operational,0,301.1,311.2,1384,49.4,48
2025-10-13 23:00:00,L54043,No Failure,Operational,0,301.1,311.3,1630,29.5,51
2025-10-14 00:00:00,L54044,No Failure,Operational,0,301.1,311.3,1268,60.0,53
2025-10-14 01:00:00,L54045,No Failure,Operational,0,301.1,311.4,1531,38.7,55
2025-10-14 02:00:00,M21726,No Failure,Operational,0,301.0,311.3,1454,41.5,57
2025-10-14 03:00:00,L54047,No Failure,Operational,0,301.0,311.3,1342,50.9,60
2025-10-14 04:00:00,L54048,No Failure,Operational,0,301.0,311.2,1363,46.3,62
2025-10-14 05:00:00,L54049,No Failure,Operational,0,301.0,311.2,1412,42.1,64
2025-10-14 06:00:00,H36284,No Failure,Operational,0,301.0,311.3,1597,39.2,66
2025-10-14 07:00:00,L54051,No Failure,Operational,0,301.0,311.3,1349,47.0,71
2025-10-14 08:00:00,L54052,No Failure,Operational,0,301.0,311.3,1472,35.3,73
2025-10-14 09:00:00,L54053,No Failure,Operational,0,301.0,311.4,1478,39.5,75
2025-10-14 10:00:00,H36288,No Failure,Operational,0,300.9,311.3,1295,58.9,77
2025-10-14 11:00:00,M21735,No Failure,Operational,0,300.8,311.2,1592,32.9,82
2025-10-14 12:00:00,L54056,No Failure,Operational,0,300.8,311.2,1430,54.4,85
2025-10-14 13:00:00,M21737,No Failure,Operational,0,300.8,311.2,1488,40.1,87
2025-10-14 14:00:00,H36292,No Failure,Operational,0,300.9,311.2,1518,35.0,90
2025-10-14 15:00:00,H36293,No Failure,Operational,0,300.8,311.2,2237,17.0,95
2025-10-14 16:00:00,M21740,No Failure,Operational,0,300.9,311.3,1801,24.6,100
2025-10-14 17:00:00,L54061,No Failure,Operational,0,301.0,311.4,1573,37.6,103
2025-10-14 18:00:00,L54062,No Failure,Operational,0,300.9,311.4,2073,21.4,105
2025-10-14 19:00:00,L54063,No Failure,Operational,0,300.9,311.3,1953,19.4,107
2025-10-14 20:00:00,L54064,No Failure,Operational,0,300.8,311.2,1492,39.0,109
2025-10-14 21:00:00,L54065,No Failure,Operational,0,300.8,311.2,1397,48.7,111
2025-10-14 22:00:00,M21746,No Failure,Operational,0,300.8,311.3,1465,43.2,113
2025-10-14 23:00:00,L54067,No Failure,Operational,0,300.8,311.3,1782,26.9,116
2025-10-15 00:00:00,M21748,No Failure,Operational,0,300.9,311.4,1434,45.4,118
2025-10-15 01:00:00,H36303,No Failure,Operational,0,300.9,311.4,1387,42.7,121
2025-10-15 02:00:00,M21750,No Failure,Operational,0,300.9,311.4,1532,41.5,126
2025-10-15 03:00:00,L54071,No Failure,Operational,0,300.9,311.5,1505,41.1,129
2025-10-15 04:00:00,L54072,No Failure,Operational,0,301.0,311.6,1440,43.3,131
2025-10-15 05:00:00,L54073,No Failure,Operational,0,301.0,311.6,1470,43.4,133
2025-10-15 06:00:00,L54074,No Failure,Operational,0,301.1,311.7,1408,46.3,135
2025-10-15 07:00:00,M21755,No Failure,Operational,0,301.0,311.6,1357,45.6,137
2025-10-15 08:00:00,M21756,No Failure,Operational,0,301.0,311.6,1454,40.0,140
2025-10-15 09:00:00,L54077,No Failure,Operational,0,301.0,311.6,1352,63.5,143
2025-10-15 10:00:00,M21758,No Failure,Operational,0,301.0,311.6,1448,43.9,145
2025-10-15 11:00:00,L54079,No Failure,Operational,0,300.9,311.6,1671,33.5,148
2025-10-15 12:00:00,L54080,No Failure,Operational,0,301.0,311.7,1670,31.3,150
2025-10-15 13:00:00,L54081,No Failure,Operational,0,301.0,311.7,1547,34.5,152
2025-10-15 14:00:00,L54082,No Failure,Operational,0,301.0,311.6,1461,40.6,154
2025-10-15 15:00:00,M21763,No Failure,Operational,0,301.0,311.6,1609,35.8,156
2025-10-15 16:00:00,M21764,No Failure,Operational,0,300.9,311.5,1704,31.3,159
2025-10-15 17:00:00,M21765,No Failure,Operational,0,301.0,311.5,1550,34.9,162
2025-10-15 18:00:00,M21766,No Failure,Operational,0,301.0,311.5,1530,43.9,165
2025-10-15 19:00:00,L54087,No Failure,Operational,0,300.9,311.3,1449,40.2,168
2025-10-15 20:00:00,L54088,No Failure,Operational,0,300.9,311.3,1613,32.7,170
2025-10-15 21:00:00,L54089,No Failure,Operational,0,300.8,311.2,1376,48.1,172
2025-10-15 22:00:00,L54090,No Failure,Operational,0,300.8,311.2,1434,45.6,174
2025-10-15 23:00:00,L54091,No Failure,Operational,0,300.8,311.1,1480,41.1,176
2025-10-16 00:00:00,M21772,No Failure,Operational,0,300.8,311.2,1634,31.9,178
2025-10-16 01:00:00,L54093,Random Failure,Operational,0,300.8,311.2,1481,38.5,181
2025-10-16 02:00:00,H36328,No Failure,Operational,0,300.9,311.3,1668,28.9,183
2025-10-16 03:00:00,L54095,No Failure,Operational,0,301.0,311.4,1484,36.2,188
2025-10-16 04:00:00,M21776,No Failure,Operational,0,300.9,311.3,1603,31.8,190
2025-10-16 05:00:00,L54097,No Failure,Operational,0,301.0,311.4,1481,37.5,193
2025-10-16 06:00:00,L54098,No Failure,Operational,0,301.0,311.5,1559,31.8,195
2025-10-16 07:00:00,L54099,No Failure,Operational,0,301.0,311.5,1444,39.8,197
2025-10-16 08:00:00,M21780,No Failure,Operational,0,301.2,311.6,1423,48.0,199
2025-10-16 09:00:00,L54101,No Failure,Operational,0,301.1,311.6,1432,48.1,202
2025-10-16 10:00:00,L54102,No Failure,Operational,0,301.2,311.7,1463,48.3,204
2025-10-16 11:00:00,L54103,No Failure,Operational,0,301.2,311.7,1433,49.3,206
2025-10-16 12:00:00,L54104,Overstrain Failure,Maintenance Required,1,301.2,311.6,1461,52.9,208
2025-10-16 13:00:00,M21785,No Failure,Operational,0,301.1,311.6,1266,55.5,210
2025-10-16 14:00:00,H36340,No Failure,Operational,0,301.1,311.6,1417,53.4,0
2025-10-16 15:00:00,L54107,No Failure,Operational,0,301.1,311.6,1488,43.4,5
2025-10-16 16:00:00,L54108,No Failure,Operational,0,301.1,311.7,1816,24.5,7
2025-10-16 17:00:00,M21789,No Failure,Operational,0,301.0,311.6,1301,55.0,9
2025-10-16 18:00:00,M21790,No Failure,Operational,0,300.9,311.5,1836,21.8,12
2025-10-16 19:00:00,M21791,No Failure,Operational,0,300.8,311.4,1521,39.9,15
2025-10-16 20:00:00,L54112,Power Failure,Maintenance Required,1,300.8,311.4,1322,67.2,18
2025-10-16 21:00:00,L54113,No Failure,Operational,0,300.8,311.4,1492,40.6,20
2025-10-16 22:00:00,L54114,No Failure,Operational,0,300.8,311.4,1536,40.9,22
2025-10-16 23:00:00,L54115,No Failure,Operational,0,300.7,311.2,1878,24.3,24
2025-10-17 00:00:00,L54116,No Failure,Operational,0,300.6,311.1,1471,40.7,26
2025-10-17 01:00:00,H36351,No Failure,Operational,0,300.6,311.1,1452,40.2,28
2025-10-17 02:00:00,L54118,No Failure,Operational,0,300.7,311.2,1452,44.4,33
2025-10-17 03:00:00,M21799,No Failure,Operational,0,300.7,311.3,1348,53.0,35
2025-10-17 04:00:00,H36354,No Failure,Operational,0,300.8,311.4,1453,44.6,38
2025-10-17 05:00:00,L54121,No Failure,Operational,0,300.8,311.4,1316,57.6,43
2025-10-17 06:00:00,M21802,No Failure,Operational,0,300.8,311.4,1732,26.9,45
2025-10-17 07:00:00,L54123,No Failure,Operational,0,300.7,311.3,1522,35.2,48
2025-10-17 08:00:00,M21804,No Failure,Operational,0,300.7,311.3,1487,39.8,50
2025-10-17 09:00:00,M21805,No Failure,Operational,0,300.8,311.4,1852,22.2,53
2025-10-17 10:00:00,L54126,No Failure,Operational,0,300.7,311.2,1486,46.8,56
2025-10-17 11:00:00,M21807,No Failure,Operational,0,300.7,311.3,1562,37.1,58
2025-10-17 12:00:00,L54128,No Failure,Operational,0,300.7,311.2,1457,51.4,61
2025-10-17 13:00:00,M21809,No Failure,Operational,0,300.7,311.2,1769,26.5,63
2025-10-17 14:00:00,H36364,No Failure,Operational,0,300.7,311.3,1374,53.1,66
2025-10-17 15:00:00,L54131,No Failure,Operational,0,300.8,311.3,1524,43.5,71
2025-10-17 16:00:00,L54132,No Failure,Operational,0,300.8,311.3,1498,40.2,73
2025-10-17 17:00:00,L54133,No Failure,Operational,0,300.8,311.3,1462,41.4,75
2025-10-17 18:00:00,M21814,No Failure,Operational,0,300.8,311.2,1429,52.3,77
2025-10-17 19:00:00,L54135,No Failure,Operational,0,300.7,311.2,1399,47.9,80
2025-10-17 20:00:00,M21816,No Failure,Operational,0,300.8,311.2,1434,39.1,82
2025-10-17 21:00:00,L54137,No Failure,Operational,0,300.7,311.1,1324,52.2,85
2025-10-17 22:00:00,L54138,No Failure,Operational,0,300.6,311.0,1563,40.7,87
2025-10-17 23:00:00,L54139,No Failure,Operational,0,300.6,311.0,1543,34.7,89
2025-10-18 00:00:00,L54140,Random Failure,Operational,0,300.7,311.0,1413,52.0,91
2025-10-18 01:00:00,M21821,No Failure,Operational,0,300.7,311.0,1378,41.2,93
2025-10-18 02:00:00,M21822,No Failure,Operational,0,300.7,311.1,1373,49.9,96
2025-10-18 03:00:00,H36377,No Failure,Operational,0,300.7,311.0,1981,19.9,99
2025-10-18 04:00:00,M21824,No Failure,Operational,0,300.7,311.0,1263,52.3,104
2025-10-18 05:00:00,L54145,No Failure,Operational,0,300.7,311.0,1312,52.1,107
2025-10-18 06:00:00,L54146,No Failure,Operational,0,300.7,311.0,1969,20.7,109
2025-10-18 07:00:00,M21827,No Failure,Operational,0,300.8,311.2,1365,51.7,111
2025-10-18 08:00:00,L54148,No Failure,Operational,0,300.9,311.2,1789,25.5,114
2025-10-18 09:00:00,M21829,No Failure,Operational,0,300.8,311.1,1583,32.1,116
2025-10-18 10:00:00,L54150,No Failure,Operational,0,300.7,311.0,1436,44.9,119
2025-10-18 11:00:00,M21831,No Failure,Operational,0,300.7,311.0,1559,42.8,121
2025-10-18 12:00:00,L54152,No Failure,Operational,0,300.7,311.0,1377,49.9,124
2025-10-18 13:00:00,L54153,No Failure,Operational,0,300.7,311.0,1462,41.9,126
2025-10-18 14:00:00,L54154,No Failure,Operational,0,300.7,311.0,1318,48.2,128
2025-10-18 15:00:00,M21835,No Failure,Operational,0,300.7,311.0,1378,51.6,130
2025-10-18 16:00:00,L54156,No Failure,Operational,0,300.6,310.9,1344,46.7,133
2025-10-18 17:00:00,L54157,No Failure,Operational,0,300.7,311.1,2377,14.3,135
2025-10-18 18:00:00,L54158,No Failure,Operational,0,300.7,311.1,1427,50.3,137
2025-10-18 19:00:00,L54159,No Failure,Operational,0,300.9,311.2,1353,60.4,139
2025-10-18 20:00:00,L54160,No Failure,Operational,0,300.8,311.3,1505,45.5,141
2025-10-18 21:00:00,H36395,No Failure,Operational,0,300.8,311.2,1612,32.5,143
2025-10-18 22:00:00,L54162,No Failure,Operational,0,300.7,311.1,1440,43.0,148
2025-10-18 23:00:00,M21843,No Failure,Operational,0,300.7,311.0,1334,53.9,150
2025-10-19 00:00:00,M21844,No Failure,Operational,0,300.7,311.0,1706,25.0,153
2025-10-19 01:00:00,H36399,No Failure,Operational,0,300.8,311.1,1698,24.8,156
2025-10-19 02:00:00,L54166,No Failure,Operational,0,300.7,311.1,1688,30.7,161
2025-10-19 03:00:00,L54167,No Failure,Operational,0,300.7,311.1,2437,13.8,163
2025-10-19 04:00:00,L54168,No Failure,Operational,0,300.7,311.1,1478,46.8,165
2025-10-19 05:00:00,M21849,No Failure,Operational,0,300.7,311.1,1608,35.3,167
2025-10-19 06:00:00,L54170,Power Failure,Maintenance Required,1,300.7,311.1,2478,13.4,170
2025-10-19 07:00:00,L54171,No Failure,Operational,0,300.8,311.1,1509,33.4,172
2025-10-19 08:00:00,L54172,No Failure,Operational,0,300.7,311.0,1596,36.9,174
2025-10-19 09:00:00,M21853,No Failure,Operational,0,300.7,311.0,1740,25.6,176
2025-10-19 10:00:00,L54174,No Failure,Operational,0,300.6,310.8,1375,53.2,179
2025-10-19 11:00:00,M21855,No Failure,Operational,0,300.6,310.7,1705,31.2,181
2025-10-19 12:00:00,M21856,No Failure,Operational,0,300.5,310.6,1621,32.0,184
2025-10-19 13:00:00,M21857,No Failure,Operational,0,300.6,310.7,1566,38.2,187
2025-10-19 14:00:00,M21858,No Failure,Operational,0,300.6,310.7,1388,42.9,190
2025-10-19 15:00:00,M21859,No Failure,Operational,0,300.6,310.7,1457,36.7,193
2025-10-19 16:00:00,M21860,No Failure,Operational,0,300.6,310.6,1463,45.5,196
2025-10-19 17:00:00,L54181,No Failure,Operational,0,300.5,310.5,1564,38.2,199
2025-10-19 18:00:00,H36416,No Failure,Operational,0,300.5,310.6,1411,47.2,201
2025-10-19 19:00:00,L54183,No Failure,Operational,0,300.5,310.6,1540,46.7,206
2025-10-19 20:00:00,L54184,No Failure,Operational,0,300.5,310.6,1950,20.3,208
2025-10-19 21:00:00,M21865,No Failure,Operational,0,300.6,310.7,1339,52.9,0
2025-10-19 22:00:00,H36420,No Failure,Operational,0,300.6,310.6,1419,39.6,3
2025-10-19 23:00:00,L54187,No Failure,Operational,0,300.5,310.6,1499,45.2,8
2025-10-20 00:00:00,L54188,No Failure,Operational,0,300.5,310.6,1368,49.6,10
2025-10-20 01:00:00,L54189,No Failure,Operational,0,300.5,310.5,1536,36.2,12
2025-10-20 02:00:00,M21870,No Failure,Operational,0,300.5,310.5,1469,42.9,14
2025-10-20 03:00:00,L54191,Power Failure,Maintenance Required,1,300.5,310.5,2633,12.2,17
2025-10-20 04:00:00,L54192,No Failure,Operational,0,300.4,310.4,1298,61.4,19
2025-10-20 05:00:00,M21873,No Failure,Operational,0,300.4,310.4,1544,36.3,21
2025-10-20 06:00:00,H36428,No Failure,Operational,0,300.5,310.5,1403,47.7,24
2025-10-20 07:00:00,L54195,No Failure,Operational,0,300.5,310.5,1452,42.9,29
2025-10-20 08:00:00,L54196,No Failure,Operational,0,300.6,310.5,1509,43.1,31
2025-10-20 09:00:00,M21877,No Failure,Operational,0,300.7,310.6,1474,37.0,33
2025-10-20 10:00:00,M21878,No Failure,Operational,0,300.7,310.7,1377,46.7,36
2025-10-20 11:00:00,L54199,No Failure,Operational,0,300.8,310.8,1741,27.1,39
2025-10-20 12:00:00,L54200,No Failure,Operational,0,300.8,310.8,1460,53.8,41
2025-10-20 13:00:00,H36435,No Failure,Operational,0,300.7,310.6,1631,32.6,43
2025-10-20 14:00:00,L54202,No Failure,Operational,0,300.7,310.5,1561,33.2,48
2025-10-20 15:00:00,M21883,No Failure,Operational,0,300.7,310.6,1572,38.5,50
2025-10-20 16:00:00,L54204,No Failure,Operational,0,300.6,310.6,2127,18.7,53
2025-10-20 17:00:00,H36439,No Failure,Operational,0,300.6,310.6,1448,44.7,55
2025-10-20 18:00:00,L54206,No Failure,Operational,0,300.6,310.7,1543,39.6,60
2025-10-20 19:00:00,L54207,No Failure,Operational,0,300.6,310.6,1508,34.8,62
2025-10-20 20:00:00,M21888,No Failure,Operational,0,300.6,310.6,1403,50.4,64
2025-10-20 21:00:00,L54209,No Failure,Operational,0,300.6,310.6,1454,39.7,67
2025-10-20 22:00:00,L54210,No Failure,Operational,0,300.7,310.8,1772,27.3,69
2025-10-20 23:00:00,L54211,No Failure,Operational,0,300.7,310.8,1479,49.1,71
2025-10-21 00:00:00,L54212,No Failure,Operational,0,300.7,310.9,1723,31.0,73
2025-10-21 01:00:00,M21893,No Failure,Operational,0,300.7,310.8,1469,46.4,75
2025-10-21 02:00:00,H36448,No Failure,Operational,0,300.6,310.6,1830,26.2,78
2025-10-21 03:00:00,L54215,No Failure,Operational,0,300.6,310.6,1497,38.2,83
2025-10-21 04:00:00,L54216,No Failure,Operational,0,300.7,310.6,1540,52.7,85
2025-10-21 05:00:00,L54217,No Failure,Operational,0,300.6,310.6,1514,39.5,87
2025-10-21 06:00:00,L54218,No Failure,Operational,0,300.7,310.6,1654,34.2,89
2025-10-21 07:00:00,H36453,No Failure,Operational,0,300.6,310.5,1519,37.0,91
2025-10-21 08:00:00,L54220,No Failure,Operational,0,300.7,310.6,1720,30.3,96
2025-10-21 09:00:00,L54221,No Failure,Operational,0,300.6,310.5,1470,37.7,98
2025-10-21 10:00:00,L54222,No Failure,Operational,0,300.6,310.5,1642,29.9,100
2025-10-21 11:00:00,M21903,No Failure,Operational,0,300.7,310.6,2006,19.1,102
2025-10-21 12:00:00,M21904,No Failure,Operational,0,300.7,310.6,1505,35.6,105
2025-10-21 13:00:00,M21905,No Failure,Operational,0,300.7,310.6,1609,27.6,108
2025-10-21 14:00:00,M21906,No Failure,Operational,0,300.7,310.5,1863,22.2,111
2025-10-21 15:00:00,L54227,No Failure,Operational,0,300.6,310.4,1401,42.6,114
2025-10-21 16:00:00,L54228,No Failure,Operational,0,300.6,310.4,2007,19.8,116
2025-10-21 17:00:00,L54229,No Failure,Operational,0,300.6,310.4,1494,47.3,118
2025-10-21 18:00:00,L54230,No Failure,Operational,0,300.6,310.4,1457,47.7,120
2025-10-21 19:00:00,L54231,No Failure,Operational,0,300.6,310.4,1556,37.7,122
2025-10-21 20:00:00,H36466,No Failure,Operational,0,300.6,310.4,1510,42.8,124
2025-10-21 21:00:00,H36467,No Failure,Operational,0,300.7,310.5,1567,38.7,129
2025-10-21 22:00:00,H36468,No Failure,Operational,0,300.7,310.5,1476,43.1,134
2025-10-21 23:00:00,L54235,No Failure,Operational,0,300.8,310.6,1663,30.6,139
2025-10-22 00:00:00,M21916,No Failure,Operational,0,300.8,310.5,1409,50.6,141
2025-10-22 01:00:00,L54237,No Failure,Operational,0,300.8,310.6,1666,36.2,144
2025-10-22 02:00:00,L54238,No Failure,Operational,0,300.7,310.6,1520,45.9,146
2025-10-22 03:00:00,L54239,No Failure,Operational,0,300.6,310.5,1644,33.8,148
2025-10-22 04:00:00,H36474,No Failure,Operational,0,300.6,310.4,1479,35.6,150
2025-10-22 05:00:00,L54241,No Failure,Operational,0,300.6,310.4,1446,49.7,155
2025-10-22 06:00:00,M21922,No Failure,Operational,0,300.6,310.4,1407,51.1,157
2025-10-22 07:00:00,L54243,No Failure,Operational,0,300.7,310.4,1234,51.7,160
2025-10-22 08:00:00,M21924,No Failure,Operational,0,300.8,310.5,1696,29.7,162
2025-10-22 09:00:00,L54245,No Failure,Operational,0,300.8,310.6,1384,52.9,165
2025-10-22 10:00:00,M21926,No Failure,Operational,0,300.8,310.7,1572,36.2,167
2025-10-22 11:00:00,M21927,No Failure,Operational,0,300.8,310.7,1386,42.1,170
2025-10-22 12:00:00,L54248,No Failure,Operational,0,300.8,310.7,1461,42.8,173
2025-10-22 13:00:00,L54249,No Failure,Operational,0,300.8,310.7,1525,39.4,175
2025-10-22 14:00:00,L54250,No Failure,Operational,0,300.7,310.7,1333,61.0,177
2025-10-22 15:00:00,H36485,No Failure,Operational,0,300.7,310.6,1505,40.6,179
2025-10-22 16:00:00,M21932,No Failure,Operational,0,300.7,310.6,1439,41.7,184
2025-10-22 17:00:00,L54253,No Failure,Operational,0,300.7,310.6,1491,43.2,187
2025-10-22 18:00:00,M21934,No Failure,Operational,0,300.7,310.6,1488,39.2,189
2025-10-22 19:00:00,L54255,No Failure,Operational,0,300.7,310.5,1536,47.4,192
2025-10-22 20:00:00,L54256,No Failure,Operational,0,300.7,310.5,1960,21.0,194
2025-10-22 21:00:00,M21937,No Failure,Operational,0,300.7,310.5,1594,31.0,196
2025-10-22 22:00:00,L54258,No Failure,Operational,0,300.7,310.5,1357,52.6,199
2025-10-22 23:00:00,L54259,No Failure,Operational,0,300.7,310.5,1445,41.1,201
2025-10-23 00:00:00,L54260,No Failure,Operational,0,300.7,310.4,1543,47.3,203
2025-10-23 01:00:00,L54261,No Failure,Operational,0,300.7,310.4,1366,52.6,205
2025-10-23 02:00:00,L54262,No Failure,Operational,0,300.7,310.3,1458,40.0,207
2025-10-23 03:00:00,L54263,Power Failure,Maintenance Required,1,300.7,310.4,1416,61.8,209
2025-10-23 04:00:00,L54264,No Failure,Operational,0,300.6,310.3,1794,24.4,211
2025-10-23 05:00:00,L54265,No Failure,Operational,0,300.6,310.3,1484,41.0,213
2025-10-23 06:00:00,L54266,No Failure,Operational,0,300.6,310.4,2514,13.4,215
2025-10-23 07:00:00,L54267,Tool Wear Failure,Maintenance Required,1,300.6,310.3,1648,30.5,217
2025-10-23 08:00:00,M21948,No Failure,Operational,0,300.6,310.3,1614,32.7,0
2025-10-23 09:00:00,L54269,No Failure,Operational,0,300.6,310.2,1622,34.1,3
2025-10-23 10:00:00,M21950,No Failure,Operational,0,300.6,310.2,1478,40.1,5
2025-10-23 11:00:00,L54271,No Failure,Operational,0,300.6,310.2,1318,51.0,8
2025-10-23 12:00:00,L54272,No Failure,Operational,0,300.7,310.2,1493,35.9,10
2025-10-23 13:00:00,H36507,No Failure,Operational,0,300.7,310.3,1369,50.7,12
2025-10-23 14:00:00,L54274,No Failure,Operational,0,300.6,310.2,1447,45.9,17
2025-10-23 15:00:00,L54275,No Failure,Operational,0,300.6,310.1,1485,49.9,19
2025-10-23 16:00:00,L54276,No Failure,Operational,0,300.6,310.2,1489,47.8,21
2025-10-23 17:00:00,M21957,No Failure,Operational,0,300.6,310.2,1233,52.3,23
2025-10-23 18:00:00,L54278,No Failure,Operational,0,300.7,310.2,1642,32.6,26
2025-10-23 19:00:00,M21959,No Failure,Operational,0,300.7,310.2,1373,44.1,28
2025-10-23 20:00:00,L54280,No Failure,Operational,0,300.7,310.2,1569,32.8,31
2025-10-23 21:00:00,L54281,No Failure,Operational,0,300.8,310.2,1850,22.8,33
2025-10-23 22:00:00,M21962,No Failure,Operational,0,300.8,310.3,1494,42.2,35
2025-10-23 23:00:00,H36517,No Failure,Operational,0,300.8,310.3,1777,30.1,38
2025-10-24 00:00:00,L54284,No Failure,Operational,0,300.9,310.4,1454,43.1,43
2025-10-24 01:00:00,L54285,No Failure,Operational,0,300.9,310.4,1536,34.2,45
2025-10-24 02:00:00,L54286,No Failure,Operational,0,300.8,310.5,1482,39.0,47
2025-10-24 03:00:00,H36521,No Failure,Operational,0,300.9,310.5,1512,41.2,49
2025-10-24 04:00:00,M21968,No Failure,Operational,0,300.8,310.5,1511,35.8,54
2025-10-24 05:00:00,L54289,No Failure,Operational,0,300.9,310.5,1599,40.5,57
2025-10-24 06:00:00,M21970,No Failure,Operational,0,300.8,310.4,1518,36.0,59
2025-10-24 07:00:00,M21971,No Failure,Operational,0,300.8,310.4,1450,39.4,62
2025-10-24 08:00:00,L54292,No Failure,Operational,0,300.9,310.4,1427,47.0,65
2025-10-24 09:00:00,L54293,No Failure,Operational,0,300.9,310.4,1561,32.7,67
2025-10-24 10:00:00,H36528,No Failure,Operational,0,300.9,310.4,1457,43.8,69
2025-10-24 11:00:00,M21975,No Failure,Operational,0,301.0,310.6,1460,53.6,74
2025-10-24 12:00:00,L54296,No Failure,Operational,0,301.0,310.5,1601,33.2,77
2025-10-24 13:00:00,L54297,No Failure,Operational,0,300.9,310.5,1570,40.1,79
2025-10-24 14:00:00,L54298,No Failure,Operational,0,300.9,310.5,1565,35.9,81
2025-10-24 15:00:00,L54299,No Failure,Operational,0,301.0,310.5,1378,44.4,83
2025-10-24 16:00:00,L54300,No Failure,Operational,0,300.9,310.5,2288,16.1,85
2025-10-24 17:00:00,M21981,No Failure,Operational,0,300.9,310.4,1375,44.7,87
2025-10-24 18:00:00,L54302,No Failure,Operational,0,300.9,310.4,1788,27.8,90
2025-10-24 19:00:00,M21983,No Failure,Operational,0,300.9,310.4,1576,40.4,92
2025-10-24 20:00:00,M21984,No Failure,Operational,0,300.8,310.3,1868,24.5,95
2025-10-24 21:00:00,L54305,No Failure,Operational,0,300.7,310.1,1261,56.6,98
2025-10-24 22:00:00,M21986,No Failure,Operational,0,300.6,310.0,1542,33.9,100
2025-10-24 23:00:00,L54307,No Failure,Operational,0,300.6,310.0,1438,53.8,103
2025-10-25 00:00:00,L54308,No Failure,Operational,0,300.6,310.0,1511,36.9,105
2025-10-25 01:00:00,L54309,No Failure,Operational,0,300.6,310.0,1635,31.0,107
2025-10-25 02:00:00,L54310,No Failure,Operational,0,300.6,309.9,1428,48.8,109
2025-10-25 03:00:00,M21991,No Failure,Operational,0,300.5,309.8,1410,44.4,111
2025-10-25 04:00:00,L54312,No Failure,Operational,0,300.5,309.9,1423,47.9,114
2025-10-25 05:00:00,M21993,No Failure,Operational,0,300.5,309.9,1552,41.3,116
2025-10-25 06:00:00,M21994,No Failure,Operational,0,300.5,310.0,1406,50.2,119
2025-10-25 07:00:00,L54315,No Failure,Operational,0,300.5,309.9,1443,48.3,122
2025-10-25 08:00:00,M21996,No Failure,Operational,0,300.5,309.9,1343,63.7,124
2025-10-25 09:00:00,M21997,No Failure,Operational,0,300.6,310.0,1486,41.2,127
2025-10-25 10:00:00,L54318,No Failure,Operational,0,300.6,310.1,1297,50.0,130
2025-10-25 11:00:00,L54319,No Failure,Operational,0,300.6,310.1,1495,42.3,132
2025-10-25 12:00:00,L54320,No Failure,Operational,0,300.5,309.9,1382,46.5,134
2025-10-25 13:00:00,M22001,No Failure,Operational,0,300.4,309.8,1356,44.4,136
2025-10-25 14:00:00,H36556,No Failure,Operational,0,300.3,309.7,1452,41.5,139
2025-10-25 15:00:00,H36557,No Failure,Operational,0,300.3,309.7,1582,30.8,144
2025-10-25 16:00:00,M22004,No Failure,Operational,0,300.4,309.8,1517,40.3,149
2025-10-25 17:00:00,L54325,No Failure,Operational,0,300.5,310.0,1413,44.5,152
2025-10-25 18:00:00,L54326,No Failure,Operational,0,300.4,309.9,1496,31.8,154
2025-10-25 19:00:00,L54327,No Failure,Operational,0,300.3,309.8,1466,41.2,156
2025-10-25 20:00:00,M22008,No Failure,Operational,0,300.3,309.8,1617,40.8,158
2025-10-25 21:00:00,L54329,No Failure,Operational,0,300.2,309.8,1506,41.8,161
2025-10-25 22:00:00,L54330,No Failure,Operational,0,300.2,309.8,1401,49.3,163
2025-10-25 23:00:00,H36565,No Failure,Operational,0,300.2,309.9,1906,22.9,165
2025-10-26 00:00:00,L54332,No Failure,Operational,0,300.2,309.9,1566,36.4,170
2025-10-26 01:00:00,L54333,No Failure,Operational,0,300.2,310.0,1493,47.3,172
2025-10-26 02:00:00,L54334,No Failure,Operational,0,300.3,310.1,1483,39.9,174
2025-10-26 03:00:00,M22015,No Failure,Operational,0,300.2,309.9,1569,31.2,176
2025-10-26 04:00:00,M22016,No Failure,Operational,0,300.2,310.0,1664,30.7,179
2025-10-26 05:00:00,L54337,No Failure,Operational,0,300.2,310.0,1486,40.1,182
2025-10-26 06:00:00,L54338,No Failure,Operational,0,300.2,310.0,1389,53.6,184
2025-10-26 07:00:00,L54339,No Failure,Operational,0,300.1,310.0,1511,41.7,186
2025-10-26 08:00:00,M22020,No Failure,Operational,0,300.2,310.1,1485,40.5,188
2025-10-26 09:00:00,L54341,No Failure,Operational,0,300.2,310.2,1440,42.9,191
2025-10-26 10:00:00,L54342,No Failure,Operational,0,300.2,310.2,1378,43.9,193
2025-10-26 11:00:00,M22023,No Failure,Operational,0,300.1,310.1,1501,39.3,195
2025-10-26 12:00:00,M22024,No Failure,Operational,0,300.2,310.1,1474,44.0,198
2025-10-26 13:00:00,L54345,No Failure,Operational,0,300.2,310.1,1392,47.9,201
2025-10-26 14:00:00,M22026,No Failure,Operational,0,300.3,310.2,1429,44.7,203
2025-10-26 15:00:00,L54347,Overstrain Failure,Maintenance Required,1,300.3,310.3,1362,60.3,206
2025-10-26 16:00:00,L54348,No Failure,Operational,0,300.3,310.3,1704,29.5,0
2025-10-26 17:00:00,L54349,No Failure,Operational,0,300.3,310.2,1492,52.3,2
2025-10-26 18:00:00,M22030,No Failure,Operational,0,300.3,310.2,1442,39.5,4
2025-10-26 19:00:00,M22031,No Failure,Operational,0,300.2,310.2,1438,51.5,7
2025-10-26 20:00:00,M22032,No Failure,Operational,0,300.1,310.1,1402,46.6,10
2025-10-26 21:00:00,L54353,No Failure,Operational,0,300.1,310.1,1684,30.8,13
2025-10-26 22:00:00,L54354,No Failure,Operational,0,300.2,310.2,1530,48.5,15
2025-10-26 23:00:00,L54355,No Failure,Operational,0,300.1,310.1,1569,43.5,17
2025-10-27 00:00:00,L54356,No Failure,Operational,0,300.1,310.1,1650,31.6,19
2025-10-27 01:00:00,L54357,No Failure,Operational,0,300.2,310.2,1415,49.6,21
2025-10-27 02:00:00,L54358,No Failure,Operational,0,300.2,310.2,1600,31.5,23
2025-10-27 03:00:00,L54359,No Failure,Operational,0,300.2,310.1,1523,42.3,25
2025-10-27 04:00:00,M22040,No Failure,Operational,0,300.2,310.2,1628,30.3,27
2025-10-27 05:00:00,L54361,No Failure,Operational,0,300.2,310.3,1331,52.1,30
2025-10-27 06:00:00,L54362,No Failure,Operational,0,300.3,310.3,2158,16.8,32
2025-10-27 07:00:00,L54363,No Failure,Operational,0,300.2,310.3,1445,50.9,34
2025-10-27 08:00:00,M22044,No Failure,Operational,0,300.2,310.3,1593,36.1,36
2025-10-27 09:00:00,L54365,No Failure,Operational,0,300.3,310.4,1672,29.2,39
2025-10-27 10:00:00,M22046,No Failure,Operational,0,300.4,310.5,1644,31.4,41
2025-10-27 11:00:00,L54367,No Failure,Operational,0,300.4,310.5,1402,54.3,44
2025-10-27 12:00:00,L54368,No Failure,Operational,0,300.4,310.4,1286,56.8,46
2025-10-27 13:00:00,L54369,No Failure,Operational,0,300.4,310.4,1486,46.3,48
2025-10-27 14:00:00,L54370,No Failure,Operational,0,300.3,310.3,1345,46.3,50
2025-10-27 15:00:00,L54371,No Failure,Operational,0,300.3,310.3,1629,34.1,52
2025-10-27 16:00:00,M22052,No Failure,Operational,0,300.2,310.2,1429,43.8,54
2025-10-27 17:00:00,L54373,No Failure,Operational,0,300.1,310.1,1306,64.7,57
2025-10-27 18:00:00,L54374,No Failure,Operational,0,300.1,310.1,1380,52.6,59
2025-10-27 19:00:00,M22055,No Failure,Operational,0,300.1,310.1,1443,49.3,61
2025-10-27 20:00:00,H36610,No Failure,Operational,0,300.1,310.1,1426,42.7,64
2025-10-27 21:00:00,L54377,No Failure,Operational,0,300.0,310.0,1486,41.8,69
2025-10-27 22:00:00,M22058,No Failure,Operational,0,300.0,309.9,1530,34.5,71
2025-10-27 23:00:00,L54379,No Failure,Operational,0,300.0,309.9,1507,41.4,74
2025-10-28 00:00:00,L54380,No Failure,Operational,0,300.0,309.9,1608,33.4,76
2025-10-28 01:00:00,L54381,No Failure,Operational,0,300.0,309.8,1474,40.6,78
2025-10-28 02:00:00,L54382,No Failure,Operational,0,300.0,309.7,1326,61.9,80
2025-10-28 03:00:00,M22063,No Failure,Operational,0,299.8,309.6,1434,48.0,82
2025-10-28 04:00:00,L54384,No Failure,Operational,0,299.8,309.6,1526,41.7,85
2025-10-28 05:00:00,L54385,No Failure,Operational,0,299.8,309.7,1483,39.6,87
2025-10-28 06:00:00,L54386,No Failure,Operational,0,299.8,309.7,1457,51.9,89
2025-10-28 07:00:00,M22067,No Failure,Operational,0,299.7,309.6,1540,34.4,91
2025-10-28 08:00:00,L54388,No Failure,Operational,0,299.8,309.7,1707,29.1,94
2025-10-28 09:00:00,L54389,No Failure,Operational,0,299.8,309.7,1624,34.2,96
2025-10-28 10:00:00,M22070,No Failure,Operational,0,299.8,309.6,1331,50.2,98
2025-10-28 11:00:00,L54391,No Failure,Operational,0,299.8,309.7,1431,40.3,101
2025-10-28 12:00:00,M22072,No Failure,Operational,0,299.8,309.7,1705,28.5,103
2025-10-28 13:00:00,M22073,No Failure,Operational,0,299.8,309.8,1427,45.2,106
2025-10-28 14:00:00,M22074,No Failure,Operational,0,299.9,309.8,1625,41.2,109
2025-10-28 15:00:00,L54395,No Failure,Operational,0,299.9,309.8,1477,47.7,112
2025-10-28 16:00:00,M22076,No Failure,Operational,0,300.0,309.9,1651,28.1,114
2025-10-28 17:00:00,L54397,No Failure,Operational,0,299.9,309.8,1716,28.2,117
2025-10-28 18:00:00,H36632,No Failure,Operational,0,299.9,309.8,1400,48.7,119
2025-10-28 19:00:00,M22079,No Failure,Operational,0,299.8,309.7,1556,37.7,124
2025-10-28 20:00:00,L54400,No Failure,Operational,0,299.8,309.7,1429,42.6,127
2025-10-28 21:00:00,H36635,No Failure,Operational,0,299.7,309.6,1433,49.6,129
2025-10-28 22:00:00,M22082,No Failure,Operational,0,299.8,309.7,1320,61.7,134
2025-10-28 23:00:00,L54403,No Failure,Operational,0,299.8,309.6,1374,51.6,137
2025-10-29 00:00:00,L54404,No Failure,Operational,0,299.8,309.6,1598,31.0,139
2025-10-29 01:00:00,M22085,No Failure,Operational,0,299.8,309.7,1910,21.8,141
2025-10-29 02:00:00,L54406,No Failure,Operational,0,299.7,309.6,1399,51.3,144
2025-10-29 03:00:00,L54407,No Failure,Operational,0,299.7,309.6,1720,27.1,146
2025-10-29 04:00:00,H36642,No Failure,Operational,0,299.8,309.7,1368,47.4,148
2025-10-29 05:00:00,L54409,No Failure,Operational,0,299.8,309.8,1749,33.4,153
2025-10-29 06:00:00,L54410,No Failure,Operational,0,299.8,309.8,1542,39.4,155
2025-10-29 07:00:00,L54411,No Failure,Operational,0,299.8,309.9,1553,36.6,157
2025-10-29 08:00:00,M22092,No Failure,Operational,0,299.9,309.9,1639,42.1,159
2025-10-29 09:00:00,L54413,No Failure,Operational,0,299.9,310.0,1447,45.9,162
2025-10-29 10:00:00,M22094,No Failure,Operational,0,299.8,310.0,1397,48.1,164
2025-10-29 11:00:00,L54415,No Failure,Operational,0,299.8,310.0,1361,53.8,167
2025-10-29 12:00:00,M22096,No Failure,Operational,0,299.8,310.0,1460,37.1,169
2025-10-29 13:00:00,M22097,No Failure,Operational,0,299.8,310.0,1632,33.7,172
2025-10-29 14:00:00,L54418,No Failure,Operational,0,299.8,310.0,1697,36.0,175
2025-10-29 15:00:00,L54419,No Failure,Operational,0,299.8,310.1,1553,42.0,177
2025-10-29 16:00:00,M22100,No Failure,Operational,0,299.9,310.1,1362,56.3,179
2025-10-29 17:00:00,M22101,No Failure,Operational,0,299.9,310.0,1484,42.1,182
2025-10-29 18:00:00,H36656,No Failure,Operational,0,299.9,310.1,1447,51.4,185
2025-10-29 19:00:00,M22103,No Failure,Operational,0,300.0,310.2,1393,51.2,190
2025-10-29 20:00:00,L54424,No Failure,Operational,0,300.0,310.2,1760,26.9,193
2025-10-29 21:00:00,L54425,No Failure,Operational,0,300.0,310.1,1477,34.6,195
2025-10-29 22:00:00,L54426,No Failure,Operational,0,299.9,310.1,1681,29.1,197
2025-10-29 23:00:00,M22107,No Failure,Operational,0,300.0,310.1,1314,53.5,199
2025-10-30 00:00:00,L54428,No Failure,Operational,0,300.0,310.1,1762,28.0,202
2025-10-30 01:00:00,L54429,No Failure,Operational,0,299.9,310.0,1402,44.7,204
2025-10-30 02:00:00,M22110,No Failure,Operational,0,300.1,310.2,1429,42.0,206
2025-10-30 03:00:00,M22111,No Failure,Operational,0,300.2,310.3,1448,40.1,209
2025-10-30 04:00:00,H36666,No Failure,Operational,0,300.2,310.4,1501,42.9,212
2025-10-30 05:00:00,L54433,No Failure,Operational,0,300.3,310.5,1522,39.1,217
2025-10-30 06:00:00,L54434,No Failure,Operational,0,300.3,310.4,1493,37.5,219
2025-10-30 07:00:00,M22115,No Failure,Operational,0,300.2,310.3,1704,29.4,221
2025-10-30 08:00:00,H36670,No Failure,Operational,0,300.2,310.3,1408,42.5,0
2025-10-30 09:00:00,L54437,No Failure,Operational,0,300.2,310.4,1518,41.8,5
2025-10-30 10:00:00,L54438,No Failure,Operational,0,300.3,310.4,1742,25.9,7
2025-10-30 11:00:00,M22119,No Failure,Operational,0,300.4,310.5,1500,43.0,9
2025-10-30 12:00:00,L54440,No Failure,Operational,0,300.4,310.5,2424,14.5,12
2025-10-30 13:00:00,L54441,No Failure,Operational,0,300.4,310.5,1818,25.1,14
2025-10-30 14:00:00,M22122,No Failure,Operational,0,300.4,310.6,1545,35.6,16
2025-10-30 15:00:00,L54443,No Failure,Operational,0,300.4,310.6,1429,46.9,19
2025-10-30 16:00:00,M22124,No Failure,Operational,0,300.4,310.6,1448,44.9,21
2025-10-30 17:00:00,L54445,No Failure,Operational,0,300.4,310.6,1384,48.7,24
2025-10-30 18:00:00,L54446,No Failure,Operational,0,300.4,310.5,1578,32.8,26
2025-10-30 19:00:00,L54447,No Failure,Operational,0,300.5,310.5,1695,26.7,28
2025-10-30 20:00:00,L54448,No Failure,Operational,0,300.5,310.6,1543,36.2,30
2025-10-30 21:00:00,M22129,No Failure,Operational,0,300.4,310.5,1540,33.4,32
2025-10-30 22:00:00,L54450,No Failure,Operational,0,300.2,310.4,1808,25.8,35
2025-10-30 23:00:00,M22131,No Failure,Operational,0,300.3,310.4,1293,49.7,37
2025-10-31 00:00:00,L54452,No Failure,Operational,0,300.2,310.3,1202,59.5,40
2025-10-31 01:00:00,M22133,No Failure,Operational,0,300.2,310.3,1704,29.2,42
2025-10-31 02:00:00,M22134,No Failure,Operational,0,300.2,310.3,1478,38.1,45
2025-10-31 03:00:00,L54455,No Failure,Operational,0,300.2,310.3,1514,38.7,48
2025-10-31 04:00:00,M22136,No Failure,Operational,0,300.1,310.3,1350,48.8,50
2025-10-31 05:00:00,L54457,No Failure,Operational,0,300.1,310.2,1475,54.2,53
2025-10-31 06:00:00,H36692,No Failure,Operational,0,300.0,310.1,1714,28.7,55
2025-10-31 07:00:00,L54459,No Failure,Operational,0,300.0,310.1,1465,40.9,60
2025-10-31 08:00:00,L54460,Power Failure,Maintenance Required,1,299.9,310.2,1288,69.6,62
2025-10-31 09:00:00,L54461,No Failure,Operational,0,300.0,310.2,1675,29.7,64
2025-10-31 10:00:00,L54462,No Failure,Operational,0,300.0,310.2,1486,36.4,66
2025-10-31 11:00:00,M22143,No Failure,Operational,0,300.0,310.2,1443,58.7,68
2025-10-31 12:00:00,M22144,No Failure,Operational,0,300.1,310.3,1345,57.1,71
2025-10-31 13:00:00,M22145,No Failure,Operational,0,300.2,310.4,1202,61.7,74
2025-10-31 14:00:00,M22146,No Failure,Operational,0,300.1,310.4,1480,37.1,77
2025-10-31 15:00:00,M22147,No Failure,Operational,0,300.2,310.4,1530,35.7,80
2025-10-31 16:00:00,M22148,No Failure,Operational,0,300.2,310.6,1983,20.8,83
2025-10-31 17:00:00,L54469,No Failure,Operational,0,300.3,310.6,1433,53.8,86
2025-10-31 18:00:00,L54470,No Failure,Operational,0,300.3,310.6,1806,24.4,88
2025-10-31 19:00:00,L54471,No Failure,Operational,0,300.2,310.5,1416,46.7,90
2025-10-31 20:00:00,M22152,No Failure,Operational,0,300.1,310.4,1556,38.1,92
2025-10-31 21:00:00,L54473,No Failure,Operational,0,300.1,310.5,1627,29.2,95
2025-10-31 22:00:00,L54474,No Failure,Operational,0,300.1,310.6,1809,24.3,97
2025-10-31 23:00:00,M22155,No Failure,Operational,0,300.1,310.5,1329,57.4,99
2025-11-01 00:00:00,H36710,No Failure,Operational,0,300.0,310.4,1881,21.9,102
2025-11-01 01:00:00,L54477,No Failure,Operational,0,300.1,310.5,1500,39.8,107
2025-11-01 02:00:00,L54478,No Failure,Operational,0,300.1,310.5,1532,36.0,109
2025-11-01 03:00:00,L54479,No Failure,Operational,0,300.1,310.5,1492,50.9,111
2025-11-01 04:00:00,L54480,No Failure,Operational,0,300.2,310.6,1431,42.3,113
2025-11-01 05:00:00,L54481,No Failure,Operational,0,300.1,310.4,1554,39.4,115
2025-11-01 06:00:00,L54482,No Failure,Operational,0,300.1,310.5,1494,44.2,117
2025-11-01 07:00:00,L54483,No Failure,Operational,0,300.1,310.6,1374,45.4,119
2025-11-01 08:00:00,L54484,No Failure,Operational,0,300.1,310.5,1394,44.3,121
2025-11-01 09:00:00,M22165,No Failure,Operational,0,300.0,310.5,1790,25.7,123
2025-11-01 10:00:00,L54486,No Failure,Operational,0,300.1,310.5,1356,45.8,126
2025-11-01 11:00:00,M22167,No Failure,Operational,0,300.0,310.4,1385,52.1,128
2025-11-01 12:00:00,L54488,No Failure,Operational,0,300.0,310.4,1333,49.1,131
2025-11-01 13:00:00,L54489,No Failure,Operational,0,300.0,310.4,1505,44.9,133
2025-11-01 14:00:00,L54490,No Failure,Operational,0,300.0,310.5,1606,33.5,135
2025-11-01 15:00:00,H36725,No Failure,Operational,0,300.0,310.5,1558,36.7,137
2025-11-01 16:00:00,L54492,No Failure,Operational,0,300.0,310.5,1412,52.4,142
2025-11-01 17:00:00,L54493,No Failure,Operational,0,299.9,310.4,1408,38.4,144
2025-11-01 18:00:00,L54494,No Failure,Operational,0,299.9,310.3,1268,53.3,146
2025-11-01 19:00:00,L54495,No Failure,Operational,0,299.9,310.4,1470,50.0,148
2025-11-01 20:00:00,L54496,No Failure,Operational,0,299.9,310.4,1497,47.0,150
2025-11-01 21:00:00,L54497,No Failure,Operational,0,299.9,310.3,1638,29.1,152
2025-11-01 22:00:00,H36732,No Failure,Operational,0,299.9,310.3,1535,43.9,154
2025-11-01 23:00:00,L54499,No Failure,Operational,0,299.8,310.2,1654,32.7,159
2025-11-02 00:00:00,H36734,No Failure,Operational,0,299.8,310.2,1411,49.7,161
2025-11-02 01:00:00,L54501,No Failure,Operational,0,299.8,310.2,1911,23.5,166
2025-11-02 02:00:00,H36736,No Failure,Operational,0,299.8,310.2,1573,33.3,168
2025-11-02 03:00:00,L54503,No Failure,Operational,0,299.9,310.2,1479,46.3,173
2025-11-02 04:00:00,M22184,No Failure,Operational,0,299.9,310.4,1820,26.6,175
2025-11-02 05:00:00,L54505,No Failure,Operational,0,299.9,310.4,1419,45.7,178
2025-11-02 06:00:00,M22186,No Failure,Operational,0,299.9,310.5,1335,52.9,180
2025-11-02 07:00:00,M22187,No Failure,Operational,0,299.9,310.5,1576,39.4,183
2025-11-02 08:00:00,L54508,No Failure,Operational,0,300.0,310.5,1517,42.2,186
2025-11-02 09:00:00,M22189,No Failure,Operational,0,299.9,310.4,1576,34.3,188
2025-11-02 10:00:00,H36744,No Failure,Operational,0,299.8,310.2,1537,36.6,191
2025-11-02 11:00:00,L54511,No Failure,Operational,0,299.8,310.3,1524,34.2,196
2025-11-02 12:00:00,M22192,No Failure,Operational,0,299.8,310.3,1805,23.7,198
2025-11-02 13:00:00,M22193,No Failure,Operational,0,299.9,310.4,1367,53.3,201
2025-11-02 14:00:00,L54514,No Failure,Operational,0,299.8,310.4,1694,30.3,204
2025-11-02 15:00:00,L54515,No Failure,Operational,0,299.9,310.4,1328,49.9,206
2025-11-02 16:00:00,H36750,No Failure,Operational,0,299.9,310.5,1549,42.8,208
2025-11-02 17:00:00,L54517,No Failure,Operational,0,299.9,310.5,1539,32.8,213
2025-11-02 18:00:00,L54518,No Failure,Operational,0,299.8,310.5,1496,38.8,215
2025-11-02 19:00:00,L54519,No Failure,Operational,0,299.8,310.4,1579,36.4,0
2025-11-02 20:00:00,L54520,No Failure,Operational,0,299.7,310.3,1386,46.6,2
2025-11-02 21:00:00,L54521,No Failure,Operational,0,299.7,310.3,1505,37.7,4
2025-11-02 22:00:00,M22202,No Failure,Operational,0,299.7,310.3,1661,34.5,6
2025-11-02 23:00:00,L54523,No Failure,Operational,0,299.6,310.2,1468,48.0,9
2025-11-03 00:00:00,L54524,No Failure,Operational,0,299.6,310.1,1384,49.8,11
2025-11-03 01:00:00,L54525,No Failure,Operational,0,299.6,310.2,1381,60.5,13
2025-11-03 02:00:00,L54526,No Failure,Operational,0,299.6,310.2,1469,47.0,15
2025-11-03 03:00:00,L54527,No Failure,Operational,0,299.6,310.2,1627,36.6,17
2025-11-03 04:00:00,H36762,No Failure,Operational,0,299.7,310.3,1462,40.4,19
2025-11-03 05:00:00,L54529,No Failure,Operational,0,299.7,310.2,1633,36.5,24
2025-11-03 06:00:00,L54530,No Failure,Operational,0,299.7,310.2,1469,39.5,26
2025-11-03 07:00:00,L54531,No Failure,Operational,0,299.7,310.2,1458,43.4,28
2025-11-03 08:00:00,M22212,No Failure,Operational,0,299.7,310.2,1440,42.8,30
2025-11-03 09:00:00,L54533,No Failure,Operational,0,299.8,310.3,1687,30.4,33
2025-11-03 10:00:00,M22214,No Failure,Operational,0,299.7,310.3,1429,47.7,35
2025-11-03 11:00:00,L54535,No Failure,Operational,0,299.6,310.2,1588,34.1,38
2025-11-03 12:00:00,L54536,No Failure,Operational,0,299.6,310.2,1333,51.2,40
2025-11-03 13:00:00,L54537,No Failure,Operational,0,299.6,310.1,1487,42.9,42
2025-11-03 14:00:00,M22218,No Failure,Operational,0,299.5,310.1,1659,31.5,44
2025-11-03 15:00:00,M22219,No Failure,Operational,0,299.4,310.0,1512,43.2,47
2025-11-03 16:00:00,L54540,No Failure,Operational,0,299.5,310.1,1585,35.2,50
2025-11-03 17:00:00,L54541,No Failure,Operational,0,299.5,310.0,1502,38.5,52
2025-11-03 18:00:00,L54542,No Failure,Operational,0,299.5,310.0,1594,35.1,54
2025-11-03 19:00:00,L54543,No Failure,Operational,0,299.5,310.0,1412,48.9,56
2025-11-03 20:00:00,L54544,No Failure,Operational,0,299.5,309.9,1402,51.7,58
2025-11-03 21:00:00,L54545,No Failure,Operational,0,299.6,310.1,2057,20.4,60
2025-11-03 22:00:00,H36780,No Failure,Operational,0,299.6,310.1,1531,36.8,62
2025-11-03 23:00:00,M22227,No Failure,Operational,0,299.5,310.1,1359,61.1,67
2025-11-04 00:00:00,M22228,No Failure,Operational,0,299.6,310.2,1620,30.0,70
2025-11-04 01:00:00,M22229,No Failure,Operational,0,299.6,310.1,1646,29.6,73
2025-11-04 02:00:00,M22230,No Failure,Operational,0,299.6,310.1,1455,46.1,76
2025-11-04 03:00:00,L54551,No Failure,Operational,0,299.6,310.2,1512,44.0,79
2025-11-04 04:00:00,L54552,No Failure,Operational,0,299.6,310.2,1473,42.7,81
2025-11-04 05:00:00,L54553,No Failure,Operational,0,299.6,310.1,1553,38.0,83
2025-11-04 06:00:00,L54554,No Failure,Operational,0,299.5,310.0,1379,50.4,85
2025-11-04 07:00:00,M22235,No Failure,Operational,0,299.4,309.9,1567,40.6,87
2025-11-04 08:00:00,L54556,No Failure,Operational,0,299.5,310.0,1481,43.1,90
2025-11-04 09:00:00,L54557,No Failure,Operational,0,299.5,310.0,1349,52.7,92
2025-11-04 10:00:00,L54558,No Failure,Operational,0,299.5,310.0,1388,52.4,94
2025-11-04 11:00:00,M22239,No Failure,Operational,0,299.6,310.1,1357,48.7,96
2025-11-04 12:00:00,L54560,No Failure,Operational,0,299.6,310.2,1743,24.8,99
2025-11-04 13:00:00,L54561,No Failure,Operational,0,299.7,310.3,1495,43.1,101
2025-11-04 14:00:00,L54562,No Failure,Operational,0,299.8,310.4,1698,28.3,103
2025-11-04 15:00:00,M22243,No Failure,Operational,0,299.7,310.4,1410,44.5,105
2025-11-04 16:00:00,L54564,No Failure,Operational,0,299.7,310.4,1614,36.2,108
2025-11-04 17:00:00,M22245,No Failure,Operational,0,299.8,310.5,1375,53.9,110
2025-11-04 18:00:00,M22246,No Failure,Operational,0,299.8,310.6,1574,31.8,113
2025-11-04 19:00:00,H36801,No Failure,Operational,0,299.8,310.6,1423,44.6,116
2025-11-04 20:00:00,M22248,No Failure,Operational,0,299.8,310.6,1694,31.3,121
2025-11-04 21:00:00,L54569,No Failure,Operational,0,299.8,310.6,1707,32.5,124
2025-11-04 22:00:00,M22250,No Failure,Operational,0,299.7,310.5,1490,41.2,126
2025-11-04 23:00:00,L54571,No Failure,Operational,0,299.7,310.6,1675,31.3,129
2025-11-05 00:00:00,M22252,No Failure,Operational,0,299.7,310.5,1492,39.3,131
2025-11-05 01:00:00,M22253,No Failure,Operational,0,299.7,310.5,1594,35.4,134
2025-11-05 02:00:00,L54574,No Failure,Operational,0,299.7,310.6,1479,38.0,137
2025-11-05 03:00:00,M22255,No Failure,Operational,0,299.7,310.6,1572,38.0,139
2025-11-05 04:00:00,L54576,No Failure,Operational,0,299.7,310.6,1616,35.1,142
2025-11-05 05:00:00,L54577,No Failure,Operational,0,299.7,310.6,1737,26.1,144
2025-11-05 06:00:00,M22258,No Failure,Operational,0,299.7,310.7,1498,37.8,146
2025-11-05 07:00:00,L54579,No Failure,Operational,0,299.6,310.6,1642,35.1,149
2025-11-05 08:00:00,M22260,No Failure,Operational,0,299.6,310.6,1633,34.2,151
2025-11-05 09:00:00,L54581,No Failure,Operational,0,299.8,310.8,1409,51.9,154
2025-11-05 10:00:00,M22262,No Failure,Operational,0,299.8,310.8,1463,43.5,156
2025-11-05 11:00:00,L54583,No Failure,Operational,0,299.8,310.8,1376,48.6,159
2025-11-05 12:00:00,L54584,No Failure,Operational,0,299.8,310.8,1553,32.2,161
2025-11-05 13:00:00,M22265,No Failure,Operational,0,299.8,310.8,1530,35.2,163
2025-11-05 14:00:00,L54586,No Failure,Operational,0,299.8,310.9,1545,40.7,166
2025-11-05 15:00:00,H36821,No Failure,Operational,0,299.8,310.9,1427,47.2,168
2025-11-05 16:00:00,L54588,No Failure,Operational,0,299.9,310.9,1292,51.1,173
2025-11-05 17:00:00,L54589,No Failure,Operational,0,299.8,310.9,2084,17.6,175
2025-11-05 18:00:00,L54590,No Failure,Operational,0,299.9,311.0,1747,27.6,177
2025-11-05 19:00:00,L54591,No Failure,Operational,0,300.0,311.1,1425,47.8,179
2025-11-05 20:00:00,L54592,No Failure,Operational,0,300.0,311.0,1637,33.6,181
2025-11-05 21:00:00,M22273,No Failure,Operational,0,300.1,311.1,1616,35.2,183
2025-11-05 22:00:00,L54594,No Failure,Operational,0,300.1,311.1,1619,33.4,186
2025-11-05 23:00:00,L54595,No Failure,Operational,0,300.1,311.2,1489,39.1,188
2025-11-06 00:00:00,M22276,No Failure,Operational,0,300.1,311.2,1452,42.4,190
2025-11-06 01:00:00,M22277,No Failure,Operational,0,300.1,311.3,1495,41.0,193
2025-11-06 02:00:00,M22278,No Failure,Operational,0,300.2,311.4,1427,39.7,196
2025-11-06 03:00:00,L54599,No Failure,Operational,0,300.1,311.4,1572,36.2,199
2025-11-06 04:00:00,L54600,No Failure,Operational,0,300.1,311.3,1547,40.0,201
2025-11-06 05:00:00,M22281,No Failure,Operational,0,300.1,311.4,1342,48.5,203
2025-11-06 06:00:00,L54602,No Failure,Operational,0,300.0,311.2,1351,44.1,206
2025-11-06 07:00:00,L54603,No Failure,Operational,0,300.0,311.3,1407,47.3,208
2025-11-06 08:00:00,M22284,No Failure,Operational,0,300.1,311.4,1575,29.8,210
2025-11-06 09:00:00,M22285,No Failure,Operational,0,300.0,311.4,1791,24.1,213
2025-11-06 10:00:00,M22286,Tool Wear Failure,Maintenance Required,1,300.0,311.4,1692,29.0,216
2025-11-06 11:00:00,L54607,No Failure,Operational,0,300.0,311.4,1634,31.9,0
2025-11-06 12:00:00,M22288,No Failure,Operational,0,300.0,311.4,1864,23.3,2
2025-11-06 13:00:00,L54609,No Failure,Operational,0,300.0,311.4,1590,33.6,5
2025-11-06 14:00:00,M22290,No Failure,Operational,0,300.0,311.4,1384,46.1,7
2025-11-06 15:00:00,M22291,No Failure,Operational,0,300.0,311.4,1352,61.8,10
2025-11-06 16:00:00,L54612,No Failure,Operational,0,300.1,311.4,1484,43.1,13
2025-11-06 17:00:00,M22293,No Failure,Operational,0,300.1,311.4,1913,21.9,15
2025-11-06 18:00:00,L54614,No Failure,Operational,0,300.0,311.4,1508,38.2,18
2025-11-06 19:00:00,L54615,No Failure,Operational,0,299.9,311.3,1504,40.7,20
2025-11-06 20:00:00,L54616,No Failure,Operational,0,300.0,311.4,1487,41.2,22
2025-11-06 21:00:00,L54617,No Failure,Operational,0,299.8,311.3,1727,30.0,24
2025-11-06 22:00:00,L54618,No Failure,Operational,0,299.9,311.3,1647,27.5,26
2025-11-06 23:00:00,L54619,No Failure,Operational,0,300.0,311.3,1493,41.4,28
2025-11-07 00:00:00,L54620,No Failure,Operational,0,300.0,311.4,1655,29.6,30
2025-11-07 01:00:00,M22301,No Failure,Operational,0,299.9,311.4,1337,54.8,32
2025-11-07 02:00:00,L54622,No Failure,Operational,0,300.0,311.5,1601,36.9,35
2025-11-07 03:00:00,H36857,No Failure,Operational,0,300.1,311.6,1589,37.9,37
2025-11-07 04:00:00,L54624,No Failure,Operational,0,300.2,311.7,1286,55.1,42
2025-11-07 05:00:00,L54625,No Failure,Operational,0,300.2,311.7,1553,41.3,44
2025-11-07 06:00:00,L54626,No Failure,Operational,0,300.2,311.8,1379,51.0,46
2025-11-07 07:00:00,M22307,No Failure,Operational,0,300.3,311.9,1677,30.8,48
2025-11-07 08:00:00,L54628,No Failure,Operational,0,300.3,311.8,1488,38.4,51
2025-11-07 09:00:00,L54629,No Failure,Operational,0,300.3,311.8,1418,45.9,53
2025-11-07 10:00:00,L54630,No Failure,Operational,0,300.3,311.8,1451,41.0,55
2025-11-07 11:00:00,L54631,No Failure,Operational,0,300.3,311.8,1508,43.1,57
2025-11-07 12:00:00,L54632,No Failure,Operational,0,300.3,311.7,1579,33.6,59
2025-11-07 13:00:00,H36867,No Failure,Operational,0,300.3,311.7,1432,47.7,61
2025-11-07 14:00:00,L54634,No Failure,Operational,0,300.2,311.6,1446,47.3,66
2025-11-07 15:00:00,M22315,No Failure,Operational,0,300.2,311.7,1597,39.5,68
2025-11-07 16:00:00,M22316,No Failure,Operational,0,300.2,311.7,1397,50.2,71
2025-11-07 17:00:00,L54637,No Failure,Operational,0,300.1,311.6,1530,36.6,74
2025-11-07 18:00:00,M22318,No Failure,Operational,0,300.1,311.6,1433,51.4,76
2025-11-07 19:00:00,L54639,No Failure,Operational,0,300.0,311.5,1591,32.0,79
2025-11-07 20:00:00,L54640,No Failure,Operational,0,300.0,311.5,1445,41.6,81
2025-11-07 21:00:00,L54641,No Failure,Operational,0,300.0,311.5,1749,28.3,83
2025-11-07 22:00:00,L54642,No Failure,Operational,0,300.0,311.3,1703,30.4,85
2025-11-07 23:00:00,H36877,No Failure,Operational,0,300.1,311.4,1518,46.9,87
2025-11-08 00:00:00,L54644,No Failure,Operational,0,300.1,311.3,1535,42.3,92
2025-11-08 01:00:00,M22325,No Failure,Operational,0,300.1,311.4,1390,52.1,94
2025-11-08 02:00:00,H36880,No Failure,Operational,0,300.3,311.6,1801,23.6,97
2025-11-08 03:00:00,H36881,No Failure,Operational,0,300.3,311.6,1463,41.6,102
2025-11-08 04:00:00,L54648,No Failure,Operational,0,300.3,311.6,1560,37.7,107
2025-11-08 05:00:00,L54649,No Failure,Operational,0,300.3,311.6,1607,33.5,109
2025-11-08 06:00:00,L54650,No Failure,Operational,0,300.4,311.6,1332,54.6,111
2025-11-08 07:00:00,L54651,No Failure,Operational,0,300.3,311.7,1365,53.3,113
2025-11-08 08:00:00,M22332,No Failure,Operational,0,300.3,311.6,1617,32.5,115
2025-11-08 09:00:00,M22333,No Failure,Operational,0,300.3,311.6,1304,62.8,118
2025-11-08 10:00:00,L54654,No Failure,Operational,0,300.3,311.7,1989,22.3,121
2025-11-08 11:00:00,H36889,No Failure,Operational,0,300.3,311.6,1339,53.4,123
2025-11-08 12:00:00,L54656,No Failure,Operational,0,300.2,311.5,1492,41.8,128
2025-11-08 13:00:00,M22337,No Failure,Operational,0,300.1,311.3,1518,40.2,130
2025-11-08 14:00:00,L54658,No Failure,Operational,0,300.1,311.3,1479,39.5,133
2025-11-08 15:00:00,M22339,No Failure,Operational,0,300.1,311.3,1523,34.1,135
2025-11-08 16:00:00,M22340,No Failure,Operational,0,300.2,311.4,1570,35.3,138
2025-11-08 17:00:00,H36895,No Failure,Operational,0,300.2,311.4,1506,36.1,141
2025-11-08 18:00:00,M22342,No Failure,Operational,0,300.2,311.6,1510,47.5,146
2025-11-08 19:00:00,L54663,No Failure,Operational,0,300.2,311.6,1671,28.8,149
2025-11-08 20:00:00,M22344,No Failure,Operational,0,300.3,311.6,1312,53.4,151
2025-11-08 21:00:00,L54665,No Failure,Operational,0,300.3,311.6,1595,38.8,154
2025-11-08 22:00:00,L54666,No Failure,Operational,0,300.3,311.7,1635,31.8,156
2025-11-08 23:00:00,L54667,No Failure,Operational,0,300.3,311.7,1707,33.6,158
2025-11-09 00:00:00,L54668,Random Failure,Operational,0,300.3,311.7,1545,43.5,160
2025-11-09 01:00:00,M22349,No Failure,Operational,0,300.2,311.6,1751,28.0,162
2025-11-09 02:00:00,M22350,No Failure,Operational,0,300.4,311.8,1707,30.0,165
2025-11-09 03:00:00,L54671,No Failure,Operational,0,300.4,311.8,1320,57.9,168
2025-11-09 04:00:00,M22352,No Failure,Operational,0,300.3,311.7,1319,51.4,170
2025-11-09 05:00:00,L54673,No Failure,Operational,0,300.2,311.7,1448,54.2,173
2025-11-09 06:00:00,L54674,No Failure,Operational,0,300.2,311.8,1436,48.2,175
2025-11-09 07:00:00,L54675,No Failure,Operational,0,300.3,311.9,1609,34.0,177
2025-11-09 08:00:00,L54676,No Failure,Operational,0,300.2,311.8,1464,44.5,179
2025-11-09 09:00:00,M22357,No Failure,Operational,0,300.3,311.8,1483,45.1,181
2025-11-09 10:00:00,M22358,No Failure,Operational,0,300.2,311.8,1748,28.5,184
2025-11-09 11:00:00,L54679,No Failure,Operational,0,300.3,311.8,1746,26.3,187
2025-11-09 12:00:00,L54680,No Failure,Operational,0,300.2,311.8,1410,51.4,189
2025-11-09 13:00:00,L54681,No Failure,Operational,0,300.2,311.7,1640,30.8,191
2025-11-09 14:00:00,H36916,No Failure,Operational,0,300.3,311.7,1655,29.9,193
2025-11-09 15:00:00,M22363,No Failure,Operational,0,300.3,311.7,1646,28.9,198
2025-11-09 16:00:00,L54684,No Failure,Operational,0,300.4,311.8,1589,42.0,201
2025-11-09 17:00:00,L54685,No Failure,Operational,0,300.5,311.9,1546,39.4,203
2025-11-09 18:00:00,L54686,No Failure,Operational,0,300.5,311.9,1511,41.8,205
2025-11-09 19:00:00,L54687,No Failure,Operational,0,300.5,311.9,1750,28.3,207
2025-11-09 20:00:00,M22368,No Failure,Operational,0,300.5,311.9,1730,27.5,209
2025-11-09 21:00:00,L54689,Overstrain Failure,Maintenance Required,1,300.6,311.9,1372,60.1,212
2025-11-09 22:00:00,L54690,Tool Wear Failure,Maintenance Required,1,300.5,311.8,1524,38.9,214
2025-11-09 23:00:00,L54691,No Failure,Operational,0,300.4,311.8,1601,36.1,0
2025-11-10 00:00:00,M22372,No Failure,Operational,0,300.5,311.8,1636,34.4,2
2025-11-10 01:00:00,L54693,No Failure,Operational,0,300.4,311.8,2261,14.9,5
2025-11-10 02:00:00,L54694,No Failure,Operational,0,300.4,311.8,1636,32.3,7
2025-11-10 03:00:00,M22375,No Failure,Operational,0,300.4,311.9,1335,58.3,9
2025-11-10 04:00:00,M22376,No Failure,Operational,0,300.3,311.7,1236,57.5,12
2025-11-10 05:00:00,L54697,No Failure,Operational,0,300.3,311.7,1445,47.3,15
2025-11-10 06:00:00,L54698,No Failure,Operational,0,300.2,311.5,1500,40.8,17
2025-11-10 07:00:00,L54699,No Failure,Operational,0,300.2,311.6,1999,21.0,19
2025-11-10 08:00:00,L54700,No Failure,Operational,0,300.2,311.6,1529,35.5,21
2025-11-10 09:00:00,M22381,No Failure,Operational,0,300.2,311.6,1467,40.7,23
2025-11-10 10:00:00,L54702,No Failure,Operational,0,300.1,311.5,1334,54.0,26
2025-11-10 11:00:00,M22383,No Failure,Operational,0,300.1,311.5,1343,46.2,28
2025-11-10 12:00:00,L54704,No Failure,Operational,0,300.2,311.5,1639,31.1,31
2025-11-10 13:00:00,H36939,No Failure,Operational,0,300.1,311.5,1383,49.1,33
2025-11-10 14:00:00,L54706,No Failure,Operational,0,300.1,311.4,1660,31.4,38
2025-11-10 15:00:00,L54707,No Failure,Operational,0,300.1,311.3,1470,45.2,40
2025-11-10 16:00:00,M22388,No Failure,Operational,0,300.1,311.3,1748,26.6,42
2025-11-10 17:00:00,L54709,No Failure,Operational,0,300.1,311.4,1467,35.7,45
2025-11-10 18:00:00,M22390,No Failure,Operational,0,300.1,311.4,1617,39.3,47
2025-11-10 19:00:00,H36945,No Failure,Operational,0,300.1,311.4,1377,56.7,50
2025-11-10 20:00:00,M22392,No Failure,Operational,0,300.0,311.3,1629,32.1,55
2025-11-10 21:00:00,L54713,No Failure,Operational,0,300.0,311.2,1504,37.9,58
2025-11-10 22:00:00,L54714,No Failure,Operational,0,300.0,311.2,1418,47.3,60
2025-11-10 23:00:00,L54715,No Failure,Operational,0,300.0,311.2,1629,31.7,62
2025-11-11 00:00:00,L54716,Power Failure,Maintenance Required,1,300.1,311.3,2579,12.5,64
2025-11-11 01:00:00,L54717,No Failure,Operational,0,300.1,311.3,1305,64.7,66
2025-11-11 02:00:00,M22398,No Failure,Operational,0,300.2,311.4,1450,38.5,68
2025-11-11 03:00:00,L54719,No Failure,Operational,0,300.2,311.3,1487,36.9,71
2025-11-11 04:00:00,M22400,No Failure,Operational,0,300.2,311.3,1587,31.2,73
2025-11-11 05:00:00,M22401,No Failure,Operational,0,300.3,311.5,1528,40.9,76
2025-11-11 06:00:00,M22402,No Failure,Operational,0,300.4,311.6,1401,49.9,79
2025-11-11 07:00:00,L54723,No Failure,Operational,0,300.3,311.5,1446,45.0,82
2025-11-11 08:00:00,L54724,No Failure,Operational,0,300.2,311.4,1425,44.2,84
2025-11-11 09:00:00,L54725,No Failure,Operational,0,300.2,311.4,1891,22.6,86
2025-11-11 10:00:00,H36960,No Failure,Operational,0,300.2,311.5,1454,42.8,88
2025-11-11 11:00:00,L54727,No Failure,Operational,0,300.1,311.4,1430,40.9,93
2025-11-11 12:00:00,L54728,No Failure,Operational,0,300.2,311.4,1495,43.6,95
2025-11-11 13:00:00,L54729,No Failure,Operational,0,300.3,311.4,1544,41.6,97
2025-11-11 14:00:00,M22410,No Failure,Operational,0,300.3,311.4,1554,34.3,99
2025-11-11 15:00:00,M22411,No Failure,Operational,0,300.2,311.3,1491,37.3,102
2025-11-11 16:00:00,L54732,No Failure,Operational,0,300.3,311.3,1525,40.7,105
2025-11-11 17:00:00,L54733,No Failure,Operational,0,300.3,311.3,1505,39.6,107
2025-11-11 18:00:00,M22414,No Failure,Operational,0,300.3,311.4,1371,50.2,109
2025-11-11 19:00:00,L54735,No Failure,Operational,0,300.3,311.3,1332,60.5,112
2025-11-11 20:00:00,L54736,No Failure,Operational,0,300.3,311.4,1471,37.0,114
2025-11-11 21:00:00,M22417,No Failure,Operational,0,300.4,311.5,1750,27.3,116
2025-11-11 22:00:00,M22418,No Failure,Operational,0,300.3,311.4,1386,48.1,119
2025-11-11 23:00:00,M22419,No Failure,Operational,0,300.4,311.4,1355,56.2,122
2025-11-12 00:00:00,M22420,No Failure,Operational,0,300.3,311.3,1377,53.8,125
2025-11-12 01:00:00,L54741,No Failure,Operational,0,300.3,311.1,1388,49.4,128
2025-11-12 02:00:00,M22422,No Failure,Operational,0,300.3,311.1,1350,58.7,130
2025-11-12 03:00:00,M22423,No Failure,Operational,0,300.4,311.2,1831,23.4,133
2025-11-12 04:00:00,M22424,Power Failure,Maintenance Required,1,300.3,311.2,1381,65.2,136
2025-11-12 05:00:00,M22425,No Failure,Operational,0,300.3,311.2,1783,25.6,139
2025-11-12 06:00:00,L54746,No Failure,Operational,0,300.3,311.0,1613,34.7,142
2025-11-12 07:00:00,M22427,No Failure,Operational,0,300.2,311.0,2370,14.7,144
2025-11-12 08:00:00,L54748,No Failure,Operational,0,300.2,311.0,1627,33.7,147
2025-11-12 09:00:00,L54749,Power Failure,Maintenance Required,1,300.2,311.0,1255,71.8,149
2025-11-12 10:00:00,H36984,No Failure,Operational,0,300.2,311.0,1777,27.5,151
2025-11-12 11:00:00,L54751,No Failure,Operational,0,300.3,311.1,1606,30.9,156
2025-11-12 12:00:00,L54752,No Failure,Operational,0,300.3,311.1,1676,28.6,158
2025-11-12 13:00:00,L54753,No Failure,Operational,0,300.3,311.1,1605,37.1,160
2025-11-12 14:00:00,L54754,No Failure,Operational,0,300.4,311.1,1487,37.4,162
2025-11-12 15:00:00,L54755,No Failure,Operational,0,300.4,311.2,1471,46.5,164
2025-11-12 16:00:00,M22436,No Failure,Operational,0,300.3,311.1,1477,44.2,166
2025-11-12 17:00:00,L54757,No Failure,Operational,0,300.4,311.2,1530,32.0,169
2025-11-12 18:00:00,L54758,No Failure,Operational,0,300.4,311.2,1673,28.9,171
2025-11-12 19:00:00,L54759,No Failure,Operational,0,300.4,311.2,1436,56.8,173
2025-11-12 20:00:00,L54760,No Failure,Operational,0,300.4,311.3,1495,51.2,175
2025-11-12 21:00:00,M22441,No Failure,Operational,0,300.4,311.2,1366,56.1,177
2025-11-12 22:00:00,H36996,No Failure,Operational,0,300.4,311.2,1489,45.3,180
2025-11-12 23:00:00,L54763,No Failure,Operational,0,300.3,311.1,1480,46.6,185
2025-11-13 00:00:00,L54764,No Failure,Operational,0,300.4,311.2,1472,37.3,187
2025-11-13 01:00:00,L54765,No Failure,Operational,0,300.4,311.1,1397,50.8,189
2025-11-13 02:00:00,L54766,No Failure,Operational,0,300.4,311.1,1589,35.5,191
2025-11-13 03:00:00,L54767,No Failure,Operational,0,300.4,311.1,1405,54.1,193
2025-11-13 04:00:00,L54768,No Failure,Operational,0,300.4,311.1,2013,20.1,195
2025-11-13 05:00:00,L54769,No Failure,Operational,0,300.4,311.0,1802,26.0,197
2025-11-13 06:00:00,M22450,No Failure,Operational,0,300.4,311.0,1433,46.1,199
2025-11-13 07:00:00,M22451,Overstrain Failure,Maintenance Required,1,300.5,311.1,1296,61.3,202
2025-11-13 08:00:00,M22452,No Failure,Operational,0,300.5,311.2,1551,36.6,205
2025-11-13 09:00:00,L54773,Overstrain Failure,Maintenance Required,1,300.5,311.2,1270,67.5,208
2025-11-13 10:00:00,L54774,No Failure,Operational,0,300.6,311.3,1531,38.5,0
2025-11-13 11:00:00,H37009,No Failure,Operational,0,300.5,311.2,1397,45.2,2
2025-11-13 12:00:00,L54776,No Failure,Operational,0,300.5,311.1,1547,37.2,7
2025-11-13 13:00:00,L54777,No Failure,Operational,0,300.5,311.0,2074,18.9,9
2025-11-13 14:00:00,L54778,No Failure,Operational,0,300.5,311.1,1491,42.6,11
2025-11-13 15:00:00,L54779,No Failure,Operational,0,300.5,311.0,1759,28.3,13
2025-11-13 16:00:00,M22460,No Failure,Operational,0,300.4,311.0,1595,35.4,15
2025-11-13 17:00:00,L54781,No Failure,Operational,0,300.4,311.2,1351,62.0,18
2025-11-13 18:00:00,L54782,No Failure,Operational,0,300.4,311.2,1705,28.7,20
2025-11-13 19:00:00,L54783,No Failure,Operational,0,300.4,311.2,1406,43.6,22
2025-11-13 20:00:00,L54784,No Failure,Operational,0,300.4,311.3,1639,34.6,24
2025-11-13 21:00:00,H37019,No Failure,Operational,0,300.4,311.3,2026,20.3,26
2025-11-13 22:00:00,M22466,No Failure,Operational,0,300.4,311.3,1350,56.5,31
2025-11-13 23:00:00,M22467,No Failure,Operational,0,300.5,311.3,1468,41.1,34
2025-11-14 00:00:00,L54788,No Failure,Operational,0,300.5,311.4,1642,27.1,37
2025-11-14 01:00:00,L54789,No Failure,Operational,0,300.5,311.3,1490,41.8,39
2025-11-14 02:00:00,M22470,No Failure,Operational,0,300.5,311.3,1507,43.4,41
2025-11-14 03:00:00,L54791,No Failure,Operational,0,300.5,311.4,1611,32.7,44
2025-11-14 04:00:00,M22472,No Failure,Operational,0,300.5,311.4,1743,27.6,46
2025-11-14 05:00:00,L54793,No Failure,Operational,0,300.5,311.3,1475,46.3,49
2025-11-14 06:00:00,L54794,No Failure,Operational,0,300.5,311.4,1432,47.5,51
2025-11-14 07:00:00,L54795,No Failure,Operational,0,300.5,311.4,1442,47.0,53
2025-11-14 08:00:00,M22476,No Failure,Operational,0,300.6,311.4,1468,40.4,55
2025-11-14 09:00:00,L54797,No Failure,Operational,0,300.5,311.4,1556,45.3,58
2025-11-14 10:00:00,M22478,No Failure,Operational,0,300.5,311.4,1312,51.4,60
2025-11-14 11:00:00,L54799,No Failure,Operational,0,300.6,311.5,1459,47.0,63
2025-11-14 12:00:00,L54800,No Failure,Operational,0,300.5,311.5,1651,36.9,65
2025-11-14 13:00:00,L54801,No Failure,Operational,0,300.5,311.5,1490,38.4,67
2025-11-14 14:00:00,M22482,No Failure,Operational,0,300.6,311.6,1473,31.5,69
2025-11-14 15:00:00,L54803,No Failure,Operational,0,300.6,311.7,1734,29.9,72
2025-11-14 16:00:00,L54804,No Failure,Operational,0,300.6,311.7,1507,45.5,74
2025-11-14 17:00:00,L54805,No Failure,Operational,0,300.6,311.7,1556,34.9,76
2025-11-14 18:00:00,H37040,No Failure,Operational,0,300.5,311.6,1351,53.5,78
2025-11-14 19:00:00,L54807,No Failure,Operational,0,300.5,311.7,1445,44.8,83
2025-11-14 20:00:00,L54808,No Failure,Operational,0,300.5,311.7,1619,32.7,85
2025-11-14 21:00:00,M22489,No Failure,Operational,0,300.5,311.7,1269,64.0,87
2025-11-14 22:00:00,L54810,No Failure,Operational,0,300.5,311.6,1534,37.7,90
2025-11-14 23:00:00,L54811,No Failure,Operational,0,300.5,311.6,1444,49.3,92
2025-11-15 00:00:00,L54812,No Failure,Operational,0,300.5,311.6,1744,26.8,94
2025-11-15 01:00:00,L54813,No Failure,Operational,0,300.4,311.5,1441,44.6,96
2025-11-15 02:00:00,M22494,No Failure,Operational,0,300.3,311.3,1506,40.7,98
2025-11-15 03:00:00,L54815,No Failure,Operational,0,300.3,311.4,1526,38.5,101
2025-11-15 04:00:00,L54816,No Failure,Operational,0,300.4,311.5,1704,29.7,103
2025-11-15 05:00:00,H37051,No Failure,Operational,0,300.4,311.4,1445,52.4,105
2025-11-15 06:00:00,L54818,No Failure,Operational,0,300.5,311.5,1661,35.9,110
2025-11-15 07:00:00,L54819,No Failure,Operational,0,300.5,311.4,1466,41.8,112
2025-11-15 08:00:00,L54820,No Failure,Operational,0,300.4,311.3,1608,35.1,114
2025-11-15 09:00:00,M22501,No Failure,Operational,0,300.4,311.4,1352,57.3,116
2025-11-15 10:00:00,M22502,No Failure,Operational,0,300.4,311.4,1604,31.7,119
2025-11-15 11:00:00,H37057,No Failure,Operational,0,300.4,311.4,1427,50.7,122
2025-11-15 12:00:00,L54824,No Failure,Operational,0,300.4,311.4,1424,44.6,127
2025-11-15 13:00:00,L54825,No Failure,Operational,0,300.4,311.4,1662,29.3,129
2025-11-15 14:00:00,L54826,No Failure,Operational,0,300.4,311.4,1936,23.9,131
2025-11-15 15:00:00,L54827,No Failure,Operational,0,300.4,311.4,1728,31.7,133
2025-11-15 16:00:00,L54828,No Failure,Operational,0,300.4,311.4,1552,28.8,135
2025-11-15 17:00:00,H37063,No Failure,Operational,0,300.4,311.5,1662,29.0,137
2025-11-15 18:00:00,L54830,No Failure,Operational,0,300.3,311.4,1343,57.7,142
2025-11-15 19:00:00,M22511,No Failure,Operational,0,300.4,311.5,1476,32.6,144
2025-11-15 20:00:00,L54832,No Failure,Operational,0,300.3,311.4,1346,51.1,147
2025-11-15 21:00:00,L54833,No Failure,Operational,0,300.4,311.5,1492,44.6,149
2025-11-15 22:00:00,M22514,No Failure,Operational,0,300.3,311.5,1540,41.5,151
2025-11-15 23:00:00,L54835,No Failure,Operational,0,300.4,311.5,1596,32.5,154
2025-11-16 00:00:00,L54836,No Failure,Operational,0,300.5,311.6,1541,47.8,156
2025-11-16 01:00:00,L54837,No Failure,Operational,0,300.5,311.6,1661,30.0,158
2025-11-16 02:00:00,M22518,No Failure,Operational,0,300.4,311.6,1359,55.4,160
2025-11-16 03:00:00,L54839,No Failure,Operational,0,300.5,311.6,1528,42.4,163
2025-11-16 04:00:00,M22520,No Failure,Operational,0,300.5,311.6,1246,52.9,165
2025-11-16 05:00:00,L54841,No Failure,Operational,0,300.5,311.6,1575,32.5,168
2025-11-16 06:00:00,M22522,No Failure,Operational,0,300.5,311.6,1658,30.4,170
2025-11-16 07:00:00,L54843,No Failure,Operational,0,300.5,311.6,1385,54.8,173
2025-11-16 08:00:00,H37078,No Failure,Operational,0,300.5,311.7,1454,50.3,175
2025-11-16 09:00:00,L54845,No Failure,Operational,0,300.5,311.6,1497,40.5,180
2025-11-16 10:00:00,M22526,No Failure,Operational,0,300.6,311.7,1424,50.8,182
2025-11-16 11:00:00,L54847,No Failure,Operational,0,300.6,311.7,1528,43.9,185
2025-11-16 12:00:00,L54848,No Failure,Operational,0,300.6,311.8,1539,37.0,187
2025-11-16 13:00:00,L54849,Overstrain Failure,Maintenance Required,1,300.7,311.8,1336,58.4,189
2025-11-16 14:00:00,L54850,No Failure,Operational,0,300.5,311.6,1525,37.6,191
2025-11-16 15:00:00,M22531,No Failure,Operational,0,300.5,311.6,1456,51.1,193
2025-11-16 16:00:00,M22532,No Failure,Operational,0,300.5,311.7,2141,17.2,196
2025-11-16 17:00:00,M22533,No Failure,Operational,0,300.5,311.6,1476,39.1,199
2025-11-16 18:00:00,L54854,No Failure,Operational,0,300.5,311.6,1509,47.2,202
2025-11-16 19:00:00,L54855,No Failure,Operational,0,300.5,311.6,1447,45.4,204
2025-11-16 20:00:00,L54856,No Failure,Operational,0,300.6,311.7,1448,49.1,206
2025-11-16 21:00:00,L54857,No Failure,Operational,0,300.6,311.7,1428,52.6,208
2025-11-16 22:00:00,M22538,No Failure,Operational,0,300.6,311.7,1389,52.1,210
2025-11-16 23:00:00,L54859,No Failure,Operational,0,300.7,311.7,1635,32.4,213
2025-11-17 00:00:00,L54860,No Failure,Operational,0,300.7,311.7,1395,43.7,215
2025-11-17 01:00:00,L54861,No Failure,Operational,0,300.7,311.8,1443,43.7,217
2025-11-17 02:00:00,M22542,No Failure,Operational,0,300.7,311.7,1412,49.1,219
2025-11-17 03:00:00,L54863,No Failure,Operational,0,300.7,311.7,1524,43.5,222
2025-11-17 04:00:00,M22544,No Failure,Operational,0,300.7,311.8,1407,42.4,224
2025-11-17 05:00:00,L54865,No Failure,Operational,0,300.8,311.7,1397,43.5,227
2025-11-17 06:00:00,M22546,No Failure,Operational,0,300.7,311.7,1504,36.9,229
2025-11-17 07:00:00,M22547,Tool Wear Failure,Maintenance Required,1,300.7,311.7,2097,18.9,232
2025-11-17 08:00:00,L54868,No Failure,Operational,0,300.6,311.7,1553,39.8,0
2025-11-17 09:00:00,L54869,No Failure,Operational,0,300.6,311.7,1432,39.2,2
2025-11-17 10:00:00,M22550,No Failure,Operational,0,300.5,311.6,1577,36.5,4
2025-11-17 11:00:00,M22551,No Failure,Operational,0,300.5,311.5,1370,56.1,7
2025-11-17 12:00:00,H37106,No Failure,Operational,0,300.5,311.6,1506,36.2,10
2025-11-17 13:00:00,L54873,No Failure,Operational,0,300.6,311.6,1964,21.4,15
2025-11-17 14:00:00,H37108,No Failure,Operational,0,300.6,311.7,1500,36.7,17
2025-11-17 15:00:00,L54875,No Failure,Operational,0,300.6,311.7,1488,47.7,22
2025-11-17 16:00:00,H37110,No Failure,Operational,0,300.6,311.5,1282,60.2,24
2025-11-17 17:00:00,L54877,No Failure,Operational,0,300.5,311.4,1400,45.1,29
2025-11-17 18:00:00,L54878,No Failure,Operational,0,300.6,311.5,1419,38.6,31
2025-11-17 19:00:00,M22559,No Failure,Operational,0,300.7,311.5,1441,40.6,33
2025-11-17 20:00:00,M22560,No Failure,Operational,0,300.7,311.6,1348,62.5,36
2025-11-17 21:00:00,H37115,No Failure,Operational,0,300.8,311.7,1468,38.7,39
2025-11-17 22:00:00,M22562,No Failure,Operational,0,300.7,311.7,1701,30.8,44
2025-11-17 23:00:00,H37117,No Failure,Operational,0,300.7,311.7,1864,23.6,47
2025-11-18 00:00:00,M22564,No Failure,Operational,0,300.6,311.6,1630,31.8,52
2025-11-18 01:00:00,L54885,No Failure,Operational,0,300.5,311.5,1316,49.7,55
2025-11-18 02:00:00,L54886,No Failure,Operational,0,300.5,311.5,1708,31.2,57
2025-11-18 03:00:00,H37121,No Failure,Operational,0,300.5,311.4,1679,27.5,59
2025-11-18 04:00:00,L54888,No Failure,Operational,0,300.5,311.4,1709,32.3,64
2025-11-18 05:00:00,L54889,No Failure,Operational,0,300.5,311.4,1445,41.5,66
2025-11-18 06:00:00,M22570,No Failure,Operational,0,300.5,311.4,1390,51.9,68
2025-11-18 07:00:00,L54891,No Failure,Operational,0,300.4,311.4,1309,55.5,71
2025-11-18 08:00:00,L54892,No Failure,Operational,0,300.5,311.5,1499,37.6,73
2025-11-18 09:00:00,M22573,No Failure,Operational,0,300.5,311.4,2072,18.8,75
2025-11-18 10:00:00,L54894,No Failure,Operational,0,300.5,311.5,1487,43.0,78
2025-11-18 11:00:00,L54895,No Failure,Operational,0,300.5,311.5,1302,49.6,80
2025-11-18 12:00:00,M22576,No Failure,Operational,0,300.5,311.5,1378,48.2,82
2025-11-18 13:00:00,L54897,No Failure,Operational,0,300.5,311.6,1365,53.0,85
2025-11-18 14:00:00,H37132,No Failure,Operational,0,300.6,311.7,1427,44.6,87
2025-11-18 15:00:00,H37133,No Failure,Operational,0,300.6,311.7,1535,33.3,92
2025-11-18 16:00:00,H37134,No Failure,Operational,0,300.5,311.6,1476,41.7,97
2025-11-18 17:00:00,L54901,No Failure,Operational,0,300.5,311.6,1425,42.4,102
2025-11-18 18:00:00,L54902,No Failure,Operational,0,300.5,311.7,1409,54.7,104
2025-11-18 19:00:00,L54903,No Failure,Operational,0,300.5,311.6,1730,30.2,106
2025-11-18 20:00:00,M22584,No Failure,Operational,0,300.5,311.6,1454,41.4,108
2025-11-18 21:00:00,L54905,No Failure,Operational,0,300.6,311.7,1744,26.9,111
2025-11-18 22:00:00,M22586,No Failure,Operational,0,300.8,311.9,1761,29.0,113
2025-11-18 23:00:00,M22587,No Failure,Operational,0,300.7,311.9,1657,30.9,116
2025-11-19 00:00:00,L54908,No Failure,Operational,0,300.7,311.8,1420,47.0,119
2025-11-19 01:00:00,H37143,No Failure,Operational,0,300.7,311.9,1329,59.2,121
2025-11-19 02:00:00,L54910,No Failure,Operational,0,300.6,311.9,1472,44.2,126
2025-11-19 03:00:00,L54911,No Failure,Operational,0,300.6,312.0,1566,30.1,128
2025-11-19 04:00:00,L54912,No Failure,Operational,0,300.6,312.0,1430,42.7,130
2025-11-19 05:00:00,L54913,No Failure,Operational,0,300.6,312.0,1481,40.9,132
2025-11-19 06:00:00,L54914,No Failure,Operational,0,300.6,312.0,1670,29.4,134
2025-11-19 07:00:00,L54915,No Failure,Operational,0,300.6,312.0,1406,55.1,136
2025-11-19 08:00:00,H37150,No Failure,Operational,0,300.6,312.1,1354,46.9,138
2025-11-19 09:00:00,M22597,No Failure,Operational,0,300.5,312.0,1985,19.3,143
2025-11-19 10:00:00,M22598,No Failure,Operational,0,300.5,312.0,1263,60.8,146
2025-11-19 11:00:00,L54919,No Failure,Operational,0,300.5,311.9,1576,31.1,149
2025-11-19 12:00:00,L54920,No Failure,Operational,0,300.5,312.0,1453,45.1,151
2025-11-19 13:00:00,L54921,No Failure,Operational,0,300.5,312.0,1478,39.0,153
2025-11-19 14:00:00,M22602,No Failure,Operational,0,300.5,311.9,1323,57.9,155
2025-11-19 15:00:00,L54923,No Failure,Operational,0,300.5,311.9,1710,28.4,158
2025-11-19 16:00:00,L54924,No Failure,Operational,0,300.4,311.7,1314,59.5,160
2025-11-19 17:00:00,L54925,No Failure,Operational,0,300.4,311.7,1460,39.6,162
2025-11-19 18:00:00,M22606,No Failure,Operational,0,300.4,311.7,1508,45.4,164
2025-11-19 19:00:00,M22607,No Failure,Operational,0,300.5,311.8,1331,55.3,167
2025-11-19 20:00:00,L54928,No Failure,Operational,0,300.4,311.7,1515,47.4,170
2025-11-19 21:00:00,L54929,No Failure,Operational,0,300.4,311.6,1674,33.0,172
2025-11-19 22:00:00,L54930,No Failure,Operational,0,300.4,311.7,1444,51.2,174
2025-11-19 23:00:00,M22611,No Failure,Operational,0,300.4,311.7,1398,42.6,176
2025-11-20 00:00:00,M22612,No Failure,Operational,0,300.4,311.7,1832,24.2,179
2025-11-20 01:00:00,M22613,No Failure,Operational,0,300.5,311.8,1591,42.0,182
2025-11-20 02:00:00,M22614,No Failure,Operational,0,300.4,311.7,1478,39.9,185
2025-11-20 03:00:00,M22615,No Failure,Operational,0,300.4,311.8,1362,47.6,188
2025-11-20 04:00:00,L54936,Overstrain Failure,Maintenance Required,1,300.5,311.8,1368,57.9,191
2025-11-20 05:00:00,M22617,No Failure,Operational,0,300.3,311.7,1723,28.3,193
2025-11-20 06:00:00,L54938,No Failure,Operational,0,300.4,311.8,1689,30.8,196
2025-11-20 07:00:00,L54939,Overstrain Failure,Maintenance Required,1,300.4,311.8,1272,59.2,198
2025-11-20 08:00:00,M22620,No Failure,Operational,0,300.4,311.7,1511,33.0,200
2025-11-20 09:00:00,H37175,No Failure,Operational,0,300.4,311.6,1715,30.8,203
2025-11-20 10:00:00,M22622,No Failure,Operational,0,300.3,311.5,1400,43.8,0
2025-11-20 11:00:00,L54943,Power Failure,Maintenance Required,1,300.4,311.6,1200,76.6,3
2025-11-20 12:00:00,M22624,No Failure,Operational,0,300.4,311.7,1555,38.7,5
2025-11-20 13:00:00,H37179,No Failure,Operational,0,300.3,311.6,1427,56.2,8
2025-11-20 14:00:00,L54946,No Failure,Operational,0,300.3,311.4,1318,52.7,13
2025-11-20 15:00:00,H37181,No Failure,Operational,0,300.2,311.4,1319,54.6,15
2025-11-20 16:00:00,M22628,No Failure,Operational,0,300.2,311.4,1960,20.9,20
2025-11-20 17:00:00,L54949,No Failure,Operational,0,300.3,311.5,1552,38.9,23
2025-11-20 18:00:00,L54950,No Failure,Operational,0,300.3,311.5,1548,32.2,25
2025-11-20 19:00:00,L54951,No Failure,Operational,0,300.3,311.6,1709,29.5,27
2025-11-20 20:00:00,H37186,No Failure,Operational,0,300.3,311.5,1464,41.0,29
2025-11-20 21:00:00,L54953,No Failure,Operational,0,300.3,311.4,1759,24.8,34
2025-11-20 22:00:00,L54954,No Failure,Operational,0,300.3,311.5,1634,31.9,36
2025-11-20 23:00:00,L54955,No Failure,Operational,0,300.3,311.5,1663,33.6,38
2025-11-21 00:00:00,M22636,No Failure,Operational,0,300.3,311.5,1445,47.3,40
2025-11-21 01:00:00,L54957,No Failure,Operational,0,300.3,311.5,1695,25.6,43
2025-11-21 02:00:00,L54958,No Failure,Operational,0,300.4,311.6,1517,39.0,45
2025-11-21 03:00:00,L54959,No Failure,Operational,0,300.5,311.7,1811,26.8,47
2025-11-21 04:00:00,L54960,No Failure,Operational,0,300.4,311.6,1815,23.5,49
2025-11-21 05:00:00,L54961,No Failure,Operational,0,300.4,311.7,1513,40.0,51
2025-11-21 06:00:00,M22642,No Failure,Operational,0,300.4,311.6,1518,36.4,53
2025-11-21 07:00:00,L54963,No Failure,Operational,0,300.3,311.5,1667,28.8,56
2025-11-21 08:00:00,L54964,No Failure,Operational,0,300.3,311.5,1403,60.1,58
2025-11-21 09:00:00,L54965,No Failure,Operational,0,300.2,311.5,1383,42.1,60
2025-11-21 10:00:00,L54966,No Failure,Operational,0,300.3,311.5,1466,46.2,62
2025-11-21 11:00:00,L54967,No Failure,Operational,0,300.3,311.5,1378,47.5,64
2025-11-21 12:00:00,M22648,No Failure,Operational,0,300.2,311.5,1547,40.9,66
2025-11-21 13:00:00,L54969,No Failure,Operational,0,300.2,311.5,1495,38.5,69
2025-11-21 14:00:00,L54970,No Failure,Operational,0,300.1,311.4,1729,29.3,71
2025-11-21 15:00:00,L54971,No Failure,Operational,0,300.1,311.4,1418,47.7,73
2025-11-21 16:00:00,H37206,No Failure,Operational,0,300.1,311.4,1485,40.4,75
2025-11-21 17:00:00,L54973,No Failure,Operational,0,300.1,311.5,1434,40.8,80
2025-11-21 18:00:00,M22654,No Failure,Operational,0,300.2,311.6,1415,55.8,82
2025-11-21 19:00:00,H37209,No Failure,Operational,0,300.1,311.6,1674,29.6,85
2025-11-21 20:00:00,L54976,No Failure,Operational,0,300.1,311.5,1454,52.4,90
2025-11-21 21:00:00,L54977,No Failure,Operational,0,300.0,311.4,1476,39.0,92
2025-11-21 22:00:00,L54978,No Failure,Operational,0,300.0,311.5,1812,28.3,94
2025-11-21 23:00:00,L54979,No Failure,Operational,0,300.0,311.4,1374,41.9,96
2025-11-22 00:00:00,M22660,No Failure,Operational,0,300.1,311.4,1524,40.6,98
2025-11-22 01:00:00,L54981,No Failure,Operational,0,300.0,311.4,1383,49.6,101
2025-11-22 02:00:00,L54982,No Failure,Operational,0,299.9,311.3,1429,58.2,103
2025-11-22 03:00:00,M22663,No Failure,Operational,0,299.8,311.3,1517,41.2,105
2025-11-22 04:00:00,M22664,No Failure,Operational,0,299.9,311.4,1480,44.9,108
2025-11-22 05:00:00,L54985,No Failure,Operational,0,299.9,311.4,1706,28.8,111
2025-11-22 06:00:00,L54986,No Failure,Operational,0,300.0,311.5,1349,48.6,113
2025-11-22 07:00:00,M22667,No Failure,Operational,0,300.0,311.5,1451,49.0,115
2025-11-22 08:00:00,L54988,No Failure,Operational,0,299.9,311.4,1627,36.7,118
2025-11-22 09:00:00,M22669,No Failure,Operational,0,300.0,311.4,1537,35.4,120
2025-11-22 10:00:00,L54990,No Failure,Operational,0,300.1,311.5,2218,17.0,123
2025-11-22 11:00:00,M22671,No Failure,Operational,0,300.0,311.4,1466,39.0,125
2025-11-22 12:00:00,L54992,No Failure,Operational,0,300.0,311.5,1666,32.0,128
2025-11-22 13:00:00,L54993,No Failure,Operational,0,300.0,311.5,1455,41.7,130
2025-11-22 14:00:00,L54994,No Failure,Operational,0,300.0,311.4,1927,24.6,132
2025-11-22 15:00:00,M22675,No Failure,Operational,0,299.9,311.3,1703,28.4,134
2025-11-22 16:00:00,L54996,No Failure,Operational,0,299.8,311.2,1533,35.9,137
2025-11-22 17:00:00,H37231,No Failure,Operational,0,299.8,311.3,1785,25.4,139
2025-11-22 18:00:00,L54998,No Failure,Operational,0,299.8,311.2,2142,16.6,144
2025-11-22 19:00:00,L54999,No Failure,Operational,0,299.8,311.2,1369,46.2,146
2025-11-22 20:00:00,M22680,No Failure,Operational,0,299.8,311.2,1706,29.2,148
2025-11-22 21:00:00,L55001,No Failure,Operational,0,299.9,311.3,1802,24.4,151
2025-11-22 22:00:00,H37236,No Failure,Operational,0,299.9,311.3,1413,41.8,153
2025-11-22 23:00:00,L55003,No Failure,Operational,0,300.0,311.3,1484,53.2,158
2025-11-23 00:00:00,L55004,No Failure,Operational,0,299.9,311.3,1535,38.1,160
2025-11-23 01:00:00,M22685,No Failure,Operational,0,299.9,311.2,1579,35.5,162
2025-11-23 02:00:00,L55006,No Failure,Operational,0,299.8,311.1,1300,64.2,165
2025-11-23 03:00:00,M22687,No Failure,Operational,0,299.8,311.1,1452,44.3,167
2025-11-23 04:00:00,M22688,No Failure,Operational,0,299.8,311.1,1562,35.7,170
2025-11-23 05:00:00,L55009,No Failure,Operational,0,299.8,311.2,1664,28.3,173
2025-11-23 06:00:00,H37244,No Failure,Operational,0,299.9,311.2,1495,35.8,175
2025-11-23 07:00:00,M22691,No Failure,Operational,0,300.0,311.4,1533,42.6,180
2025-11-23 08:00:00,L55012,No Failure,Operational,0,300.0,311.4,1484,37.0,183
2025-11-23 09:00:00,L55013,No Failure,Operational,0,300.0,311.4,1604,38.7,185
2025-11-23 10:00:00,L55014,No Failure,Operational,0,300.0,311.4,1483,45.6,187
2025-11-23 11:00:00,L55015,No Failure,Operational,0,300.1,311.5,1549,34.7,189
2025-11-23 12:00:00,L55016,No Failure,Operational,0,300.1,311.4,1604,35.0,191
2025-11-23 13:00:00,L55017,No Failure,Operational,0,300.2,311.5,1685,31.0,193
2025-11-23 14:00:00,L55018,No Failure,Operational,0,300.2,311.6,1372,49.2,195
2025-11-23 15:00:00,L55019,No Failure,Operational,0,300.3,311.6,1374,47.4,197
2025-11-23 16:00:00,L55020,No Failure,Operational,0,300.2,311.6,1606,31.0,199
2025-11-23 17:00:00,L55021,No Failure,Operational,0,300.1,311.5,1471,47.2,201
2025-11-23 18:00:00,L55022,No Failure,Operational,0,300.1,311.5,1659,31.1,203
2025-11-23 19:00:00,M22703,No Failure,Operational,0,300.1,311.7,1400,48.5,205
2025-11-23 20:00:00,L55024,No Failure,Operational,0,300.1,311.7,1503,42.6,208
2025-11-23 21:00:00,L55025,No Failure,Operational,0,300.2,311.8,1798,23.2,210
2025-11-23 22:00:00,M22706,No Failure,Operational,0,300.2,311.6,1608,35.0,212
2025-11-23 23:00:00,L55027,No Failure,Operational,0,300.2,311.6,1322,50.9,215
2025-11-24 00:00:00,H37262,No Failure,Operational,0,300.2,311.6,1547,37.7,217
2025-11-24 01:00:00,M22709,Tool Wear Failure,Maintenance Required,1,300.3,311.7,1374,47.9,222
2025-11-24 02:00:00,M22710,No Failure,Operational,0,300.3,311.7,1447,36.8,0
2025-11-24 03:00:00,L55031,No Failure,Operational,0,300.4,311.7,1373,47.2,3
2025-11-24 04:00:00,L55032,No Failure,Operational,0,300.3,311.7,1515,37.5,5
2025-11-24 05:00:00,L55033,No Failure,Operational,0,300.3,311.7,1317,56.5,7
2025-11-24 06:00:00,L55034,No Failure,Operational,0,300.3,311.8,1551,37.2,9
2025-11-24 07:00:00,M22715,No Failure,Operational,0,300.3,311.8,1592,32.1,11
2025-11-24 08:00:00,L55036,No Failure,Operational,0,300.4,311.8,1433,42.2,14
2025-11-24 09:00:00,L55037,No Failure,Operational,0,300.5,311.9,1432,43.1,16
2025-11-24 10:00:00,L55038,No Failure,Operational,0,300.5,311.9,1350,51.7,18
2025-11-24 11:00:00,M22719,No Failure,Operational,0,300.5,311.9,1370,44.8,20
2025-11-24 12:00:00,L55040,No Failure,Operational,0,300.5,312.0,1415,44.6,23
2025-11-24 13:00:00,L55041,No Failure,Operational,0,300.5,312.0,1498,42.9,25
2025-11-24 14:00:00,M22722,No Failure,Operational,0,300.5,312.0,1382,54.1,27
2025-11-24 15:00:00,M22723,No Failure,Operational,0,300.5,311.9,1511,44.5,30
2025-11-24 16:00:00,L55044,No Failure,Operational,0,300.5,311.9,1330,59.5,33
2025-11-24 17:00:00,L55045,No Failure,Operational,0,300.5,311.9,1383,50.5,35
2025-11-24 18:00:00,L55046,No Failure,Operational,0,300.5,311.9,1431,49.4,37
2025-11-24 19:00:00,L55047,No Failure,Operational,0,300.5,312.0,1461,38.1,39
2025-11-24 20:00:00,H37282,Random Failure,Operational,0,300.4,311.9,1438,46.7,41
2025-11-24 21:00:00,M22729,No Failure,Operational,0,300.5,312.0,1779,27.7,46
2025-11-24 22:00:00,M22730,No Failure,Operational,0,300.6,312.1,1293,52.3,49
2025-11-24 23:00:00,L55051,No Failure,Operational,0,300.6,312.2,1308,54.7,52
2025-11-25 00:00:00,L55052,No Failure,Operational,0,300.6,312.3,1532,37.2,54
2025-11-25 01:00:00,L55053,No Failure,Operational,0,300.7,312.4,1470,38.6,56
2025-11-25 02:00:00,L55054,No Failure,Operational,0,300.7,312.3,1548,37.9,58
2025-11-25 03:00:00,L55055,No Failure,Operational,0,300.7,312.3,1898,24.0,60
2025-11-25 04:00:00,H37290,No Failure,Operational,0,300.7,312.2,1335,49.0,62
2025-11-25 05:00:00,L55057,No Failure,Operational,0,300.7,312.3,1420,53.8,67
2025-11-25 06:00:00,L55058,No Failure,Operational,0,300.7,312.3,1418,49.0,69
2025-11-25 07:00:00,M22739,No Failure,Operational,0,300.8,312.3,1535,40.3,71
2025-11-25 08:00:00,H37294,No Failure,Operational,0,300.7,312.4,1457,47.2,74
2025-11-25 09:00:00,L55061,No Failure,Operational,0,300.8,312.4,1493,39.1,79
2025-11-25 10:00:00,H37296,No Failure,Operational,0,300.7,312.3,1670,27.3,81
2025-11-25 11:00:00,H37297,No Failure,Operational,0,300.7,312.3,1446,45.4,86
2025-11-25 12:00:00,L55064,Power Failure,Maintenance Required,1,300.8,312.4,1465,59.1,91
2025-11-25 13:00:00,L55065,No Failure,Operational,0,300.7,312.3,1590,36.3,93
2025-11-25 14:00:00,M22746,No Failure,Operational,0,300.6,312.2,2174,18.5,95
2025-11-25 15:00:00,L55067,No Failure,Operational,0,300.7,312.4,1590,37.9,98
2025-11-25 16:00:00,L55068,No Failure,Operational,0,300.7,312.3,1577,33.2,100
2025-11-25 17:00:00,M22749,No Failure,Operational,0,300.7,312.4,1371,61.7,102
2025-11-25 18:00:00,L55070,No Failure,Operational,0,300.8,312.4,1767,25.6,105
2025-11-25 19:00:00,L55071,No Failure,Operational,0,300.8,312.5,1517,39.2,107
2025-11-25 20:00:00,M22752,No Failure,Operational,0,300.9,312.6,1555,40.6,109
2025-11-25 21:00:00,L55073,No Failure,Operational,0,300.9,312.7,1416,43.8,112
2025-11-25 22:00:00,M22754,No Failure,Operational,0,300.8,312.6,1588,35.6,114
2025-11-25 23:00:00,L55075,No Failure,Operational,0,300.8,312.6,1422,50.0,117
2025-11-26 00:00:00,L55076,No Failure,Operational,0,300.8,312.6,1376,53.6,119
2025-11-26 01:00:00,L55077,No Failure,Operational,0,300.8,312.5,1434,50.7,121
2025-11-26 02:00:00,L55078,No Failure,Operational,0,300.8,312.5,1423,47.3,123
2025-11-26 03:00:00,L55079,No Failure,Operational,0,300.9,312.4,1364,52.5,125
2025-11-26 04:00:00,L55080,No Failure,Operational,0,300.8,312.4,1825,23.8,127
2025-11-26 05:00:00,L55081,No Failure,Operational,0,300.8,312.4,1365,44.5,129
2025-11-26 06:00:00,M22762,No Failure,Operational,0,300.7,312.3,1430,47.2,131
2025-11-26 07:00:00,L55083,No Failure,Operational,0,300.8,312.3,1435,44.8,134
2025-11-26 08:00:00,M22764,No Failure,Operational,0,300.8,312.4,1811,25.1,136
2025-11-26 09:00:00,M22765,No Failure,Operational,0,300.8,312.4,1465,43.7,139
2025-11-26 10:00:00,L55086,No Failure,Operational,0,300.9,312.4,1372,51.0,142
2025-11-26 11:00:00,L55087,No Failure,Operational,0,300.8,312.3,1858,26.3,144
2025-11-26 12:00:00,L55088,No Failure,Operational,0,300.7,312.3,1715,26.8,146
2025-11-26 13:00:00,L55089,No Failure,Operational,0,300.7,312.2,1590,38.5,148
2025-11-26 14:00:00,M22770,No Failure,Operational,0,300.8,312.2,1664,25.7,150
2025-11-26 15:00:00,L55091,No Failure,Operational,0,300.7,312.1,1512,36.9,153
2025-11-26 16:00:00,L55092,No Failure,Operational,0,300.7,312.1,1498,44.0,155
2025-11-26 17:00:00,L55093,No Failure,Operational,0,300.7,312.1,1395,41.9,157
2025-11-26 18:00:00,H37328,No Failure,Operational,0,300.7,312.1,1490,43.1,159
2025-11-26 19:00:00,H37329,No Failure,Operational,0,300.8,312.1,1527,35.1,164
2025-11-26 20:00:00,L55096,No Failure,Operational,0,300.8,312.1,1512,37.1,169
2025-11-26 21:00:00,L55097,No Failure,Operational,0,300.9,312.1,1474,42.4,171
2025-11-26 22:00:00,L55098,No Failure,Operational,0,300.8,312.1,1505,41.3,173
2025-11-26 23:00:00,L55099,No Failure,Operational,0,300.8,312.0,1496,40.0,175
2025-11-27 00:00:00,L55100,No Failure,Operational,0,300.8,312.0,1382,49.3,177
2025-11-27 01:00:00,L55101,No Failure,Operational,0,300.7,311.9,1419,47.7,179
2025-11-27 02:00:00,L55102,No Failure,Operational,0,300.7,311.9,1462,39.7,181
2025-11-27 03:00:00,M22783,No Failure,Operational,0,300.8,312.0,1450,45.0,183
2025-11-27 04:00:00,H37338,No Failure,Operational,0,300.7,311.9,1389,46.5,186
2025-11-27 05:00:00,M22785,No Failure,Operational,0,300.7,311.9,1697,28.2,191
2025-11-27 06:00:00,L55106,Overstrain Failure,Maintenance Required,1,300.7,311.9,1335,57.1,194
2025-11-27 07:00:00,L55107,No Failure,Operational,0,300.7,311.9,1476,42.0,196
2025-11-27 08:00:00,L55108,No Failure,Operational,0,300.6,311.7,1497,43.6,198
2025-11-27 09:00:00,M22789,No Failure,Operational,0,300.6,311.6,1669,29.2,200
2025-11-27 10:00:00,L55110,No Failure,Operational,0,300.6,311.6,1455,48.0,203
2025-11-27 11:00:00,L55111,No Failure,Operational,0,300.7,311.7,1499,38.4,205
2025-11-27 12:00:00,L55112,No Failure,Operational,0,300.7,311.8,1478,41.9,207
2025-11-27 13:00:00,L55113,No Failure,Operational,0,300.8,311.8,1928,21.8,209
2025-11-27 14:00:00,M22794,No Failure,Operational,0,300.8,311.9,1621,28.3,211
2025-11-27 15:00:00,M22795,No Failure,Operational,0,300.8,311.9,1356,44.3,214
2025-11-27 16:00:00,L55116,No Failure,Operational,0,300.8,311.7,1490,46.4,217
2025-11-27 17:00:00,L55117,No Failure,Operational,0,300.8,311.7,1578,31.4,219
2025-11-27 18:00:00,L55118,No Failure,Operational,0,300.8,311.7,1681,31.3,221
2025-11-27 19:00:00,L55119,No Failure,Operational,0,300.8,311.8,1417,43.4,223
2025-11-27 20:00:00,M22800,No Failure,Operational,0,300.7,311.7,1532,40.0,0
2025-11-27 21:00:00,M22801,No Failure,Operational,0,300.7,311.7,1499,38.9,3
2025-11-27 22:00:00,L55122,No Failure,Operational,0,300.8,311.7,1432,45.8,6
2025-11-27 23:00:00,L55123,No Failure,Operational,0,300.8,311.7,1753,29.0,8
2025-11-28 00:00:00,L55124,No Failure,Operational,0,300.8,311.7,1414,49.0,10
2025-11-28 01:00:00,L55125,No Failure,Operational,0,300.8,311.7,1655,32.2,12
2025-11-28 02:00:00,L55126,No Failure,Operational,0,300.8,311.6,1516,35.6,14
2025-11-28 03:00:00,L55127,No Failure,Operational,0,300.8,311.7,1426,45.5,16
2025-11-28 04:00:00,L55128,No Failure,Operational,0,300.8,311.7,1479,39.4,18
2025-11-28 05:00:00,M22809,No Failure,Operational,0,300.7,311.5,1569,36.4,20
2025-11-28 06:00:00,L55130,No Failure,Operational,0,300.8,311.6,1568,36.0,23
2025-11-28 07:00:00,M22811,No Failure,Operational,0,300.9,311.8,1843,24.5,25
2025-11-28 08:00:00,M22812,No Failure,Operational,0,300.9,311.9,1480,40.9,28
2025-11-28 09:00:00,L55133,No Failure,Operational,0,301.0,312.0,1447,36.8,31
2025-11-28 10:00:00,L55134,No Failure,Operational,0,301.0,311.9,1454,41.9,33
2025-11-28 11:00:00,M22815,No Failure,Operational,0,300.9,311.9,1310,56.1,35
2025-11-28 12:00:00,H37370,No Failure,Operational,0,300.9,311.9,1513,38.0,38
2025-11-28 13:00:00,H37371,No Failure,Operational,0,300.9,311.9,2140,16.5,43
2025-11-28 14:00:00,L55138,No Failure,Operational,0,301.0,312.1,1377,49.9,48
2025-11-28 15:00:00,L55139,No Failure,Operational,0,301.0,312.1,1585,32.3,50
2025-11-28 16:00:00,H37374,No Failure,Operational,0,301.1,312.2,1491,42.6,52
2025-11-28 17:00:00,L55141,No Failure,Operational,0,301.0,312.2,1264,59.0,57
2025-11-28 18:00:00,L55142,No Failure,Operational,0,301.0,312.2,1372,47.0,59
2025-11-28 19:00:00,L55143,No Failure,Operational,0,301.0,312.2,1510,39.9,61
2025-11-28 20:00:00,L55144,No Failure,Operational,0,300.9,312.1,1423,40.2,63
2025-11-28 21:00:00,L55145,No Failure,Operational,0,301.1,312.3,1464,35.3,65
2025-11-28 22:00:00,L55146,No Failure,Operational,0,301.0,312.2,1602,35.9,67
2025-11-28 23:00:00,M22827,No Failure,Operational,0,301.0,312.2,1629,32.6,69
2025-11-29 00:00:00,L55148,No Failure,Operational,0,300.9,312.2,1811,23.2,72
2025-11-29 01:00:00,L55149,No Failure,Operational,0,300.9,312.1,1711,28.8,74
2025-11-29 02:00:00,M22830,No Failure,Operational,0,300.9,312.1,1297,48.6,76
2025-11-29 03:00:00,L55151,No Failure,Operational,0,301.0,312.1,1405,46.1,79
2025-11-29 04:00:00,L55152,No Failure,Operational,0,301.1,312.2,1397,54.9,81
2025-11-29 05:00:00,L55153,No Failure,Operational,0,301.1,312.3,1682,29.7,83
2025-11-29 06:00:00,L55154,No Failure,Operational,0,301.2,312.3,1528,38.4,85
2025-11-29 07:00:00,M22835,No Failure,Operational,0,301.2,312.3,1548,38.3,87
2025-11-29 08:00:00,H37390,No Failure,Operational,0,301.2,312.4,1395,47.8,90
2025-11-29 09:00:00,L55157,No Failure,Operational,0,301.2,312.4,1378,59.0,95
2025-11-29 10:00:00,L55158,No Failure,Operational,0,301.2,312.4,1480,53.5,97
2025-11-29 11:00:00,M22839,No Failure,Operational,0,301.2,312.4,1428,36.6,99
2025-11-29 12:00:00,M22840,No Failure,Operational,0,301.2,312.4,1505,39.6,102
2025-11-29 13:00:00,L55161,No Failure,Operational,0,301.0,312.3,1445,36.4,105
2025-11-29 14:00:00,L55162,No Failure,Operational,0,301.0,312.3,1488,42.6,107
2025-11-29 15:00:00,L55163,No Failure,Operational,0,301.0,312.2,1601,33.0,109
2025-11-29 16:00:00,L55164,No Failure,Operational,0,301.0,312.3,1550,34.9,111
2025-11-29 17:00:00,L55165,No Failure,Operational,0,301.0,312.2,1540,34.1,113
2025-11-29 18:00:00,L55166,No Failure,Operational,0,301.1,312.3,1587,34.5,115
2025-11-29 19:00:00,H37401,No Failure,Operational,0,301.0,312.2,1489,40.3,117
2025-11-29 20:00:00,L55168,No Failure,Operational,0,301.1,312.3,1486,34.9,122
2025-11-29 21:00:00,L55169,No Failure,Operational,0,301.1,312.4,1430,37.9,124
2025-11-29 22:00:00,M22850,No Failure,Operational,0,301.1,312.4,1809,25.1,126
2025-11-29 23:00:00,L55171,No Failure,Operational,0,301.1,312.3,1534,39.0,129
2025-11-30 00:00:00,M22852,No Failure,Operational,0,301.1,312.3,1852,25.9,131
2025-11-30 01:00:00,L55173,No Failure,Operational,0,301.1,312.3,1595,31.9,134
2025-11-30 02:00:00,L55174,No Failure,Operational,0,301.0,312.3,1424,43.5,136
2025-11-30 03:00:00,L55175,No Failure,Operational,0,301.0,312.2,1776,28.8,138
2025-11-30 04:00:00,M22856,No Failure,Operational,0,301.0,312.2,1499,41.5,140
2025-11-30 05:00:00,M22857,Power Failure,Maintenance Required,1,301.0,312.2,2710,9.7,143
2025-11-30 06:00:00,L55178,No Failure,Operational,0,300.9,312.1,1359,51.7,146
2025-11-30 07:00:00,M22859,No Failure,Operational,0,300.9,312.1,1617,31.0,148
2025-11-30 08:00:00,M22860,No Failure,Operational,0,300.8,312.0,1443,53.3,151
2025-11-30 09:00:00,L55181,No Failure,Operational,0,300.8,312.0,1374,50.2,154
2025-11-30 10:00:00,M22862,No Failure,Operational,0,300.9,312.1,1851,23.0,156
2025-11-30 11:00:00,M22863,No Failure,Operational,0,300.8,312.0,1274,67.3,159
2025-11-30 12:00:00,L55184,No Failure,Operational,0,300.9,312.0,1533,44.0,162
2025-11-30 13:00:00,L55185,No Failure,Operational,0,300.8,312.0,1477,37.3,164
2025-11-30 14:00:00,L55186,No Failure,Operational,0,300.9,312.1,1462,46.0,166
2025-11-30 15:00:00,M22867,No Failure,Operational,0,301.0,312.1,1664,28.4,168
2025-11-30 16:00:00,L55188,No Failure,Operational,0,300.8,311.9,1414,41.1,171
2025-11-30 17:00:00,H37423,No Failure,Operational,0,300.9,312.0,2129,17.8,173
2025-11-30 18:00:00,L55190,No Failure,Operational,0,300.8,311.8,1323,61.1,178
2025-11-30 19:00:00,L55191,No Failure,Operational,0,300.8,311.8,1427,43.3,180
2025-11-30 20:00:00,M22872,No Failure,Operational,0,300.9,312.0,1375,56.1,182
2025-11-30 21:00:00,M22873,No Failure,Operational,0,300.9,312.0,1402,50.7,185
2025-11-30 22:00:00,L55194,No Failure,Operational,0,300.9,312.0,1500,44.2,188
2025-11-30 23:00:00,M22875,No Failure,Operational,0,301.0,312.0,1558,37.5,190
2025-12-01 00:00:00,M22876,No Failure,Operational,0,300.9,312.0,1447,41.4,193
2025-12-01 01:00:00,L55197,No Failure,Operational,0,301.0,312.0,1518,39.3,196
2025-12-01 02:00:00,L55198,No Failure,Operational,0,301.0,311.9,1889,23.5,198
2025-12-01 03:00:00,L55199,No Failure,Operational,0,301.0,312.1,1675,30.7,200
2025-12-01 04:00:00,H37434,No Failure,Operational,0,300.9,312.0,1720,27.9,202
2025-12-01 05:00:00,M22881,No Failure,Operational,0,301.0,312.0,1499,34.6,207
2025-12-01 06:00:00,L55202,No Failure,Operational,0,300.9,312.0,1441,43.8,210
2025-12-01 07:00:00,H37437,No Failure,Operational,0,300.9,312.0,1397,42.7,212
2025-12-01 08:00:00,L55204,No Failure,Operational,0,300.9,312.0,1493,38.7,217
2025-12-01 09:00:00,M22885,No Failure,Operational,0,300.8,312.0,1422,50.7,219
2025-12-01 10:00:00,L55206,Overstrain Failure,Maintenance Required,1,300.7,311.9,1399,50.2,222
2025-12-01 11:00:00,L55207,No Failure,Operational,0,300.6,311.9,1425,44.9,224
2025-12-01 12:00:00,L55208,No Failure,Operational,0,300.6,311.8,1501,44.8,226
2025-12-01 13:00:00,M22889,No Failure,Operational,0,300.6,311.9,1629,35.3,0
2025-12-01 14:00:00,L55210,No Failure,Operational,0,300.6,312.0,1490,42.2,3
2025-12-01 15:00:00,L55211,No Failure,Operational,0,300.7,312.0,1550,32.4,5
2025-12-01 16:00:00,L55212,No Failure,Operational,0,300.8,312.0,1416,46.5,7
2025-12-01 17:00:00,L55213,No Failure,Operational,0,300.7,311.9,1485,38.8,9
2025-12-01 18:00:00,L55214,No Failure,Operational,0,300.7,311.8,1564,36.8,11
2025-12-01 19:00:00,L55215,No Failure,Operational,0,300.7,311.7,1910,19.7,13
2025-12-01 20:00:00,L55216,No Failure,Operational,0,300.7,311.7,1460,46.1,15
2025-12-01 21:00:00,L55217,No Failure,Operational,0,300.7,311.8,1603,34.1,17
2025-12-01 22:00:00,L55218,No Failure,Operational,0,300.7,311.8,1486,47.3,19
2025-12-01 23:00:00,L55219,No Failure,Operational,0,300.8,311.9,1560,31.8,21
2025-12-02 00:00:00,L55220,No Failure,Operational,0,300.8,311.9,1498,39.3,23
2025-12-02 01:00:00,H37455,No Failure,Operational,0,300.8,311.9,1431,48.5,25
2025-12-02 02:00:00,L55222,No Failure,Operational,0,300.8,311.9,1486,45.1,30
2025-12-02 03:00:00,L55223,No Failure,Operational,0,300.7,311.9,1486,35.8,32
2025-12-02 04:00:00,L55224,No Failure,Operational,0,300.7,311.8,1441,38.1,34
2025-12-02 05:00:00,M22905,No Failure,Operational,0,300.7,311.9,1366,55.1,36
2025-12-02 06:00:00,L55226,No Failure,Operational,0,300.6,311.8,1471,41.4,39
2025-12-02 07:00:00,L55227,No Failure,Operational,0,300.6,311.9,1463,38.2,41
2025-12-02 08:00:00,L55228,No Failure,Operational,0,300.6,311.9,1413,41.3,43
2025-12-02 09:00:00,H37463,No Failure,Operational,0,300.6,311.9,1604,30.5,45
2025-12-02 10:00:00,L55230,No Failure,Operational,0,300.7,312.0,1401,51.1,50
2025-12-02 11:00:00,L55231,No Failure,Operational,0,300.6,311.8,1652,27.2,52
2025-12-02 12:00:00,L55232,No Failure,Operational,0,300.5,311.9,1403,45.7,54
2025-12-02 13:00:00,L55233,No Failure,Operational,0,300.5,311.9,1887,21.7,56
2025-12-02 14:00:00,L55234,No Failure,Operational,0,300.4,311.8,1405,47.9,58
2025-12-02 15:00:00,H37469,No Failure,Operational,0,300.2,311.6,1496,41.1,60
2025-12-02 16:00:00,L55236,No Failure,Operational,0,300.1,311.5,1499,43.4,65
2025-12-02 17:00:00,L55237,No Failure,Operational,0,300.2,311.5,1549,37.2,67
2025-12-02 18:00:00,L55238,No Failure,Operational,0,300.3,311.6,1515,44.9,69
2025-12-02 19:00:00,L55239,No Failure,Operational,0,300.2,311.6,1540,37.7,71
2025-12-02 20:00:00,H37474,No Failure,Operational,0,300.2,311.5,1426,44.3,73
2025-12-02 21:00:00,M22921,No Failure,Operational,0,300.2,311.6,1465,41.4,78
2025-12-02 22:00:00,M22922,No Failure,Operational,0,300.3,311.6,1359,54.1,81
2025-12-02 23:00:00,M22923,No Failure,Operational,0,300.3,311.7,1551,36.4,84
2025-12-03 00:00:00,L55244,No Failure,Operational,0,300.5,311.8,1596,34.8,87
2025-12-03 01:00:00,M22925,No Failure,Operational,0,300.5,311.9,1670,26.3,89
2025-12-03 02:00:00,L55246,No Failure,Operational,0,300.4,311.9,1868,21.3,92
2025-12-03 03:00:00,M22927,No Failure,Operational,0,300.6,312.0,1490,39.8,94
2025-12-03 04:00:00,M22928,No Failure,Operational,0,300.5,311.9,1676,35.2,97
2025-12-03 05:00:00,M22929,No Failure,Operational,0,300.5,311.9,1875,22.1,100
2025-12-03 06:00:00,M22930,No Failure,Operational,0,300.5,312.0,1867,23.0,103
2025-12-03 07:00:00,L55251,No Failure,Operational,0,300.5,312.0,1646,29.5,106
2025-12-03 08:00:00,H37486,No Failure,Operational,0,300.5,312.0,1375,43.2,108
2025-12-03 09:00:00,L55253,No Failure,Operational,0,300.5,312.0,1558,36.7,113
2025-12-03 10:00:00,L55254,No Failure,Operational,0,300.4,312.0,1631,34.9,115
2025-12-03 11:00:00,L55255,No Failure,Operational,0,300.4,312.0,1366,43.0,117
2025-12-03 12:00:00,L55256,No Failure,Operational,0,300.3,311.8,1360,48.0,119
2025-12-03 13:00:00,L55257,No Failure,Operational,0,300.3,311.8,1547,39.7,121
2025-12-03 14:00:00,L55258,No Failure,Operational,0,300.3,311.7,1571,31.2,123
2025-12-03 15:00:00,L55259,No Failure,Operational,0,300.2,311.5,1528,36.1,125
2025-12-03 16:00:00,H37494,No Failure,Operational,0,300.2,311.5,1432,43.6,127
2025-12-03 17:00:00,L55261,No Failure,Operational,0,300.2,311.6,1356,53.5,132
2025-12-03 18:00:00,H37496,No Failure,Operational,0,300.1,311.5,1422,46.2,134
2025-12-03 19:00:00,L55263,No Failure,Operational,0,300.1,311.4,1438,42.2,139
2025-12-03 20:00:00,L55264,No Failure,Operational,0,300.2,311.4,1483,44.4,141
2025-12-03 21:00:00,L55265,No Failure,Operational,0,300.2,311.4,1331,49.8,143
2025-12-03 22:00:00,L55266,No Failure,Operational,0,300.2,311.4,1463,37.5,145
2025-12-03 23:00:00,L55267,No Failure,Operational,0,300.1,311.4,1446,40.6,147
2025-12-04 00:00:00,L55268,No Failure,Operational,0,300.1,311.4,1356,45.7,149
2025-12-04 01:00:00,L55269,No Failure,Operational,0,300.1,311.3,1676,30.3,151
2025-12-04 02:00:00,L55270,No Failure,Operational,0,300.1,311.4,1910,23.0,153
2025-12-04 03:00:00,L55271,No Failure,Operational,0,300.2,311.6,1375,56.9,155
2025-12-04 04:00:00,M22952,No Failure,Operational,0,300.2,311.6,1513,40.8,157
2025-12-04 05:00:00,L55273,No Failure,Operational,0,300.2,311.6,1511,35.7,160
2025-12-04 06:00:00,H37508,No Failure,Operational,0,300.2,311.6,1662,28.8,162
2025-12-04 07:00:00,L55275,No Failure,Operational,0,300.2,311.7,1493,48.3,167
2025-12-04 08:00:00,M22956,No Failure,Operational,0,300.2,311.7,1555,37.4,169
2025-12-04 09:00:00,L55277,No Failure,Operational,0,300.3,311.7,1452,41.5,172
2025-12-04 10:00:00,L55278,No Failure,Operational,0,300.2,311.6,1500,39.0,174
2025-12-04 11:00:00,L55279,No Failure,Operational,0,300.2,311.7,1603,30.5,176
2025-12-04 12:00:00,L55280,No Failure,Operational,0,300.3,311.7,1682,27.8,178
2025-12-04 13:00:00,L55281,No Failure,Operational,0,300.3,311.8,1567,37.7,180
2025-12-04 14:00:00,L55282,No Failure,Operational,0,300.3,311.8,1413,46.0,182
2025-12-04 15:00:00,M22963,No Failure,Operational,0,300.3,311.9,1429,41.6,184
2025-12-04 16:00:00,L55284,No Failure,Operational,0,300.3,311.9,1692,31.5,187
2025-12-04 17:00:00,L55285,No Failure,Operational,0,300.4,311.9,1476,48.7,189
2025-12-04 18:00:00,M22966,No Failure,Operational,0,300.4,312.0,1596,30.4,191
2025-12-04 19:00:00,H37521,No Failure,Operational,0,300.3,311.9,1390,49.0,194
2025-12-04 20:00:00,M22968,No Failure,Operational,0,300.3,311.8,1607,33.7,199
2025-12-04 21:00:00,L55289,No Failure,Operational,0,300.3,311.7,1821,26.3,202
2025-12-04 22:00:00,H37524,No Failure,Operational,0,300.3,311.8,2141,18.5,204
2025-12-04 23:00:00,M22971,Tool Wear Failure,Maintenance Required,1,300.4,311.8,1553,33.1,209
2025-12-05 00:00:00,M22972,No Failure,Operational,0,300.4,311.8,1442,45.1,0
2025-12-05 01:00:00,L55293,No Failure,Operational,0,300.4,311.7,1459,45.6,3
2025-12-05 02:00:00,H37528,No Failure,Operational,0,300.4,311.8,2496,13.5,5
2025-12-05 03:00:00,L55295,No Failure,Operational,0,300.4,311.8,1367,57.2,10
2025-12-05 04:00:00,L55296,No Failure,Operational,0,300.3,311.8,2004,19.6,12
2025-12-05 05:00:00,L55297,No Failure,Operational,0,300.3,311.7,1406,47.5,14
2025-12-05 06:00:00,L55298,No Failure,Operational,0,300.3,311.8,1548,33.0,16
2025-12-05 07:00:00,L55299,No Failure,Operational,0,300.3,311.7,1333,55.2,18
2025-12-05 08:00:00,L55300,No Failure,Operational,0,300.2,311.6,1767,26.4,20
2025-12-05 09:00:00,L55301,No Failure,Operational,0,300.2,311.6,1827,27.0,22
2025-12-05 10:00:00,M22982,No Failure,Operational,0,300.2,311.6,1533,46.4,24
2025-12-05 11:00:00,H37537,No Failure,Operational,0,300.2,311.5,1515,36.8,27
2025-12-05 12:00:00,L55304,No Failure,Operational,0,300.2,311.4,1568,41.0,32
2025-12-05 13:00:00,L55305,No Failure,Operational,0,300.2,311.4,1452,47.8,34
2025-12-05 14:00:00,L55306,No Failure,Operational,0,300.2,311.4,1433,37.9,36
2025-12-05 15:00:00,M22987,No Failure,Operational,0,300.1,311.3,1650,33.8,38
2025-12-05 16:00:00,L55308,No Failure,Operational,0,300.1,311.4,1629,31.3,41
2025-12-05 17:00:00,L55309,No Failure,Operational,0,300.0,311.3,1520,39.2,43
2025-12-05 18:00:00,H37544,No Failure,Operational,0,300.0,311.2,1393,43.1,45
2025-12-05 19:00:00,H37545,No Failure,Operational,0,299.9,311.2,1364,49.6,50
2025-12-05 20:00:00,M22992,No Failure,Operational,0,299.9,311.3,1389,50.0,55
2025-12-05 21:00:00,L55313,No Failure,Operational,0,299.8,311.1,1466,46.1,58
2025-12-05 22:00:00,L55314,No Failure,Operational,0,299.7,311.1,1650,32.4,60
2025-12-05 23:00:00,L55315,No Failure,Operational,0,299.6,311.0,1554,36.3,62
2025-12-06 00:00:00,M22996,No Failure,Operational,0,299.6,310.9,1474,39.7,64
2025-12-06 01:00:00,H37551,No Failure,Operational,0,299.5,310.8,1600,32.4,67
2025-12-06 02:00:00,L55318,No Failure,Operational,0,299.5,310.8,1356,54.9,72
2025-12-06 03:00:00,L55319,No Failure,Operational,0,299.5,310.8,1571,38.2,74
2025-12-06 04:00:00,L55320,No Failure,Operational,0,299.6,310.9,1658,28.0,76
2025-12-06 05:00:00,L55321,No Failure,Operational,0,299.6,310.8,1393,49.9,78
2025-12-06 06:00:00,M23002,No Failure,Operational,0,299.7,311.0,1448,49.8,80
2025-12-06 07:00:00,L55323,No Failure,Operational,0,299.7,310.9,1477,40.4,83
2025-12-06 08:00:00,M23004,No Failure,Operational,0,299.7,311.0,1506,42.7,85
2025-12-06 09:00:00,M23005,No Failure,Operational,0,299.7,310.9,1685,32.1,88
2025-12-06 10:00:00,L55326,No Failure,Operational,0,299.6,310.9,1533,31.8,91
2025-12-06 11:00:00,L55327,No Failure,Operational,0,299.5,310.8,1447,41.0,93
2025-12-06 12:00:00,M23008,No Failure,Operational,0,299.5,310.7,1488,39.5,95
2025-12-06 13:00:00,M23009,No Failure,Operational,0,299.6,310.8,1427,50.4,98
2025-12-06 14:00:00,M23010,No Failure,Operational,0,299.5,310.7,1424,41.3,101
2025-12-06 15:00:00,L55331,No Failure,Operational,0,299.5,310.7,1472,40.9,104
2025-12-06 16:00:00,L55332,No Failure,Operational,0,299.5,310.7,1438,45.7,106
2025-12-06 17:00:00,L55333,No Failure,Operational,0,299.6,310.8,1507,42.4,108
2025-12-06 18:00:00,L55334,No Failure,Operational,0,299.6,310.7,1393,52.1,110
2025-12-06 19:00:00,L55335,No Failure,Operational,0,299.5,310.8,1283,52.4,112
2025-12-06 20:00:00,L55336,No Failure,Operational,0,299.6,310.8,1644,30.9,114
2025-12-06 21:00:00,L55337,No Failure,Operational,0,299.6,310.8,1498,46.9,116
2025-12-06 22:00:00,L55338,No Failure,Operational,0,299.6,310.8,1400,40.8,118
2025-12-06 23:00:00,H37573,No Failure,Operational,0,299.6,310.9,1679,31.2,120
2025-12-07 00:00:00,M23020,No Failure,Operational,0,299.7,311.1,1618,30.3,125
2025-12-07 01:00:00,H37575,No Failure,Operational,0,299.6,311.0,1714,30.2,128
2025-12-07 02:00:00,L55342,No Failure,Operational,0,299.6,311.0,1574,35.0,133
2025-12-07 03:00:00,L55343,No Failure,Operational,0,299.7,311.1,1574,36.4,135
2025-12-07 04:00:00,L55344,No Failure,Operational,0,299.6,310.9,1472,40.9,137
2025-12-07 05:00:00,L55345,No Failure,Operational,0,299.6,311.0,1552,33.2,139
2025-12-07 06:00:00,L55346,No Failure,Operational,0,299.7,311.1,1603,31.4,141
2025-12-07 07:00:00,H37581,No Failure,Operational,0,299.7,311.1,1353,47.1,143
2025-12-07 08:00:00,L55348,No Failure,Operational,0,299.7,311.1,1690,30.6,148
2025-12-07 09:00:00,M23029,No Failure,Operational,0,299.8,311.2,1745,26.3,150
2025-12-07 10:00:00,L55350,No Failure,Operational,0,299.9,311.3,1522,45.7,153
2025-12-07 11:00:00,H37585,No Failure,Operational,0,300.0,311.4,1641,34.5,155
2025-12-07 12:00:00,L55352,No Failure,Operational,0,299.9,311.4,1596,28.9,160
2025-12-07 13:00:00,H37587,No Failure,Operational,0,299.9,311.4,1497,37.0,162
2025-12-07 14:00:00,L55354,No Failure,Operational,0,299.9,311.3,1371,52.3,167
2025-12-07 15:00:00,M23035,No Failure,Operational,0,299.9,311.3,1445,41.2,169
2025-12-07 16:00:00,L55356,No Failure,Operational,0,299.8,311.2,1564,40.0,172
2025-12-07 17:00:00,L55357,No Failure,Operational,0,299.7,311.1,1439,44.9,174
2025-12-07 18:00:00,L55358,No Failure,Operational,0,299.7,311.2,1352,52.1,176
2025-12-07 19:00:00,L55359,No Failure,Operational,0,299.8,311.3,1560,35.4,178
2025-12-07 20:00:00,M23040,No Failure,Operational,0,299.7,311.2,1616,42.3,180
2025-12-07 21:00:00,L55361,No Failure,Operational,0,299.7,311.2,1835,23.7,183
2025-12-07 22:00:00,M23042,No Failure,Operational,0,299.7,311.1,1649,32.7,185
2025-12-07 23:00:00,L55363,No Failure,Operational,0,299.8,311.1,1452,47.3,188
2025-12-08 00:00:00,L55364,No Failure,Operational,0,299.8,311.1,2144,17.7,190
2025-12-08 01:00:00,L55365,No Failure,Operational,0,299.7,311.1,1554,41.0,192
2025-12-08 02:00:00,L55366,No Failure,Operational,0,299.7,311.0,1827,25.4,194
2025-12-08 03:00:00,L55367,No Failure,Operational,0,299.6,310.9,1448,46.3,196
2025-12-08 04:00:00,M23048,No Failure,Operational,0,299.6,310.9,1530,38.8,198
2025-12-08 05:00:00,L55369,No Failure,Operational,0,299.7,311.0,1983,21.0,201
2025-12-08 06:00:00,M23050,No Failure,Operational,0,299.7,310.9,1620,37.2,203
2025-12-08 07:00:00,M23051,No Failure,Operational,0,299.6,310.9,1630,29.8,206
2025-12-08 08:00:00,L55372,Overstrain Failure,Maintenance Required,1,299.6,310.9,1229,65.2,209
2025-12-08 09:00:00,L55373,No Failure,Operational,0,299.5,310.8,1873,22.3,211
2025-12-08 10:00:00,L55374,No Failure,Operational,0,299.4,310.7,1426,45.7,213
2025-12-08 11:00:00,L55375,Overstrain Failure,Maintenance Required,1,299.4,310.8,1376,53.9,215
2025-12-08 12:00:00,L55376,No Failure,Operational,0,299.4,310.8,1622,33.6,217
2025-12-08 13:00:00,M23057,No Failure,Operational,0,299.4,310.7,1492,45.7,219
2025-12-08 14:00:00,M23058,No Failure,Operational,0,299.3,310.7,1374,48.9,222
2025-12-08 15:00:00,L55379,Tool Wear Failure,Maintenance Required,1,299.2,310.7,1737,27.0,225
2025-12-08 16:00:00,L55380,No Failure,Operational,0,299.3,310.8,1426,42.4,0
2025-12-08 17:00:00,M23061,No Failure,Operational,0,299.3,310.9,1826,25.1,2
2025-12-08 18:00:00,L55382,No Failure,Operational,0,299.3,310.9,1669,32.4,5
2025-12-08 19:00:00,M23063,No Failure,Operational,0,299.4,310.9,1473,40.1,7
2025-12-08 20:00:00,L55384,No Failure,Operational,0,299.4,310.9,1751,27.8,10
2025-12-08 21:00:00,M23065,No Failure,Operational,0,299.4,310.9,1446,47.3,12
2025-12-08 22:00:00,L55386,No Failure,Operational,0,299.3,310.8,1483,43.5,15
2025-12-08 23:00:00,L55387,No Failure,Operational,0,299.2,310.7,1535,42.6,17
2025-12-09 00:00:00,L55388,No Failure,Operational,0,299.2,310.7,1477,44.0,19
2025-12-09 01:00:00,L55389,No Failure,Operational,0,299.3,310.8,1391,46.9,21
2025-12-09 02:00:00,H37624,No Failure,Operational,0,299.2,310.7,1636,29.4,23
2025-12-09 03:00:00,L55391,No Failure,Operational,0,299.2,310.6,1675,33.3,28
2025-12-09 04:00:00,H37626,No Failure,Operational,0,299.2,310.5,1329,48.9,30
2025-12-09 05:00:00,M23073,No Failure,Operational,0,299.2,310.5,1548,33.5,35
2025-12-09 06:00:00,L55394,No Failure,Operational,0,299.2,310.5,1391,45.8,38
2025-12-09 07:00:00,L55395,No Failure,Operational,0,299.1,310.5,1437,43.1,40
2025-12-09 08:00:00,L55396,No Failure,Operational,0,299.2,310.6,1370,61.9,42
2025-12-09 09:00:00,L55397,No Failure,Operational,0,299.1,310.6,1577,37.1,44
2025-12-09 10:00:00,L55398,No Failure,Operational,0,299.1,310.5,1485,37.8,46
2025-12-09 11:00:00,L55399,No Failure,Operational,0,299.0,310.4,1504,34.3,48
2025-12-09 12:00:00,M23080,No Failure,Operational,0,298.9,310.3,1551,35.2,50
2025-12-09 13:00:00,M23081,No Failure,Operational,0,299.1,310.5,1428,43.0,53
2025-12-09 14:00:00,L55402,No Failure,Operational,0,299.0,310.5,1755,27.9,56
2025-12-09 15:00:00,L55403,No Failure,Operational,0,299.1,310.5,1329,54.9,58
2025-12-09 16:00:00,L55404,No Failure,Operational,0,299.1,310.5,1496,35.2,60
2025-12-09 17:00:00,L55405,No Failure,Operational,0,299.1,310.5,1532,36.6,62
2025-12-09 18:00:00,L55406,No Failure,Operational,0,299.1,310.5,1389,61.4,64
2025-12-09 19:00:00,M23087,No Failure,Operational,0,299.1,310.4,1524,51.4,66
2025-12-09 20:00:00,M23088,No Failure,Operational,0,299.1,310.4,1422,49.3,69
2025-12-09 21:00:00,L55409,No Failure,Operational,0,299.1,310.5,1739,27.4,72
2025-12-09 22:00:00,L55410,No Failure,Operational,0,299.1,310.5,1736,26.9,74
2025-12-09 23:00:00,L55411,No Failure,Operational,0,299.1,310.5,1419,48.8,76
2025-12-10 00:00:00,L55412,No Failure,Operational,0,299.1,310.6,1326,49.7,78
2025-12-10 01:00:00,M23093,No Failure,Operational,0,299.1,310.6,1449,43.2,80
2025-12-10 02:00:00,L55414,No Failure,Operational,0,299.2,310.6,1534,39.7,83
2025-12-10 03:00:00,M23095,No Failure,Operational,0,299.2,310.6,1443,50.9,85
2025-12-10 04:00:00,L55416,No Failure,Operational,0,299.2,310.6,1498,41.1,88
2025-12-10 05:00:00,L55417,No Failure,Operational,0,299.1,310.6,1796,26.0,90
2025-12-10 06:00:00,L55418,No Failure,Operational,0,299.1,310.4,1519,45.3,92
2025-12-10 07:00:00,L55419,No Failure,Operational,0,299.0,310.4,1339,49.6,94
2025-12-10 08:00:00,L55420,No Failure,Operational,0,299.0,310.4,1483,41.5,96
2025-12-10 09:00:00,M23101,No Failure,Operational,0,298.9,310.2,2099,20.0,98
2025-12-10 10:00:00,M23102,No Failure,Operational,0,299.0,310.3,1689,29.7,101
2025-12-10 11:00:00,H37657,No Failure,Operational,0,299.1,310.4,1369,54.5,104
2025-12-10 12:00:00,L55424,No Failure,Operational,0,299.0,310.4,1512,38.8,109
2025-12-10 13:00:00,M23105,Power Failure,Maintenance Required,1,299.0,310.3,1303,68.6,111
2025-12-10 14:00:00,L55426,No Failure,Operational,0,299.0,310.3,1552,39.9,114
2025-12-10 15:00:00,L55427,No Failure,Operational,0,299.0,310.4,1713,28.0,116
2025-12-10 16:00:00,L55428,No Failure,Operational,0,298.9,310.3,1456,44.1,118
2025-12-10 17:00:00,L55429,No Failure,Operational,0,299.0,310.4,1524,39.8,120
2025-12-10 18:00:00,M23110,No Failure,Operational,0,299.0,310.4,1394,45.2,122
2025-12-10 19:00:00,L55431,No Failure,Operational,0,299.0,310.4,1981,21.2,125
2025-12-10 20:00:00,L55432,No Failure,Operational,0,299.0,310.4,1565,36.1,127
2025-12-10 21:00:00,L55433,No Failure,Operational,0,299.1,310.4,1657,31.0,129
2025-12-10 22:00:00,M23114,No Failure,Operational,0,299.0,310.4,1625,37.1,131
2025-12-10 23:00:00,L55435,No Failure,Operational,0,299.0,310.4,1606,31.1,134
2025-12-11 00:00:00,H37670,No Failure,Operational,0,299.0,310.5,1336,56.8,136
2025-12-11 01:00:00,M23117,No Failure,Operational,0,299.0,310.6,1587,34.2,141
2025-12-11 02:00:00,L55438,No Failure,Operational,0,299.1,310.6,1602,39.7,144
2025-12-11 03:00:00,L55439,No Failure,Operational,0,299.1,310.5,1471,38.4,146
2025-12-11 04:00:00,H37674,No Failure,Operational,0,299.1,310.6,1332,48.0,148
2025-12-11 05:00:00,H37675,No Failure,Operational,0,299.2,310.6,1434,48.4,153
2025-12-11 06:00:00,L55442,No Failure,Operational,0,299.1,310.6,1921,23.9,158
2025-12-11 07:00:00,H37677,No Failure,Operational,0,299.2,310.6,1704,30.6,160
2025-12-11 08:00:00,M23124,No Failure,Operational,0,299.1,310.6,1397,49.5,165
2025-12-11 09:00:00,H37679,No Failure,Operational,0,299.1,310.6,1791,28.0,168
2025-12-11 10:00:00,L55446,No Failure,Operational,0,299.1,310.6,1818,24.1,173
2025-12-11 11:00:00,L55447,No Failure,Operational,0,299.2,310.7,1540,36.3,175
2025-12-11 12:00:00,M23128,No Failure,Operational,0,299.2,310.8,1502,39.8,177
2025-12-11 13:00:00,H37683,No Failure,Operational,0,299.2,310.8,1761,30.4,180
2025-12-11 14:00:00,M23130,No Failure,Operational,0,299.1,310.8,1517,38.4,185
2025-12-11 15:00:00,L55451,No Failure,Operational,0,299.1,310.7,1309,51.1,188
2025-12-11 16:00:00,L55452,No Failure,Operational,0,298.9,310.6,1363,52.6,190
2025-12-11 17:00:00,M23133,No Failure,Operational,0,299.0,310.6,1787,22.2,192
2025-12-11 18:00:00,L55454,No Failure,Operational,0,298.9,310.5,1640,29.2,195
2025-12-11 19:00:00,M23135,No Failure,Operational,0,298.9,310.6,1720,25.3,197
2025-12-11 20:00:00,L55456,No Failure,Operational,0,298.8,310.5,1384,52.8,200
2025-12-11 21:00:00,H37691,No Failure,Operational,0,298.8,310.5,1294,55.8,202
2025-12-11 22:00:00,L55458,No Failure,Operational,0,298.8,310.5,1464,46.4,207
2025-12-11 23:00:00,L55459,No Failure,Operational,0,298.8,310.6,1803,25.4,209
2025-12-12 00:00:00,L55460,No Failure,Operational,0,298.8,310.6,1602,39.1,211
2025-12-12 01:00:00,H37695,No Failure,Operational,0,298.9,310.6,1519,38.8,213
2025-12-12 02:00:00,M23142,No Failure,Operational,0,298.9,310.7,1638,33.6,218
2025-12-12 03:00:00,H37697,No Failure,Operational,0,298.9,310.6,1615,33.0,221
2025-12-12 04:00:00,L55464,No Failure,Operational,0,298.8,310.6,1651,33.3,0
2025-12-12 05:00:00,L55465,No Failure,Operational,0,298.9,310.6,1387,52.7,2
2025-12-12 06:00:00,M23146,No Failure,Operational,0,298.8,310.5,1678,32.8,4
2025-12-12 07:00:00,L55467,No Failure,Operational,0,298.9,310.6,1585,38.1,7
2025-12-12 08:00:00,M23148,No Failure,Operational,0,298.8,310.6,1640,33.8,9
2025-12-12 09:00:00,L55469,No Failure,Operational,0,298.9,310.6,1406,43.8,12
2025-12-12 10:00:00,M23150,No Failure,Operational,0,298.9,310.6,1679,35.8,14
2025-12-12 11:00:00,L55471,No Failure,Operational,0,298.9,310.5,1717,26.9,17
2025-12-12 12:00:00,H37706,No Failure,Operational,0,298.9,310.5,1429,39.9,19
2025-12-12 13:00:00,M23153,No Failure,Operational,0,298.9,310.4,1533,44.4,24
2025-12-12 14:00:00,M23154,No Failure,Operational,0,298.9,310.5,1525,38.5,27
2025-12-12 15:00:00,L55475,No Failure,Operational,0,298.9,310.4,1739,26.3,30
2025-12-12 16:00:00,L55476,No Failure,Operational,0,298.9,310.3,1436,39.0,32
2025-12-12 17:00:00,M23157,No Failure,Operational,0,298.8,310.2,1595,33.1,34
2025-12-12 18:00:00,H37712,No Failure,Operational,0,298.7,310.1,1435,45.6,37
2025-12-12 19:00:00,L55479,No Failure,Operational,0,298.7,310.0,1637,31.8,42
2025-12-12 20:00:00,L55480,No Failure,Operational,0,298.7,310.1,1558,37.6,44
2025-12-12 21:00:00,M23161,No Failure,Operational,0,298.7,310.1,1644,34.1,46
2025-12-12 22:00:00,L55482,No Failure,Operational,0,298.7,310.1,1641,31.1,49
2025-12-12 23:00:00,L55483,No Failure,Operational,0,298.8,310.2,1504,41.0,51
2025-12-13 00:00:00,M23164,No Failure,Operational,0,298.7,310.1,1506,50.7,53
2025-12-13 01:00:00,H37719,No Failure,Operational,0,298.8,310.1,1380,44.0,56
2025-12-13 02:00:00,M23166,No Failure,Operational,0,298.7,310.1,1549,42.5,61
2025-12-13 03:00:00,M23167,Power Failure,Maintenance Required,1,298.7,310.1,1402,69.7,64
2025-12-13 04:00:00,L55488,No Failure,Operational,0,298.7,310.1,1401,45.3,67
2025-12-13 05:00:00,M23169,No Failure,Operational,0,298.7,310.0,1459,40.2,69
2025-12-13 06:00:00,L55490,No Failure,Operational,0,298.7,309.9,1465,39.7,72
2025-12-13 07:00:00,M23171,No Failure,Operational,0,298.8,310.0,1295,52.7,74
2025-12-13 08:00:00,M23172,No Failure,Operational,0,298.8,310.0,1529,38.5,77
2025-12-13 09:00:00,M23173,No Failure,Operational,0,298.8,310.0,1484,44.9,80
2025-12-13 10:00:00,L55494,No Failure,Operational,0,298.8,309.9,1739,30.6,83
2025-12-13 11:00:00,H37729,No Failure,Operational,0,298.7,309.8,1422,40.7,85
2025-12-13 12:00:00,L55496,No Failure,Operational,0,298.8,309.8,1463,40.0,90
2025-12-13 13:00:00,L55497,No Failure,Operational,0,298.7,309.7,1667,30.4,92
2025-12-13 14:00:00,H37732,No Failure,Operational,0,298.7,309.7,1565,39.3,94
2025-12-13 15:00:00,L55499,No Failure,Operational,0,298.7,309.7,1393,45.7,99
2025-12-13 16:00:00,M23180,No Failure,Operational,0,298.8,309.7,1453,47.7,101
2025-12-13 17:00:00,L55501,No Failure,Operational,0,298.8,309.6,1442,50.0,104
2025-12-13 18:00:00,L55502,No Failure,Operational,0,298.7,309.6,1364,44.9,106
2025-12-13 19:00:00,H37737,No Failure,Operational,0,298.7,309.5,1453,40.4,108
2025-12-13 20:00:00,M23184,No Failure,Operational,0,298.7,309.5,1394,46.0,113
2025-12-13 21:00:00,M23185,No Failure,Operational,0,298.7,309.5,1500,38.8,116
2025-12-13 22:00:00,H37740,No Failure,Operational,0,298.6,309.5,1523,34.2,119
2025-12-13 23:00:00,M23187,No Failure,Operational,0,298.7,309.6,1254,57.1,124
2025-12-14 00:00:00,L55508,No Failure,Operational,0,298.6,309.5,1325,52.2,127
2025-12-14 01:00:00,L55509,No Failure,Operational,0,298.8,309.7,1424,49.6,129
2025-12-14 02:00:00,L55510,No Failure,Operational,0,298.8,309.7,1505,39.0,131
2025-12-14 03:00:00,M23191,No Failure,Operational,0,298.8,309.7,1392,48.7,133
2025-12-14 04:00:00,L55512,No Failure,Operational,0,298.8,309.7,1529,44.0,136
2025-12-14 05:00:00,M23193,No Failure,Operational,0,298.8,309.7,1477,48.5,138
2025-12-14 06:00:00,M23194,No Failure,Operational,0,298.8,309.7,1459,47.3,141
2025-12-14 07:00:00,M23195,No Failure,Operational,0,299.0,309.8,2240,15.9,144
2025-12-14 08:00:00,L55516,No Failure,Operational,0,298.9,309.7,1449,48.8,147
2025-12-14 09:00:00,M23197,No Failure,Operational,0,298.8,309.7,1589,35.3,149
2025-12-14 10:00:00,L55518,No Failure,Operational,0,298.8,309.7,1740,28.5,152
2025-12-14 11:00:00,M23199,No Failure,Operational,0,298.8,309.7,1499,40.3,154
2025-12-14 12:00:00,M23200,No Failure,Operational,0,298.8,309.7,1480,38.1,157
2025-12-14 13:00:00,L55521,No Failure,Operational,0,298.8,309.7,1751,29.6,160
2025-12-14 14:00:00,L55522,No Failure,Operational,0,298.7,309.7,1510,40.6,162
2025-12-14 15:00:00,H37757,No Failure,Operational,0,298.8,309.8,1437,48.2,164
2025-12-14 16:00:00,L55524,No Failure,Operational,0,298.8,309.7,1609,40.4,169
2025-12-14 17:00:00,H37759,No Failure,Operational,0,298.8,309.8,1490,35.9,171
2025-12-14 18:00:00,L55526,No Failure,Operational,0,298.7,309.7,1601,35.7,176
2025-12-14 19:00:00,L55527,No Failure,Operational,0,298.7,309.6,1665,31.1,178
2025-12-14 20:00:00,M23208,No Failure,Operational,0,298.7,309.6,1452,42.7,180
2025-12-14 21:00:00,M23209,No Failure,Operational,0,298.7,309.5,1487,33.6,183
2025-12-14 22:00:00,M23210,No Failure,Operational,0,298.7,309.6,1382,48.1,186
2025-12-14 23:00:00,M23211,No Failure,Operational,0,298.7,309.6,1686,26.2,189
2025-12-15 00:00:00,L55532,No Failure,Operational,0,298.6,309.6,1491,36.9,192
2025-12-15 01:00:00,L55533,No Failure,Operational,0,298.7,309.6,1442,55.6,194
2025-12-15 02:00:00,L55534,No Failure,Operational,0,298.6,309.6,1390,50.3,196
2025-12-15 03:00:00,L55535,No Failure,Operational,0,298.7,309.6,1502,46.7,198
2025-12-15 04:00:00,M23216,No Failure,Operational,0,298.6,309.6,1344,59.4,200
2025-12-15 05:00:00,L55537,Tool Wear Failure,Maintenance Required,1,298.5,309.5,1385,46.3,203
2025-12-15 06:00:00,L55538,No Failure,Operational,0,298.7,309.7,1547,37.4,0
2025-12-15 07:00:00,M23219,No Failure,Operational,0,298.6,309.6,1525,42.4,2
2025-12-15 08:00:00,L55540,No Failure,Operational,0,298.6,309.6,1540,35.8,5
2025-12-15 09:00:00,L55541,No Failure,Operational,0,298.6,309.5,1450,44.3,7
2025-12-15 10:00:00,L55542,No Failure,Operational,0,298.6,309.6,1353,62.5,9
2025-12-15 11:00:00,L55543,No Failure,Operational,0,298.8,309.7,1582,45.0,11
2025-12-15 12:00:00,L55544,No Failure,Operational,0,298.9,309.8,1396,49.0,13
2025-12-15 13:00:00,M23225,No Failure,Operational,0,298.8,309.8,1551,36.6,15
2025-12-15 14:00:00,M23226,No Failure,Operational,0,298.9,309.8,1836,22.8,18
2025-12-15 15:00:00,L55547,No Failure,Operational,0,298.9,309.8,1390,49.9,21
2025-12-15 16:00:00,L55548,No Failure,Operational,0,298.9,309.8,1534,42.1,23
2025-12-15 17:00:00,L55549,No Failure,Operational,0,298.8,309.7,1953,20.6,25
2025-12-15 18:00:00,L55550,No Failure,Operational,0,298.8,309.8,1634,33.6,27
2025-12-15 19:00:00,L55551,No Failure,Operational,0,298.7,309.7,1881,21.7,29
2025-12-15 20:00:00,M23232,No Failure,Operational,0,298.8,309.7,1448,44.8,31
2025-12-15 21:00:00,M23233,No Failure,Operational,0,298.7,309.7,1362,50.5,34
2025-12-15 22:00:00,L55554,No Failure,Operational,0,298.8,309.7,1225,63.4,37
2025-12-15 23:00:00,M23235,No Failure,Operational,0,298.8,309.6,1384,48.2,39
2025-12-16 00:00:00,L55556,No Failure,Operational,0,298.8,309.8,1334,49.3,42
2025-12-16 01:00:00,L55557,No Failure,Operational,0,298.8,309.7,1336,50.3,44
2025-12-16 02:00:00,M23238,No Failure,Operational,0,298.8,309.9,1331,61.6,46
2025-12-16 03:00:00,L55559,No Failure,Operational,0,298.8,309.9,1629,31.9,49
2025-12-16 04:00:00,L55560,No Failure,Operational,0,298.9,310.0,1776,25.7,51
2025-12-16 05:00:00,H37795,No Failure,Operational,0,298.8,310.0,1530,38.3,53
2025-12-16 06:00:00,L55562,No Failure,Operational,0,298.9,310.0,1719,27.3,58
2025-12-16 07:00:00,M23243,No Failure,Operational,0,298.8,309.9,1495,35.2,60
2025-12-16 08:00:00,L55564,No Failure,Operational,0,298.8,309.7,1450,43.1,63
2025-12-16 09:00:00,H37799,No Failure,Operational,0,298.8,309.8,1563,38.8,65
2025-12-16 10:00:00,M23246,No Failure,Operational,0,298.9,309.9,1501,37.1,70
2025-12-16 11:00:00,L55567,No Failure,Operational,0,298.8,309.9,1351,47.2,73
2025-12-16 12:00:00,L55568,No Failure,Operational,0,298.9,309.9,1365,46.5,75
2025-12-16 13:00:00,L55569,No Failure,Operational,0,298.8,309.9,1525,39.7,77
2025-12-16 14:00:00,M23250,No Failure,Operational,0,298.8,309.8,1288,61.9,79
2025-12-16 15:00:00,L55571,No Failure,Operational,0,298.6,309.6,1423,42.7,82
2025-12-16 16:00:00,M23252,No Failure,Operational,0,298.5,309.6,1502,39.4,84
2025-12-16 17:00:00,L55573,No Failure,Operational,0,298.5,309.5,1428,43.5,87
2025-12-16 18:00:00,M23254,No Failure,Operational,0,298.6,309.5,1566,38.1,89
2025-12-16 19:00:00,M23255,No Failure,Operational,0,298.5,309.5,1483,44.8,92
2025-12-16 20:00:00,H37810,No Failure,Operational,0,298.6,309.6,1593,33.3,95
2025-12-16 21:00:00,L55577,No Failure,Operational,0,298.5,309.6,1724,26.4,100
2025-12-16 22:00:00,L55578,Power Failure,Maintenance Required,1,298.5,309.7,2617,12.1,102
2025-12-16 23:00:00,L55579,No Failure,Operational,0,298.6,309.7,1294,59.4,104
2025-12-17 00:00:00,L55580,No Failure,Operational,0,298.6,309.6,1533,40.7,106
2025-12-17 01:00:00,H37815,No Failure,Operational,0,298.5,309.4,1671,31.8,108
2025-12-17 02:00:00,L55582,No Failure,Operational,0,298.5,309.5,1370,52.4,113
2025-12-17 03:00:00,L55583,No Failure,Operational,0,298.5,309.6,1462,45.1,115
2025-12-17 04:00:00,L55584,No Failure,Operational,0,298.4,309.5,1545,36.6,117
2025-12-17 05:00:00,M23265,No Failure,Operational,0,298.4,309.5,1484,41.7,119
2025-12-17 06:00:00,M23266,No Failure,Operational,0,298.4,309.5,1344,45.3,122
2025-12-17 07:00:00,L55587,No Failure,Operational,0,298.4,309.5,1357,50.1,125
2025-12-17 08:00:00,M23268,No Failure,Operational,0,298.5,309.6,1572,33.0,127
2025-12-17 09:00:00,L55589,No Failure,Operational,0,298.5,309.6,1861,26.9,130
2025-12-17 10:00:00,L55590,No Failure,Operational,0,298.5,309.5,1548,44.5,132
2025-12-17 11:00:00,L55591,No Failure,Operational,0,298.6,309.8,1496,37.7,134
2025-12-17 12:00:00,M23272,No Failure,Operational,0,298.6,309.7,1314,49.7,136
2025-12-17 13:00:00,M23273,No Failure,Operational,0,298.6,309.7,1422,49.7,139
2025-12-17 14:00:00,L55594,No Failure,Operational,0,298.6,309.8,1842,20.1,142
2025-12-17 15:00:00,M23275,No Failure,Operational,0,298.7,309.9,1434,53.0,144
2025-12-17 16:00:00,M23276,No Failure,Operational,0,298.8,310.1,1585,31.3,147
2025-12-17 17:00:00,H37831,No Failure,Operational,0,298.8,310.1,1704,30.7,150
2025-12-17 18:00:00,L55598,No Failure,Operational,0,298.9,310.2,1971,23.2,155
2025-12-17 19:00:00,L55599,No Failure,Operational,0,299.0,310.3,1431,39.9,157
2025-12-17 20:00:00,L55600,No Failure,Operational,0,298.9,310.4,1546,37.7,159
2025-12-17 21:00:00,L55601,No Failure,Operational,0,298.9,310.3,1496,36.3,161
2025-12-17 22:00:00,H37836,No Failure,Operational,0,298.9,310.3,1243,63.0,163
2025-12-17 23:00:00,L55603,No Failure,Operational,0,299.0,310.4,1452,46.2,168
2025-12-18 00:00:00,L55604,No Failure,Operational,0,299.1,310.6,1380,44.7,170
2025-12-18 01:00:00,L55605,No Failure,Operational,0,299.2,310.6,1567,38.4,172
2025-12-18 02:00:00,L55606,No Failure,Operational,0,299.1,310.5,1628,35.9,174
2025-12-18 03:00:00,L55607,No Failure,Operational,0,299.1,310.4,1505,46.1,176
2025-12-18 04:00:00,M23288,No Failure,Operational,0,299.0,310.3,1827,28.0,178
2025-12-18 05:00:00,L55609,No Failure,Operational,0,299.0,310.3,1577,40.0,181
2025-12-18 06:00:00,L55610,No Failure,Operational,0,298.9,310.2,1304,57.2,183
2025-12-18 07:00:00,H37845,No Failure,Operational,0,298.9,310.1,1324,54.6,185
2025-12-18 08:00:00,L55612,No Failure,Operational,0,298.8,310.0,1537,39.9,190
2025-12-18 09:00:00,M23293,No Failure,Operational,0,298.8,310.1,1501,48.7,192
2025-12-18 10:00:00,M23294,No Failure,Operational,0,298.7,309.9,1654,29.1,195
2025-12-18 11:00:00,M23295,No Failure,Operational,0,298.7,310.0,1519,38.1,198
2025-12-18 12:00:00,L55616,No Failure,Operational,0,298.7,309.9,1371,51.3,201
2025-12-18 13:00:00,L55617,Overstrain Failure,Maintenance Required,1,298.7,309.8,1181,65.9,203
2025-12-18 14:00:00,L55618,No Failure,Operational,0,298.6,309.8,1469,42.8,205
2025-12-18 15:00:00,L55619,No Failure,Operational,0,298.6,309.8,1637,34.6,207
2025-12-18 16:00:00,L55620,No Failure,Operational,0,298.6,309.8,1370,56.0,0
2025-12-18 17:00:00,L55621,No Failure,Operational,0,298.6,309.9,1630,30.6,2
2025-12-18 18:00:00,L55622,No Failure,Operational,0,298.6,310.0,1517,39.0,4
2025-12-18 19:00:00,M23303,No Failure,Operational,0,298.6,309.9,1668,32.3,6
2025-12-18 20:00:00,M23304,No Failure,Operational,0,298.6,309.9,1818,24.9,9
2025-12-18 21:00:00,M23305,No Failure,Operational,0,298.6,310.0,1541,36.9,12
2025-12-18 22:00:00,L55626,No Failure,Operational,0,298.5,309.9,1482,42.1,15
2025-12-18 23:00:00,L55627,No Failure,Operational,0,298.6,310.1,1439,49.9,17
2025-12-19 00:00:00,L55628,No Failure,Operational,0,298.5,310.0,1492,41.2,19
2025-12-19 01:00:00,L55629,No Failure,Operational,0,298.4,309.9,1725,27.8,21
2025-12-19 02:00:00,L55630,No Failure,Operational,0,298.4,310.0,1559,44.2,23
2025-12-19 03:00:00,L55631,No Failure,Operational,0,298.5,310.0,1435,42.5,25
2025-12-19 04:00:00,M23312,No Failure,Operational,0,298.6,310.0,1512,37.5,27
2025-12-19 05:00:00,L55633,No Failure,Operational,0,298.6,309.9,1564,37.1,30
2025-12-19 06:00:00,L55634,No Failure,Operational,0,298.6,310.0,1522,40.3,32
2025-12-19 07:00:00,L55635,No Failure,Operational,0,298.6,309.9,1356,59.5,34
2025-12-19 08:00:00,L55636,No Failure,Operational,0,298.6,309.9,1556,38.6,36
2025-12-19 09:00:00,L55637,No Failure,Operational,0,298.6,309.9,1393,45.5,38
2025-12-19 10:00:00,L55638,No Failure,Operational,0,298.7,309.9,1753,26.8,40
2025-12-19 11:00:00,L55639,No Failure,Operational,0,298.7,309.9,1651,29.5,42
2025-12-19 12:00:00,L55640,No Failure,Operational,0,298.7,309.9,1372,54.7,44
2025-12-19 13:00:00,L55641,No Failure,Operational,0,298.7,309.9,1446,43.3,46
2025-12-19 14:00:00,M23322,No Failure,Operational,0,298.7,309.8,1501,44.7,48
2025-12-19 15:00:00,M23323,No Failure,Operational,0,298.7,309.9,1411,45.1,51
2025-12-19 16:00:00,H37878,No Failure,Operational,0,298.6,309.7,1672,27.5,54
2025-12-19 17:00:00,M23325,No Failure,Operational,0,298.7,309.8,1475,40.5,59
2025-12-19 18:00:00,L55646,No Failure,Operational,0,298.7,309.8,1469,38.4,62
2025-12-19 19:00:00,L55647,No Failure,Operational,0,298.6,309.8,1704,28.3,64
2025-12-19 20:00:00,H37882,No Failure,Operational,0,298.6,309.7,1463,39.1,66
2025-12-19 21:00:00,M23329,No Failure,Operational,0,298.6,309.7,1280,64.1,71
2025-12-19 22:00:00,L55650,No Failure,Operational,0,298.7,309.9,1464,38.0,74
2025-12-19 23:00:00,L55651,No Failure,Operational,0,298.6,309.8,1332,46.4,76
2025-12-20 00:00:00,L55652,No Failure,Operational,0,298.5,309.7,1634,37.8,78
2025-12-20 01:00:00,M23333,No Failure,Operational,0,298.6,309.8,1430,43.1,80
2025-12-20 02:00:00,M23334,No Failure,Operational,0,298.5,309.7,1523,44.6,83
2025-12-20 03:00:00,M23335,No Failure,Operational,0,298.5,309.7,1557,37.7,86
2025-12-20 04:00:00,L55656,No Failure,Operational,0,298.5,309.6,1585,32.2,89
2025-12-20 05:00:00,H37891,No Failure,Operational,0,298.5,309.6,1579,33.5,91
2025-12-20 06:00:00,M23338,No Failure,Operational,0,298.5,309.7,1354,60.8,96
2025-12-20 07:00:00,L55659,No Failure,Operational,0,298.6,309.7,1627,33.4,99
2025-12-20 08:00:00,L55660,No Failure,Operational,0,298.4,309.6,1477,35.6,101
2025-12-20 09:00:00,M23341,No Failure,Operational,0,298.3,309.4,1595,29.0,103
2025-12-20 10:00:00,L55662,No Failure,Operational,0,298.4,309.5,1520,38.1,106
2025-12-20 11:00:00,L55663,No Failure,Operational,0,298.3,309.4,1618,31.5,108
2025-12-20 12:00:00,L55664,No Failure,Operational,0,298.4,309.5,1397,50.3,110
2025-12-20 13:00:00,L55665,No Failure,Operational,0,298.4,309.5,1450,47.9,112
2025-12-20 14:00:00,M23346,No Failure,Operational,0,298.5,309.5,1501,40.2,114
2025-12-20 15:00:00,L55667,No Failure,Operational,0,298.4,309.4,1392,50.1,117
2025-12-20 16:00:00,L55668,No Failure,Operational,0,298.4,309.4,1385,43.2,119
2025-12-20 17:00:00,L55669,No Failure,Operational,0,298.4,309.4,1461,46.3,121
2025-12-20 18:00:00,M23350,No Failure,Operational,0,298.5,309.6,1364,58.7,123
2025-12-20 19:00:00,L55671,No Failure,Operational,0,298.5,309.5,1579,38.6,126
2025-12-20 20:00:00,M23352,No Failure,Operational,0,298.4,309.5,1514,38.8,128
2025-12-20 21:00:00,M23353,No Failure,Operational,0,298.3,309.5,1560,36.9,131
2025-12-20 22:00:00,L55674,No Failure,Operational,0,298.3,309.5,1542,36.7,134
2025-12-20 23:00:00,L55675,No Failure,Operational,0,298.3,309.4,1668,27.1,136
2025-12-21 00:00:00,M23356,No Failure,Operational,0,298.3,309.4,1816,22.6,138
2025-12-21 01:00:00,M23357,No Failure,Operational,0,298.3,309.4,1509,34.2,141
2025-12-21 02:00:00,L55678,No Failure,Operational,0,298.4,309.6,1479,37.8,144
2025-12-21 03:00:00,L55679,No Failure,Operational,0,298.4,309.6,1655,30.2,146
2025-12-21 04:00:00,L55680,No Failure,Operational,0,298.3,309.5,1711,30.3,148
2025-12-21 05:00:00,L55681,No Failure,Operational,0,298.4,309.7,1581,34.6,150
2025-12-21 06:00:00,H37916,No Failure,Operational,0,298.6,309.8,1279,55.9,152
2025-12-21 07:00:00,L55683,No Failure,Operational,0,298.5,309.8,1468,40.9,157
2025-12-21 08:00:00,L55684,No Failure,Operational,0,298.4,309.7,1419,41.3,159
2025-12-21 09:00:00,L55685,No Failure,Operational,0,298.4,309.7,1530,38.6,161
2025-12-21 10:00:00,L55686,No Failure,Maintenance Required,1,298.4,309.6,1710,27.3,163
2025-12-21 11:00:00,L55687,No Failure,Operational,0,298.4,309.7,1518,39.8,165
2025-12-21 12:00:00,M23368,No Failure,Operational,0,298.4,309.7,1679,33.3,167
2025-12-21 13:00:00,M23369,No Failure,Operational,0,298.4,309.7,1870,22.5,170
2025-12-21 14:00:00,L55690,No Failure,Operational,0,298.3,309.7,1484,44.3,173
2025-12-21 15:00:00,L55691,No Failure,Operational,0,298.4,309.7,1457,44.2,175
2025-12-21 16:00:00,H37926,No Failure,Operational,0,298.3,309.6,1546,36.2,177
2025-12-21 17:00:00,M23373,No Failure,Operational,0,298.2,309.5,1478,36.5,182
2025-12-21 18:00:00,L55694,No Failure,Operational,0,298.2,309.4,1447,47.1,185
2025-12-21 19:00:00,L55695,No Failure,Operational,0,298.2,309.4,1443,45.4,187
2025-12-21 20:00:00,L55696,No Failure,Operational,0,298.3,309.6,1527,30.9,189
2025-12-21 21:00:00,M23377,No Failure,Operational,0,298.3,309.6,1469,54.8,191
2025-12-21 22:00:00,M23378,No Failure,Operational,0,298.3,309.6,1681,27.1,194
2025-12-21 23:00:00,L55699,No Failure,Operational,0,298.3,309.6,1420,44.1,197
2025-12-22 00:00:00,M23380,No Failure,Operational,0,298.3,309.5,1543,49.9,199
2025-12-22 01:00:00,L55701,No Failure,Operational,0,298.4,309.5,1376,50.4,202
2025-12-22 02:00:00,H37936,No Failure,Operational,0,298.3,309.4,1631,29.8,0
2025-12-22 03:00:00,H37937,No Failure,Operational,0,298.3,309.3,1529,41.7,5
2025-12-22 04:00:00,L55704,No Failure,Operational,0,298.3,309.4,1468,46.2,10
2025-12-22 05:00:00,L55705,No Failure,Operational,0,298.3,309.4,1378,52.3,12
2025-12-22 06:00:00,L55706,No Failure,Operational,0,298.3,309.3,1401,51.9,14
2025-12-22 07:00:00,L55707,No Failure,Operational,0,298.4,309.3,1531,37.4,16
2025-12-22 08:00:00,L55708,No Failure,Operational,0,298.4,309.3,1512,35.8,18
2025-12-22 09:00:00,M23389,No Failure,Operational,0,298.5,309.4,1522,47.4,20
2025-12-22 10:00:00,M23390,No Failure,Operational,0,298.5,309.3,1615,31.8,23
2025-12-22 11:00:00,L55711,No Failure,Operational,0,298.6,309.3,1449,46.5,26
2025-12-22 12:00:00,L55712,No Failure,Operational,0,298.6,309.4,1315,55.5,28
2025-12-22 13:00:00,M23393,No Failure,Operational,0,298.6,309.4,1465,41.1,30
2025-12-22 14:00:00,M23394,No Failure,Operational,0,298.6,309.5,1404,43.3,33
2025-12-22 15:00:00,L55715,No Failure,Operational,0,298.6,309.5,1547,44.8,36
2025-12-22 16:00:00,M23396,No Failure,Operational,0,298.6,309.5,1426,45.4,38
2025-12-22 17:00:00,L55717,No Failure,Operational,0,298.6,309.5,1730,30.2,41
2025-12-22 18:00:00,L55718,No Failure,Operational,0,298.5,309.4,1548,37.7,43
2025-12-22 19:00:00,L55719,No Failure,Operational,0,298.5,309.4,1517,40.2,45
2025-12-22 20:00:00,L55720,No Failure,Operational,0,298.6,309.5,1687,29.3,47
2025-12-22 21:00:00,L55721,No Failure,Operational,0,298.5,309.5,1738,25.2,49
2025-12-22 22:00:00,H37956,No Failure,Operational,0,298.4,309.4,1512,35.3,51
2025-12-22 23:00:00,M23403,No Failure,Operational,0,298.5,309.4,1365,48.7,56
2025-12-23 00:00:00,H37958,No Failure,Operational,0,298.5,309.4,2011,21.0,59
2025-12-23 01:00:00,L55725,No Failure,Operational,0,298.4,309.3,1806,27.6,64
2025-12-23 02:00:00,L55726,No Failure,Operational,0,298.4,309.3,1716,28.4,66
2025-12-23 03:00:00,M23407,No Failure,Operational,0,298.4,309.4,1666,24.3,68
2025-12-23 04:00:00,L55728,No Failure,Operational,0,298.5,309.4,1578,36.3,71
2025-12-23 05:00:00,L55729,No Failure,Operational,0,298.3,309.3,1558,37.2,73
2025-12-23 06:00:00,L55730,No Failure,Operational,0,298.3,309.2,1456,45.5,75
2025-12-23 07:00:00,M23411,No Failure,Operational,0,298.2,309.1,1457,49.0,77
2025-12-23 08:00:00,L55732,No Failure,Operational,0,298.2,309.1,1467,44.5,80
2025-12-23 09:00:00,M23413,No Failure,Operational,0,298.1,309.0,1661,38.2,82
2025-12-23 10:00:00,L55734,No Failure,Operational,0,298.1,309.0,1592,33.9,85
2025-12-23 11:00:00,L55735,No Failure,Operational,0,298.2,309.0,1596,37.2,87
2025-12-23 12:00:00,L55736,No Failure,Operational,0,298.2,309.0,1489,40.6,89
2025-12-23 13:00:00,L55737,No Failure,Operational,0,298.3,309.0,1471,48.3,91
2025-12-23 14:00:00,M23418,No Failure,Operational,0,298.3,309.0,1505,41.3,93
2025-12-23 15:00:00,L55739,No Failure,Operational,0,298.3,309.0,1519,40.0,96
2025-12-23 16:00:00,L55740,No Failure,Operational,0,298.3,309.0,1408,45.4,98
2025-12-23 17:00:00,L55741,No Failure,Operational,0,298.2,308.9,1332,44.4,100
2025-12-23 18:00:00,L55742,No Failure,Operational,0,298.1,308.9,1351,52.4,102
2025-12-23 19:00:00,L55743,No Failure,Operational,0,298.0,308.9,1500,36.7,104
2025-12-23 20:00:00,M23424,No Failure,Operational,0,298.0,308.7,1614,30.7,106
2025-12-23 21:00:00,L55745,No Failure,Operational,0,298.0,308.8,1489,36.5,109
2025-12-23 22:00:00,M23426,No Failure,Operational,0,297.9,308.7,1751,26.6,111
2025-12-23 23:00:00,L55747,No Failure,Operational,0,298.0,308.7,1511,45.8,114
2025-12-24 00:00:00,L55748,No Failure,Operational,0,297.9,308.6,1691,29.6,116
2025-12-24 01:00:00,L55749,No Failure,Operational,0,297.9,308.6,1757,27.5,118
2025-12-24 02:00:00,H37984,No Failure,Operational,0,297.9,308.7,1545,35.9,120
2025-12-24 03:00:00,L55751,No Failure,Operational,0,297.9,308.6,2262,15.7,125
2025-12-24 04:00:00,M23432,No Failure,Operational,0,297.7,308.5,1559,35.2,127
2025-12-24 05:00:00,L55753,No Failure,Operational,0,297.6,308.4,1626,32.4,130
2025-12-24 06:00:00,L55754,No Failure,Operational,0,297.6,308.3,1424,53.9,132
2025-12-24 07:00:00,M23435,No Failure,Operational,0,297.6,308.3,1648,29.1,134
2025-12-24 08:00:00,L55756,No Failure,Operational,0,297.6,308.3,1523,39.5,137
2025-12-24 09:00:00,L55757,No Failure,Operational,0,297.6,308.3,1502,43.2,139
2025-12-24 10:00:00,L55758,No Failure,Operational,0,297.5,308.2,1489,40.7,141
2025-12-24 11:00:00,M23439,No Failure,Operational,0,297.4,308.1,1620,31.2,143
2025-12-24 12:00:00,L55760,No Failure,Operational,0,297.5,308.1,1631,30.6,146
2025-12-24 13:00:00,M23441,No Failure,Operational,0,297.5,308.0,1429,45.8,148
2025-12-24 14:00:00,M23442,Power Failure,Maintenance Required,1,297.5,308.1,1334,72.0,151
2025-12-24 15:00:00,L55763,No Failure,Operational,0,297.4,308.0,1423,38.0,154
2025-12-24 16:00:00,L55764,No Failure,Operational,0,297.4,307.9,1390,47.7,156
2025-12-24 17:00:00,M23445,No Failure,Operational,0,297.4,307.9,1338,48.5,158
2025-12-24 18:00:00,H38000,No Failure,Operational,0,297.3,307.9,1461,37.5,161
2025-12-24 19:00:00,M23447,No Failure,Operational,0,297.4,307.9,1627,34.3,166
2025-12-24 20:00:00,L55768,No Failure,Operational,0,297.3,307.8,1385,44.4,169
2025-12-24 21:00:00,M23449,No Failure,Operational,0,297.3,307.8,1538,48.0,171
2025-12-24 22:00:00,L55770,No Failure,Operational,0,297.4,307.9,1557,35.5,174
2025-12-24 23:00:00,L55771,No Failure,Operational,0,297.4,307.9,1606,33.4,176
2025-12-25 00:00:00,M23452,No Failure,Operational,0,297.5,308.0,1430,44.5,178
2025-12-25 01:00:00,M23453,No Failure,Operational,0,297.4,308.0,1601,34.6,181
2025-12-25 02:00:00,L55774,No Failure,Operational,0,297.4,308.0,1356,51.9,184
2025-12-25 03:00:00,M23455,No Failure,Operational,0,297.5,308.2,1624,30.9,186
2025-12-25 04:00:00,L55776,No Failure,Operational,0,297.5,308.2,1327,56.5,189
2025-12-25 05:00:00,L55777,No Failure,Operational,0,297.6,308.3,1410,47.0,191
2025-12-25 06:00:00,L55778,No Failure,Operational,0,297.6,308.3,1478,42.3,193
2025-12-25 07:00:00,L55779,No Failure,Operational,0,297.6,308.4,1460,40.3,195
2025-12-25 08:00:00,L55780,No Failure,Operational,0,297.5,308.3,1435,40.3,197
2025-12-25 09:00:00,H38015,No Failure,Operational,0,297.4,308.2,1359,46.9,199
2025-12-25 10:00:00,L55782,No Failure,Operational,0,297.4,308.1,1729,31.7,204
2025-12-25 11:00:00,H38017,No Failure,Operational,0,297.3,308.0,1384,49.1,206
2025-12-25 12:00:00,L55784,No Failure,Operational,0,297.4,308.2,1297,52.1,211
2025-12-25 13:00:00,L55785,No Failure,Operational,0,297.5,308.4,1633,33.3,213
2025-12-25 14:00:00,M23466,No Failure,Operational,0,297.5,308.4,1505,37.2,215
2025-12-25 15:00:00,L55787,No Failure,Operational,0,297.5,308.4,1433,50.0,218
2025-12-25 16:00:00,L55788,Overstrain Failure,Maintenance Required,1,297.4,308.4,1369,50.6,220
2025-12-25 17:00:00,L55789,Tool Wear Failure,Maintenance Required,1,297.4,308.3,1475,40.5,222
2025-12-25 18:00:00,L55790,No Failure,Operational,0,297.4,308.3,1561,38.3,0
2025-12-25 19:00:00,L55791,No Failure,Operational,0,297.4,308.3,1472,45.5,2
2025-12-25 20:00:00,L55792,No Failure,Operational,0,297.5,308.4,1441,44.5,4
2025-12-25 21:00:00,M23473,No Failure,Operational,0,297.5,308.5,1401,50.5,6
2025-12-25 22:00:00,L55794,No Failure,Operational,0,297.5,308.5,1691,33.1,9
2025-12-25 23:00:00,L55795,No Failure,Operational,0,297.6,308.6,1382,47.1,11
2025-12-26 00:00:00,L55796,No Failure,Operational,0,297.6,308.6,1355,46.4,13
2025-12-26 01:00:00,L55797,No Failure,Operational,0,297.6,308.6,1529,45.3,15
2025-12-26 02:00:00,L55798,No Failure,Operational,0,297.7,308.7,1829,24.9,17
2025-12-26 03:00:00,H38033,No Failure,Operational,0,297.6,308.6,1480,39.8,19
2025-12-26 04:00:00,L55800,No Failure,Operational,0,297.6,308.5,1475,42.4,24
2025-12-26 05:00:00,M23481,No Failure,Operational,0,297.6,308.5,1431,52.6,26
2025-12-26 06:00:00,L55802,No Failure,Operational,0,297.5,308.3,1437,42.3,29
2025-12-26 07:00:00,M23483,No Failure,Operational,0,297.5,308.3,1476,45.6,31
2025-12-26 08:00:00,H38038,No Failure,Operational,0,297.5,308.4,1490,39.7,34
2025-12-26 09:00:00,L55805,No Failure,Operational,0,297.4,308.3,1632,33.5,39
2025-12-26 10:00:00,L55806,No Failure,Operational,0,297.4,308.2,1402,49.7,41
2025-12-26 11:00:00,L55807,No Failure,Operational,0,297.4,308.3,1347,45.8,43
2025-12-26 12:00:00,L55808,No Failure,Operational,0,297.5,308.4,1747,31.0,45
2025-12-26 13:00:00,H38043,No Failure,Operational,0,297.5,308.5,1557,39.1,47
2025-12-26 14:00:00,L55810,No Failure,Operational,0,297.4,308.4,1371,57.4,52
2025-12-26 15:00:00,H38045,No Failure,Operational,0,297.3,308.3,1506,37.0,54
2025-12-26 16:00:00,L55812,No Failure,Operational,0,297.3,308.3,1590,35.5,59
2025-12-26 17:00:00,L55813,No Failure,Operational,0,297.4,308.3,1336,53.7,61
2025-12-26 18:00:00,L55814,No Failure,Operational,0,297.3,308.3,1411,43.2,63
2025-12-26 19:00:00,L55815,No Failure,Operational,0,297.4,308.3,1704,27.3,65
2025-12-26 20:00:00,L55816,No Failure,Operational,0,297.5,308.4,1723,27.3,67
2025-12-26 21:00:00,L55817,No Failure,Operational,0,297.5,308.5,1459,39.7,69
2025-12-26 22:00:00,L55818,No Failure,Operational,0,297.6,308.5,1572,35.9,71
2025-12-26 23:00:00,L55819,No Failure,Operational,0,297.5,308.4,1384,56.0,73
2025-12-27 00:00:00,L55820,No Failure,Operational,0,297.6,308.6,1383,47.5,75
2025-12-27 01:00:00,M23501,No Failure,Operational,0,297.6,308.5,1360,48.6,77
2025-12-27 02:00:00,M23502,No Failure,Operational,0,297.5,308.4,1596,36.6,80
2025-12-27 03:00:00,L55823,No Failure,Operational,0,297.5,308.5,1448,54.3,83
2025-12-27 04:00:00,M23504,No Failure,Operational,0,297.6,308.5,1443,38.2,85
2025-12-27 05:00:00,M23505,No Failure,Operational,0,297.6,308.6,1492,35.5,88
2025-12-27 06:00:00,L55826,No Failure,Operational,0,297.5,308.6,1497,43.9,91
2025-12-27 07:00:00,L55827,No Failure,Operational,0,297.5,308.5,1530,38.5,93
2025-12-27 08:00:00,M23508,No Failure,Operational,0,297.4,308.4,1478,46.2,95
2025-12-27 09:00:00,L55829,No Failure,Operational,0,297.4,308.4,1328,61.8,98
2025-12-27 10:00:00,H38064,No Failure,Operational,0,297.4,308.3,1771,27.4,100
2025-12-27 11:00:00,M23511,No Failure,Operational,0,297.4,308.4,1564,35.0,105
2025-12-27 12:00:00,H38066,No Failure,Operational,0,297.3,308.3,1461,41.5,108
2025-12-27 13:00:00,M23513,No Failure,Operational,0,297.4,308.3,1335,57.9,113
2025-12-27 14:00:00,M23514,No Failure,Operational,0,297.4,308.4,1441,46.8,116
2025-12-27 15:00:00,L55835,No Failure,Operational,0,297.3,308.3,1268,60.6,119
2025-12-27 16:00:00,M23516,No Failure,Operational,0,297.3,308.3,1697,27.4,121
2025-12-27 17:00:00,L55837,No Failure,Operational,0,297.4,308.4,1421,46.0,124
2025-12-27 18:00:00,L55838,No Failure,Operational,0,297.4,308.5,1496,36.4,126
2025-12-27 19:00:00,L55839,No Failure,Operational,0,297.5,308.5,1375,55.6,128
2025-12-27 20:00:00,L55840,No Failure,Operational,0,297.4,308.5,1295,52.1,130
2025-12-27 21:00:00,L55841,No Failure,Operational,0,297.4,308.5,1643,33.8,132
2025-12-27 22:00:00,L55842,No Failure,Operational,0,297.5,308.6,1514,36.9,134
2025-12-27 23:00:00,L55843,No Failure,Operational,0,297.5,308.6,1671,29.4,136
2025-12-28 00:00:00,H38078,No Failure,Operational,0,297.5,308.6,1355,58.9,138
2025-12-28 01:00:00,L55845,No Failure,Operational,0,297.6,308.7,1365,50.6,143
2025-12-28 02:00:00,L55846,No Failure,Operational,0,297.5,308.7,1407,42.5,145
2025-12-28 03:00:00,M23527,No Failure,Operational,0,297.5,308.8,1455,46.1,147
2025-12-28 04:00:00,L55848,No Failure,Operational,0,297.5,308.8,1502,45.9,150
2025-12-28 05:00:00,M23529,No Failure,Operational,0,297.5,308.8,1471,52.3,152
2025-12-28 06:00:00,L55850,No Failure,Operational,0,297.5,308.9,1581,30.4,155
2025-12-28 07:00:00,L55851,No Failure,Operational,0,297.5,308.8,1530,37.8,157
2025-12-28 08:00:00,L55852,No Failure,Operational,0,297.5,308.8,1312,50.3,159
2025-12-28 09:00:00,L55853,No Failure,Operational,0,297.4,308.6,1494,42.6,161
2025-12-28 10:00:00,M23534,No Failure,Operational,0,297.4,308.6,1528,29.1,163
2025-12-28 11:00:00,H38089,No Failure,Operational,0,297.3,308.6,1688,29.4,166
2025-12-28 12:00:00,M23536,No Failure,Operational,0,297.3,308.5,1520,42.4,171
2025-12-28 13:00:00,M23537,No Failure,Operational,0,297.3,308.5,1664,28.9,174
2025-12-28 14:00:00,L55858,No Failure,Operational,0,297.3,308.5,1514,44.5,177
2025-12-28 15:00:00,L55859,No Failure,Operational,0,297.3,308.5,1456,54.2,179
2025-12-28 16:00:00,L55860,No Failure,Operational,0,297.2,308.5,1494,39.6,181
2025-12-28 17:00:00,L55861,No Failure,Operational,0,297.2,308.4,1605,30.0,183
2025-12-28 18:00:00,M23542,No Failure,Operational,0,297.2,308.5,1353,46.5,185
2025-12-28 19:00:00,L55863,No Failure,Operational,0,297.2,308.5,1447,47.9,188
2025-12-28 20:00:00,L55864,No Failure,Operational,0,297.2,308.5,1588,40.4,190
2025-12-28 21:00:00,H38099,No Failure,Operational,0,297.2,308.5,1524,41.4,192
2025-12-28 22:00:00,M23546,No Failure,Operational,0,297.2,308.5,1611,31.6,197
2025-12-28 23:00:00,M23547,No Failure,Operational,0,297.2,308.5,1604,34.9,200
2025-12-29 00:00:00,L55868,No Failure,Operational,0,297.1,308.5,1483,46.9,203
2025-12-29 01:00:00,L55869,No Failure,Operational,0,297.1,308.4,1543,39.6,205
2025-12-29 02:00:00,L55870,Tool Wear Failure,Maintenance Required,1,297.1,308.5,1323,44.4,207
2025-12-29 03:00:00,L55871,No Failure,Operational,0,297.1,308.5,1555,36.2,0
2025-12-29 04:00:00,L55872,No Failure,Operational,0,297.1,308.4,1583,31.9,2
2025-12-29 05:00:00,M23553,No Failure,Operational,0,297.2,308.5,1584,40.0,4
2025-12-29 06:00:00,L55874,No Failure,Operational,0,297.2,308.5,1766,25.8,7
2025-12-29 07:00:00,M23555,No Failure,Operational,0,297.2,308.6,1498,44.4,9
2025-12-29 08:00:00,L55876,No Failure,Operational,0,297.2,308.6,1413,49.8,12
2025-12-29 09:00:00,L55877,No Failure,Operational,0,297.3,308.6,1505,33.5,14
2025-12-29 10:00:00,H38112,No Failure,Operational,0,297.3,308.7,1438,46.2,16
2025-12-29 11:00:00,M23559,No Failure,Operational,0,297.3,308.7,1655,34.1,21
2025-12-29 12:00:00,M23560,No Failure,Operational,0,297.3,308.7,1451,43.8,24
2025-12-29 13:00:00,M23561,No Failure,Operational,0,297.3,308.7,1466,38.4,27
2025-12-29 14:00:00,L55882,No Failure,Operational,0,297.2,308.6,1774,23.0,30
2025-12-29 15:00:00,M23563,No Failure,Operational,0,297.2,308.6,1284,51.3,32
2025-12-29 16:00:00,L55884,No Failure,Operational,0,297.1,308.5,1425,40.0,35
2025-12-29 17:00:00,L55885,No Failure,Operational,0,297.2,308.6,1437,52.4,37
2025-12-29 18:00:00,L55886,No Failure,Operational,0,297.2,308.6,1335,53.0,39
2025-12-29 19:00:00,L55887,No Failure,Operational,0,297.2,308.5,1471,41.7,41
2025-12-29 20:00:00,M23568,No Failure,Operational,0,297.2,308.5,1364,54.0,43
2025-12-29 21:00:00,L55889,No Failure,Operational,0,297.1,308.5,1578,35.6,46
2025-12-29 22:00:00,L55890,No Failure,Operational,0,297.1,308.5,1712,32.1,48
2025-12-29 23:00:00,L55891,No Failure,Operational,0,297.1,308.5,1733,28.7,50
2025-12-30 00:00:00,L55892,No Failure,Operational,0,297.2,308.6,1652,32.1,52
2025-12-30 01:00:00,L55893,No Failure,Operational,0,297.2,308.6,1917,24.1,54
2025-12-30 02:00:00,M23574,No Failure,Operational,0,297.2,308.6,1444,41.1,56
2025-12-30 03:00:00,L55895,No Failure,Operational,0,297.1,308.6,1442,37.1,59
2025-12-30 04:00:00,M23576,No Failure,Operational,0,297.1,308.6,1717,31.3,61
2025-12-30 05:00:00,L55897,No Failure,Operational,0,297.1,308.7,1474,42.3,64
2025-12-30 06:00:00,L55898,No Failure,Operational,0,297.2,308.7,1509,39.3,66
2025-12-30 07:00:00,L55899,No Failure,Operational,0,297.2,308.8,1451,43.1,68
2025-12-30 08:00:00,L55900,No Failure,Operational,0,297.3,308.8,1554,36.1,70
2025-12-30 09:00:00,L55901,No Failure,Operational,0,297.2,308.7,1669,30.7,72
2025-12-30 10:00:00,L55902,No Failure,Operational,0,297.2,308.6,1366,50.4,74
2025-12-30 11:00:00,L55903,No Failure,Operational,0,297.2,308.6,1578,34.4,76
2025-12-30 12:00:00,M23584,No Failure,Operational,0,297.2,308.6,1513,39.0,78
2025-12-30 13:00:00,M23585,No Failure,Operational,0,297.1,308.5,1515,42.1,81
2025-12-30 14:00:00,L55906,No Failure,Operational,0,297.2,308.6,1562,33.0,84
2025-12-30 15:00:00,L55907,No Failure,Operational,0,297.2,308.7,1501,38.5,86
2025-12-30 16:00:00,M23588,No Failure,Operational,0,297.2,308.7,1398,38.1,88
2025-12-30 17:00:00,L55909,No Failure,Operational,0,297.3,308.7,1352,53.8,91
2025-12-30 18:00:00,H38144,No Failure,Operational,0,297.3,308.7,1569,33.9,93
2025-12-30 19:00:00,H38145,No Failure,Operational,0,297.2,308.6,1486,46.6,98
2025-12-30 20:00:00,L55912,No Failure,Operational,0,297.2,308.6,1864,23.6,103
2025-12-30 21:00:00,M23593,No Failure,Operational,0,297.3,308.7,1447,44.5,105
2025-12-30 22:00:00,L55914,No Failure,Operational,0,297.2,308.6,1392,41.5,108
2025-12-30 23:00:00,L55915,No Failure,Operational,0,297.3,308.6,1358,47.6,110
2025-12-31 00:00:00,L55916,No Failure,Operational,0,297.3,308.7,1491,40.2,112
2025-12-31 01:00:00,L55917,No Failure,Operational,0,297.3,308.7,1556,36.7,114
2025-12-31 02:00:00,L55918,No Failure,Operational,0,297.3,308.7,1531,36.7,116
2025-12-31 03:00:00,H38153,No Failure,Operational,0,297.4,308.7,1429,37.6,118
2025-12-31 04:00:00,M23600,No Failure,Operational,0,297.4,308.8,1573,33.9,123
2025-12-31 05:00:00,L55921,No Failure,Operational,0,297.4,308.8,1538,41.2,126
2025-12-31 06:00:00,L55922,No Failure,Operational,0,297.4,308.8,1467,39.0,128
2025-12-31 07:00:00,H38157,No Failure,Operational,0,297.4,308.7,1323,51.1,130
2025-12-31 08:00:00,M23604,No Failure,Operational,0,297.4,308.7,1798,23.0,135
2025-12-31 09:00:00,L55925,No Failure,Operational,0,297.4,308.6,1411,46.3,138
2025-12-31 10:00:00,L55926,No Failure,Operational,0,297.3,308.5,1528,44.5,140
2025-12-31 11:00:00,L55927,No Failure,Operational,0,297.3,308.5,1504,42.0,142
2025-12-31 12:00:00,L55928,No Failure,Operational,0,297.3,308.5,1384,39.6,144
2025-12-31 13:00:00,L55929,No Failure,Operational,0,297.2,308.4,1677,26.4,146
2025-12-31 14:00:00,L55930,No Failure,Operational,0,297.3,308.5,1764,30.8,148
2025-12-31 15:00:00,M23611,No Failure,Operational,0,297.4,308.5,1472,42.0,150
2025-12-31 16:00:00,M23612,No Failure,Operational,0,297.4,308.5,1465,55.9,153
2025-12-31 17:00:00,M23613,No Failure,Operational,0,297.4,308.6,1657,33.1,156
2025-12-31 18:00:00,L55934,No Failure,Operational,0,297.4,308.6,1635,30.5,159
2025-12-31 19:00:00,M23615,No Failure,Operational,0,297.4,308.7,1582,31.9,161
2025-12-31 20:00:00,L55936,No Failure,Operational,0,297.5,308.7,1761,26.2,164
2025-12-31 21:00:00,L55937,No Failure,Operational,0,297.5,308.8,1587,34.9,166
2025-12-31 22:00:00,M23618,No Failure,Operational,0,297.5,308.7,1446,53.0,168
2025-12-31 23:00:00,M23619,No Failure,Operational,0,297.5,308.7,1352,53.0,171
2026-01-01 00:00:00,M23620,No Failure,Operational,0,297.4,308.7,1392,46.4,174
2026-01-01 01:00:00,L55941,No Failure,Operational,0,297.5,308.8,1417,49.8,177
2026-01-01 02:00:00,H38176,No Failure,Operational,0,297.5,308.8,1824,24.0,179
2026-01-01 03:00:00,L55943,No Failure,Operational,0,297.5,308.8,1603,36.7,184
2026-01-01 04:00:00,L55944,No Failure,Operational,0,297.4,308.8,1620,33.4,186
2026-01-01 05:00:00,L55945,No Failure,Operational,0,297.4,308.8,1353,49.4,188
2026-01-01 06:00:00,L55946,No Failure,Operational,0,297.5,308.8,1360,50.7,190
2026-01-01 07:00:00,L55947,No Failure,Operational,0,297.5,308.6,1380,53.5,192
2026-01-01 08:00:00,M23628,No Failure,Operational,0,297.5,308.7,1363,53.6,194
2026-01-01 09:00:00,M23629,No Failure,Operational,0,297.4,308.6,1452,41.2,197
2026-01-01 10:00:00,L55950,No Failure,Operational,0,297.4,308.6,1680,32.8,200
2026-01-01 11:00:00,L55951,No Failure,Operational,0,297.5,308.6,1536,39.0,202
2026-01-01 12:00:00,L55952,No Failure,Operational,0,297.5,308.6,1621,28.9,0
2026-01-01 13:00:00,L55953,No Failure,Operational,0,297.5,308.6,1585,37.6,2
2026-01-01 14:00:00,M23634,No Failure,Operational,0,297.6,308.7,1408,51.5,4
2026-01-01 15:00:00,H38189,No Failure,Operational,0,297.5,308.6,1536,38.7,7
2026-01-01 16:00:00,L55956,No Failure,Operational,0,297.5,308.6,1352,52.6,12
2026-01-01 17:00:00,H38191,No Failure,Operational,0,297.5,308.6,1481,38.8,14
2026-01-01 18:00:00,L55958,No Failure,Operational,0,297.5,308.7,1454,45.0,19
2026-01-01 19:00:00,M23639,No Failure,Operational,0,297.5,308.6,1349,51.5,21
2026-01-01 20:00:00,M23640,No Failure,Operational,0,297.5,308.6,1327,52.1,24
2026-01-01 21:00:00,L55961,No Failure,Operational,0,297.6,308.7,1552,42.3,27
2026-01-01 22:00:00,L55962,No Failure,Operational,0,297.5,308.7,1456,44.7,29
2026-01-01 23:00:00,M23643,No Failure,Operational,0,297.6,308.6,1254,45.8,31
2026-01-02 00:00:00,L55964,No Failure,Operational,0,297.5,308.6,1437,43.3,34
2026-01-02 01:00:00,L55965,No Failure,Operational,0,297.5,308.6,1694,27.1,36
2026-01-02 02:00:00,L55966,No Failure,Operational,0,297.5,308.5,1306,50.7,38
2026-01-02 03:00:00,M23647,No Failure,Operational,0,297.5,308.5,1699,30.1,40
2026-01-02 04:00:00,L55968,No Failure,Operational,0,297.4,308.5,1369,53.2,43
2026-01-02 05:00:00,L55969,No Failure,Operational,0,297.4,308.5,1471,43.9,45
2026-01-02 06:00:00,L55970,No Failure,Operational,0,297.4,308.5,1410,43.9,47
2026-01-02 07:00:00,M23651,No Failure,Operational,0,297.4,308.5,1412,45.5,49
2026-01-02 08:00:00,L55972,No Failure,Operational,0,297.4,308.5,1418,51.2,52
2026-01-02 09:00:00,L55973,No Failure,Operational,0,297.4,308.5,1782,25.9,54
2026-01-02 10:00:00,M23654,No Failure,Operational,0,297.4,308.5,1497,36.4,56
2026-01-02 11:00:00,L55975,No Failure,Operational,0,297.3,308.4,1459,39.4,59
2026-01-02 12:00:00,L55976,No Failure,Operational,0,297.2,308.3,1796,23.8,61
2026-01-02 13:00:00,L55977,No Failure,Operational,0,297.2,308.3,1569,31.2,63
2026-01-02 14:00:00,L55978,No Failure,Operational,0,297.3,308.4,1469,46.7,65
2026-01-02 15:00:00,L55979,No Failure,Operational,0,297.3,308.4,1472,41.3,67
2026-01-02 16:00:00,L55980,No Failure,Operational,0,297.4,308.5,1475,47.2,69
2026-01-02 17:00:00,L55981,No Failure,Operational,0,297.4,308.6,1488,36.4,71
2026-01-02 18:00:00,L55982,No Failure,Operational,0,297.4,308.6,1524,43.1,73
2026-01-02 19:00:00,L55983,No Failure,Operational,0,297.4,308.5,1486,48.6,75
2026-01-02 20:00:00,M23664,No Failure,Operational,0,297.5,308.6,1255,60.7,77
2026-01-02 21:00:00,M23665,No Failure,Operational,0,297.4,308.6,1469,42.6,80
2026-01-02 22:00:00,L55986,No Failure,Operational,0,297.4,308.5,1692,34.3,83
2026-01-02 23:00:00,M23667,No Failure,Operational,0,297.4,308.6,1604,32.8,85
2026-01-03 00:00:00,L55988,No Failure,Operational,0,297.4,308.6,1446,48.1,88
2026-01-03 01:00:00,L55989,No Failure,Operational,0,297.3,308.5,1503,43.3,90
2026-01-03 02:00:00,M23670,No Failure,Operational,0,297.3,308.5,1625,32.8,92
2026-01-03 03:00:00,L55991,No Failure,Operational,0,297.2,308.5,1574,35.8,95
2026-01-03 04:00:00,M23672,No Failure,Operational,0,297.2,308.4,1378,41.9,97
2026-01-03 05:00:00,L55993,No Failure,Operational,0,297.1,308.4,1693,29.5,100
2026-01-03 06:00:00,L55994,No Failure,Operational,0,297.2,308.4,1462,51.2,102
2026-01-03 07:00:00,H38229,No Failure,Operational,0,297.3,308.5,1435,55.0,104
2026-01-03 08:00:00,M23676,No Failure,Operational,0,297.2,308.5,1425,45.8,109
2026-01-03 09:00:00,H38231,No Failure,Operational,0,297.3,308.6,1376,53.5,112
2026-01-03 10:00:00,M23678,No Failure,Operational,0,297.4,308.7,1481,48.0,117
2026-01-03 11:00:00,H38233,No Failure,Operational,0,297.4,308.7,1349,48.9,120
2026-01-03 12:00:00,L56000,No Failure,Operational,0,297.3,308.7,1551,40.0,125
2026-01-03 13:00:00,H38235,No Failure,Operational,0,297.4,308.7,1623,33.8,127
2026-01-03 14:00:00,L56002,No Failure,Operational,0,297.4,308.8,1462,49.7,132
2026-01-03 15:00:00,M23683,No Failure,Operational,0,297.3,308.8,1447,57.4,134
2026-01-03 16:00:00,M23684,No Failure,Operational,0,297.3,308.9,1799,24.5,137
2026-01-03 17:00:00,M23685,No Failure,Operational,0,297.3,308.8,1548,41.3,140
2026-01-03 18:00:00,M23686,No Failure,Operational,0,297.2,308.8,1485,47.9,143
2026-01-03 19:00:00,L56007,No Failure,Operational,0,297.2,308.7,1463,49.9,146
2026-01-03 20:00:00,L56008,No Failure,Operational,0,297.3,308.7,1587,35.8,148
2026-01-03 21:00:00,M23689,No Failure,Operational,0,297.3,308.8,1469,44.1,150
2026-01-03 22:00:00,H38244,No Failure,Operational,0,297.3,308.7,1430,42.8,153
2026-01-03 23:00:00,H38245,No Failure,Operational,0,297.4,308.7,1726,26.8,158
2026-01-04 00:00:00,L56012,No Failure,Operational,0,297.4,308.8,1651,34.1,163
2026-01-04 01:00:00,L56013,No Failure,Operational,0,297.4,308.8,1529,41.3,165
2026-01-04 02:00:00,L56014,No Failure,Operational,0,297.4,308.8,1473,46.2,167
2026-01-04 03:00:00,H38249,No Failure,Operational,0,297.4,308.8,1324,53.5,169
2026-01-04 04:00:00,L56016,No Failure,Operational,0,297.4,308.9,1708,28.8,174
2026-01-04 05:00:00,M23697,No Failure,Operational,0,297.5,309.1,1540,38.5,176
2026-01-04 06:00:00,L56018,No Failure,Operational,0,297.5,309.0,1320,54.7,179
2026-01-04 07:00:00,M23699,No Failure,Operational,0,297.4,308.9,1376,39.0,181
2026-01-04 08:00:00,M23700,No Failure,Operational,0,297.3,308.7,1542,37.0,184
2026-01-04 09:00:00,L56021,No Failure,Operational,0,297.3,308.7,1506,39.3,187
2026-01-04 10:00:00,L56022,No Failure,Operational,0,297.3,308.7,1492,43.6,189
2026-01-04 11:00:00,H38257,No Failure,Operational,0,297.3,308.8,1564,38.0,191
2026-01-04 12:00:00,H38258,No Failure,Operational,0,297.4,308.9,1645,30.8,196
2026-01-04 13:00:00,M23705,No Failure,Operational,0,297.4,308.9,1348,59.1,201
2026-01-04 14:00:00,M23706,Tool Wear Failure,Maintenance Required,1,297.4,308.8,1325,62.4,204
2026-01-04 15:00:00,L56027,No Failure,Operational,0,297.5,308.9,1443,43.5,0
2026-01-04 16:00:00,M23708,No Failure,Operational,0,297.5,308.9,1436,44.8,2
2026-01-04 17:00:00,L56029,No Failure,Operational,0,297.5,308.9,1596,30.7,5
2026-01-04 18:00:00,L56030,No Failure,Operational,0,297.6,309.0,1491,43.2,7
2026-01-04 19:00:00,M23711,No Failure,Operational,0,297.7,308.9,1573,35.1,9
2026-01-04 20:00:00,L56032,No Failure,Operational,0,297.7,308.9,1575,39.9,12
2026-01-04 21:00:00,L56033,No Failure,Operational,0,297.7,308.9,1458,41.1,14
2026-01-04 22:00:00,M23714,No Failure,Operational,0,297.7,309.0,1433,41.8,16
2026-01-04 23:00:00,L56035,No Failure,Operational,0,297.7,308.9,1662,28.1,19
2026-01-05 00:00:00,M23716,No Failure,Operational,0,297.7,308.9,1327,63.7,21
2026-01-05 01:00:00,L56037,No Failure,Operational,0,297.7,308.9,1742,26.3,24
2026-01-05 02:00:00,L56038,No Failure,Operational,0,297.8,308.9,1506,33.5,26
2026-01-05 03:00:00,L56039,No Failure,Operational,0,297.9,309.1,1457,44.4,28
2026-01-05 04:00:00,M23720,No Failure,Operational,0,297.9,309.1,1488,37.3,30
2026-01-05 05:00:00,L56041,No Failure,Operational,0,297.9,309.1,1619,34.7,33
2026-01-05 06:00:00,M23722,No Failure,Operational,0,298.0,309.2,1558,41.7,35
2026-01-05 07:00:00,L56043,No Failure,Operational,0,298.0,309.2,1731,28.7,38
2026-01-05 08:00:00,M23724,No Failure,Operational,0,298.0,309.1,1574,34.8,40
2026-01-05 09:00:00,L56045,No Failure,Operational,0,297.9,309.0,1290,49.8,43
2026-01-05 10:00:00,H38280,No Failure,Operational,0,297.9,308.9,1416,39.6,45
2026-01-05 11:00:00,L56047,No Failure,Operational,0,297.9,308.9,1566,41.9,50
2026-01-05 12:00:00,L56048,No Failure,Operational,0,297.9,309.0,1456,46.5,52
2026-01-05 13:00:00,L56049,No Failure,Operational,0,297.9,309.0,1528,37.5,54
2026-01-05 14:00:00,M23730,No Failure,Operational,0,297.9,309.1,1338,49.6,56
2026-01-05 15:00:00,M23731,No Failure,Operational,0,297.9,309.1,1558,39.2,59
2026-01-05 16:00:00,M23732,No Failure,Operational,0,297.9,309.1,1614,38.1,62
2026-01-05 17:00:00,H38287,No Failure,Operational,0,298.0,309.1,1557,36.4,65
2026-01-05 18:00:00,L56054,No Failure,Operational,0,298.1,309.3,1443,45.3,70
2026-01-05 19:00:00,H38289,No Failure,Operational,0,298.1,309.3,1332,51.0,72
2026-01-05 20:00:00,M23736,No Failure,Operational,0,298.1,309.3,1752,25.2,77
2026-01-05 21:00:00,M23737,No Failure,Operational,0,298.1,309.2,1460,45.8,80
2026-01-05 22:00:00,L56058,No Failure,Operational,0,298.1,309.2,1802,26.9,83
2026-01-05 23:00:00,L56059,No Failure,Operational,0,298.0,309.2,1527,39.5,85
2026-01-06 00:00:00,L56060,No Failure,Operational,0,298.0,309.2,1458,39.8,87
2026-01-06 01:00:00,H38295,No Failure,Operational,0,298.0,309.2,1520,37.9,89
2026-01-06 02:00:00,L56062,No Failure,Operational,0,298.0,309.2,1378,49.7,94
2026-01-06 03:00:00,M23743,No Failure,Operational,0,297.9,309.2,1529,38.1,96
2026-01-06 04:00:00,L56064,No Failure,Operational,0,298.0,309.2,1527,32.4,99
2026-01-06 05:00:00,M23745,No Failure,Operational,0,298.0,309.2,1438,42.9,101
2026-01-06 06:00:00,L56066,No Failure,Operational,0,297.9,309.0,1583,36.7,104
2026-01-06 07:00:00,L56067,No Failure,Operational,0,297.8,308.9,1530,37.6,106
2026-01-06 08:00:00,M23748,No Failure,Operational,0,297.7,308.9,1530,39.1,108
2026-01-06 09:00:00,M23749,No Failure,Operational,0,297.7,308.8,2089,19.1,111
2026-01-06 10:00:00,L56070,No Failure,Operational,0,297.7,308.8,1616,34.2,114
2026-01-06 11:00:00,M23751,No Failure,Operational,0,297.7,308.9,1681,28.3,116
2026-01-06 12:00:00,L56072,No Failure,Operational,0,297.6,308.8,1475,43.0,119
2026-01-06 13:00:00,L56073,No Failure,Operational,0,297.5,308.7,1371,46.5,121
2026-01-06 14:00:00,M23754,No Failure,Operational,0,297.5,308.7,1546,38.0,123
2026-01-06 15:00:00,H38309,No Failure,Operational,0,297.4,308.6,1461,40.1,126
2026-01-06 16:00:00,L56076,No Failure,Operational,0,297.4,308.7,1638,31.9,131
2026-01-06 17:00:00,M23757,No Failure,Operational,0,297.3,308.7,1577,35.6,133
2026-01-06 18:00:00,L56078,No Failure,Operational,0,297.4,308.6,1532,38.7,136
2026-01-06 19:00:00,M23759,No Failure,Operational,0,297.3,308.5,1710,27.7,138
2026-01-06 20:00:00,M23760,No Failure,Operational,0,297.3,308.6,1584,29.4,141
2026-01-06 21:00:00,L56081,No Failure,Operational,0,297.3,308.6,1446,50.1,144
2026-01-06 22:00:00,H38316,No Failure,Operational,0,297.4,308.7,1522,46.3,146
2026-01-06 23:00:00,M23763,No Failure,Operational,0,297.4,308.7,1382,49.9,151
2026-01-07 00:00:00,L56084,No Failure,Operational,0,297.4,308.7,1584,38.2,154
2026-01-07 01:00:00,L56085,No Failure,Operational,0,297.3,308.6,1385,55.2,156
2026-01-07 02:00:00,L56086,No Failure,Operational,0,297.3,308.7,1592,34.4,158
2026-01-07 03:00:00,M23767,No Failure,Operational,0,297.2,308.6,1404,43.7,160
2026-01-07 04:00:00,L56088,No Failure,Operational,0,297.2,308.5,1518,44.3,163
2026-01-07 05:00:00,L56089,No Failure,Operational,0,297.1,308.4,1529,40.4,165
2026-01-07 06:00:00,L56090,No Failure,Operational,0,297.1,308.4,1550,37.0,167
2026-01-07 07:00:00,L56091,No Failure,Operational,0,297.1,308.3,1773,23.8,169
2026-01-07 08:00:00,L56092,No Failure,Operational,0,297.2,308.5,1446,43.7,171
2026-01-07 09:00:00,M23773,No Failure,Operational,0,297.2,308.5,1487,46.9,173
2026-01-07 10:00:00,M23774,No Failure,Operational,0,297.3,308.5,1524,49.3,176
2026-01-07 11:00:00,L56095,No Failure,Operational,0,297.1,308.3,1403,54.1,179
2026-01-07 12:00:00,L56096,No Failure,Operational,0,297.1,308.2,2267,15.7,181
2026-01-07 13:00:00,M23777,No Failure,Operational,0,297.1,308.2,1529,37.9,183
2026-01-07 14:00:00,L56098,No Failure,Operational,0,297.1,308.2,1402,51.2,186
2026-01-07 15:00:00,L56099,No Failure,Operational,0,297.2,308.3,1693,28.0,188
2026-01-07 16:00:00,L56100,No Failure,Operational,0,297.1,308.3,1496,45.8,190
2026-01-07 17:00:00,L56101,No Failure,Operational,0,297.1,308.1,1633,33.3,192
2026-01-07 18:00:00,L56102,No Failure,Operational,0,297.1,308.2,1399,42.6,194
2026-01-07 19:00:00,M23783,No Failure,Operational,0,297.0,308.1,1363,45.3,196
2026-01-07 20:00:00,H38338,No Failure,Operational,0,297.1,308.2,1527,42.2,199
2026-01-07 21:00:00,M23785,No Failure,Operational,0,297.2,308.2,1405,42.5,204
2026-01-07 22:00:00,M23786,Power Failure,Maintenance Required,1,297.3,308.3,1459,59.6,207
2026-01-07 23:00:00,M23787,No Failure,Operational,0,297.4,308.4,1789,25.0,210
2026-01-08 00:00:00,L56108,No Failure,Operational,0,297.4,308.4,1531,41.5,213
2026-01-08 01:00:00,M23789,No Failure,Operational,0,297.4,308.4,1620,35.8,215
2026-01-08 02:00:00,L56110,No Failure,Operational,0,297.4,308.4,1571,39.4,0
2026-01-08 03:00:00,L56111,No Failure,Operational,0,297.4,308.4,1434,39.9,2
2026-01-08 04:00:00,L56112,No Failure,Operational,0,297.4,308.4,1474,43.6,4
2026-01-08 05:00:00,M23793,No Failure,Operational,0,297.3,308.3,1544,41.7,6
2026-01-08 06:00:00,L56114,No Failure,Operational,0,297.3,308.2,1601,35.7,9
2026-01-08 07:00:00,L56115,No Failure,Operational,0,297.4,308.3,1801,26.9,11
2026-01-08 08:00:00,L56116,No Failure,Operational,0,297.4,308.3,1465,42.0,13
2026-01-08 09:00:00,M23797,No Failure,Operational,0,297.4,308.4,1340,52.6,15
2026-01-08 10:00:00,M23798,No Failure,Operational,0,297.4,308.4,1517,41.0,18
2026-01-08 11:00:00,M23799,No Failure,Operational,0,297.3,308.4,1434,44.8,21
2026-01-08 12:00:00,H38354,No Failure,Operational,0,297.3,308.3,1935,19.3,24
2026-01-08 13:00:00,M23801,No Failure,Operational,0,297.3,308.3,1595,32.2,29
2026-01-08 14:00:00,L56122,No Failure,Operational,0,297.3,308.3,2188,17.0,32
2026-01-08 15:00:00,M23803,No Failure,Operational,0,297.3,308.4,1449,44.4,34
2026-01-08 16:00:00,L56124,No Failure,Operational,0,297.3,308.3,1471,38.2,37
2026-01-08 17:00:00,L56125,No Failure,Operational,0,297.4,308.2,1639,33.8,39
2026-01-08 18:00:00,M23806,No Failure,Operational,0,297.3,308.2,1846,24.5,41
2026-01-08 19:00:00,M23807,No Failure,Operational,0,297.3,308.2,1452,38.2,44
2026-01-08 20:00:00,M23808,No Failure,Operational,0,297.4,308.3,1483,41.9,47
2026-01-08 21:00:00,L56129,No Failure,Operational,0,297.4,308.3,1284,60.3,50
2026-01-08 22:00:00,L56130,No Failure,Operational,0,297.4,308.2,1419,50.0,52
2026-01-08 23:00:00,L56131,No Failure,Operational,0,297.3,308.1,1763,28.4,54
2026-01-09 00:00:00,M23812,No Failure,Operational,0,297.2,308.0,1478,42.5,56
2026-01-09 01:00:00,L56133,No Failure,Operational,0,297.3,308.0,1518,36.0,59
2026-01-09 02:00:00,L56134,No Failure,Operational,0,297.3,308.0,1447,49.0,61
2026-01-09 03:00:00,M23815,No Failure,Operational,0,297.4,308.0,1355,55.1,63
2026-01-09 04:00:00,L56136,No Failure,Operational,0,297.4,308.1,1348,57.4,66
2026-01-09 05:00:00,L56137,No Failure,Operational,0,297.4,308.1,1348,53.7,68
2026-01-09 06:00:00,M23818,No Failure,Operational,0,297.4,308.1,1734,27.7,70
2026-01-09 07:00:00,L56139,No Failure,Operational,0,297.3,308.0,1420,46.5,73
2026-01-09 08:00:00,L56140,No Failure,Operational,0,297.3,307.9,1797,24.7,75
2026-01-09 09:00:00,M23821,No Failure,Operational,0,297.3,308.0,1403,45.0,77
2026-01-09 10:00:00,L56142,No Failure,Operational,0,297.3,307.9,1628,30.2,80
2026-01-09 11:00:00,M23823,No Failure,Operational,0,297.2,307.9,1687,30.4,82
2026-01-09 12:00:00,M23824,No Failure,Operational,0,297.2,307.9,1456,44.9,85
2026-01-09 13:00:00,L56145,No Failure,Operational,0,297.1,307.9,1496,44.7,88
2026-01-09 14:00:00,L56146,No Failure,Operational,0,297.1,307.8,1636,30.3,90
2026-01-09 15:00:00,L56147,No Failure,Operational,0,297.1,307.8,1536,40.4,92
2026-01-09 16:00:00,L56148,No Failure,Operational,0,297.1,307.8,1454,50.6,94
2026-01-09 17:00:00,L56149,No Failure,Operational,0,297.0,307.8,1396,50.0,96
2026-01-09 18:00:00,L56150,No Failure,Operational,0,297.0,307.6,1575,37.4,98
2026-01-09 19:00:00,L56151,No Failure,Operational,0,296.9,307.6,1514,35.7,100
2026-01-09 20:00:00,M23832,No Failure,Operational,0,296.8,307.4,1455,49.9,102
2026-01-09 21:00:00,L56153,No Failure,Operational,0,296.8,307.4,1549,48.3,105
2026-01-09 22:00:00,L56154,No Failure,Operational,0,296.8,307.5,1474,42.4,107
2026-01-09 23:00:00,H38389,No Failure,Operational,0,296.7,307.4,1661,34.2,109
2026-01-10 00:00:00,L56156,No Failure,Operational,0,296.7,307.4,1535,34.6,114
2026-01-10 01:00:00,M23837,No Failure,Operational,0,296.9,307.5,1556,31.2,116
2026-01-10 02:00:00,L56158,No Failure,Operational,0,296.9,307.6,1435,45.0,119
2026-01-10 03:00:00,M23839,No Failure,Operational,0,296.9,307.5,1332,51.1,121
2026-01-10 04:00:00,L56160,No Failure,Operational,0,297.0,307.6,1513,42.4,124
2026-01-10 05:00:00,L56161,No Failure,Operational,0,297.0,307.7,1502,39.4,126
2026-01-10 06:00:00,L56162,No Failure,Operational,0,297.0,307.7,1315,60.1,128
2026-01-10 07:00:00,M23843,No Failure,Operational,0,297.0,307.7,1261,51.1,130
2026-01-10 08:00:00,L56164,No Failure,Operational,0,297.1,307.8,1406,60.4,133
2026-01-10 09:00:00,L56165,No Failure,Operational,0,297.1,307.8,1584,42.3,135
2026-01-10 10:00:00,M23846,No Failure,Operational,0,297.1,307.8,1443,43.9,137
2026-01-10 11:00:00,L56167,No Failure,Operational,0,297.2,307.9,1580,35.8,140
2026-01-10 12:00:00,L56168,No Failure,Operational,0,297.2,307.9,1825,24.6,142
2026-01-10 13:00:00,L56169,No Failure,Operational,0,297.2,307.9,1469,48.2,144
2026-01-10 14:00:00,L56170,No Failure,Operational,0,297.2,307.9,1493,38.4,146
2026-01-10 15:00:00,M23851,No Failure,Operational,0,297.3,308.0,1598,29.4,148
2026-01-10 16:00:00,H38406,No Failure,Operational,0,297.2,307.9,1450,37.2,151
2026-01-10 17:00:00,M23853,No Failure,Operational,0,297.2,307.9,1632,37.5,156
2026-01-10 18:00:00,M23854,No Failure,Operational,0,297.1,307.9,1980,20.3,159
2026-01-10 19:00:00,L56175,No Failure,Operational,0,297.2,308.0,1474,43.7,162
2026-01-10 20:00:00,L56176,No Failure,Operational,0,297.2,307.9,1540,37.1,164
2026-01-10 21:00:00,M23857,No Failure,Operational,0,297.1,307.9,1609,38.9,166
2026-01-10 22:00:00,L56178,No Failure,Operational,0,297.1,308.0,1467,42.8,169
2026-01-10 23:00:00,L56179,No Failure,Operational,0,297.1,307.9,1492,39.4,171
2026-01-11 00:00:00,L56180,No Failure,Operational,0,297.0,307.9,1493,46.1,173
2026-01-11 01:00:00,L56181,No Failure,Operational,0,297.0,307.8,1500,39.9,175
2026-01-11 02:00:00,L56182,No Failure,Operational,0,297.1,307.8,1477,36.6,177
2026-01-11 03:00:00,L56183,No Failure,Operational,0,297.1,307.9,1342,49.1,179
2026-01-11 04:00:00,M23864,No Failure,Operational,0,297.1,307.8,1538,34.3,181
2026-01-11 05:00:00,L56185,No Failure,Operational,0,297.2,307.9,1337,58.1,184
2026-01-11 06:00:00,L56186,No Failure,Operational,0,297.3,307.9,1417,41.8,186
2026-01-11 07:00:00,L56187,No Failure,Operational,0,297.4,308.0,1383,46.2,188
2026-01-11 08:00:00,M23868,No Failure,Operational,0,297.4,308.0,1440,42.4,190
2026-01-11 09:00:00,L56189,No Failure,Operational,0,297.3,307.9,1579,34.4,193
2026-01-11 10:00:00,L56190,No Failure,Operational,0,297.2,307.9,1441,40.0,195
2026-01-11 11:00:00,M23871,No Failure,Operational,0,297.2,307.9,1530,35.9,197
2026-01-11 12:00:00,L56192,No Failure,Operational,0,297.2,308.0,1705,26.0,200
2026-01-11 13:00:00,H38427,No Failure,Operational,0,297.2,308.0,1435,43.0,202
2026-01-11 14:00:00,M23874,Overstrain Failure,Maintenance Required,1,297.2,308.1,1340,61.3,207
2026-01-11 15:00:00,L56195,No Failure,Maintenance Required,1,297.2,308.1,1431,49.7,210
2026-01-11 16:00:00,L56196,Overstrain Failure,Maintenance Required,1,297.3,308.2,1396,52.7,212
2026-01-11 17:00:00,M23877,No Failure,Operational,0,297.3,308.1,1369,52.0,214
2026-01-11 18:00:00,L56198,Tool Wear Failure,Maintenance Required,1,297.3,308.1,1615,35.4,217
2026-01-11 19:00:00,L56199,No Failure,Operational,0,297.2,308.1,1662,31.3,0
2026-01-11 20:00:00,L56200,No Failure,Operational,0,297.3,308.2,1553,33.5,2
2026-01-11 21:00:00,M23881,No Failure,Operational,0,297.4,308.2,1536,34.6,4
2026-01-11 22:00:00,L56202,No Failure,Operational,0,297.4,308.3,1548,46.6,7
2026-01-11 23:00:00,L56203,No Failure,Operational,0,297.4,308.3,1706,30.9,9
2026-01-12 00:00:00,L56204,No Failure,Operational,0,297.4,308.3,1366,45.5,11
2026-01-12 01:00:00,L56205,No Failure,Operational,0,297.5,308.4,1440,35.9,13
2026-01-12 02:00:00,M23886,No Failure,Operational,0,297.5,308.4,1685,28.1,15
2026-01-12 03:00:00,M23887,No Failure,Operational,0,297.4,308.3,1444,44.0,18
2026-01-12 04:00:00,L56208,No Failure,Operational,0,297.4,308.3,1395,48.7,21
2026-01-12 05:00:00,L56209,No Failure,Operational,0,297.4,308.3,1483,38.8,23
2026-01-12 06:00:00,M23890,No Failure,Operational,0,297.5,308.4,1403,44.3,25
2026-01-12 07:00:00,H38445,No Failure,Operational,0,297.5,308.4,1793,23.9,28
2026-01-12 08:00:00,L56212,No Failure,Operational,0,297.4,308.3,1723,28.8,33
2026-01-12 09:00:00,L56213,No Failure,Operational,0,297.4,308.2,1386,41.0,35
2026-01-12 10:00:00,H38448,No Failure,Operational,0,297.4,308.2,1585,46.2,37
2026-01-12 11:00:00,M23895,No Failure,Operational,0,297.3,308.1,1731,27.7,42
2026-01-12 12:00:00,L56216,No Failure,Operational,0,297.3,308.3,1519,37.7,45
2026-01-12 13:00:00,L56217,No Failure,Operational,0,297.3,308.2,1896,24.4,47
2026-01-12 14:00:00,L56218,No Failure,Operational,0,297.3,308.3,2358,14.9,49
2026-01-12 15:00:00,M23899,No Failure,Operational,0,297.3,308.3,1341,51.9,51
2026-01-12 16:00:00,L56220,No Failure,Operational,0,297.3,308.3,1550,37.0,54
2026-01-12 17:00:00,L56221,No Failure,Operational,0,297.3,308.3,1309,61.5,56
2026-01-12 18:00:00,M23902,No Failure,Operational,0,297.3,308.4,1599,32.9,58
2026-01-12 19:00:00,L56223,No Failure,Operational,0,297.4,308.4,1343,40.0,61
2026-01-12 20:00:00,L56224,No Failure,Operational,0,297.4,308.4,1378,39.9,63
2026-01-12 21:00:00,L56225,No Failure,Operational,0,297.4,308.4,1603,34.6,65
2026-01-12 22:00:00,L56226,No Failure,Operational,0,297.4,308.4,1664,28.1,67
2026-01-12 23:00:00,L56227,No Failure,Operational,0,297.3,308.4,1488,37.4,69
2026-01-13 00:00:00,M23908,No Failure,Operational,0,297.3,308.4,1370,50.5,71
2026-01-13 01:00:00,L56229,No Failure,Operational,0,297.3,308.5,1545,34.3,74
2026-01-13 02:00:00,M23910,No Failure,Operational,0,297.4,308.5,1566,31.4,76
2026-01-13 03:00:00,L56231,No Failure,Operational,0,297.4,308.6,1820,24.6,79
2026-01-13 04:00:00,M23912,No Failure,Operational,0,297.4,308.6,1901,22.1,81
2026-01-13 05:00:00,M23913,No Failure,Operational,0,297.4,308.5,1638,32.2,84
2026-01-13 06:00:00,M23914,No Failure,Operational,0,297.3,308.4,1521,38.2,87
2026-01-13 07:00:00,H38469,No Failure,Operational,0,297.3,308.4,1864,23.1,90
2026-01-13 08:00:00,L56236,No Failure,Operational,0,297.3,308.3,1430,41.9,95
2026-01-13 09:00:00,M23917,No Failure,Operational,0,297.3,308.4,1686,34.5,97
2026-01-13 10:00:00,M23918,No Failure,Operational,0,297.2,308.3,1326,57.2,100
2026-01-13 11:00:00,L56239,No Failure,Operational,0,297.2,308.3,1805,25.6,103
2026-01-13 12:00:00,H38474,No Failure,Operational,0,297.2,308.3,1453,45.8,105
2026-01-13 13:00:00,M23921,No Failure,Operational,0,297.2,308.4,1863,26.0,110
2026-01-13 14:00:00,L56242,No Failure,Operational,0,297.2,308.3,1576,35.3,113
2026-01-13 15:00:00,L56243,No Failure,Operational,0,297.2,308.3,1419,39.7,115
2026-01-13 16:00:00,L56244,No Failure,Operational,0,297.2,308.4,1833,25.2,117
2026-01-13 17:00:00,H38479,No Failure,Operational,0,297.2,308.4,2182,17.3,119
2026-01-13 18:00:00,L56246,No Failure,Operational,0,297.2,308.3,1656,30.3,124
2026-01-13 19:00:00,L56247,No Failure,Operational,0,297.1,308.2,1351,56.6,126
2026-01-13 20:00:00,H38482,No Failure,Operational,0,297.1,308.2,1790,30.3,128
2026-01-13 21:00:00,M23929,No Failure,Operational,0,297.2,308.2,1678,28.1,133
2026-01-13 22:00:00,L56250,No Failure,Operational,0,297.1,308.2,1427,45.2,136
2026-01-13 23:00:00,L56251,No Failure,Operational,0,297.0,308.1,1429,54.0,138
2026-01-14 00:00:00,H38486,No Failure,Operational,0,297.2,308.1,1770,27.2,140
2026-01-14 01:00:00,L56253,No Failure,Operational,0,297.2,308.1,1689,31.2,145
2026-01-14 02:00:00,M23934,No Failure,Operational,0,297.2,308.1,1554,41.3,147
2026-01-14 03:00:00,L56255,No Failure,Operational,0,297.3,308.1,1506,36.0,150
2026-01-14 04:00:00,L56256,No Failure,Operational,0,297.2,308.1,1474,44.3,152
2026-01-14 05:00:00,L56257,No Failure,Operational,0,297.3,308.1,1762,26.1,154
2026-01-14 06:00:00,L56258,No Failure,Operational,0,297.3,308.1,1566,35.7,156
2026-01-14 07:00:00,H38493,No Failure,Operational,0,297.3,308.1,1554,42.4,158
2026-01-14 08:00:00,L56260,No Failure,Operational,0,297.2,308.0,1869,25.4,163
2026-01-14 09:00:00,L56261,No Failure,Operational,0,297.3,308.0,1527,35.1,165
2026-01-14 10:00:00,L56262,No Failure,Operational,0,297.2,307.9,1309,49.6,167
2026-01-14 11:00:00,M23943,No Failure,Operational,0,297.2,307.9,1541,35.7,169
2026-01-14 12:00:00,L56264,Power Failure,Maintenance Required,1,297.2,307.9,1326,75.4,172
2026-01-14 13:00:00,H38499,No Failure,Operational,0,297.1,307.9,1365,54.0,174
2026-01-14 14:00:00,L56266,No Failure,Operational,0,297.1,307.8,1428,43.7,179
2026-01-14 15:00:00,L56267,No Failure,Operational,0,297.1,307.8,1681,27.6,181
2026-01-14 16:00:00,M23948,No Failure,Operational,0,297.1,307.9,1662,26.9,183
2026-01-14 17:00:00,L56269,No Failure,Operational,0,297.2,307.9,1989,20.3,186
2026-01-14 18:00:00,M23950,No Failure,Operational,0,297.2,307.9,1747,29.0,188
2026-01-14 19:00:00,M23951,No Failure,Operational,0,297.2,308.0,1765,31.1,191
2026-01-14 20:00:00,L56272,No Failure,Operational,0,297.3,308.1,1568,34.4,194
2026-01-14 21:00:00,M23953,No Failure,Operational,0,297.3,308.1,1709,30.6,196
2026-01-14 22:00:00,M23954,No Failure,Operational,0,297.3,308.1,1370,58.8,199
2026-01-14 23:00:00,L56275,No Failure,Operational,0,297.3,308.1,1458,45.7,202
2026-01-15 00:00:00,L56276,No Failure,Operational,0,297.2,308.1,1712,30.9,204
2026-01-15 01:00:00,L56277,No Failure,Operational,0,297.3,308.1,1642,36.9,206
2026-01-15 02:00:00,L56278,No Failure,Operational,0,297.3,308.1,1468,49.8,0
2026-01-15 03:00:00,H38513,No Failure,Operational,0,297.3,308.1,1477,52.3,2
2026-01-15 04:00:00,L56280,No Failure,Operational,0,297.3,308.2,1446,53.5,7
2026-01-15 05:00:00,H38515,No Failure,Operational,0,297.3,308.2,1653,31.4,9
2026-01-15 06:00:00,L56282,No Failure,Operational,0,297.3,308.3,1494,38.2,14
2026-01-15 07:00:00,L56283,No Failure,Operational,0,297.3,308.2,1490,41.0,16
2026-01-15 08:00:00,M23964,No Failure,Operational,0,297.4,308.3,1550,47.8,18
2026-01-15 09:00:00,M23965,No Failure,Operational,0,297.3,308.2,1677,34.9,21
2026-01-15 10:00:00,L56286,No Failure,Operational,0,297.4,308.3,1854,21.8,24
2026-01-15 11:00:00,M23967,No Failure,Operational,0,297.5,308.5,1662,30.3,26
2026-01-15 12:00:00,M23968,No Failure,Operational,0,297.5,308.6,1440,38.8,29
2026-01-15 13:00:00,L56289,No Failure,Operational,0,297.5,308.6,1513,39.7,32
2026-01-15 14:00:00,M23970,No Failure,Operational,0,297.6,308.6,1389,49.0,34
2026-01-15 15:00:00,L56291,No Failure,Operational,0,297.6,308.6,1351,51.0,37
2026-01-15 16:00:00,M23972,No Failure,Operational,0,297.6,308.6,1482,38.3,39
2026-01-15 17:00:00,L56293,No Failure,Operational,0,297.6,308.6,1744,28.5,42
2026-01-15 18:00:00,L56294,No Failure,Operational,0,297.6,308.7,1476,39.0,44
2026-01-15 19:00:00,M23975,No Failure,Operational,0,297.6,308.6,1444,48.2,46
2026-01-15 20:00:00,H38530,No Failure,Operational,0,297.6,308.7,1659,32.1,49
2026-01-15 21:00:00,M23977,No Failure,Operational,0,297.6,308.7,1475,46.6,54
2026-01-15 22:00:00,L56298,No Failure,Operational,0,297.6,308.6,1526,42.1,57
2026-01-15 23:00:00,M23979,No Failure,Operational,0,297.4,308.4,1675,29.5,59
2026-01-16 00:00:00,L56300,No Failure,Operational,0,297.4,308.4,1525,38.7,62
2026-01-16 01:00:00,L56301,No Failure,Operational,0,297.3,308.3,1396,45.9,64
2026-01-16 02:00:00,L56302,No Failure,Operational,0,297.4,308.4,1580,41.2,66
2026-01-16 03:00:00,L56303,No Failure,Operational,0,297.4,308.5,1462,42.8,68
2026-01-16 04:00:00,L56304,No Failure,Operational,0,297.4,308.4,1426,50.4,70
2026-01-16 05:00:00,L56305,No Failure,Operational,0,297.4,308.5,1569,34.2,72
2026-01-16 06:00:00,L56306,No Failure,Operational,0,297.4,308.5,1477,40.7,74
2026-01-16 07:00:00,L56307,No Failure,Operational,0,297.4,308.5,1761,27.2,76
2026-01-16 08:00:00,M23988,No Failure,Operational,0,297.5,308.6,1486,45.9,78
2026-01-16 09:00:00,L56309,No Failure,Operational,0,297.6,308.6,1664,30.1,81
2026-01-16 10:00:00,L56310,No Failure,Operational,0,297.6,308.6,1576,32.7,83
2026-01-16 11:00:00,H38545,No Failure,Operational,0,297.6,308.6,1463,46.7,85
2026-01-16 12:00:00,M23992,No Failure,Operational,0,297.6,308.6,1585,42.0,90
2026-01-16 13:00:00,L56313,No Failure,Operational,0,297.7,308.7,1479,45.7,93
2026-01-16 14:00:00,L56314,No Failure,Operational,0,297.7,308.7,1449,40.2,95
2026-01-16 15:00:00,H38549,No Failure,Operational,0,297.7,308.8,1404,50.3,97
2026-01-16 16:00:00,L56316,No Failure,Operational,0,297.7,308.7,1694,29.1,102
2026-01-16 17:00:00,L56317,No Failure,Operational,0,297.7,308.7,1731,28.4,104
2026-01-16 18:00:00,L56318,No Failure,Operational,0,297.6,308.6,1522,37.0,106
2026-01-16 19:00:00,L56319,No Failure,Operational,0,297.5,308.5,1536,36.9,108
2026-01-16 20:00:00,L56320,No Failure,Operational,0,297.5,308.5,1373,39.9,110
2026-01-16 21:00:00,L56321,No Failure,Operational,0,297.5,308.5,1597,36.4,112
2026-01-16 22:00:00,L56322,No Failure,Operational,0,297.6,308.5,1678,34.2,114
2026-01-16 23:00:00,L56323,No Failure,Operational,0,297.6,308.5,1452,42.6,116
2026-01-17 00:00:00,M24004,No Failure,Operational,0,297.5,308.5,1447,41.6,118
2026-01-17 01:00:00,L56325,No Failure,Operational,0,297.6,308.5,1574,37.1,121
2026-01-17 02:00:00,L56326,No Failure,Operational,0,297.6,308.6,1528,40.0,123
2026-01-17 03:00:00,L56327,No Failure,Operational,0,297.7,308.7,1688,27.2,125
2026-01-17 04:00:00,L56328,No Failure,Operational,0,297.6,308.6,1393,40.4,127
2026-01-17 05:00:00,M24009,No Failure,Operational,0,297.5,308.6,1429,50.5,129
2026-01-17 06:00:00,M24010,No Failure,Operational,0,297.5,308.6,1347,57.0,132
2026-01-17 07:00:00,L56331,No Failure,Operational,0,297.6,308.6,1553,40.5,135
2026-01-17 08:00:00,L56332,No Failure,Operational,0,297.5,308.6,1260,53.6,137
2026-01-17 09:00:00,L56333,No Failure,Operational,0,297.5,308.6,1546,33.8,139
2026-01-17 10:00:00,L56334,No Failure,Operational,0,297.5,308.6,1596,36.0,141
2026-01-17 11:00:00,L56335,No Failure,Operational,0,297.5,308.5,1340,57.4,143
2026-01-17 12:00:00,M24016,No Failure,Operational,0,297.5,308.4,1369,54.8,145
2026-01-17 13:00:00,L56337,No Failure,Operational,0,297.5,308.5,1462,52.3,148
2026-01-17 14:00:00,H38572,No Failure,Operational,0,297.4,308.4,1487,46.2,150
2026-01-17 15:00:00,M24019,No Failure,Operational,0,297.5,308.6,1510,35.5,155
2026-01-17 16:00:00,H38574,No Failure,Operational,0,297.5,308.5,1671,28.0,158
2026-01-17 17:00:00,M24021,No Failure,Operational,0,297.5,308.5,1612,30.0,163
2026-01-17 18:00:00,M24022,No Failure,Operational,0,297.6,308.6,1509,39.7,166
2026-01-17 19:00:00,L56343,No Failure,Operational,0,297.6,308.6,1415,47.3,169
2026-01-17 20:00:00,L56344,No Failure,Operational,0,297.6,308.6,2384,14.4,171
2026-01-17 21:00:00,L56345,No Failure,Operational,0,297.6,308.6,1326,62.4,173
2026-01-17 22:00:00,M24026,No Failure,Operational,0,297.6,308.6,1390,53.4,175
2026-01-17 23:00:00,M24027,No Failure,Operational,0,297.6,308.7,1392,41.2,178
2026-01-18 00:00:00,H38582,No Failure,Operational,0,297.6,308.8,1385,44.4,181
2026-01-18 01:00:00,L56349,No Failure,Operational,0,297.7,308.8,1896,24.5,186
2026-01-18 02:00:00,L56350,No Failure,Operational,0,297.7,308.7,1474,46.8,188
2026-01-18 03:00:00,M24031,No Failure,Operational,0,297.7,308.8,1388,45.6,190
2026-01-18 04:00:00,L56352,No Failure,Operational,0,297.7,308.9,1715,27.2,193
2026-01-18 05:00:00,H38587,No Failure,Operational,0,297.8,308.9,1650,32.2,195
2026-01-18 06:00:00,L56354,Tool Wear Failure,Maintenance Required,1,297.8,308.9,1871,25.6,200
2026-01-18 07:00:00,L56355,Power Failure,Maintenance Required,1,297.8,309.0,1403,64.2,0
2026-01-18 08:00:00,L56356,No Failure,Operational,0,297.8,308.9,1518,40.4,2
2026-01-18 09:00:00,L56357,No Failure,Operational,0,297.9,309.1,1504,43.0,4
2026-01-18 10:00:00,L56358,No Failure,Operational,0,297.8,309.0,1340,56.9,6
2026-01-18 11:00:00,H38593,No Failure,Operational,0,297.9,309.1,1435,44.7,8
2026-01-18 12:00:00,L56360,No Failure,Operational,0,297.9,309.1,1507,36.9,13
2026-01-18 13:00:00,L56361,No Failure,Operational,0,297.9,309.1,1521,36.1,15
2026-01-18 14:00:00,M24042,No Failure,Operational,0,297.8,309.0,1576,45.0,17
2026-01-18 15:00:00,L56363,No Failure,Operational,0,297.9,309.1,1543,36.6,20
2026-01-18 16:00:00,L56364,No Failure,Operational,0,298.0,309.2,1665,36.6,22
2026-01-18 17:00:00,L56365,No Failure,Operational,0,297.9,309.1,1442,50.3,24
2026-01-18 18:00:00,L56366,No Failure,Operational,0,297.9,309.0,1629,29.0,26
2026-01-18 19:00:00,L56367,No Failure,Operational,0,297.9,309.0,1379,47.3,28
2026-01-18 20:00:00,L56368,No Failure,Operational,0,297.9,309.0,1502,40.2,30
2026-01-18 21:00:00,L56369,No Failure,Operational,0,297.9,309.1,1595,32.0,32
2026-01-18 22:00:00,M24050,No Failure,Operational,0,298.0,309.0,1439,38.5,34
2026-01-18 23:00:00,M24051,No Failure,Operational,0,297.9,309.0,1970,21.6,37
2026-01-19 00:00:00,L56372,No Failure,Operational,0,297.9,309.0,1562,35.8,40
2026-01-19 01:00:00,M24053,No Failure,Operational,0,297.9,309.0,1530,40.9,42
2026-01-19 02:00:00,L56374,No Failure,Operational,0,297.9,308.9,1393,40.6,45
2026-01-19 03:00:00,L56375,No Failure,Operational,0,297.9,309.0,1532,37.6,47
2026-01-19 04:00:00,L56376,No Failure,Operational,0,298.0,308.9,1607,37.7,49
2026-01-19 05:00:00,M24057,No Failure,Operational,0,297.9,308.8,1469,49.0,51
2026-01-19 06:00:00,M24058,No Failure,Operational,0,297.9,308.8,1538,37.6,54
2026-01-19 07:00:00,L56379,No Failure,Operational,0,297.9,308.8,1613,31.4,57
2026-01-19 08:00:00,M24060,No Failure,Operational,0,297.9,308.8,1602,32.1,59
2026-01-19 09:00:00,L56381,No Failure,Operational,0,297.8,308.7,1404,44.2,62
2026-01-19 10:00:00,L56382,No Failure,Operational,0,297.8,308.8,1548,36.9,64
2026-01-19 11:00:00,L56383,No Failure,Operational,0,297.8,308.8,1559,35.2,66
2026-01-19 12:00:00,L56384,No Failure,Operational,0,297.8,308.8,1621,36.1,68
2026-01-19 13:00:00,L56385,No Failure,Operational,0,297.8,308.8,1579,32.9,70
2026-01-19 14:00:00,M24066,No Failure,Operational,0,297.9,308.9,1547,44.0,72
2026-01-19 15:00:00,L56387,No Failure,Operational,0,297.9,308.8,1386,48.6,75
2026-01-19 16:00:00,L56388,No Failure,Operational,0,298.0,308.9,1406,40.9,77
2026-01-19 17:00:00,M24069,No Failure,Operational,0,298.0,309.0,1393,55.9,79
2026-01-19 18:00:00,M24070,No Failure,Operational,0,297.9,309.0,2456,13.9,82
2026-01-19 19:00:00,M24071,No Failure,Operational,0,298.0,309.0,1409,49.1,85
2026-01-19 20:00:00,L56392,No Failure,Operational,0,298.0,308.9,1390,53.9,88
2026-01-19 21:00:00,L56393,No Failure,Operational,0,298.0,309.0,1679,32.4,90
2026-01-19 22:00:00,L56394,No Failure,Operational,0,298.0,308.9,1508,37.1,92
2026-01-19 23:00:00,L56395,No Failure,Operational,0,297.9,308.8,1681,31.7,94
2026-01-20 00:00:00,H38630,No Failure,Operational,0,297.7,308.8,1469,43.7,96
2026-01-20 01:00:00,L56397,No Failure,Operational,0,297.8,308.8,1421,49.6,101
2026-01-20 02:00:00,L56398,No Failure,Operational,0,297.7,308.8,1354,50.2,103
2026-01-20 03:00:00,M24079,No Failure,Operational,0,297.7,308.8,1350,57.0,105
2026-01-20 04:00:00,L56400,No Failure,Operational,0,297.8,308.9,1282,58.1,108
2026-01-20 05:00:00,M24081,No Failure,Operational,0,297.8,309.0,1675,30.0,110
2026-01-20 06:00:00,M24082,No Failure,Operational,0,297.9,309.0,1525,38.5,113
2026-01-20 07:00:00,L56403,No Failure,Operational,0,297.9,309.0,1382,43.9,116
2026-01-20 08:00:00,L56404,No Failure,Operational,0,297.9,309.0,1450,46.8,118
2026-01-20 09:00:00,L56405,No Failure,Operational,0,298.0,309.1,1820,23.6,120
2026-01-20 10:00:00,L56406,No Failure,Operational,0,298.0,309.1,1822,23.5,122
2026-01-20 11:00:00,L56407,No Failure,Operational,0,298.0,309.1,1473,44.3,124
2026-01-20 12:00:00,M24088,No Failure,Operational,0,298.1,309.1,1572,37.5,126
2026-01-20 13:00:00,M24089,No Failure,Operational,0,298.1,309.0,2042,17.8,129
2026-01-20 14:00:00,L56410,No Failure,Operational,0,298.2,309.2,1922,22.6,132
2026-01-20 15:00:00,L56411,No Failure,Operational,0,298.2,309.1,1539,36.5,134
2026-01-20 16:00:00,L56412,No Failure,Operational,0,298.2,309.1,1350,52.0,136
2026-01-20 17:00:00,L56413,No Failure,Operational,0,298.3,309.1,1403,45.1,138
2026-01-20 18:00:00,L56414,No Failure,Operational,0,298.3,309.1,1904,20.3,140
2026-01-20 19:00:00,M24095,No Failure,Operational,0,298.2,308.9,1592,35.2,142
2026-01-20 20:00:00,L56416,No Failure,Operational,0,298.1,308.7,1556,31.6,145
2026-01-20 21:00:00,M24097,No Failure,Operational,0,298.1,308.8,1811,25.4,147
2026-01-20 22:00:00,M24098,No Failure,Operational,0,298.2,308.8,1456,41.2,150
2026-01-20 23:00:00,H38653,No Failure,Operational,0,298.2,308.8,1436,51.9,153
2026-01-21 00:00:00,M24100,No Failure,Operational,0,298.1,308.7,1362,49.6,158
2026-01-21 01:00:00,L56421,No Failure,Operational,0,298.1,308.7,1683,29.1,161
2026-01-21 02:00:00,M24102,No Failure,Operational,0,298.2,308.7,1269,60.9,163
2026-01-21 03:00:00,L56423,No Failure,Operational,0,298.3,308.8,1454,49.0,166
2026-01-21 04:00:00,L56424,No Failure,Operational,0,298.3,308.8,1767,27.3,168
2026-01-21 05:00:00,L56425,No Failure,Operational,0,298.3,308.9,1708,27.3,170
2026-01-21 06:00:00,L56426,No Failure,Operational,0,298.3,308.9,1862,27.0,172
2026-01-21 07:00:00,L56427,No Failure,Operational,0,298.3,308.9,1695,30.7,174
2026-01-21 08:00:00,M24108,No Failure,Operational,0,298.3,309.1,1488,40.6,176
2026-01-21 09:00:00,L56429,No Failure,Operational,0,298.3,309.0,1657,32.2,179
2026-01-21 10:00:00,H38664,No Failure,Operational,0,298.3,309.0,1823,25.9,181
2026-01-21 11:00:00,M24111,No Failure,Operational,0,298.2,309.1,1651,28.8,186
2026-01-21 12:00:00,M24112,No Failure,Operational,0,298.1,309.0,1533,36.1,189
2026-01-21 13:00:00,M24113,No Failure,Operational,0,298.2,309.0,1508,40.5,192
2026-01-21 14:00:00,L56434,No Failure,Operational,0,298.3,309.1,1616,31.1,195
2026-01-21 15:00:00,L56435,No Failure,Operational,0,298.2,309.0,1651,31.5,197
2026-01-21 16:00:00,L56436,No Failure,Operational,0,298.2,309.1,1569,35.2,199
2026-01-21 17:00:00,M24117,No Failure,Operational,0,298.3,309.1,1296,58.7,201
2026-01-21 18:00:00,H38672,No Failure,Operational,0,298.3,309.0,1379,43.2,0
2026-01-21 19:00:00,M24119,No Failure,Operational,0,298.2,309.0,1694,28.0,5
2026-01-21 20:00:00,L56440,No Failure,Operational,0,298.2,309.0,1377,57.8,8
2026-01-21 21:00:00,H38675,No Failure,Operational,0,298.3,309.0,1470,38.4,10
2026-01-21 22:00:00,M24122,No Failure,Operational,0,298.3,309.1,1404,47.0,15
2026-01-21 23:00:00,L56443,No Failure,Operational,0,298.3,309.1,1593,40.1,18
2026-01-22 00:00:00,M24124,No Failure,Operational,0,298.3,309.0,1526,36.9,20
2026-01-22 01:00:00,M24125,No Failure,Operational,0,298.3,308.9,1390,49.7,23
2026-01-22 02:00:00,L56446,No Failure,Operational,0,298.2,308.9,1737,25.5,26
2026-01-22 03:00:00,L56447,No Failure,Operational,0,298.2,308.8,1362,57.3,28
2026-01-22 04:00:00,L56448,No Failure,Operational,0,298.2,308.8,1666,31.5,30
2026-01-22 05:00:00,L56449,No Failure,Operational,0,298.2,308.8,1354,60.9,32
2026-01-22 06:00:00,L56450,No Failure,Operational,0,298.2,308.8,1302,60.4,34
2026-01-22 07:00:00,L56451,No Failure,Operational,0,298.2,308.7,1991,20.5,36
2026-01-22 08:00:00,L56452,No Failure,Operational,0,298.2,308.6,1353,54.1,38
2026-01-22 09:00:00,H38687,No Failure,Operational,0,298.2,308.7,1520,35.7,40
2026-01-22 10:00:00,L56454,No Failure,Operational,0,298.2,308.7,1428,54.9,45
2026-01-22 11:00:00,L56455,No Failure,Operational,0,298.2,308.7,1605,29.4,47
2026-01-22 12:00:00,L56456,No Failure,Operational,0,298.1,308.7,1691,30.3,49
2026-01-22 13:00:00,L56457,No Failure,Operational,0,298.2,308.7,1447,48.4,51
2026-01-22 14:00:00,H38692,No Failure,Operational,0,298.2,308.8,1606,39.9,53
2026-01-22 15:00:00,M24139,No Failure,Operational,0,298.2,308.8,1645,28.2,58
2026-01-22 16:00:00,H38694,No Failure,Operational,0,298.2,308.8,1470,43.3,61
2026-01-22 17:00:00,L56461,No Failure,Operational,0,298.2,308.9,1336,45.0,66
2026-01-22 18:00:00,M24142,No Failure,Operational,0,298.2,308.9,1414,44.3,68
2026-01-22 19:00:00,M24143,No Failure,Operational,0,298.3,309.0,1802,27.5,71
2026-01-22 20:00:00,L56464,No Failure,Operational,0,298.2,308.9,1683,31.7,74
2026-01-22 21:00:00,M24145,No Failure,Operational,0,298.2,309.0,1410,47.6,76
2026-01-22 22:00:00,L56466,No Failure,Operational,0,298.2,308.9,1605,32.0,79
2026-01-22 23:00:00,L56467,No Failure,Operational,0,298.2,308.9,1709,28.1,81
2026-01-23 00:00:00,L56468,No Failure,Operational,0,298.2,308.9,1444,53.1,83
2026-01-23 01:00:00,L56469,No Failure,Operational,0,298.2,308.9,1367,45.0,85
2026-01-23 02:00:00,L56470,No Failure,Operational,0,298.2,309.0,1418,44.2,87
2026-01-23 03:00:00,L56471,No Failure,Operational,0,298.2,309.0,1353,57.8,89
2026-01-23 04:00:00,L56472,No Failure,Operational,0,298.2,309.0,1643,34.1,91
2026-01-23 05:00:00,L56473,No Failure,Operational,0,298.3,309.1,1437,38.0,93
2026-01-23 06:00:00,L56474,No Failure,Operational,0,298.1,309.0,1437,36.2,95
2026-01-23 07:00:00,M24155,No Failure,Operational,0,298.2,309.0,1413,47.9,97
2026-01-23 08:00:00,H38710,No Failure,Operational,0,298.2,309.0,1524,39.1,100
2026-01-23 09:00:00,M24157,No Failure,Operational,0,298.1,308.9,1479,43.4,105
2026-01-23 10:00:00,L56478,No Failure,Operational,0,298.1,308.9,1313,50.6,108
2026-01-23 11:00:00,M24159,No Failure,Operational,0,298.1,308.9,1335,50.4,110
2026-01-23 12:00:00,L56480,No Failure,Operational,0,298.1,308.9,1367,41.9,113
2026-01-23 13:00:00,M24161,No Failure,Operational,0,298.1,308.9,1459,50.3,115
2026-01-23 14:00:00,M24162,No Failure,Operational,0,298.1,308.9,1804,25.1,118
2026-01-23 15:00:00,L56483,No Failure,Operational,0,298.2,309.0,1491,38.3,121
2026-01-23 16:00:00,L56484,No Failure,Operational,0,298.3,309.1,1537,43.0,123
2026-01-23 17:00:00,H38719,No Failure,Operational,0,298.3,309.1,1646,30.2,125
2026-01-23 18:00:00,M24166,No Failure,Operational,0,298.3,309.2,1783,28.3,130
2026-01-23 19:00:00,L56487,No Failure,Operational,0,298.3,309.1,1395,49.8,133
2026-01-23 20:00:00,L56488,No Failure,Operational,0,298.4,309.1,1423,48.0,135
2026-01-23 21:00:00,L56489,No Failure,Operational,0,298.3,309.2,1562,37.6,137
2026-01-23 22:00:00,L56490,No Failure,Operational,0,298.4,309.3,1549,40.8,139
2026-01-23 23:00:00,L56491,No Failure,Operational,0,298.4,309.4,1540,43.2,141
2026-01-24 00:00:00,H38726,No Failure,Operational,0,298.5,309.4,1573,33.6,143
2026-01-24 01:00:00,L56493,No Failure,Operational,0,298.5,309.4,1418,45.1,148
2026-01-24 02:00:00,M24174,No Failure,Operational,0,298.5,309.4,1565,33.7,150
2026-01-24 03:00:00,L56495,No Failure,Operational,0,298.5,309.5,1569,41.0,153
2026-01-24 04:00:00,H38730,No Failure,Operational,0,298.5,309.4,1417,41.2,155
2026-01-24 05:00:00,L56497,No Failure,Operational,0,298.5,309.5,1480,38.1,160
2026-01-24 06:00:00,L56498,No Failure,Operational,0,298.5,309.4,1364,44.5,162
2026-01-24 07:00:00,L56499,No Failure,Operational,0,298.5,309.4,1911,21.5,164
2026-01-24 08:00:00,L56500,No Failure,Operational,0,298.4,309.3,1409,43.1,166
2026-01-24 09:00:00,L56501,No Failure,Operational,0,298.4,309.2,1335,53.5,168
2026-01-24 10:00:00,M24182,No Failure,Operational,0,298.5,309.3,1512,38.1,170
2026-01-24 11:00:00,L56503,No Failure,Operational,0,298.6,309.4,1447,40.2,173
2026-01-24 12:00:00,L56504,No Failure,Operational,0,298.6,309.3,1537,37.6,175
2026-01-24 13:00:00,M24185,No Failure,Operational,0,298.6,309.3,1510,40.8,177
2026-01-24 14:00:00,L56506,No Failure,Operational,0,298.6,309.3,1677,31.2,180
2026-01-24 15:00:00,L56507,No Failure,Operational,0,298.5,309.2,1504,33.7,182
2026-01-24 16:00:00,H38742,No Failure,Operational,0,298.5,309.1,2051,19.0,184
2026-01-24 17:00:00,L56509,No Failure,Operational,0,298.5,309.1,1474,41.3,189
2026-01-24 18:00:00,M24190,No Failure,Operational,0,298.4,309.0,1507,36.1,191
2026-01-24 19:00:00,L56511,No Failure,Operational,0,298.4,308.9,1496,37.9,194
2026-01-24 20:00:00,M24192,No Failure,Operational,0,298.5,309.0,1921,22.0,196
2026-01-24 21:00:00,L56513,No Failure,Operational,0,298.5,309.0,1450,40.5,199
2026-01-24 22:00:00,L56514,No Failure,Operational,0,298.4,308.9,1402,44.8,201
2026-01-24 23:00:00,L56515,No Failure,Operational,0,298.4,308.9,1501,50.0,203
2026-01-25 00:00:00,L56516,No Failure,Operational,0,298.5,308.9,1725,31.9,205
2026-01-25 01:00:00,H38751,No Failure,Operational,0,298.5,308.9,1500,40.3,207
2026-01-25 02:00:00,H38752,No Failure,Operational,0,298.5,309.0,1531,30.8,212
2026-01-25 03:00:00,L56519,No Failure,Operational,0,298.5,309.0,1458,44.8,217
2026-01-25 04:00:00,H38754,No Failure,Operational,0,298.4,308.9,1577,37.1,0
2026-01-25 05:00:00,M24201,No Failure,Operational,0,298.3,308.9,1363,46.1,5
2026-01-25 06:00:00,H38756,No Failure,Operational,0,298.3,308.9,1706,31.8,8
2026-01-25 07:00:00,M24203,No Failure,Operational,0,298.3,308.8,1391,50.4,13
2026-01-25 08:00:00,L56524,No Failure,Operational,0,298.2,308.8,1616,33.7,16
2026-01-25 09:00:00,L56525,No Failure,Operational,0,298.2,308.8,1442,47.0,18
2026-01-25 10:00:00,M24206,No Failure,Operational,0,298.2,308.8,1626,40.4,20
2026-01-25 11:00:00,M24207,No Failure,Operational,0,298.2,308.7,1426,42.6,23
2026-01-25 12:00:00,L56528,No Failure,Operational,0,298.2,308.7,1436,49.1,26
2026-01-25 13:00:00,M24209,No Failure,Operational,0,298.2,308.7,1599,36.2,28
2026-01-25 14:00:00,L56530,No Failure,Operational,0,298.2,308.7,2186,17.8,31
2026-01-25 15:00:00,L56531,No Failure,Operational,0,298.3,308.8,1645,30.4,33
2026-01-25 16:00:00,L56532,No Failure,Operational,0,298.2,308.7,1780,27.9,35
2026-01-25 17:00:00,L56533,No Failure,Operational,0,298.2,308.8,1345,44.3,37
2026-01-25 18:00:00,M24214,No Failure,Operational,0,298.2,308.8,1607,31.9,39
2026-01-25 19:00:00,L56535,No Failure,Operational,0,298.3,308.9,1708,28.0,42
2026-01-25 20:00:00,L56536,No Failure,Operational,0,298.3,308.9,1270,52.7,44
2026-01-25 21:00:00,M24217,No Failure,Operational,0,298.3,308.9,1646,25.4,46
2026-01-25 22:00:00,L56538,No Failure,Operational,0,298.2,308.7,1407,45.1,49
2026-01-25 23:00:00,M24219,No Failure,Operational,0,298.1,308.7,1581,47.4,51
2026-01-26 00:00:00,L56540,No Failure,Operational,0,298.0,308.6,1532,42.6,54
2026-01-26 01:00:00,L56541,No Failure,Operational,0,298.0,308.6,1610,33.1,56
2026-01-26 02:00:00,M24222,No Failure,Operational,0,298.0,308.5,1682,33.0,58
2026-01-26 03:00:00,L56543,No Failure,Operational,0,297.9,308.5,1519,34.3,61
2026-01-26 04:00:00,L56544,No Failure,Operational,0,297.9,308.5,1683,28.5,63
2026-01-26 05:00:00,M24225,No Failure,Operational,0,298.0,308.6,1254,55.8,65
2026-01-26 06:00:00,L56546,No Failure,Operational,0,298.0,308.5,1461,48.0,68
2026-01-26 07:00:00,L56547,No Failure,Operational,0,297.9,308.5,1472,45.1,70
2026-01-26 08:00:00,L56548,No Failure,Operational,0,297.7,308.4,1510,38.6,72
2026-01-26 09:00:00,M24229,No Failure,Operational,0,297.7,308.3,1547,36.8,74
2026-01-26 10:00:00,H38784,No Failure,Operational,0,297.7,308.4,1418,51.9,77
2026-01-26 11:00:00,L56551,No Failure,Operational,0,297.7,308.4,1289,51.3,82
2026-01-26 12:00:00,L56552,No Failure,Operational,0,297.7,308.4,1487,41.4,84
2026-01-26 13:00:00,L56553,No Failure,Operational,0,297.7,308.5,1453,45.5,86
2026-01-26 14:00:00,M24234,No Failure,Operational,0,297.8,308.5,1466,44.7,88
2026-01-26 15:00:00,H38789,No Failure,Operational,0,297.7,308.4,1288,49.5,91
2026-01-26 16:00:00,H38790,No Failure,Operational,0,297.7,308.4,1738,27.7,96
2026-01-26 17:00:00,H38791,No Failure,Operational,0,297.7,308.3,1488,41.0,101
2026-01-26 18:00:00,L56558,No Failure,Operational,0,297.6,308.3,1816,28.8,106
2026-01-26 19:00:00,L56559,No Failure,Operational,0,297.5,308.2,1419,48.5,108
2026-01-26 20:00:00,L56560,No Failure,Operational,0,297.4,308.1,1435,45.7,110
2026-01-26 21:00:00,M24241,No Failure,Operational,0,297.5,308.1,1480,42.4,112
2026-01-26 22:00:00,L56562,No Failure,Operational,0,297.5,308.2,1610,33.6,115
2026-01-26 23:00:00,H38797,No Failure,Operational,0,297.5,308.1,1548,38.2,117
2026-01-27 00:00:00,M24244,No Failure,Operational,0,297.6,308.1,1379,57.4,122
2026-01-27 01:00:00,M24245,No Failure,Operational,0,297.5,308.1,1907,23.5,125
2026-01-27 02:00:00,M24246,No Failure,Operational,0,297.5,308.0,2033,16.7,128
2026-01-27 03:00:00,H38801,No Failure,Operational,0,297.4,307.9,1390,52.0,131
2026-01-27 04:00:00,M24248,No Failure,Operational,0,297.5,307.9,1544,37.9,136
2026-01-27 05:00:00,L56569,No Failure,Operational,0,297.6,308.0,1258,57.4,139
2026-01-27 06:00:00,M24250,No Failure,Operational,0,297.5,308.0,1560,39.0,141
2026-01-27 07:00:00,H38805,No Failure,Operational,0,297.6,308.2,2071,18.5,144
2026-01-27 08:00:00,L56572,No Failure,Operational,0,297.6,308.1,1437,46.3,149
2026-01-27 09:00:00,H38807,No Failure,Operational,0,297.7,308.2,1489,43.0,151
2026-01-27 10:00:00,L56574,No Failure,Operational,0,297.7,308.2,1334,53.0,156
2026-01-27 11:00:00,L56575,No Failure,Operational,0,297.7,308.2,1500,39.9,158
2026-01-27 12:00:00,L56576,No Failure,Operational,0,297.8,308.3,1498,47.3,160
2026-01-27 13:00:00,M24257,No Failure,Operational,0,297.7,308.2,1370,53.4,162
2026-01-27 14:00:00,H38812,No Failure,Operational,0,297.7,308.2,1526,40.1,165
2026-01-27 15:00:00,L56579,No Failure,Operational,0,297.8,308.3,1477,44.8,170
2026-01-27 16:00:00,L56580,No Failure,Operational,0,297.7,308.2,1446,43.9,172
2026-01-27 17:00:00,M24261,No Failure,Operational,0,297.7,308.2,1720,25.6,174
2026-01-27 18:00:00,L56582,No Failure,Operational,0,297.7,308.1,1734,30.7,177
2026-01-27 19:00:00,L56583,No Failure,Operational,0,297.7,308.1,1697,29.1,179
2026-01-27 20:00:00,L56584,No Failure,Operational,0,297.7,308.2,2007,19.3,181
2026-01-27 21:00:00,M24265,No Failure,Operational,0,297.7,308.1,1469,48.8,183
2026-01-27 22:00:00,M24266,No Failure,Operational,0,297.7,308.1,2189,15.6,186
2026-01-27 23:00:00,L56587,No Failure,Operational,0,297.8,308.3,1435,50.1,189
2026-01-28 00:00:00,H38822,No Failure,Operational,0,297.9,308.4,1637,34.5,191
2026-01-28 01:00:00,L56589,No Failure,Operational,0,298.0,308.5,1664,28.3,196
2026-01-28 02:00:00,M24270,No Failure,Operational,0,298.0,308.5,1666,31.0,198
2026-01-28 03:00:00,L56591,No Failure,Operational,0,298.0,308.5,1404,46.6,201
2026-01-28 04:00:00,L56592,No Failure,Operational,0,298.0,308.5,1702,26.7,203
2026-01-28 05:00:00,L56593,No Failure,Operational,0,298.1,308.6,1439,44.9,205
2026-01-28 06:00:00,L56594,Overstrain Failure,Maintenance Required,1,298.1,308.6,1354,53.9,207
2026-01-28 07:00:00,M24275,No Failure,Operational,0,298.2,308.7,1361,44.2,0
2026-01-28 08:00:00,M24276,No Failure,Operational,0,298.1,308.5,1463,45.9,3
2026-01-28 09:00:00,H38831,No Failure,Operational,0,298.1,308.4,1515,43.8,6
2026-01-28 10:00:00,L56598,No Failure,Operational,0,298.0,308.4,1432,46.2,11
2026-01-28 11:00:00,L56599,No Failure,Operational,0,298.0,308.4,1911,22.0,13
2026-01-28 12:00:00,L56600,No Failure,Operational,0,298.0,308.4,1472,42.0,15
2026-01-28 13:00:00,M24281,No Failure,Operational,0,298.1,308.5,1382,54.5,17
2026-01-28 14:00:00,L56602,No Failure,Operational,0,298.1,308.5,1665,29.6,20
2026-01-28 15:00:00,L56603,No Failure,Operational,0,298.1,308.5,1676,30.5,22
2026-01-28 16:00:00,M24284,No Failure,Operational,0,298.0,308.5,1585,33.0,24
2026-01-28 17:00:00,M24285,No Failure,Operational,0,298.1,308.6,1415,46.3,27
2026-01-28 18:00:00,L56606,No Failure,Operational,0,298.1,308.7,1341,55.7,30
2026-01-28 19:00:00,L56607,No Failure,Operational,0,298.2,308.8,1540,34.8,32
2026-01-28 20:00:00,H38842,No Failure,Operational,0,298.2,308.8,1837,28.4,34
2026-01-28 21:00:00,L56609,No Failure,Operational,0,298.2,308.8,1498,36.0,39
2026-01-28 22:00:00,L56610,No Failure,Operational,0,298.1,308.7,1671,28.8,41
2026-01-28 23:00:00,L56611,No Failure,Operational,0,298.0,308.6,1430,57.0,43
2026-01-29 00:00:00,L56612,No Failure,Operational,0,298.0,308.7,1619,40.1,45
2026-01-29 01:00:00,M24293,No Failure,Operational,0,298.0,308.7,1430,51.9,47
2026-01-29 02:00:00,L56614,No Failure,Operational,0,298.0,308.6,1626,33.3,50
2026-01-29 03:00:00,L56615,No Failure,Operational,0,298.0,308.7,1443,49.3,52
2026-01-29 04:00:00,L56616,No Failure,Operational,0,298.0,308.6,1481,42.5,54
2026-01-29 05:00:00,M24297,No Failure,Operational,0,298.1,308.7,1527,43.0,56
2026-01-29 06:00:00,M24298,No Failure,Operational,0,298.1,308.7,1315,56.8,59
2026-01-29 07:00:00,M24299,No Failure,Operational,0,298.1,308.8,1433,48.2,62
2026-01-29 08:00:00,M24300,No Failure,Operational,0,298.1,308.8,1378,53.5,65
2026-01-29 09:00:00,L56621,No Failure,Operational,0,298.1,308.8,1432,43.4,68
2026-01-29 10:00:00,M24302,No Failure,Operational,0,298.1,308.8,1394,47.9,70
2026-01-29 11:00:00,H38857,No Failure,Operational,0,298.0,308.8,1411,53.8,73
2026-01-29 12:00:00,L56624,No Failure,Operational,0,298.1,308.9,2136,15.9,78
2026-01-29 13:00:00,M24305,No Failure,Operational,0,298.2,309.0,1446,45.8,80
2026-01-29 14:00:00,H38860,No Failure,Operational,0,298.1,308.9,1388,53.5,83
2026-01-29 15:00:00,M24307,No Failure,Operational,0,298.1,308.9,1323,51.7,88
2026-01-29 16:00:00,L56628,No Failure,Operational,0,298.2,309.0,1780,29.3,91
2026-01-29 17:00:00,M24309,No Failure,Operational,0,298.1,308.8,1434,41.8,93
2026-01-29 18:00:00,M24310,No Failure,Operational,0,298.0,308.7,1494,42.6,96
2026-01-29 19:00:00,H38865,No Failure,Operational,0,298.0,308.7,1536,39.6,99
2026-01-29 20:00:00,M24312,No Failure,Operational,0,298.0,308.7,1392,53.4,104
2026-01-29 21:00:00,H38867,No Failure,Operational,0,298.2,309.0,1360,56.8,107
2026-01-29 22:00:00,L56634,No Failure,Operational,0,298.4,309.2,1583,35.4,112
2026-01-29 23:00:00,L56635,No Failure,Operational,0,298.5,309.2,1983,20.2,114
2026-01-30 00:00:00,L56636,No Failure,Operational,0,298.5,309.3,1630,33.3,116
2026-01-30 01:00:00,M24317,No Failure,Operational,0,298.5,309.3,1692,26.7,118
2026-01-30 02:00:00,L56638,No Failure,Operational,0,298.4,309.1,1417,40.6,121
2026-01-30 03:00:00,L56639,No Failure,Operational,0,298.4,309.1,1579,36.1,123
2026-01-30 04:00:00,M24320,No Failure,Operational,0,298.4,309.2,1399,45.2,125
2026-01-30 05:00:00,M24321,No Failure,Operational,0,298.4,309.2,1414,46.4,128
2026-01-30 06:00:00,L56642,No Failure,Operational,0,298.5,309.3,1570,40.1,131
2026-01-30 07:00:00,M24323,No Failure,Operational,0,298.5,309.3,1552,36.8,133
2026-01-30 08:00:00,L56644,No Failure,Operational,0,298.6,309.4,1440,48.2,136
2026-01-30 09:00:00,M24325,No Failure,Operational,0,298.6,309.4,1460,43.8,138
2026-01-30 10:00:00,L56646,No Failure,Operational,0,298.6,309.4,1471,48.0,141
2026-01-30 11:00:00,L56647,No Failure,Operational,0,298.6,309.3,1702,27.6,143
2026-01-30 12:00:00,L56648,No Failure,Operational,0,298.6,309.4,1375,55.4,145
2026-01-30 13:00:00,L56649,No Failure,Operational,0,298.6,309.4,1698,33.2,147
2026-01-30 14:00:00,H38884,No Failure,Operational,0,298.6,309.4,1439,47.1,149
2026-01-30 15:00:00,M24331,No Failure,Operational,0,298.6,309.4,1774,27.5,154
2026-01-30 16:00:00,M24332,No Failure,Operational,0,298.7,309.4,1375,48.3,157
2026-01-30 17:00:00,L56653,No Failure,Operational,0,298.7,309.5,1446,40.0,160
2026-01-30 18:00:00,M24334,No Failure,Operational,0,298.7,309.6,1455,46.8,162
2026-01-30 19:00:00,L56655,No Failure,Operational,0,298.8,309.6,1523,41.9,165
2026-01-30 20:00:00,M24336,No Failure,Operational,0,298.8,309.6,1692,31.9,167
2026-01-30 21:00:00,M24337,No Failure,Operational,0,298.8,309.6,1693,33.3,170
2026-01-30 22:00:00,L56658,No Failure,Operational,0,298.8,309.6,1890,24.0,173
2026-01-30 23:00:00,H38893,No Failure,Operational,0,298.9,309.6,1600,33.5,175
2026-01-31 00:00:00,M24340,No Failure,Operational,0,298.9,309.6,1434,43.8,180
2026-01-31 01:00:00,L56661,No Failure,Operational,0,298.9,309.6,1365,50.9,183
2026-01-31 02:00:00,H38896,No Failure,Operational,0,298.8,309.6,1309,57.4,185
2026-01-31 03:00:00,H38897,No Failure,Operational,0,298.9,309.6,1546,35.3,190
2026-01-31 04:00:00,L56664,No Failure,Operational,0,298.9,309.6,1663,33.7,195
2026-01-31 05:00:00,L56665,No Failure,Operational,0,298.9,309.6,1589,34.2,197
2026-01-31 06:00:00,M24346,No Failure,Operational,0,298.9,309.6,1472,46.0,199
2026-01-31 07:00:00,L56667,No Failure,Operational,0,298.9,309.6,1583,39.8,202
2026-01-31 08:00:00,M24348,No Failure,Operational,0,298.9,309.6,1567,34.5,204
2026-01-31 09:00:00,L56669,No Failure,Operational,0,298.9,309.7,1407,41.9,207
2026-01-31 10:00:00,M24350,No Failure,Operational,0,299.0,309.7,1418,44.7,209
2026-01-31 11:00:00,M24351,No Failure,Operational,0,299.0,309.7,1489,40.7,212
2026-01-31 12:00:00,L56672,No Failure,Operational,0,299.1,309.9,1586,36.6,215
2026-01-31 13:00:00,L56673,Overstrain Failure,Maintenance Required,1,299.1,309.8,1398,55.4,217
2026-01-31 14:00:00,L56674,No Failure,Operational,0,299.2,309.9,1516,41.4,219
2026-01-31 15:00:00,H38909,No Failure,Operational,0,299.3,310.0,1373,44.8,221
2026-01-31 16:00:00,M24356,No Failure,Operational,0,299.2,310.0,1349,50.4,226
2026-01-31 17:00:00,H38911,No Failure,Operational,0,299.1,309.9,1443,40.3,0
2026-01-31 18:00:00,H38912,No Failure,Operational,0,299.2,310.1,1542,36.1,5
2026-01-31 19:00:00,L56679,No Failure,Operational,0,299.2,310.1,1534,37.7,10
2026-01-31 20:00:00,L56680,No Failure,Operational,0,299.2,310.2,1697,30.6,12
2026-01-31 21:00:00,L56681,No Failure,Operational,0,299.3,310.3,1396,47.4,14
2026-01-31 22:00:00,L56682,No Failure,Operational,0,299.3,310.2,1495,49.2,16
2026-01-31 23:00:00,M24363,No Failure,Operational,0,299.2,310.3,1551,44.8,18
2026-02-01 00:00:00,L56684,No Failure,Operational,0,299.2,310.3,1440,47.0,21
2026-02-01 01:00:00,L56685,No Failure,Operational,0,299.2,310.3,1429,40.1,23
2026-02-01 02:00:00,H38920,No Failure,Operational,0,299.3,310.4,1548,41.6,25
2026-02-01 03:00:00,L56687,No Failure,Operational,0,299.3,310.5,1505,38.8,30
2026-02-01 04:00:00,L56688,No Failure,Operational,0,299.2,310.4,1611,36.4,32
2026-02-01 05:00:00,M24369,No Failure,Operational,0,299.2,310.4,1502,39.8,34
2026-02-01 06:00:00,M24370,No Failure,Operational,0,299.2,310.4,1504,43.3,37
2026-02-01 07:00:00,L56691,No Failure,Operational,0,299.1,310.3,1449,40.7,40
2026-02-01 08:00:00,L56692,No Failure,Operational,0,299.0,310.2,1575,37.8,42
2026-02-01 09:00:00,M24373,No Failure,Operational,0,299.0,310.2,1598,33.4,44
2026-02-01 10:00:00,L56694,No Failure,Operational,0,299.0,310.1,1416,45.9,47
2026-02-01 11:00:00,L56695,No Failure,Operational,0,299.0,310.2,1682,28.8,49
2026-02-01 12:00:00,L56696,No Failure,Operational,0,298.9,310.1,1341,54.5,51
2026-02-01 13:00:00,L56697,No Failure,Operational,0,298.9,310.1,1523,39.1,53
2026-02-01 14:00:00,L56698,No Failure,Operational,0,299.0,310.1,1580,41.9,55
2026-02-01 15:00:00,L56699,No Failure,Operational,0,299.0,310.1,1531,36.0,57
2026-02-01 16:00:00,L56700,No Failure,Operational,0,299.0,310.1,1375,48.9,59
2026-02-01 17:00:00,M24381,No Failure,Operational,0,298.9,310.1,1484,40.4,61
2026-02-01 18:00:00,M24382,No Failure,Operational,0,299.0,310.2,1657,32.3,64
2026-02-01 19:00:00,L56703,No Failure,Operational,0,299.0,310.2,1494,40.6,67
2026-02-01 20:00:00,H38938,No Failure,Operational,0,299.0,310.3,1658,27.6,69
2026-02-01 21:00:00,L56705,No Failure,Operational,0,299.1,310.3,1411,42.1,74
2026-02-01 22:00:00,M24386,No Failure,Operational,0,299.2,310.4,1395,55.4,76
2026-02-01 23:00:00,L56707,No Failure,Operational,0,299.1,310.4,1550,43.9,79
2026-02-02 00:00:00,M24388,No Failure,Operational,0,299.1,310.3,1233,59.0,81
2026-02-02 01:00:00,L56709,No Failure,Operational,0,299.1,310.3,1459,46.7,84
2026-02-02 02:00:00,H38944,No Failure,Operational,0,299.1,310.4,1405,53.6,86
2026-02-02 03:00:00,L56711,No Failure,Operational,0,299.2,310.5,1458,44.1,91
2026-02-02 04:00:00,L56712,No Failure,Operational,0,299.2,310.5,1384,48.7,93
2026-02-02 05:00:00,L56713,No Failure,Operational,0,299.2,310.5,1705,29.5,95
2026-02-02 06:00:00,L56714,No Failure,Operational,0,299.3,310.6,1443,45.7,97
2026-02-02 07:00:00,M24395,No Failure,Operational,0,299.3,310.6,1609,31.4,99
2026-02-02 08:00:00,L56716,No Failure,Operational,0,299.3,310.5,1818,26.0,102
2026-02-02 09:00:00,M24397,No Failure,Operational,0,299.3,310.6,1457,42.1,104
2026-02-02 10:00:00,L56718,No Failure,Operational,0,299.3,310.6,1480,45.1,107
2026-02-02 11:00:00,L56719,No Failure,Operational,0,299.4,310.8,1424,47.7,109
2026-02-02 12:00:00,M24400,No Failure,Operational,0,299.4,310.8,1628,40.2,111
2026-02-02 13:00:00,M24401,No Failure,Operational,0,299.5,310.8,1754,31.3,114
2026-02-02 14:00:00,L56722,No Failure,Operational,0,299.6,310.9,1716,28.5,117
2026-02-02 15:00:00,M24403,No Failure,Operational,0,299.5,310.9,1378,48.7,119
2026-02-02 16:00:00,L56724,No Failure,Operational,0,299.6,311.0,1708,31.0,122
2026-02-02 17:00:00,L56725,No Failure,Operational,0,299.6,311.0,1430,38.3,124
2026-02-02 18:00:00,M24406,No Failure,Operational,0,299.7,311.2,1560,43.9,126
2026-02-02 19:00:00,L56727,No Failure,Operational,0,299.6,311.1,1679,30.7,129
2026-02-02 20:00:00,L56728,No Failure,Operational,0,299.6,311.1,1521,37.2,131
2026-02-02 21:00:00,M24409,No Failure,Operational,0,299.6,311.1,1649,33.8,133
2026-02-02 22:00:00,M24410,No Failure,Operational,0,299.5,311.0,1451,43.3,136
2026-02-02 23:00:00,L56731,No Failure,Operational,0,299.4,310.8,1391,48.9,139
2026-02-03 00:00:00,M24412,No Failure,Operational,0,299.3,310.8,1523,40.9,141
2026-02-03 01:00:00,L56733,No Failure,Operational,0,299.3,310.7,1495,39.2,144
2026-02-03 02:00:00,M24414,No Failure,Operational,0,299.3,310.7,1440,45.5,146
2026-02-03 03:00:00,H38969,No Failure,Operational,0,299.4,310.8,1585,31.4,149
2026-02-03 04:00:00,L56736,No Failure,Operational,0,299.5,310.8,1374,48.3,154
2026-02-03 05:00:00,M24417,No Failure,Operational,0,299.5,310.8,1507,40.2,156
2026-02-03 06:00:00,M24418,No Failure,Operational,0,299.5,310.9,1577,34.6,159
2026-02-03 07:00:00,L56739,No Failure,Operational,0,299.5,310.9,1496,38.5,162
2026-02-03 08:00:00,L56740,No Failure,Operational,0,299.6,310.9,1487,42.5,164
2026-02-03 09:00:00,L56741,No Failure,Operational,0,299.6,310.9,1853,26.3,166
2026-02-03 10:00:00,M24422,No Failure,Operational,0,299.7,311.0,1435,50.1,168
2026-02-03 11:00:00,M24423,No Failure,Operational,0,299.8,311.1,1763,25.5,171
2026-02-03 12:00:00,L56744,No Failure,Operational,0,299.8,311.1,1820,24.9,174
2026-02-03 13:00:00,M24425,No Failure,Operational,0,299.8,311.1,1498,38.1,176
2026-02-03 14:00:00,L56746,No Failure,Operational,0,299.8,311.1,1603,35.1,179
2026-02-03 15:00:00,L56747,No Failure,Operational,0,299.8,311.1,1412,42.5,181
2026-02-03 16:00:00,L56748,No Failure,Operational,0,299.8,311.1,1588,38.0,183
2026-02-03 17:00:00,M24429,No Failure,Operational,0,299.8,311.0,1948,20.0,185
2026-02-03 18:00:00,L56750,No Failure,Operational,0,299.7,310.9,1384,48.2,188
2026-02-03 19:00:00,L56751,No Failure,Operational,0,299.7,310.8,1589,36.0,190
2026-02-03 20:00:00,M24432,No Failure,Operational,0,299.7,310.8,1405,47.6,192
2026-02-03 21:00:00,L56753,No Failure,Operational,0,299.7,310.9,1491,40.1,195
2026-02-03 22:00:00,H38988,No Failure,Operational,0,299.7,310.8,1418,46.6,197
2026-02-03 23:00:00,M24435,No Failure,Operational,0,299.6,310.8,1603,35.4,202
2026-02-04 00:00:00,L56756,Tool Wear Failure,Maintenance Required,1,299.6,310.7,1922,23.3,205
2026-02-04 01:00:00,M24437,No Failure,Operational,0,299.5,310.7,1364,49.5,0
2026-02-04 02:00:00,L56758,No Failure,Operational,0,299.4,310.7,1551,41.2,3
2026-02-04 03:00:00,L56759,No Failure,Operational,0,299.5,310.7,1589,33.5,5
2026-02-04 04:00:00,M24440,No Failure,Operational,0,299.5,310.7,1423,56.5,7
2026-02-04 05:00:00,L56761,No Failure,Operational,0,299.4,310.6,1418,53.1,10
2026-02-04 06:00:00,M24442,No Failure,Operational,0,299.3,310.5,1404,47.5,12
2026-02-04 07:00:00,L56763,No Failure,Operational,0,299.3,310.5,1281,59.8,15
2026-02-04 08:00:00,L56764,No Failure,Operational,0,299.3,310.5,1529,41.3,17
2026-02-04 09:00:00,M24445,No Failure,Operational,0,299.3,310.5,1563,42.1,19
2026-02-04 10:00:00,L56766,No Failure,Operational,0,299.4,310.6,1348,54.5,22
2026-02-04 11:00:00,M24447,No Failure,Operational,0,299.3,310.5,1462,40.5,24
2026-02-04 12:00:00,H39002,No Failure,Operational,0,299.3,310.4,1510,45.5,27
2026-02-04 13:00:00,L56769,No Failure,Operational,0,299.2,310.4,1472,43.3,32
2026-02-04 14:00:00,M24450,No Failure,Operational,0,299.2,310.4,1325,52.0,34
2026-02-04 15:00:00,L56771,No Failure,Operational,0,299.2,310.4,1570,37.3,37
2026-02-04 16:00:00,L56772,No Failure,Operational,0,299.2,310.4,1379,46.8,39
2026-02-04 17:00:00,L56773,No Failure,Operational,0,299.1,310.2,1352,52.8,41
2026-02-04 18:00:00,L56774,No Failure,Operational,0,299.1,310.3,1727,28.7,43
2026-02-04 19:00:00,H39009,No Failure,Operational,0,299.0,310.1,1432,50.0,45
2026-02-04 20:00:00,L56776,No Failure,Operational,0,298.9,310.1,1466,43.4,50
2026-02-04 21:00:00,L56777,No Failure,Operational,0,298.9,310.1,1510,38.0,52
2026-02-04 22:00:00,L56778,No Failure,Operational,0,299.0,310.2,1490,41.1,54
2026-02-04 23:00:00,L56779,No Failure,Operational,0,299.0,310.1,1463,37.4,56
2026-02-05 00:00:00,M24460,No Failure,Operational,0,298.9,310.0,1561,45.3,58
2026-02-05 01:00:00,L56781,No Failure,Operational,0,298.9,310.1,2109,18.0,61
2026-02-05 02:00:00,L56782,No Failure,Operational,0,298.9,310.2,1705,32.5,63
2026-02-05 03:00:00,M24463,No Failure,Operational,0,298.9,310.1,1549,40.2,65
2026-02-05 04:00:00,H39018,No Failure,Operational,0,299.0,310.2,1637,38.0,68
2026-02-05 05:00:00,M24465,No Failure,Operational,0,298.9,310.1,1484,37.9,73
2026-02-05 06:00:00,L56786,No Failure,Operational,0,298.9,310.1,1401,44.4,76
2026-02-05 07:00:00,L56787,No Failure,Operational,0,298.9,310.1,1571,36.8,78
2026-02-05 08:00:00,M24468,No Failure,Operational,0,298.9,310.1,1513,41.5,80
2026-02-05 09:00:00,L56789,No Failure,Operational,0,299.0,310.1,1470,40.3,83
2026-02-05 10:00:00,L56790,No Failure,Operational,0,299.0,310.1,1505,41.3,85
2026-02-05 11:00:00,L56791,No Failure,Operational,0,299.0,310.2,1432,42.2,87
2026-02-05 12:00:00,M24472,No Failure,Operational,0,299.0,310.2,1625,31.8,89
2026-02-05 13:00:00,L56793,Power Failure,Maintenance Required,1,299.0,310.2,1377,62.5,92
2026-02-05 14:00:00,M24474,No Failure,Operational,0,299.1,310.3,1441,43.9,94
2026-02-05 15:00:00,M24475,No Failure,Operational,0,299.0,310.2,1564,39.9,97
2026-02-05 16:00:00,L56796,No Failure,Operational,0,298.9,310.1,1580,37.3,100
2026-02-05 17:00:00,L56797,No Failure,Operational,0,299.0,310.2,1516,35.3,102
2026-02-05 18:00:00,L56798,No Failure,Operational,0,299.0,310.1,1447,42.8,104
2026-02-05 19:00:00,M24479,No Failure,Operational,0,298.9,310.0,1323,52.9,106
2026-02-05 20:00:00,L56800,No Failure,Operational,0,298.9,310.0,1470,45.9,109
2026-02-05 21:00:00,M24481,No Failure,Operational,0,299.0,310.0,2049,19.5,111
2026-02-05 22:00:00,L56802,No Failure,Operational,0,298.9,310.0,1794,27.2,114
2026-02-05 23:00:00,L56803,No Failure,Operational,0,298.9,310.1,1356,47.8,116
2026-02-06 00:00:00,H39038,No Failure,Operational,0,299.0,310.1,1555,38.6,118
2026-02-06 01:00:00,M24485,No Failure,Operational,0,299.0,310.1,1487,47.5,123
2026-02-06 02:00:00,M24486,No Failure,Operational,0,299.0,310.0,1341,58.9,126
2026-02-06 03:00:00,M24487,No Failure,Operational,0,298.9,310.0,1487,36.6,129
2026-02-06 04:00:00,H39042,No Failure,Operational,0,299.0,310.0,1569,34.3,132
2026-02-06 05:00:00,H39043,No Failure,Operational,0,299.0,310.1,2053,19.7,137
2026-02-06 06:00:00,L56810,No Failure,Operational,0,299.0,310.1,1583,35.8,142
2026-02-06 07:00:00,L56811,No Failure,Operational,0,299.0,310.0,1672,33.2,144
2026-02-06 08:00:00,M24492,No Failure,Operational,0,299.0,310.0,1337,57.4,146
2026-02-06 09:00:00,H39047,No Failure,Operational,0,299.1,310.1,1421,41.2,149
2026-02-06 10:00:00,L56814,No Failure,Operational,0,299.1,310.2,1425,52.7,154
2026-02-06 11:00:00,L56815,No Failure,Operational,0,299.2,310.2,1609,33.2,156
2026-02-06 12:00:00,L56816,No Failure,Operational,0,299.2,310.3,1507,41.3,158
2026-02-06 13:00:00,L56817,No Failure,Operational,0,299.2,310.3,1463,38.9,160
2026-02-06 14:00:00,H39052,No Failure,Operational,0,299.3,310.4,1393,44.9,162
2026-02-06 15:00:00,L56819,No Failure,Operational,0,299.3,310.4,1725,26.8,167
2026-02-06 16:00:00,L56820,No Failure,Operational,0,299.4,310.5,1514,36.1,169
2026-02-06 17:00:00,L56821,No Failure,Operational,0,299.3,310.4,1365,53.9,171
2026-02-06 18:00:00,L56822,No Failure,Operational,0,299.4,310.5,1372,46.3,173
2026-02-06 19:00:00,L56823,No Failure,Operational,0,299.4,310.4,1509,40.6,175
2026-02-06 20:00:00,L56824,No Failure,Operational,0,299.3,310.4,1629,32.6,177
2026-02-06 21:00:00,L56825,No Failure,Operational,0,299.4,310.5,1749,28.1,179
2026-02-06 22:00:00,L56826,No Failure,Operational,0,299.4,310.4,1582,31.7,181
2026-02-06 23:00:00,L56827,No Failure,Operational,0,299.2,310.2,1458,47.0,183
2026-02-07 00:00:00,L56828,No Failure,Operational,0,299.1,310.1,1416,41.2,185
2026-02-07 01:00:00,H39063,No Failure,Operational,0,299.1,310.0,1657,33.1,187
2026-02-07 02:00:00,M24510,No Failure,Operational,0,299.1,310.0,1437,41.1,192
2026-02-07 03:00:00,M24511,No Failure,Operational,0,299.1,310.0,1580,36.0,195
2026-02-07 04:00:00,M24512,No Failure,Operational,0,299.0,310.0,1488,46.3,198
2026-02-07 05:00:00,L56833,Overstrain Failure,Maintenance Required,1,299.0,309.9,1373,55.7,201
2026-02-07 06:00:00,L56834,Overstrain Failure,Maintenance Required,1,299.1,310.0,1367,56.3,203
2026-02-07 07:00:00,H39069,No Failure,Operational,0,299.1,310.0,1431,49.5,205
2026-02-07 08:00:00,L56836,No Failure,Operational,0,299.0,310.1,1623,33.0,210
2026-02-07 09:00:00,L56837,No Failure,Operational,0,299.0,310.0,1484,39.6,212
2026-02-07 10:00:00,L56838,No Failure,Operational,0,299.0,309.9,1548,34.5,214
2026-02-07 11:00:00,L56839,Overstrain Failure,Maintenance Required,1,298.9,309.8,1287,61.9,216
2026-02-07 12:00:00,M24520,No Failure,Operational,0,298.9,309.8,1392,43.1,218
2026-02-07 13:00:00,H39075,No Failure,Operational,0,299.0,310.0,1458,44.9,221
2026-02-07 14:00:00,M24522,No Failure,Operational,0,299.1,310.1,1570,30.9,226
2026-02-07 15:00:00,L56843,Overstrain Failure,Maintenance Required,1,299.1,310.1,1435,48.8,229
2026-02-07 16:00:00,L56844,Overstrain Failure,Maintenance Required,1,299.1,310.2,1317,54.8,231
2026-02-07 17:00:00,L56845,No Failure,Operational,0,299.2,310.3,1610,33.3,233
2026-02-07 18:00:00,M24526,No Failure,Operational,0,299.1,310.3,1838,24.0,235
2026-02-07 19:00:00,L56847,Overstrain Failure,Maintenance Required,1,299.2,310.3,1352,48.9,238
2026-02-07 20:00:00,L56848,No Failure,Operational,0,299.1,310.3,1619,35.2,240
2026-02-07 21:00:00,L56849,No Failure,Operational,0,299.1,310.3,1619,31.1,242
2026-02-07 22:00:00,L56850,No Failure,Operational,0,299.0,310.2,1690,30.7,244
2026-02-07 23:00:00,L56851,No Failure,Operational,0,299.0,310.2,1412,44.1,246
2026-02-08 00:00:00,H39086,No Failure,Operational,0,299.0,310.2,1744,31.5,0
2026-02-08 01:00:00,M24533,No Failure,Operational,0,299.0,310.1,1593,35.4,5
2026-02-08 02:00:00,L56854,No Failure,Operational,0,299.1,310.2,1695,29.6,8
2026-02-08 03:00:00,M24535,No Failure,Operational,0,299.0,310.2,1298,57.2,10
2026-02-08 04:00:00,L56856,No Failure,Operational,0,299.0,310.1,1886,21.2,13
2026-02-08 05:00:00,L56857,No Failure,Operational,0,299.0,310.1,2033,19.3,15
2026-02-08 06:00:00,M24538,No Failure,Operational,0,299.1,310.2,1711,28.1,17
2026-02-08 07:00:00,L56859,No Failure,Operational,0,299.1,310.2,1598,33.4,20
2026-02-08 08:00:00,L56860,No Failure,Operational,0,299.1,310.1,1894,24.2,22
2026-02-08 09:00:00,M24541,No Failure,Operational,0,299.1,310.1,1412,44.4,24
2026-02-08 10:00:00,L56862,No Failure,Operational,0,299.1,310.0,1394,46.6,27
2026-02-08 11:00:00,M24543,No Failure,Operational,0,299.0,310.0,1338,56.4,29
2026-02-08 12:00:00,H39098,No Failure,Operational,0,298.9,309.9,1376,51.0,32
2026-02-08 13:00:00,L56865,No Failure,Operational,0,299.0,310.0,1360,48.1,37
2026-02-08 14:00:00,L56866,No Failure,Operational,0,299.1,310.1,1486,40.7,39
2026-02-08 15:00:00,M24547,No Failure,Operational,0,299.1,310.1,1649,31.6,41
2026-02-08 16:00:00,L56868,No Failure,Operational,0,299.1,310.1,1367,45.6,44
2026-02-08 17:00:00,L56869,No Failure,Operational,0,299.0,310.1,1362,59.5,46
2026-02-08 18:00:00,M24550,No Failure,Operational,0,298.9,310.0,1520,35.6,48
2026-02-08 19:00:00,L56871,No Failure,Operational,0,299.0,310.0,1582,31.9,51
2026-02-08 20:00:00,M24552,No Failure,Operational,0,299.0,310.0,1667,30.0,53
2026-02-08 21:00:00,L56873,No Failure,Operational,0,298.9,310.0,1693,28.8,56
2026-02-08 22:00:00,L56874,No Failure,Operational,0,298.9,310.0,1559,33.4,58
2026-02-08 23:00:00,L56875,No Failure,Operational,0,298.9,309.9,1592,32.0,60
2026-02-09 00:00:00,L56876,No Failure,Operational,0,298.9,309.9,1404,39.8,62
2026-02-09 01:00:00,M24557,No Failure,Operational,0,298.8,309.8,1413,45.5,64
2026-02-09 02:00:00,L56878,No Failure,Operational,0,298.8,309.8,1663,28.2,67
2026-02-09 03:00:00,L56879,No Failure,Operational,0,298.8,309.8,1508,36.3,69
2026-02-09 04:00:00,M24560,No Failure,Operational,0,298.9,309.8,1353,53.7,71
2026-02-09 05:00:00,L56881,No Failure,Operational,0,298.8,309.8,1485,42.4,74
2026-02-09 06:00:00,L56882,No Failure,Operational,0,298.9,310.0,1633,31.2,76
2026-02-09 07:00:00,L56883,No Failure,Operational,0,298.9,310.0,1422,43.6,78
2026-02-09 08:00:00,L56884,No Failure,Operational,0,298.9,310.1,1577,41.4,80
2026-02-09 09:00:00,L56885,No Failure,Operational,0,298.9,310.0,1482,41.1,82
2026-02-09 10:00:00,M24566,No Failure,Operational,0,299.0,310.1,1705,30.1,84
2026-02-09 11:00:00,L56887,No Failure,Operational,0,299.0,310.1,1699,32.9,87
2026-02-09 12:00:00,L56888,No Failure,Operational,0,299.0,310.1,1664,29.7,89
2026-02-09 13:00:00,M24569,No Failure,Operational,0,299.0,310.0,1486,34.6,91
2026-02-09 14:00:00,L56890,No Failure,Operational,0,299.1,310.1,1336,61.3,94
2026-02-09 15:00:00,H39125,No Failure,Operational,0,299.1,310.1,1429,42.9,96
2026-02-09 16:00:00,M24572,No Failure,Operational,0,299.1,310.2,1456,48.4,101
2026-02-09 17:00:00,L56893,No Failure,Operational,0,299.1,310.2,1496,45.0,104
2026-02-09 18:00:00,L56894,No Failure,Operational,0,299.1,310.1,1894,20.1,106
2026-02-09 19:00:00,L56895,No Failure,Operational,0,299.1,310.1,1373,55.6,108
2026-02-09 20:00:00,H39130,No Failure,Operational,0,299.0,310.0,1387,45.2,110
2026-02-09 21:00:00,L56897,No Failure,Operational,0,298.9,309.9,1500,44.2,115
2026-02-09 22:00:00,L56898,No Failure,Operational,0,298.9,309.9,1517,36.6,117
2026-02-09 23:00:00,L56899,No Failure,Operational,0,298.9,309.9,1309,56.2,119
2026-02-10 00:00:00,M24580,No Failure,Operational,0,298.9,309.9,1357,54.5,121
2026-02-10 01:00:00,L56901,No Failure,Operational,0,298.8,309.8,1490,40.6,124
2026-02-10 02:00:00,H39136,No Failure,Operational,0,298.8,309.8,1911,21.6,126
2026-02-10 03:00:00,L56903,No Failure,Operational,0,298.8,309.8,1599,33.6,131
2026-02-10 04:00:00,M24584,No Failure,Operational,0,298.8,309.7,2098,19.0,133
2026-02-10 05:00:00,M24585,No Failure,Operational,0,298.7,309.7,1629,27.9,136
2026-02-10 06:00:00,L56906,No Failure,Operational,0,298.8,309.8,1557,37.2,139
2026-02-10 07:00:00,L56907,No Failure,Operational,0,298.8,309.8,1461,39.4,141
2026-02-10 08:00:00,L56908,No Failure,Operational,0,298.8,309.8,1563,33.7,143
2026-02-10 09:00:00,L56909,No Failure,Operational,0,298.7,309.8,1695,29.0,145
2026-02-10 10:00:00,L56910,No Failure,Operational,0,298.8,310.0,1528,36.7,147
2026-02-10 11:00:00,L56911,No Failure,Operational,0,298.8,310.0,1389,49.6,149
2026-02-10 12:00:00,L56912,No Failure,Operational,0,298.9,310.0,2231,17.4,151
2026-02-10 13:00:00,M24593,No Failure,Operational,0,298.9,310.1,1442,42.9,153
2026-02-10 14:00:00,H39148,No Failure,Operational,0,298.9,310.1,1458,44.3,156
2026-02-10 15:00:00,L56915,No Failure,Operational,0,299.0,310.1,1444,47.7,161
2026-02-10 16:00:00,M24596,No Failure,Operational,0,298.9,310.0,1348,58.2,163
2026-02-10 17:00:00,L56917,No Failure,Operational,0,298.9,310.0,1791,27.6,166
2026-02-10 18:00:00,L56918,No Failure,Operational,0,299.0,310.0,1509,38.0,168
2026-02-10 19:00:00,L56919,No Failure,Operational,0,298.9,310.0,1515,42.9,170
2026-02-10 20:00:00,M24600,No Failure,Operational,0,298.9,310.1,1655,31.5,172
2026-02-10 21:00:00,L56921,No Failure,Operational,0,298.9,310.1,1495,42.9,175
2026-02-10 22:00:00,L56922,No Failure,Operational,0,298.9,310.2,1623,37.2,177
2026-02-10 23:00:00,L56923,No Failure,Operational,0,298.9,310.2,1562,42.5,179
2026-02-11 00:00:00,L56924,No Failure,Operational,0,298.8,310.1,1574,36.2,181
2026-02-11 01:00:00,L56925,No Failure,Operational,0,298.8,310.0,1611,32.4,183
2026-02-11 02:00:00,L56926,No Failure,Operational,0,298.8,310.0,1403,45.6,185
2026-02-11 03:00:00,L56927,No Failure,Operational,0,298.8,310.1,1481,47.4,187
2026-02-11 04:00:00,M24608,No Failure,Operational,0,298.9,310.1,1441,41.2,189
2026-02-11 05:00:00,H39163,No Failure,Operational,0,298.8,310.1,1483,45.4,192
2026-02-11 06:00:00,L56930,No Failure,Operational,0,298.7,310.0,1555,32.6,197
2026-02-11 07:00:00,L56931,No Failure,Operational,0,298.6,309.9,1615,28.8,199
2026-02-11 08:00:00,L56932,No Failure,Operational,0,298.6,309.8,1561,32.6,201
2026-02-11 09:00:00,L56933,No Failure,Operational,0,298.5,309.8,1593,35.1,203
2026-02-11 10:00:00,M24614,No Failure,Operational,0,298.5,309.7,1552,34.0,205
2026-02-11 11:00:00,H39169,No Failure,Operational,0,298.5,309.7,1561,35.3,208
2026-02-11 12:00:00,L56936,No Failure,Operational,0,298.6,309.8,1597,35.9,213
2026-02-11 13:00:00,M24617,No Failure,Operational,0,298.6,309.9,1517,34.0,215
2026-02-11 14:00:00,L56938,Tool Wear Failure,Maintenance Required,1,298.6,309.8,2271,16.2,218
2026-02-11 15:00:00,L56939,No Failure,Operational,0,298.5,309.7,1613,36.7,0
2026-02-11 16:00:00,M24620,No Failure,Operational,0,298.5,309.6,1509,47.3,2
2026-02-11 17:00:00,L56941,No Failure,Operational,0,298.6,309.7,1703,26.1,5
2026-02-11 18:00:00,L56942,No Failure,Operational,0,298.6,309.7,1925,22.1,7
2026-02-11 19:00:00,M24623,No Failure,Operational,0,298.6,309.6,1635,29.7,9
2026-02-11 20:00:00,L56944,Power Failure,Maintenance Required,1,298.5,309.5,1294,66.7,12
2026-02-11 21:00:00,L56945,No Failure,Operational,0,298.6,309.6,1472,39.1,14
2026-02-11 22:00:00,H39180,No Failure,Operational,0,298.6,309.6,1449,42.5,16
2026-02-11 23:00:00,L56947,No Failure,Operational,0,298.6,309.6,1563,35.0,21
2026-02-12 00:00:00,L56948,No Failure,Operational,0,298.6,309.6,1611,35.7,23
2026-02-12 01:00:00,L56949,No Failure,Operational,0,298.6,309.6,1386,48.6,25
2026-02-12 02:00:00,H39184,No Failure,Operational,0,298.6,309.5,1584,31.8,27
2026-02-12 03:00:00,M24631,No Failure,Operational,0,298.7,309.6,1424,50.4,32
2026-02-12 04:00:00,L56952,No Failure,Operational,0,298.5,309.5,1561,34.8,35
2026-02-12 05:00:00,L56953,No Failure,Operational,0,298.5,309.4,1560,37.9,37
2026-02-12 06:00:00,H39188,No Failure,Operational,0,298.6,309.5,1375,41.0,39
2026-02-12 07:00:00,M24635,No Failure,Operational,0,298.6,309.5,1684,27.8,44
2026-02-12 08:00:00,M24636,No Failure,Operational,0,298.6,309.6,1397,54.1,47
2026-02-12 09:00:00,L56957,No Failure,Operational,0,298.6,309.6,1387,57.6,50
2026-02-12 10:00:00,H39192,No Failure,Operational,0,298.7,309.7,1311,54.5,52
2026-02-12 11:00:00,L56959,No Failure,Operational,0,298.8,309.8,1509,36.2,57
2026-02-12 12:00:00,M24640,No Failure,Operational,0,298.8,309.8,1477,46.7,59
2026-02-12 13:00:00,L56961,No Failure,Operational,0,298.8,309.9,1441,41.6,62
2026-02-12 14:00:00,L56962,No Failure,Operational,0,298.7,309.9,1404,47.1,64
2026-02-12 15:00:00,H39197,No Failure,Operational,0,298.8,309.9,1466,44.6,66
2026-02-12 16:00:00,M24644,No Failure,Operational,0,298.7,309.8,1435,48.8,71
2026-02-12 17:00:00,H39199,No Failure,Operational,0,298.7,309.7,1697,29.8,74
2026-02-12 18:00:00,M24646,No Failure,Operational,0,298.7,309.6,1738,27.3,79
2026-02-12 19:00:00,H39201,No Failure,Operational,0,298.6,309.5,1420,50.4,82
2026-02-12 20:00:00,M24648,No Failure,Operational,0,298.5,309.5,1535,39.8,87
2026-02-12 21:00:00,L56969,No Failure,Operational,0,298.6,309.6,1715,28.4,90
2026-02-12 22:00:00,L56970,No Failure,Operational,0,298.6,309.5,1483,43.2,92
2026-02-12 23:00:00,M24651,No Failure,Operational,0,298.5,309.4,1521,37.5,94
2026-02-13 00:00:00,H39206,No Failure,Operational,0,298.5,309.4,1573,36.0,97
2026-02-13 01:00:00,H39207,No Failure,Operational,0,298.5,309.4,1414,46.7,102
2026-02-13 02:00:00,L56974,No Failure,Operational,0,298.5,309.3,1590,33.9,107
2026-02-13 03:00:00,L56975,No Failure,Operational,0,298.5,309.3,1623,33.1,109
2026-02-13 04:00:00,H39210,No Failure,Operational,0,298.4,309.3,1694,30.9,111
2026-02-13 05:00:00,M24657,No Failure,Operational,0,298.4,309.2,1597,33.5,116
2026-02-13 06:00:00,L56978,No Failure,Operational,0,298.5,309.3,1471,44.7,119
2026-02-13 07:00:00,M24659,No Failure,Operational,0,298.5,309.3,1551,34.7,121
2026-02-13 08:00:00,H39214,No Failure,Operational,0,298.5,309.3,1421,50.3,124
2026-02-13 09:00:00,M24661,No Failure,Operational,0,298.4,309.3,1496,45.6,129
2026-02-13 10:00:00,H39216,No Failure,Operational,0,298.4,309.3,1984,19.2,132
2026-02-13 11:00:00,L56983,No Failure,Operational,0,298.4,309.2,1692,29.8,137
2026-02-13 12:00:00,L56984,No Failure,Operational,0,298.4,309.1,1467,42.5,139
2026-02-13 13:00:00,L56985,No Failure,Operational,0,298.4,309.2,1651,28.5,141
2026-02-13 14:00:00,L56986,No Failure,Operational,0,298.3,309.1,1417,60.5,143
2026-02-13 15:00:00,L56987,No Failure,Operational,0,298.2,309.0,1413,55.0,145
2026-02-13 16:00:00,M24668,No Failure,Operational,0,298.2,309.0,1441,44.2,147
2026-02-13 17:00:00,M24669,No Failure,Operational,0,298.2,309.0,1353,50.3,150
2026-02-13 18:00:00,L56990,No Failure,Operational,0,298.1,309.0,1502,40.9,153
2026-02-13 19:00:00,L56991,No Failure,Operational,0,298.2,309.0,1610,31.7,155
2026-02-13 20:00:00,M24672,No Failure,Operational,0,298.2,309.1,1411,45.8,157
2026-02-13 21:00:00,L56993,No Failure,Operational,0,298.3,309.1,1387,52.3,160
2026-02-13 22:00:00,H39228,No Failure,Operational,0,298.3,309.1,1430,40.9,162
2026-02-13 23:00:00,M24675,No Failure,Operational,0,298.4,309.1,1576,38.8,167
2026-02-14 00:00:00,M24676,No Failure,Operational,0,298.5,309.2,1721,29.4,170
2026-02-14 01:00:00,M24677,No Failure,Operational,0,298.5,309.3,1465,42.4,173
2026-02-14 02:00:00,M24678,No Failure,Operational,0,298.6,309.4,1407,45.1,176
2026-02-14 03:00:00,M24679,No Failure,Operational,0,298.6,309.4,1464,36.9,179
2026-02-14 04:00:00,M24680,No Failure,Operational,0,298.6,309.5,1568,36.7,182
2026-02-14 05:00:00,L57001,No Failure,Operational,0,298.6,309.4,1667,35.6,185
2026-02-14 06:00:00,L57002,Overstrain Failure,Maintenance Required,1,298.5,309.4,1360,60.9,187
2026-02-14 07:00:00,M24683,No Failure,Operational,0,298.5,309.3,1488,43.7,189
2026-02-14 08:00:00,L57004,No Failure,Operational,0,298.4,309.3,1504,39.3,192
2026-02-14 09:00:00,L57005,No Failure,Operational,0,298.4,309.2,1610,32.4,194
2026-02-14 10:00:00,L57006,No Failure,Operational,0,298.4,309.2,1345,52.7,196
2026-02-14 11:00:00,M24687,No Failure,Operational,0,298.3,309.3,1376,57.0,198
2026-02-14 12:00:00,L57008,No Failure,Operational,0,298.4,309.4,1385,50.0,201
2026-02-14 13:00:00,M24689,No Failure,Operational,0,298.4,309.4,1429,41.8,203
2026-02-14 14:00:00,L57010,Overstrain Failure,Maintenance Required,1,298.3,309.3,1337,56.1,206
2026-02-14 15:00:00,L57011,No Failure,Operational,0,298.4,309.3,1542,35.4,208
2026-02-14 16:00:00,L57012,No Failure,Operational,0,298.4,309.2,2118,17.7,210
2026-02-14 17:00:00,L57013,No Failure,Operational,0,298.3,309.1,1386,45.3,212
2026-02-14 18:00:00,M24694,No Failure,Operational,0,298.3,309.1,1632,32.7,0
2026-02-14 19:00:00,L57015,No Failure,Operational,0,298.4,309.3,1545,36.9,3
2026-02-14 20:00:00,M24696,No Failure,Operational,0,298.4,309.3,1390,53.6,5
2026-02-14 21:00:00,M24697,No Failure,Operational,0,298.4,309.3,1355,50.6,8
2026-02-14 22:00:00,L57018,No Failure,Operational,0,298.4,309.2,1425,45.5,11
2026-02-14 23:00:00,M24699,No Failure,Operational,0,298.4,309.2,1491,51.2,13
2026-02-15 00:00:00,H39254,No Failure,Operational,0,298.3,309.2,1486,42.4,16
2026-02-15 01:00:00,M24701,No Failure,Operational,0,298.3,309.2,1359,51.4,21
2026-02-15 02:00:00,L57022,No Failure,Operational,0,298.4,309.3,1395,47.6,24
2026-02-15 03:00:00,L57023,No Failure,Operational,0,298.3,309.2,1383,52.1,26
2026-02-15 04:00:00,H39258,No Failure,Operational,0,298.3,309.1,1484,37.0,28
2026-02-15 05:00:00,L57025,No Failure,Operational,0,298.3,309.1,1421,47.4,33
2026-02-15 06:00:00,L57026,No Failure,Operational,0,298.3,309.0,1339,58.8,35
2026-02-15 07:00:00,L57027,No Failure,Operational,0,298.4,309.1,1362,46.1,37
2026-02-15 08:00:00,H39262,No Failure,Operational,0,298.5,309.2,1568,40.6,39
2026-02-15 09:00:00,L57029,No Failure,Operational,0,298.6,309.4,2312,15.5,44
2026-02-15 10:00:00,M24710,No Failure,Operational,0,298.5,309.3,1498,34.6,46
2026-02-15 11:00:00,M24711,No Failure,Operational,0,298.5,309.3,1761,27.2,49
2026-02-15 12:00:00,L57032,No Failure,Operational,0,298.6,309.4,1316,51.4,52
2026-02-15 13:00:00,L57033,No Failure,Operational,0,298.6,309.4,1525,37.8,54
2026-02-15 14:00:00,H39268,No Failure,Operational,0,298.6,309.4,1362,45.3,56
2026-02-15 15:00:00,L57035,No Failure,Operational,0,298.7,309.6,1516,38.5,61
2026-02-15 16:00:00,L57036,No Failure,Operational,0,298.6,309.5,1450,44.2,63
2026-02-15 17:00:00,M24717,No Failure,Operational,0,298.6,309.5,1366,55.0,65
2026-02-15 18:00:00,L57038,No Failure,Operational,0,298.5,309.5,1547,33.1,68
2026-02-15 19:00:00,M24719,No Failure,Operational,0,298.6,309.5,1580,33.9,70
2026-02-15 20:00:00,H39274,No Failure,Operational,0,298.7,309.6,1755,26.9,73
2026-02-15 21:00:00,M24721,No Failure,Operational,0,298.7,309.6,1800,24.8,78
2026-02-15 22:00:00,M24722,No Failure,Operational,0,298.8,309.7,1439,45.8,81
2026-02-15 23:00:00,L57043,No Failure,Operational,0,298.9,309.8,1411,56.3,84
2026-02-16 00:00:00,M24724,No Failure,Operational,0,298.9,309.9,1645,31.4,86
2026-02-16 01:00:00,M24725,No Failure,Operational,0,298.9,309.8,2450,13.9,89
2026-02-16 02:00:00,L57046,No Failure,Operational,0,299.0,309.9,1630,34.0,92
2026-02-16 03:00:00,L57047,No Failure,Operational,0,299.0,309.9,1411,44.7,94
2026-02-16 04:00:00,L57048,No Failure,Operational,0,298.9,309.9,1526,35.4,96
2026-02-16 05:00:00,L57049,No Failure,Operational,0,298.9,309.9,1590,31.3,98
2026-02-16 06:00:00,H39284,No Failure,Operational,0,299.0,309.9,1884,25.6,100
2026-02-16 07:00:00,M24731,No Failure,Operational,0,298.9,309.8,1947,21.7,105
2026-02-16 08:00:00,L57052,No Failure,Operational,0,298.9,309.9,1373,52.1,108
2026-02-16 09:00:00,L57053,No Failure,Operational,0,298.9,309.8,1616,36.5,110
2026-02-16 10:00:00,M24734,No Failure,Operational,0,298.9,309.9,1449,44.1,112
2026-02-16 11:00:00,M24735,No Failure,Operational,0,298.9,309.8,1363,50.6,115
2026-02-16 12:00:00,H39290,No Failure,Operational,0,298.8,309.7,1461,55.1,118
2026-02-16 13:00:00,L57057,No Failure,Operational,0,298.8,309.7,1374,58.6,123
2026-02-16 14:00:00,L57058,No Failure,Operational,0,298.7,309.7,1293,59.1,125
2026-02-16 15:00:00,M24739,No Failure,Operational,0,298.8,309.8,1490,38.6,127
2026-02-16 16:00:00,L57060,No Failure,Operational,0,298.8,309.8,1753,27.5,130
2026-02-16 17:00:00,L57061,No Failure,Operational,0,298.8,309.8,1493,38.5,132
2026-02-16 18:00:00,L57062,No Failure,Operational,0,298.8,309.8,1895,22.0,134
2026-02-16 19:00:00,H39297,No Failure,Operational,0,298.7,309.6,1654,34.3,136
2026-02-16 20:00:00,L57064,No Failure,Operational,0,298.7,309.5,1673,30.8,141
2026-02-16 21:00:00,L57065,No Failure,Operational,0,298.8,309.6,1613,27.7,143
2026-02-16 22:00:00,L57066,No Failure,Operational,0,298.8,309.6,1903,22.3,145
2026-02-16 23:00:00,L57067,No Failure,Operational,0,298.8,309.5,1368,44.7,147
2026-02-17 00:00:00,M24748,No Failure,Operational,0,298.8,309.6,1575,34.4,149
2026-02-17 01:00:00,H39303,No Failure,Operational,0,298.8,309.6,1516,40.2,152
2026-02-17 02:00:00,L57070,No Failure,Operational,0,298.8,309.5,1645,32.8,157
2026-02-17 03:00:00,L57071,No Failure,Operational,0,298.8,309.5,1374,48.1,159
2026-02-17 04:00:00,H39306,No Failure,Operational,0,298.9,309.7,1407,48.6,161
2026-02-17 05:00:00,M24753,No Failure,Operational,0,298.9,309.6,1284,55.3,166
2026-02-17 06:00:00,L57074,No Failure,Operational,0,298.9,309.5,1645,31.1,169
2026-02-17 07:00:00,L57075,No Failure,Operational,0,298.8,309.4,1387,54.1,171
2026-02-17 08:00:00,M24756,No Failure,Operational,0,298.8,309.3,1618,35.1,173
2026-02-17 09:00:00,L57077,No Failure,Operational,0,298.8,309.3,1357,47.1,176
2026-02-17 10:00:00,L57078,No Failure,Operational,0,298.7,309.2,1396,44.8,178
2026-02-17 11:00:00,L57079,No Failure,Operational,0,298.7,309.2,1586,31.4,180
2026-02-17 12:00:00,H39314,No Failure,Operational,0,298.7,309.2,1449,42.3,182
2026-02-17 13:00:00,M24761,No Failure,Operational,0,298.7,309.2,1423,48.9,187
2026-02-17 14:00:00,H39316,No Failure,Operational,0,298.7,309.3,1402,45.3,190
2026-02-17 15:00:00,M24763,No Failure,Operational,0,298.7,309.2,1437,45.7,195
2026-02-17 16:00:00,L57084,No Failure,Operational,0,298.6,309.1,1537,35.7,198
2026-02-17 17:00:00,M24765,No Failure,Operational,0,298.7,309.1,1423,49.5,200
2026-02-17 18:00:00,M24766,No Failure,Operational,0,298.6,309.1,1587,37.3,203
2026-02-17 19:00:00,M24767,No Failure,Operational,0,298.6,309.1,1487,43.2,206
2026-02-17 20:00:00,L57088,No Failure,Operational,0,298.6,309.0,1456,47.7,0
2026-02-17 21:00:00,L57089,No Failure,Operational,0,298.7,309.1,1607,32.7,2
2026-02-17 22:00:00,L57090,No Failure,Operational,0,298.6,309.0,1469,46.0,4
2026-02-17 23:00:00,M24771,No Failure,Operational,0,298.6,309.0,1481,40.8,6
2026-02-18 00:00:00,L57092,No Failure,Operational,0,298.6,308.9,1327,58.8,9
2026-02-18 01:00:00,L57093,No Failure,Operational,0,298.5,308.8,1589,30.6,11
2026-02-18 02:00:00,L57094,No Failure,Operational,0,298.5,308.8,1670,29.6,13
2026-02-18 03:00:00,M24775,No Failure,Operational,0,298.5,308.7,1662,28.3,15
2026-02-18 04:00:00,M24776,No Failure,Operational,0,298.5,308.8,1553,34.9,18
2026-02-18 05:00:00,M24777,No Failure,Operational,0,298.5,308.8,1557,36.0,21
2026-02-18 06:00:00,L57098,No Failure,Operational,0,298.4,308.8,1352,56.7,24
2026-02-18 07:00:00,L57099,No Failure,Operational,0,298.5,308.8,1305,58.7,26
2026-02-18 08:00:00,H39334,No Failure,Operational,0,298.5,308.7,1450,43.9,28
2026-02-18 09:00:00,M24781,No Failure,Operational,0,298.5,308.7,1347,48.5,33
2026-02-18 10:00:00,H39336,No Failure,Operational,0,298.6,308.8,1566,39.1,36
2026-02-18 11:00:00,M24783,No Failure,Operational,0,298.5,308.7,1615,33.3,41
2026-02-18 12:00:00,M24784,No Failure,Operational,0,298.5,308.6,1384,54.4,44
2026-02-18 13:00:00,M24785,No Failure,Operational,0,298.5,308.7,1367,47.3,47
2026-02-18 14:00:00,M24786,No Failure,Operational,0,298.5,308.6,1897,20.2,50
2026-02-18 15:00:00,L57107,No Failure,Operational,0,298.5,308.6,1522,36.9,53
2026-02-18 16:00:00,M24788,No Failure,Operational,0,298.4,308.5,1576,27.4,55
2026-02-18 17:00:00,H39343,No Failure,Operational,0,298.4,308.4,1479,39.2,58
2026-02-18 18:00:00,L57110,No Failure,Operational,0,298.3,308.3,1452,45.5,63
2026-02-18 19:00:00,L57111,No Failure,Operational,0,298.3,308.3,1432,46.9,65
2026-02-18 20:00:00,L57112,No Failure,Operational,0,298.3,308.2,1663,28.4,67
2026-02-18 21:00:00,L57113,No Failure,Operational,0,298.3,308.3,1597,32.4,69
2026-02-18 22:00:00,L57114,No Failure,Operational,0,298.3,308.2,1472,44.3,71
2026-02-18 23:00:00,L57115,No Failure,Operational,0,298.4,308.3,1452,48.5,73
2026-02-19 00:00:00,H39350,No Failure,Operational,0,298.3,308.2,1534,33.2,75
2026-02-19 01:00:00,L57117,No Failure,Operational,0,298.3,308.1,1505,46.1,80
2026-02-19 02:00:00,L57118,No Failure,Operational,0,298.3,308.1,1528,33.9,82
2026-02-19 03:00:00,H39353,No Failure,Operational,0,298.3,308.1,2636,12.8,84
2026-02-19 04:00:00,M24800,No Failure,Operational,0,298.3,308.1,1722,28.6,89
2026-02-19 05:00:00,L57121,No Failure,Operational,0,298.4,308.1,1395,44.0,92
2026-02-19 06:00:00,L57122,No Failure,Operational,0,298.4,308.1,1375,50.8,94
2026-02-19 07:00:00,M24803,No Failure,Operational,0,298.3,308.0,1766,26.0,96
2026-02-19 08:00:00,L57124,No Failure,Operational,0,298.3,307.9,1399,47.8,99
2026-02-19 09:00:00,L57125,No Failure,Operational,0,298.3,308.0,1578,37.8,101
2026-02-19 10:00:00,L57126,No Failure,Operational,0,298.3,307.9,1502,42.0,103
2026-02-19 11:00:00,M24807,No Failure,Operational,0,298.2,307.9,1529,36.6,105
2026-02-19 12:00:00,L57128,No Failure,Operational,0,298.2,307.8,1804,25.1,108
2026-02-19 13:00:00,M24809,No Failure,Operational,0,298.2,307.8,1411,53.4,110
2026-02-19 14:00:00,L57130,No Failure,Operational,0,298.1,307.8,1413,54.1,113
2026-02-19 15:00:00,L57131,No Failure,Operational,0,298.2,307.8,1355,59.4,115
2026-02-19 16:00:00,L57132,No Failure,Operational,0,298.2,307.8,1429,46.9,117
2026-02-19 17:00:00,L57133,No Failure,Operational,0,298.1,307.8,1565,35.3,119
2026-02-19 18:00:00,M24814,No Failure,Operational,0,298.1,307.9,1446,42.8,121
2026-02-19 19:00:00,M24815,No Failure,Operational,0,298.2,307.9,1462,38.8,124
2026-02-19 20:00:00,M24816,No Failure,Operational,0,298.2,307.8,1578,34.5,127
2026-02-19 21:00:00,L57137,No Failure,Operational,0,298.1,307.8,1606,33.0,130
2026-02-19 22:00:00,M24818,No Failure,Operational,0,298.1,307.8,1525,35.9,132
2026-02-19 23:00:00,L57139,No Failure,Operational,0,298.1,307.8,1379,49.1,135
2026-02-20 00:00:00,L57140,No Failure,Operational,0,298.2,307.8,1575,35.0,137
2026-02-20 01:00:00,L57141,No Failure,Operational,0,298.2,307.9,1399,54.9,139
2026-02-20 02:00:00,L57142,No Failure,Operational,0,298.2,307.9,1429,49.4,141
2026-02-20 03:00:00,L57143,No Failure,Operational,0,298.3,307.9,1435,39.9,143
2026-02-20 04:00:00,L57144,No Failure,Operational,0,298.3,307.9,1766,26.5,145
2026-02-20 05:00:00,L57145,No Failure,Operational,0,298.3,307.9,1703,28.9,147
2026-02-20 06:00:00,L57146,No Failure,Operational,0,298.3,307.9,1507,41.2,149
2026-02-20 07:00:00,M24827,No Failure,Operational,0,298.3,307.9,1609,32.4,151
2026-02-20 08:00:00,L57148,No Failure,Operational,0,298.4,308.0,1605,32.4,154
2026-02-20 09:00:00,L57149,No Failure,Operational,0,298.4,308.1,1491,50.0,156
2026-02-20 10:00:00,H39384,No Failure,Operational,0,298.4,308.1,1891,24.7,158
2026-02-20 11:00:00,H39385,No Failure,Operational,0,298.5,308.2,1563,44.6,163
2026-02-20 12:00:00,L57152,No Failure,Operational,0,298.6,308.2,1390,51.4,168
2026-02-20 13:00:00,L57153,No Failure,Operational,0,298.5,308.2,1444,40.5,170
2026-02-20 14:00:00,L57154,Power Failure,Maintenance Required,1,298.6,308.2,1361,68.2,172
2026-02-20 15:00:00,M24835,No Failure,Operational,0,298.6,308.3,1589,34.1,174
2026-02-20 16:00:00,L57156,No Failure,Operational,0,298.6,308.2,1705,26.3,177
2026-02-20 17:00:00,L57157,No Failure,Operational,0,298.6,308.3,1422,40.4,179
2026-02-20 18:00:00,H39392,No Failure,Operational,0,298.6,308.3,1377,52.1,181
2026-02-20 19:00:00,L57159,No Failure,Operational,0,298.5,308.3,1334,49.8,186
2026-02-20 20:00:00,L57160,No Failure,Operational,0,298.6,308.4,1559,36.6,188
2026-02-20 21:00:00,L57161,No Failure,Operational,0,298.7,308.5,1353,47.0,190
2026-02-20 22:00:00,M24842,No Failure,Operational,0,298.7,308.4,1507,45.7,192
2026-02-20 23:00:00,L57163,No Failure,Operational,0,298.7,308.4,1694,28.7,195
2026-02-21 00:00:00,H39398,No Failure,Operational,0,298.7,308.4,1432,42.8,197
2026-02-21 01:00:00,H39399,No Failure,Operational,0,298.7,308.5,1572,35.6,202
2026-02-21 02:00:00,M24846,No Failure,Operational,0,298.8,308.6,1507,42.3,207
2026-02-21 03:00:00,M24847,No Failure,Operational,0,298.8,308.6,1500,37.1,210
2026-02-21 04:00:00,L57168,No Failure,Operational,0,298.9,308.6,1771,24.1,213
2026-02-21 05:00:00,M24849,No Failure,Operational,0,298.8,308.5,1577,33.2,0
2026-02-21 06:00:00,L57170,No Failure,Operational,0,298.8,308.5,1527,36.2,3
2026-02-21 07:00:00,M24851,No Failure,Operational,0,298.9,308.4,1827,26.1,5
2026-02-21 08:00:00,L57172,No Failure,Operational,0,298.8,308.4,1484,39.2,8
2026-02-21 09:00:00,L57173,No Failure,Operational,0,298.8,308.4,1401,47.3,10
2026-02-21 10:00:00,L57174,No Failure,Operational,0,298.8,308.3,1634,27.9,12
2026-02-21 11:00:00,M24855,No Failure,Operational,0,298.8,308.4,1604,29.5,14
2026-02-21 12:00:00,H39410,No Failure,Operational,0,298.9,308.4,1632,31.8,17
2026-02-21 13:00:00,M24857,No Failure,Operational,0,299.0,308.6,1645,33.4,22
2026-02-21 14:00:00,H39412,No Failure,Operational,0,299.0,308.7,1408,48.5,25
2026-02-21 15:00:00,M24859,No Failure,Operational,0,299.0,308.7,1500,40.2,30
