timestamp,asset_id,vibration_proxy_index,rpm,torque_nm,tool_wear_min,equipment_health
2025-01-01 00:00:00,M14860,3.86,1551,42.8,0,Normal
2025-01-01 01:00:00,L47181,4.79,1408,46.3,3,Normal
2025-01-01 02:00:00,L47182,4.51,1498,49.4,5,Normal
2025-01-01 03:00:00,L47183,4.25,1433,39.5,7,Normal
2025-01-01 04:00:00,L47184,4.45,1408,40.0,9,Normal
2025-01-01 05:00:00,M14865,4.5,1425,41.9,11,Normal
2025-01-01 06:00:00,L47186,4.04,1558,42.4,14,Normal
2025-01-01 07:00:00,L47187,3.88,1527,40.2,16,Normal
2025-01-01 08:00:00,M14868,3.8,1667,28.6,18,Normal
2025-01-01 09:00:00,M14869,4.2,1741,28.0,21,Normal
2025-01-01 10:00:00,H29424,4.2,1782,23.9,24,Normal
2025-01-01 11:00:00,H29425,4.88,1423,44.3,29,Normal
2025-01-01 12:00:00,M14872,5.85,1339,51.1,34,Normal
2025-01-01 13:00:00,M14873,4.53,1742,30.0,37,Normal
2025-01-01 14:00:00,L47194,5.52,2035,19.6,40,Normal
2025-01-01 15:00:00,L47195,4.68,1542,48.4,42,Normal
2025-01-01 16:00:00,M14876,5.83,1311,46.6,44,Normal
2025-01-01 17:00:00,M14877,5.25,1410,45.6,47,Normal
2025-01-01 18:00:00,H29432,6.45,1306,54.5,50,Normal
2025-01-01 19:00:00,M14879,4.29,1632,32.5,55,Normal
2025-01-01 20:00:00,H29434,5.39,1375,42.7,58,Normal
2025-01-01 21:00:00,L47201,5.17,1450,44.8,63,Normal
2025-01-01 22:00:00,M14882,4.01,1581,30.7,65,Normal
2025-01-01 23:00:00,L47203,4.71,1758,25.7,68,Normal
2025-01-02 00:00:00,M14884,4.39,1561,37.3,70,Normal
2025-01-02 01:00:00,L47205,5.18,1861,23.3,73,Normal
2025-01-02 02:00:00,L47206,4.58,1512,39.0,75,Normal
2025-01-02 03:00:00,H29441,5.04,1811,24.6,77,Normal
2025-01-02 04:00:00,L47208,5.41,1439,44.2,82,Normal
2025-01-02 05:00:00,L47209,4.82,1693,30.1,84,Normal
2025-01-02 06:00:00,M14890,6.28,1339,48.2,86,Normal
2025-01-02 07:00:00,L47211,5.17,1798,25.5,89,Normal
2025-01-02 08:00:00,L47212,5.9,1419,48.3,91,Normal
2025-01-02 09:00:00,L47213,4.93,1665,32.5,93,Normal
2025-01-02 10:00:00,M14894,4.5,1559,34.7,95,Normal
2025-01-02 11:00:00,M14895,5.82,1452,48.6,98,Normal
2025-01-02 12:00:00,M14896,4.83,1581,36.7,101,Normal
2025-01-02 13:00:00,L47217,5.35,1439,39.2,104,Normal
2025-01-02 14:00:00,H29452,6.46,1379,50.7,106,Normal
2025-01-02 15:00:00,L47219,6.8,1350,52.5,111,Normal
2025-01-02 16:00:00,L47220,6.29,1362,45.4,113,Normal
2025-01-02 17:00:00,L47221,6.63,1368,50.8,115,Normal
2025-01-02 18:00:00,M14902,6.54,1368,49.1,117,Normal
2025-01-02 19:00:00,H29457,6.52,1372,48.5,120,Normal
2025-01-02 20:00:00,M14904,5.96,1472,47.5,125,Normal
2025-01-02 21:00:00,L47225,6.0,1489,49.1,128,Normal
2025-01-02 22:00:00,M14906,5.92,1843,25.8,130,Normal
2025-01-02 23:00:00,L47227,6.27,1418,46.3,133,Normal
2025-01-03 00:00:00,H29462,6.75,1425,53.9,135,Normal
2025-01-03 01:00:00,M14909,6.25,1412,44.1,140,Normal
2025-01-03 02:00:00,L47230,7.0,2861,4.6,143,Critical
2025-01-03 03:00:00,L47231,7.17,1383,54.9,145,Normal
2025-01-03 04:00:00,H29466,5.84,1497,43.8,147,Normal
2025-01-03 05:00:00,L47233,5.24,1565,35.1,152,Normal
2025-01-03 06:00:00,L47234,5.64,1691,30.1,154,Normal
2025-01-03 07:00:00,L47235,5.66,1512,40.7,156,Normal
2025-01-03 08:00:00,L47236,5.99,1477,42.4,158,Normal
2025-01-03 09:00:00,L47237,5.67,1513,40.3,160,Normal
2025-01-03 10:00:00,M14918,5.53,1661,29.5,162,Normal
2025-01-03 11:00:00,L47239,7.4,1378,54.4,165,Normal
2025-01-03 12:00:00,L47240,7.23,1393,52.6,167,Normal
2025-01-03 13:00:00,M14921,5.79,1592,38.2,169,Normal
2025-01-03 14:00:00,L47242,6.15,1829,22.9,172,Normal
2025-01-03 15:00:00,M14923,6.28,1812,25.9,174,Normal
2025-01-03 16:00:00,L47244,5.71,1523,38.6,177,Normal
2025-01-03 17:00:00,L47245,6.87,1394,45.1,179,Normal
2025-01-03 18:00:00,M14926,5.8,1679,28.7,181,Normal
2025-01-03 19:00:00,H29481,6.47,1466,44.1,184,Normal
2025-01-03 20:00:00,L47248,5.42,1527,32.4,189,Normal
2025-01-03 21:00:00,L47249,8.27,1410,65.7,191,Critical
2025-01-03 22:00:00,M14930,6.91,1924,22.6,193,Normal
2025-01-03 23:00:00,L47251,6.78,1452,45.5,196,Normal
2025-01-04 00:00:00,L47252,7.19,1369,44.4,198,Normal
2025-01-04 01:00:00,L47253,5.95,1592,35.0,200,Normal
2025-01-04 02:00:00,L47254,5.85,1601,32.3,202,Normal
2025-01-04 03:00:00,L47255,7.36,1379,46.7,204,Normal
2025-01-04 04:00:00,L47256,7.0,1461,47.9,206,Normal
2025-01-04 05:00:00,L47257,6.63,1455,41.3,208,Critical
2025-01-04 06:00:00,L47258,5.15,1398,51.5,0,Normal
2025-01-04 07:00:00,L47259,4.26,1402,37.9,2,Normal
2025-01-04 08:00:00,H29494,4.83,1445,49.9,4,Normal
2025-01-04 09:00:00,L47261,4.7,1450,47.5,9,Normal
2025-01-04 10:00:00,L47262,4.27,1453,40.8,11,Normal
2025-01-04 11:00:00,L47263,4.16,1469,40.1,13,Normal
2025-01-04 12:00:00,L47264,4.94,1422,47.6,15,Normal
2025-01-04 13:00:00,M14945,4.43,1804,26.8,17,Normal
2025-01-04 14:00:00,H29500,4.68,1436,43.9,20,Normal
2025-01-04 15:00:00,L47267,3.4,1544,31.8,25,Normal
2025-01-04 16:00:00,M14948,4.94,1419,45.2,27,Normal
2025-01-04 17:00:00,M14949,4.22,1487,39.5,30,Normal
2025-01-04 18:00:00,L47270,4.27,1753,25.8,33,Normal
2025-01-04 19:00:00,L47271,4.66,1830,24.9,35,Normal
2025-01-04 20:00:00,M14952,4.26,1727,27.1,37,Normal
2025-01-04 21:00:00,L47273,4.78,1450,43.0,40,Normal
2025-01-04 22:00:00,L47274,4.04,1622,31.9,42,Normal
2025-01-04 23:00:00,M14955,5.98,1351,52.2,44,Normal
2025-01-05 00:00:00,M14956,4.06,1575,35.3,47,Normal
2025-01-05 01:00:00,M14957,4.72,1750,29.9,50,Normal
2025-01-05 02:00:00,L47278,3.82,1529,32.7,53,Normal
2025-01-05 03:00:00,L47279,4.64,1523,44.4,55,Normal
2025-01-05 04:00:00,L47280,5.05,1852,25.0,57,Normal
2025-01-05 05:00:00,L47281,5.57,1991,20.7,59,Normal
2025-01-05 06:00:00,L47282,4.46,1555,40.6,61,Normal
2025-01-05 07:00:00,M14963,4.94,1441,40.5,63,Normal
2025-01-05 08:00:00,L47284,5.11,1450,43.4,66,Normal
2025-01-05 09:00:00,L47285,4.13,1591,31.1,68,Normal
2025-01-05 10:00:00,L47286,5.52,1445,48.5,70,Normal
2025-01-05 11:00:00,M14967,5.14,1497,46.8,72,Normal
2025-01-05 12:00:00,H29522,4.48,1621,32.7,75,Normal
2025-01-05 13:00:00,L47289,4.36,1572,34.1,80,Normal
2025-01-05 14:00:00,L47290,5.3,1872,22.5,82,Normal
2025-01-05 15:00:00,H29525,5.06,1499,43.5,84,Normal
2025-01-05 16:00:00,M14972,4.86,1498,39.5,89,Normal
2025-01-05 17:00:00,M14973,5.12,1486,41.9,92,Normal
2025-01-05 18:00:00,L47294,4.83,1680,29.4,95,Normal
2025-01-05 19:00:00,L47295,5.73,1431,45.7,97,Normal
2025-01-05 20:00:00,L47296,4.54,1564,34.1,99,Normal
2025-01-05 21:00:00,L47297,4.69,1599,33.0,101,Normal
2025-01-05 22:00:00,M14978,4.99,1707,28.1,103,Normal
2025-01-05 23:00:00,L47299,5.31,1467,40.7,106,Normal
2025-01-06 00:00:00,L47300,5.79,1433,44.7,108,Normal
2025-01-06 01:00:00,L47301,5.1,1558,41.2,110,Normal
2025-01-06 02:00:00,L47302,6.91,1310,50.7,112,Normal
2025-01-06 03:00:00,L47303,5.22,1546,43.4,114,Normal
2025-01-06 04:00:00,L47304,5.34,1727,29.4,116,Normal
2025-01-06 05:00:00,L47305,4.62,1560,32.2,118,Normal
2025-01-06 06:00:00,L47306,7.54,1329,60.5,120,Normal
2025-01-06 07:00:00,L47307,6.18,1413,46.5,122,Normal
2025-01-06 08:00:00,L47308,5.26,1587,38.6,124,Normal
2025-01-06 09:00:00,L47309,4.85,1559,34.3,126,Normal
2025-01-06 10:00:00,L47310,5.57,1473,41.1,128,Normal
2025-01-06 11:00:00,L47311,5.46,1737,27.7,130,Normal
2025-01-06 12:00:00,M14992,5.93,1441,43.2,132,Normal
2025-01-06 13:00:00,M14993,6.45,1430,49.6,135,Normal
2025-01-06 14:00:00,L47314,7.04,1369,53.0,138,Normal
2025-01-06 15:00:00,M14995,5.48,1711,28.5,140,Normal
2025-01-06 16:00:00,H29550,6.34,1420,45.7,143,Normal
2025-01-06 17:00:00,L47317,7.71,1297,55.3,148,Normal
2025-01-06 18:00:00,H29552,6.5,1449,49.4,150,Normal
2025-01-06 19:00:00,L47319,7.99,1268,55.8,155,Normal
2025-01-06 20:00:00,L47320,5.37,1511,36.1,157,Normal
2025-01-06 21:00:00,L47321,5.21,1544,35.2,159,Normal
2025-01-06 22:00:00,M15002,6.08,1778,28.2,161,Normal
2025-01-06 23:00:00,H29557,6.98,1407,50.5,164,Normal
2025-01-07 00:00:00,M15004,6.6,1391,42.4,169,Normal
2025-01-07 01:00:00,L47325,5.38,1513,33.6,172,Normal
2025-01-07 02:00:00,H29560,5.83,1612,36.1,174,Normal
2025-01-07 03:00:00,L47327,5.87,1515,40.1,179,Normal
2025-01-07 04:00:00,M15008,7.17,1379,48.0,181,Normal
2025-01-07 05:00:00,L47329,6.15,1473,39.9,184,Normal
2025-01-07 06:00:00,L47330,6.64,1422,42.7,186,Normal
2025-01-07 07:00:00,M15011,6.11,1463,37.6,188,Normal
2025-01-07 08:00:00,M15012,6.19,1584,41.0,191,Normal
2025-01-07 09:00:00,L47333,6.8,1850,27.0,194,Normal
2025-01-07 10:00:00,L47334,5.75,1528,36.2,196,Normal
2025-01-07 11:00:00,H29569,7.14,1987,19.8,198,Normal
2025-01-07 12:00:00,M15016,6.65,1495,46.0,203,Normal
2025-01-07 13:00:00,H29571,6.62,1478,43.5,206,Normal
2025-01-07 14:00:00,M15018,6.33,1499,40.0,211,Normal
2025-01-07 15:00:00,L47339,6.98,1471,47.0,214,Normal
2025-01-07 16:00:00,L47340,8.96,1282,60.7,216,Critical
2025-01-07 17:00:00,L47341,7.71,1412,52.3,218,Critical
2025-01-07 18:00:00,L47342,3.58,1586,35.5,0,Normal
2025-01-07 19:00:00,M15023,4.28,1468,43.8,2,Normal
2025-01-07 20:00:00,M15024,4.46,1440,43.6,5,Normal
2025-01-07 21:00:00,L47345,3.88,1733,26.0,8,Normal
2025-01-07 22:00:00,H29580,3.65,1612,32.6,10,Normal
2025-01-07 23:00:00,H29581,4.43,1458,42.9,15,Normal
2025-01-08 00:00:00,L47348,5.89,1433,62.3,20,Critical
2025-01-08 01:00:00,L47349,6.35,1318,59.1,22,Normal
2025-01-08 02:00:00,M15030,3.97,1610,35.0,24,Normal
2025-01-08 03:00:00,L47351,5.06,1462,50.8,27,Normal
2025-01-08 04:00:00,M15032,4.85,1924,20.8,29,Normal
2025-01-08 05:00:00,M15033,3.87,1591,33.7,32,Normal
2025-01-08 06:00:00,L47354,6.52,1306,58.3,35,Normal
2025-01-08 07:00:00,L47355,5.15,1382,43.5,37,Normal
2025-01-08 08:00:00,L47356,4.17,1618,34.7,39,Normal
2025-01-08 09:00:00,L47357,5.39,1988,21.4,41,Normal
2025-01-08 10:00:00,L47358,5.36,1436,50.2,43,Normal
2025-01-08 11:00:00,L47359,6.09,1304,49.8,45,Normal
2025-01-08 12:00:00,L47360,5.17,1475,49.9,47,Normal
2025-01-08 13:00:00,H29595,4.75,1824,24.2,49,Normal
2025-01-08 14:00:00,M15042,5.88,1342,48.1,54,Normal
2025-01-08 15:00:00,L47363,4.63,1485,40.7,57,Normal
2025-01-08 16:00:00,L47364,4.41,1667,30.6,59,Normal
2025-01-08 17:00:00,L47365,4.73,1446,38.2,61,Normal
2025-01-08 18:00:00,L47366,6.73,1301,56.0,63,Normal
2025-01-08 19:00:00,L47367,5.48,1379,43.1,65,Normal
2025-01-08 20:00:00,L47368,4.36,1606,33.6,67,Normal
2025-01-08 21:00:00,M15049,4.65,1539,43.4,69,Normal
2025-01-08 22:00:00,L47370,5.46,1477,49.9,72,Normal
2025-01-08 23:00:00,L47371,4.85,1666,34.6,74,Normal
2025-01-09 00:00:00,H29606,6.07,1398,51.8,76,Normal
2025-01-09 01:00:00,H29607,5.0,1678,34.6,81,Normal
2025-01-09 02:00:00,M15054,6.72,2678,10.7,86,Critical
2025-01-09 03:00:00,L47375,5.33,1453,42.9,89,Normal
2025-01-09 04:00:00,H29610,5.91,1432,49.5,91,Normal
2025-01-09 05:00:00,M15057,4.87,1527,40.9,96,Normal
2025-01-09 06:00:00,L47378,4.73,1588,35.0,99,Normal
2025-01-09 07:00:00,L47379,5.86,1433,47.1,101,Normal
2025-01-09 08:00:00,L47380,4.9,1609,35.0,103,Normal
2025-01-09 09:00:00,L47381,5.14,1575,41.2,105,Normal
2025-01-09 10:00:00,M15062,5.14,1636,35.7,107,Normal
2025-01-09 11:00:00,L47383,5.05,1490,37.9,110,Normal
2025-01-09 12:00:00,L47384,5.6,1741,32.8,112,Normal
2025-01-09 13:00:00,M15065,6.9,1344,53.0,114,Normal
2025-01-09 14:00:00,L47386,5.08,1609,35.3,117,Normal
2025-01-09 15:00:00,M15067,7.03,1421,60.7,119,Critical
2025-01-09 16:00:00,L47388,5.13,1591,36.7,122,Normal
2025-01-09 17:00:00,L47389,5.69,1477,44.0,124,Normal
2025-01-09 18:00:00,L47390,4.94,1523,36.1,126,Normal
2025-01-09 19:00:00,L47391,4.93,1575,33.9,128,Normal
2025-01-09 20:00:00,H29626,7.08,1344,52.9,130,Normal
2025-01-09 21:00:00,L47393,6.38,1386,44.9,135,Normal
2025-01-09 22:00:00,M15074,5.33,1589,37.1,137,Normal
2025-01-09 23:00:00,L47395,5.34,1548,40.3,140,Normal
2025-01-10 00:00:00,L47396,5.41,1499,38.3,142,Normal
2025-01-10 01:00:00,L47397,5.47,1664,31.6,144,Normal
2025-01-10 02:00:00,L47398,5.73,1447,38.1,146,Normal
2025-01-10 03:00:00,M15079,6.36,1434,46.2,148,Normal
2025-01-10 04:00:00,L47400,6.92,1416,52.7,151,Normal
2025-01-10 05:00:00,H29635,6.01,1827,24.3,153,Normal
2025-01-10 06:00:00,L47402,7.12,1304,45.0,158,Normal
2025-01-10 07:00:00,L47403,5.31,1569,34.4,160,Normal
2025-01-10 08:00:00,L47404,5.09,1584,29.3,162,Normal
2025-01-10 09:00:00,L47405,7.44,1362,53.8,164,Normal
2025-01-10 10:00:00,L47406,7.35,1329,49.2,166,Normal
2025-01-10 11:00:00,L47407,5.35,1539,36.1,168,Normal
2025-01-10 12:00:00,M15088,5.94,1629,37.1,170,Normal
2025-01-10 13:00:00,L47409,5.16,1538,32.2,173,Normal
2025-01-10 14:00:00,L47410,5.52,1570,34.8,175,Normal
2025-01-10 15:00:00,L47411,6.64,1408,43.1,177,Normal
2025-01-10 16:00:00,L47412,6.87,1424,47.6,179,Normal
2025-01-10 17:00:00,L47413,5.57,1512,34.9,181,Normal
2025-01-10 18:00:00,L47414,6.31,1478,42.9,183,Normal
2025-01-10 19:00:00,M15095,6.18,1680,33.7,185,Normal
2025-01-10 20:00:00,L47416,6.0,1495,38.7,188,Normal
2025-01-10 21:00:00,M15097,5.72,1552,36.6,190,Normal
2025-01-10 22:00:00,L47418,7.38,1393,50.3,193,Normal
2025-01-10 23:00:00,L47419,5.71,1611,30.6,195,Normal
2025-01-11 00:00:00,M15100,7.82,1339,51.6,197,Normal
2025-01-11 01:00:00,L47421,6.29,1777,24.3,200,Normal
2025-01-11 02:00:00,L47422,8.3,1348,58.8,202,Critical
2025-01-11 03:00:00,L47423,6.84,1442,44.1,204,Normal
2025-01-11 04:00:00,M15104,7.45,1395,49.1,206,Normal
2025-01-11 05:00:00,M15105,6.02,1627,31.4,209,Normal
2025-01-11 06:00:00,L47426,5.96,1585,33.5,212,Normal
2025-01-11 07:00:00,L47427,6.9,1469,45.5,214,Normal
2025-01-11 08:00:00,L47428,8.25,1362,56.8,216,Critical
2025-01-11 09:00:00,L47429,8.0,1405,56.2,218,Critical
2025-01-11 10:00:00,L47430,3.82,1662,32.7,0,Normal
2025-01-11 11:00:00,M15111,4.21,1466,42.6,2,Normal
2025-01-11 12:00:00,L47432,3.85,1620,35.8,5,Normal
2025-01-11 13:00:00,L47433,5.24,1357,48.2,7,Normal
2025-01-11 14:00:00,L47434,3.72,1514,37.9,9,Normal
2025-01-11 15:00:00,L47435,4.05,1489,40.4,11,Normal
2025-01-11 16:00:00,L47436,6.43,1331,63.0,13,Normal
2025-01-11 17:00:00,L47437,3.53,1615,29.5,15,Normal
2025-01-11 18:00:00,L47438,3.99,1482,37.9,17,Normal
2025-01-11 19:00:00,M15119,6.06,1420,63.9,19,Critical
2025-01-11 20:00:00,M15120,4.56,1522,49.1,22,Normal
2025-01-11 21:00:00,L47441,4.03,1654,32.1,25,Normal
2025-01-11 22:00:00,M15122,4.17,1736,26.8,27,Normal
2025-01-11 23:00:00,M15123,3.73,1587,32.3,30,Normal
2025-01-12 00:00:00,L47444,5.32,1390,47.5,33,Normal
2025-01-12 01:00:00,L47445,4.31,1454,37.1,35,Normal
2025-01-12 02:00:00,H29680,4.84,1440,43.7,37,Normal
2025-01-12 03:00:00,L47447,5.19,1954,21.1,42,Normal
2025-01-12 04:00:00,H29682,4.6,1800,24.8,44,Normal
2025-01-12 05:00:00,L47449,4.08,1524,37.0,49,Normal
2025-01-12 06:00:00,H29684,4.29,1520,39.6,51,Normal
2025-01-12 07:00:00,M15131,4.81,1452,40.8,56,Normal
2025-01-12 08:00:00,L47452,4.64,1484,40.4,59,Normal
2025-01-12 09:00:00,L47453,5.35,1426,46.0,61,Normal
2025-01-12 10:00:00,L47454,4.24,1652,28.5,63,Normal
2025-01-12 11:00:00,L47455,6.11,1401,54.7,65,Normal
2025-01-12 12:00:00,M15136,4.71,1750,26.6,67,Normal
2025-01-12 13:00:00,H29691,5.47,1479,50.7,70,Normal
2025-01-12 14:00:00,M15138,4.26,1620,29.4,75,Normal
2025-01-12 15:00:00,L47459,5.02,1819,23.4,78,Normal
2025-01-12 16:00:00,M15140,5.26,1456,43.7,80,Normal
2025-01-12 17:00:00,L47461,4.85,1626,36.5,83,Normal
2025-01-12 18:00:00,M15142,6.09,1390,49.8,85,Normal
2025-01-12 19:00:00,L47463,5.24,1469,43.0,88,Normal
2025-01-12 20:00:00,L47464,6.18,2051,19.2,90,Normal
2025-01-12 21:00:00,L47465,4.6,1568,36.0,92,Normal
2025-01-12 22:00:00,L47466,4.56,1589,33.2,94,Normal
2025-01-12 23:00:00,L47467,5.69,1805,31.6,96,Normal
2025-01-13 00:00:00,H29702,5.77,1385,42.2,98,Normal
2025-01-13 01:00:00,L47469,5.84,1436,46.7,103,Normal
2025-01-13 02:00:00,L47470,5.78,1438,45.6,105,Normal
2025-01-13 03:00:00,L47471,5.42,1473,42.6,107,Normal
2025-01-13 04:00:00,L47472,6.05,1335,40.2,109,Normal
2025-01-13 05:00:00,H29707,6.06,1392,44.8,111,Normal
2025-01-13 06:00:00,M15154,6.64,1372,51.1,116,Normal
2025-01-13 07:00:00,M15155,5.4,1716,30.7,119,Normal
2025-01-13 08:00:00,L47476,6.26,1395,46.2,122,Normal
2025-01-13 09:00:00,L47477,5.09,1713,25.3,124,Normal
2025-01-13 10:00:00,H29712,7.01,2129,18.7,126,Normal
2025-01-13 11:00:00,M15159,5.03,1567,35.6,131,Normal
2025-01-13 12:00:00,L47480,5.55,1622,38.3,134,Normal
2025-01-13 13:00:00,L47481,5.5,1740,27.1,136,Normal
2025-01-13 14:00:00,H29716,5.08,1512,35.1,138,Normal
2025-01-13 15:00:00,M15163,5.87,1479,43.5,143,Normal
2025-01-13 16:00:00,L47484,5.63,1737,27.5,146,Normal
2025-01-13 17:00:00,L47485,7.3,2129,19.2,148,Normal
2025-01-13 18:00:00,L47486,6.77,1374,47.1,150,Normal
2025-01-13 19:00:00,M15167,5.42,1579,36.6,152,Normal
2025-01-13 20:00:00,L47488,7.22,1305,47.2,155,Normal
2025-01-13 21:00:00,M15169,6.03,1449,40.8,157,Normal
2025-01-13 22:00:00,H29724,5.7,1526,41.8,160,Normal
2025-01-13 23:00:00,M15171,6.31,1453,44.1,165,Normal
2025-01-14 00:00:00,L47492,5.74,1468,36.0,168,Normal
2025-01-14 01:00:00,L47493,7.59,1313,50.8,170,Normal
2025-01-14 02:00:00,M15174,7.83,1300,53.0,172,Normal
2025-01-14 03:00:00,L47495,6.32,1646,40.6,175,Normal
2025-01-14 04:00:00,L47496,6.24,1714,33.2,177,Normal
2025-01-14 05:00:00,L47497,5.79,1685,28.4,179,Normal
2025-01-14 06:00:00,L47498,5.9,1512,39.9,181,Normal
2025-01-14 07:00:00,L47499,5.67,1612,32.1,183,Normal
2025-01-14 08:00:00,H29734,5.75,1550,38.2,185,Normal
2025-01-14 09:00:00,L47501,5.49,1518,32.5,190,Normal
2025-01-14 10:00:00,L47502,6.39,1448,40.0,192,Normal
2025-01-14 11:00:00,L47503,6.45,1561,46.3,194,Normal
2025-01-14 12:00:00,M15184,6.34,1488,41.9,196,Normal
2025-01-14 13:00:00,L47505,6.07,1699,27.8,199,Normal
2025-01-14 14:00:00,L47506,6.3,1501,41.4,201,Normal
2025-01-14 15:00:00,L47507,8.03,1373,56.7,203,Critical
2025-01-14 16:00:00,H29742,6.4,1703,31.4,205,Normal
2025-01-14 17:00:00,H29743,6.45,1720,29.9,210,Normal
2025-01-14 18:00:00,M15190,7.07,1398,41.9,215,Normal
2025-01-14 19:00:00,M15191,7.8,1391,51.9,218,Normal
2025-01-14 20:00:00,M15192,3.63,1538,40.2,0,Normal
2025-01-14 21:00:00,L47513,3.68,1647,31.3,3,Normal
2025-01-14 22:00:00,M15194,4.37,1469,44.8,5,Normal
2025-01-14 23:00:00,L47515,3.96,1749,25.9,8,Normal
2025-01-15 00:00:00,M15196,5.0,1995,20.5,10,Normal
2025-01-15 01:00:00,L47517,4.1,1742,27.7,13,Normal
2025-01-15 02:00:00,L47518,3.81,1563,38.2,15,Normal
2025-01-15 03:00:00,M15199,4.28,1713,32.2,17,Normal
2025-01-15 04:00:00,L47520,4.17,1474,39.4,20,Normal
2025-01-15 05:00:00,M15201,3.44,1530,32.6,22,Normal
2025-01-15 06:00:00,L47522,4.71,1471,46.5,25,Normal
2025-01-15 07:00:00,L47523,5.33,1388,48.6,27,Normal
2025-01-15 08:00:00,M15204,6.24,2448,13.8,29,Normal
2025-01-15 09:00:00,L47525,3.78,1585,32.9,32,Normal
2025-01-15 10:00:00,M15206,4.8,1459,45.2,34,Normal
2025-01-15 11:00:00,L47527,4.13,1544,40.8,37,Normal
2025-01-15 12:00:00,L47528,3.97,1617,31.7,39,Normal
2025-01-15 13:00:00,L47529,4.04,1595,34.3,41,Normal
2025-01-15 14:00:00,H29764,5.18,1400,44.3,43,Normal
2025-01-15 15:00:00,M15211,4.0,1611,31.0,48,Normal
2025-01-15 16:00:00,M15212,4.78,1507,46.0,51,Normal
2025-01-15 17:00:00,H29767,4.35,1674,30.0,54,Normal
2025-01-15 18:00:00,L47534,4.6,1658,34.3,59,Normal
2025-01-15 19:00:00,L47535,4.6,1623,36.9,61,Normal
2025-01-15 20:00:00,M15216,5.72,1398,48.9,63,Normal
2025-01-15 21:00:00,L47537,4.14,1517,34.2,66,Normal
2025-01-15 22:00:00,M15218,4.6,1467,36.7,68,Normal
2025-01-15 23:00:00,M15219,4.26,1567,34.6,71,Normal
2025-01-16 00:00:00,M15220,4.47,1521,38.2,74,Normal
2025-01-16 01:00:00,L47541,4.63,1596,36.8,77,Normal
2025-01-16 02:00:00,H29776,4.52,1640,30.9,79,Normal
2025-01-16 03:00:00,L47543,5.68,1438,47.8,84,Normal
2025-01-16 04:00:00,L47544,6.36,1407,55.2,86,Normal
2025-01-16 05:00:00,L47545,6.83,1353,57.5,88,Normal
2025-01-16 06:00:00,M15226,4.81,1552,40.9,90,Normal
2025-01-16 07:00:00,M15227,4.77,1569,38.3,93,Normal
2025-01-16 08:00:00,L47548,4.99,1489,39.5,96,Normal
2025-01-16 09:00:00,H29783,4.79,1587,36.1,98,Normal
2025-01-16 10:00:00,M15230,5.11,1622,37.2,103,Normal
2025-01-16 11:00:00,L47551,5.11,1604,38.1,106,Normal
2025-01-16 12:00:00,M15232,6.4,1405,51.7,108,Normal
2025-01-16 13:00:00,L47553,5.76,1412,42.0,111,Normal
2025-01-16 14:00:00,L47554,5.75,1431,43.0,113,Normal
2025-01-16 15:00:00,L47555,4.84,1533,37.4,115,Normal
2025-01-16 16:00:00,M15236,6.54,1401,51.9,117,Normal
2025-01-16 17:00:00,M15237,6.58,1424,53.9,120,Normal
2025-01-16 18:00:00,L47558,5.58,1754,29.4,123,Normal
2025-01-16 19:00:00,L47559,5.43,1754,26.8,125,Normal
2025-01-16 20:00:00,L47560,7.34,2564,12.8,127,Critical
2025-01-16 21:00:00,L47561,5.21,1546,40.4,129,Normal
2025-01-16 22:00:00,L47562,6.82,1335,48.0,131,Normal
2025-01-16 23:00:00,M15243,6.03,1842,27.0,133,Normal
2025-01-17 00:00:00,L47564,5.33,1712,26.8,136,Normal
2025-01-17 01:00:00,M15245,6.3,1414,45.4,138,Normal
2025-01-17 02:00:00,L47566,7.22,1319,50.9,141,Normal
2025-01-17 03:00:00,L47567,8.25,1249,60.4,143,Normal
2025-01-17 04:00:00,L47568,6.33,1455,48.2,145,Normal
2025-01-17 05:00:00,M15249,7.05,1408,54.8,147,Normal
2025-01-17 06:00:00,L47570,6.27,1460,46.7,150,Normal
2025-01-17 07:00:00,L47571,5.56,1491,38.1,152,Normal
2025-01-17 08:00:00,M15252,5.93,1490,43.4,154,Normal
2025-01-17 09:00:00,M15253,7.32,1350,52.2,157,Normal
2025-01-17 10:00:00,L47574,5.56,1528,39.9,160,Normal
2025-01-17 11:00:00,L47575,5.56,1571,37.7,162,Normal
2025-01-17 12:00:00,L47576,6.0,1490,42.6,164,Normal
2025-01-17 13:00:00,M15257,6.17,1774,28.9,166,Normal
2025-01-17 14:00:00,H29812,6.06,1502,43.6,169,Normal
2025-01-17 15:00:00,L47579,7.13,1392,49.7,174,Normal
2025-01-17 16:00:00,L47580,7.32,2100,16.9,176,Normal
2025-01-17 17:00:00,L47581,6.12,1722,30.4,178,Normal
2025-01-17 18:00:00,L47582,6.02,1678,32.3,180,Normal
2025-01-17 19:00:00,L47583,8.54,1273,59.8,182,Normal
2025-01-17 20:00:00,L47584,7.53,1297,45.9,184,Normal
2025-01-17 21:00:00,L47585,8.02,1350,57.6,186,Normal
2025-01-17 22:00:00,L47586,7.17,1439,51.9,188,Normal
2025-01-17 23:00:00,M15267,6.34,1600,42.1,190,Normal
2025-01-18 00:00:00,M15268,6.77,1434,44.4,193,Normal
2025-01-18 01:00:00,L47589,6.46,1459,41.3,196,Normal
2025-01-18 02:00:00,M15270,6.65,1472,44.9,198,Normal
2025-01-18 03:00:00,L47591,6.89,1429,44.3,201,Normal
2025-01-18 04:00:00,L47592,7.39,1388,48.2,203,Normal
2025-01-18 05:00:00,L47593,5.87,1573,34.5,205,Normal
2025-01-18 06:00:00,L47594,5.85,1588,32.5,207,Normal
2025-01-18 07:00:00,L47595,6.43,1511,42.8,209,Normal
2025-01-18 08:00:00,L47596,6.21,1495,37.8,211,Normal
2025-01-18 09:00:00,L47597,7.6,1394,50.1,213,Normal
2025-01-18 10:00:00,L47598,5.57,2151,17.7,0,Normal
2025-01-18 11:00:00,M15279,3.73,1501,38.2,2,Normal
2025-01-18 12:00:00,M15280,4.97,1301,39.6,5,Normal
2025-01-18 13:00:00,M15281,3.78,1657,31.1,8,Normal
2025-01-18 14:00:00,L47602,5.88,1333,55.2,11,Normal
2025-01-18 15:00:00,L47603,4.33,1484,43.9,13,Normal
2025-01-18 16:00:00,L47604,4.77,1430,45.7,15,Normal
2025-01-18 17:00:00,M15285,3.79,1665,28.9,17,Normal
2025-01-18 18:00:00,L47606,4.38,1501,44.9,20,Normal
2025-01-18 19:00:00,M15287,4.25,1496,42.2,22,Normal
2025-01-18 20:00:00,M15288,4.02,1595,36.9,25,Normal
2025-01-18 21:00:00,L47609,7.24,1208,62.3,28,Normal
2025-01-18 22:00:00,L47610,4.1,1596,37.1,30,Normal
2025-01-18 23:00:00,L47611,4.63,1446,41.9,32,Normal
2025-01-19 00:00:00,M15292,4.4,1466,39.7,34,Normal
2025-01-19 01:00:00,M15293,4.71,1848,23.7,37,Normal
2025-01-19 02:00:00,M15294,4.7,1484,44.7,40,Normal
2025-01-19 03:00:00,L47615,4.45,1493,41.2,43,Normal
2025-01-19 04:00:00,L47616,4.1,1504,36.3,45,Normal
2025-01-19 05:00:00,L47617,4.07,1538,38.5,47,Normal
2025-01-19 06:00:00,L47618,6.09,1341,52.2,49,Normal
2025-01-19 07:00:00,M15299,3.88,1535,34.6,51,Normal
2025-01-19 08:00:00,L47620,5.03,1389,39.2,54,Normal
2025-01-19 09:00:00,H29855,5.52,1393,46.6,56,Normal
2025-01-19 10:00:00,L47622,6.52,1399,61.5,61,Critical
2025-01-19 11:00:00,H29857,5.08,1469,45.1,63,Normal
2025-01-19 12:00:00,L47624,4.48,1582,37.2,68,Normal
2025-01-19 13:00:00,L47625,4.99,1793,26.7,70,Normal
2025-01-19 14:00:00,L47626,4.88,1452,39.0,72,Normal
2025-01-19 15:00:00,M15307,6.7,1376,59.9,74,Normal
2025-01-19 16:00:00,L47628,4.92,1552,44.9,77,Normal
2025-01-19 17:00:00,L47629,4.87,1622,37.9,79,Normal
2025-01-19 18:00:00,M15310,5.35,1419,41.7,81,Normal
2025-01-19 19:00:00,H29865,5.56,1440,46.1,84,Normal
2025-01-19 20:00:00,M15312,4.66,1643,31.0,89,Normal
2025-01-19 21:00:00,L47633,4.61,1510,36.2,92,Normal
2025-01-19 22:00:00,L47634,5.55,1468,46.6,94,Normal
2025-01-19 23:00:00,L47635,6.5,1429,57.4,96,Normal
2025-01-20 00:00:00,H29870,5.61,1478,47.6,98,Normal
2025-01-20 01:00:00,L47637,7.19,1276,53.6,103,Normal
2025-01-20 02:00:00,L47638,5.32,1486,42.6,105,Normal
2025-01-20 03:00:00,L47639,5.38,1476,42.3,107,Normal
2025-01-20 04:00:00,H29874,5.64,1431,42.0,109,Normal
2025-01-20 05:00:00,L47641,5.74,1402,40.2,114,Normal
2025-01-20 06:00:00,L47642,5.8,1433,43.4,116,Normal
2025-01-20 07:00:00,L47643,6.67,2874,4.2,118,Critical
2025-01-20 08:00:00,L47644,4.91,1511,35.7,120,Normal
2025-01-20 09:00:00,M15325,5.71,1456,42.9,122,Normal
2025-01-20 10:00:00,L47646,5.25,1550,41.5,125,Normal
2025-01-20 11:00:00,L47647,7.17,2182,16.5,127,Normal
2025-01-20 12:00:00,L47648,5.04,1619,31.6,129,Normal
2025-01-20 13:00:00,M15329,4.95,1586,32.7,131,Normal
2025-01-20 14:00:00,H29884,5.7,1499,44.2,134,Normal
2025-01-20 15:00:00,H29885,6.08,1419,42.4,139,Normal
2025-01-20 16:00:00,M15332,5.67,1497,41.8,144,Normal
2025-01-20 17:00:00,M15333,5.26,1520,37.0,147,Normal
2025-01-20 18:00:00,L47654,6.37,1478,49.8,150,Normal
2025-01-20 19:00:00,L47655,6.37,1380,41.1,152,Normal
2025-01-20 20:00:00,L47656,5.47,1570,37.9,154,Normal
2025-01-20 21:00:00,H29891,5.95,1468,41.4,156,Normal
2025-01-20 22:00:00,L47658,6.03,1833,22.6,161,Normal
2025-01-20 23:00:00,M15339,7.88,1323,57.3,163,Normal
2025-01-21 00:00:00,L47660,5.3,1583,32.0,166,Normal
2025-01-21 01:00:00,M15341,5.67,1556,39.5,168,Normal
2025-01-21 02:00:00,L47662,5.52,1548,37.4,171,Normal
2025-01-21 03:00:00,L47663,7.96,1324,56.9,173,Normal
2025-01-21 04:00:00,L47664,5.44,1568,33.7,175,Normal
2025-01-21 05:00:00,M15345,5.92,1685,30.7,177,Normal
2025-01-21 06:00:00,M15346,5.72,1582,35.9,180,Normal
2025-01-21 07:00:00,M15347,5.88,1463,35.0,183,Normal
2025-01-21 08:00:00,L47668,6.25,1584,42.8,186,Normal
2025-01-21 09:00:00,M15349,7.94,1347,55.8,188,Normal
2025-01-21 10:00:00,L47670,6.18,1459,37.9,191,Normal
2025-01-21 11:00:00,L47671,6.93,1420,45.6,193,Normal
2025-01-21 12:00:00,L47672,6.9,1404,43.5,195,Normal
2025-01-21 13:00:00,L47673,6.25,1470,38.8,197,Normal
2025-01-21 14:00:00,L47674,7.8,1326,49.8,199,Normal
2025-01-21 15:00:00,H29909,7.07,1459,49.7,201,Normal
2025-01-21 16:00:00,M15356,6.1,1530,40.0,206,Normal
2025-01-21 17:00:00,L47677,6.23,1505,39.2,209,Normal
2025-01-21 18:00:00,L47678,5.88,1611,30.2,211,Normal
2025-01-21 19:00:00,L47679,5.95,1515,35.1,213,Normal
2025-01-21 20:00:00,M15360,6.82,1804,27.4,215,Normal
2025-01-21 21:00:00,M15361,7.02,1464,46.2,218,Normal
2025-01-21 22:00:00,L47682,7.28,1390,43.3,221,Normal
2025-01-21 23:00:00,M15363,4.68,1442,48.1,0,Normal
2025-01-22 00:00:00,M15364,3.83,1529,41.9,3,Normal
2025-01-22 01:00:00,L47685,3.75,1610,35.0,6,Normal
2025-01-22 02:00:00,L47686,3.36,1543,34.3,8,Normal
2025-01-22 03:00:00,H29921,4.79,1445,48.2,10,Normal
2025-01-22 04:00:00,L47688,4.76,1893,24.6,15,Normal
2025-01-22 05:00:00,M15369,4.59,1415,41.3,17,Normal
2025-01-22 06:00:00,L47690,3.83,1564,37.5,20,Normal
2025-01-22 07:00:00,L47691,4.17,1479,39.4,22,Normal
2025-01-22 08:00:00,L47692,4.84,1426,44.8,24,Normal
2025-01-22 09:00:00,L47693,4.46,1428,38.8,26,Normal
2025-01-22 10:00:00,L47694,3.95,1620,33.2,28,Normal
2025-01-22 11:00:00,L47695,4.17,1715,28.0,30,Normal
2025-01-22 12:00:00,L47696,4.41,1732,29.9,32,Normal
2025-01-22 13:00:00,M15377,6.03,1391,58.2,34,Normal
2025-01-22 14:00:00,L47698,4.93,1924,20.6,37,Normal
2025-01-22 15:00:00,M15379,5.48,2027,19.8,39,Normal
2025-01-22 16:00:00,L47700,4.3,1617,36.2,42,Normal
2025-01-22 17:00:00,L47701,4.09,1497,35.8,44,Normal
2025-01-22 18:00:00,M15382,4.9,1448,43.7,46,Normal
2025-01-22 19:00:00,L47703,5.35,1401,45.9,49,Normal
2025-01-22 20:00:00,L47704,4.37,1620,35.4,51,Normal
2025-01-22 21:00:00,L47705,5.0,1466,45.5,53,Normal
2025-01-22 22:00:00,L47706,5.88,1373,50.6,55,Normal
2025-01-22 23:00:00,M15387,4.31,1592,35.8,57,Normal
2025-01-23 00:00:00,M15388,4.56,1553,42.4,60,Normal
2025-01-23 01:00:00,L47709,4.28,1569,36.2,63,Normal
2025-01-23 02:00:00,M15390,4.82,1709,32.2,65,Normal
2025-01-23 03:00:00,L47711,4.14,1549,34.9,68,Normal
2025-01-23 04:00:00,L47712,5.33,1443,45.4,70,Normal
2025-01-23 05:00:00,L47713,4.56,1675,29.8,72,Normal
2025-01-23 06:00:00,L47714,4.53,1623,33.4,74,Normal
2025-01-23 07:00:00,H29949,6.29,1365,52.4,76,Normal
2025-01-23 08:00:00,L47716,4.81,1759,24.8,81,Normal
2025-01-23 09:00:00,H29951,4.92,1516,43.0,83,Normal
2025-01-23 10:00:00,M15398,4.67,1499,36.8,88,Normal
2025-01-23 11:00:00,M15399,5.08,1775,25.8,91,Normal
2025-01-23 12:00:00,L47720,5.45,1473,45.5,94,Normal
2025-01-23 13:00:00,L47721,6.91,1296,52.3,96,Normal
2025-01-23 14:00:00,L47722,5.25,1803,24.7,98,Normal
2025-01-23 15:00:00,H29957,4.68,1563,36.1,100,Normal
2025-01-23 16:00:00,M15404,5.61,1831,26.6,105,Normal
2025-01-23 17:00:00,L47725,6.06,1958,22.1,108,Normal
2025-01-23 18:00:00,L47726,5.4,1809,24.3,110,Normal
2025-01-23 19:00:00,M15407,5.21,1482,39.3,112,Normal
2025-01-23 20:00:00,L47728,6.99,1332,53.2,115,Normal
2025-01-23 21:00:00,L47729,5.59,1437,40.4,117,Normal
2025-01-23 22:00:00,L47730,5.22,1698,29.4,119,Normal
2025-01-23 23:00:00,L47731,7.46,1274,54.3,121,Normal
2025-01-24 00:00:00,M15412,5.21,1622,35.0,123,Normal
2025-01-24 01:00:00,M15413,4.98,1564,36.0,126,Normal
2025-01-24 02:00:00,H29968,6.44,1368,45.3,129,Normal
2025-01-24 03:00:00,M15415,5.34,1539,42.2,134,Normal
2025-01-24 04:00:00,L47736,6.91,1357,50.1,137,Normal
2025-01-24 05:00:00,M15417,6.39,1433,48.3,139,Normal
2025-01-24 06:00:00,L47738,5.56,1650,34.6,142,Normal
2025-01-24 07:00:00,L47739,5.56,1503,40.6,144,Normal
2025-01-24 08:00:00,L47740,7.76,1318,58.2,146,Normal
2025-01-24 09:00:00,M15421,5.78,1678,34.4,148,Normal
2025-01-24 10:00:00,L47742,5.0,1574,30.9,151,Normal
2025-01-24 11:00:00,L47743,5.17,1529,35.2,153,Normal
2025-01-24 12:00:00,H29978,5.66,1669,32.1,155,Normal
2025-01-24 13:00:00,H29979,5.41,1570,35.8,160,Normal
2025-01-24 14:00:00,M15426,5.17,1541,33.7,165,Normal
2025-01-24 15:00:00,M15427,5.75,1680,30.2,168,Normal
2025-01-24 16:00:00,L47748,6.68,1935,22.1,171,Normal
2025-01-24 17:00:00,M15429,5.67,1596,35.2,173,Normal
2025-01-24 18:00:00,L47750,5.99,1498,41.0,176,Normal
2025-01-24 19:00:00,M15431,5.77,1676,29.0,178,Normal
2025-01-24 20:00:00,L47752,7.39,1351,49.0,181,Normal
2025-01-24 21:00:00,L47753,6.48,1472,45.0,183,Normal
2025-01-24 22:00:00,M15434,6.47,1439,41.7,185,Normal
2025-01-24 23:00:00,M15435,7.56,1410,55.4,188,Normal
2025-01-25 00:00:00,H29990,7.15,1440,51.1,191,Normal
2025-01-25 01:00:00,L47757,6.08,1591,37.7,196,Normal
2025-01-25 02:00:00,L47758,5.78,1533,36.8,198,Normal
2025-01-25 03:00:00,M15439,6.31,1700,31.3,200,Normal
2025-01-25 04:00:00,M15440,6.52,1798,25.5,203,Normal
2025-01-25 05:00:00,L47761,7.05,1394,42.9,206,Normal
2025-01-25 06:00:00,L47762,7.78,1341,49.2,208,Normal
2025-01-25 07:00:00,H29997,6.47,1697,32.2,210,Normal
2025-01-25 08:00:00,H29998,7.36,1419,48.2,215,Normal
2025-01-25 09:00:00,L47765,7.52,2001,20.5,220,Normal
2025-01-25 10:00:00,L47766,7.09,1501,49.8,222,Critical
2025-01-25 11:00:00,H30001,6.29,1623,33.1,224,Normal
2025-01-25 12:00:00,L47768,6.39,1628,33.4,229,Normal
2025-01-25 13:00:00,L47769,6.63,1491,40.2,231,Normal
2025-01-25 14:00:00,L47770,6.28,1517,36.7,233,Normal
2025-01-25 15:00:00,H30005,6.59,1525,41.7,235,Normal
2025-01-25 16:00:00,H30006,6.39,1668,27.9,240,Normal
2025-01-25 17:00:00,L47773,5.57,1312,50.7,0,Normal
2025-01-25 18:00:00,H30008,5.77,1278,50.4,2,Normal
2025-01-25 19:00:00,M15455,5.71,1330,53.1,7,Normal
2025-01-25 20:00:00,M15456,3.6,1530,37.3,10,Normal
2025-01-25 21:00:00,H30011,4.81,1428,46.6,13,Normal
2025-01-25 22:00:00,L47778,4.67,1480,47.9,18,Normal
2025-01-25 23:00:00,H30013,3.7,1616,31.1,20,Normal
2025-01-26 00:00:00,L47780,3.78,1547,37.3,25,Normal
2025-01-26 01:00:00,L47781,6.07,2194,16.8,27,Normal
2025-01-26 02:00:00,L47782,5.31,2000,21.3,29,Normal
2025-01-26 03:00:00,L47783,7.17,1336,71.6,31,Critical
2025-01-26 04:00:00,L47784,3.62,1542,33.8,33,Normal
2025-01-26 05:00:00,M15465,4.23,1693,29.9,35,Normal
2025-01-26 06:00:00,L47786,5.18,1461,50.5,38,Normal
2025-01-26 07:00:00,M15467,3.83,1565,33.9,40,Normal
2025-01-26 08:00:00,L47788,5.38,1403,47.7,43,Normal
2025-01-26 09:00:00,L47789,4.16,1629,32.5,45,Normal
2025-01-26 10:00:00,L47790,3.78,1534,33.7,47,Normal
2025-01-26 11:00:00,L47791,4.33,1553,40.9,49,Normal
2025-01-26 12:00:00,L47792,3.88,1563,32.8,51,Normal
2025-01-26 13:00:00,L47793,4.12,1634,30.0,53,Normal
2025-01-26 14:00:00,M15474,5.13,1445,45.2,55,Normal
2025-01-26 15:00:00,L47795,4.25,1642,30.4,58,Normal
2025-01-26 16:00:00,H30030,4.43,1686,29.1,60,Normal
2025-01-26 17:00:00,M15477,5.4,1393,43.1,65,Normal
2025-01-26 18:00:00,H30032,5.28,1433,44.2,68,Normal
2025-01-26 19:00:00,L47799,4.96,1507,44.7,73,Normal
2025-01-26 20:00:00,M15480,5.96,1389,49.6,75,Normal
2025-01-26 21:00:00,L47801,5.61,1408,45.3,78,Normal
2025-01-26 22:00:00,M15482,5.08,1725,32.0,80,Normal
2025-01-26 23:00:00,L47803,5.69,1926,23.7,83,Normal
2025-01-27 00:00:00,H30038,4.63,1509,37.6,85,Normal
2025-01-27 01:00:00,L47805,4.47,1545,36.3,90,Normal
2025-01-27 02:00:00,L47806,4.42,1533,35.2,92,Normal
2025-01-27 03:00:00,L47807,5.34,1455,42.2,94,Normal
2025-01-27 04:00:00,M15488,7.05,1335,57.8,96,Normal
2025-01-27 05:00:00,L47809,5.26,1523,45.9,99,Normal
2025-01-27 06:00:00,L47810,5.74,1460,47.6,101,Normal
2025-01-27 07:00:00,L47811,4.74,1554,37.3,103,Normal
2025-01-27 08:00:00,H30046,5.99,1419,47.1,105,Normal
2025-01-27 09:00:00,L47813,5.71,1442,43.9,110,Normal
2025-01-27 10:00:00,L47814,5.22,1507,41.6,112,Normal
2025-01-27 11:00:00,L47815,5.69,1858,23.9,114,Normal
2025-01-27 12:00:00,L47816,5.66,1463,43.9,116,Normal
2025-01-27 13:00:00,L47817,5.1,1585,37.4,118,Normal
2025-01-27 14:00:00,L47818,4.87,1536,37.3,120,Normal
2025-01-27 15:00:00,L47819,6.55,1403,51.3,122,Normal
2025-01-27 16:00:00,M15500,5.14,1515,38.8,124,Normal
2025-01-27 17:00:00,L47821,6.46,1390,47.9,127,Normal
2025-01-27 18:00:00,M15502,8.11,1226,58.7,129,Normal
2025-01-27 19:00:00,M15503,5.19,1495,36.5,132,Normal
2025-01-27 20:00:00,H30058,4.96,1608,30.2,135,Normal
2025-01-27 21:00:00,L47825,6.36,1392,44.1,140,Normal
2025-01-27 22:00:00,M15506,5.97,1461,43.7,142,Normal
2025-01-27 23:00:00,L47827,5.24,1559,36.9,145,Normal
2025-01-28 00:00:00,H30062,6.71,1400,48.9,147,Normal
2025-01-28 01:00:00,M15509,5.76,1732,28.8,152,Normal
2025-01-28 02:00:00,L47830,5.4,1611,33.1,155,Normal
2025-01-28 03:00:00,L47831,5.6,1503,38.9,157,Normal
2025-01-28 04:00:00,L47832,6.61,1391,44.5,159,Normal
2025-01-28 05:00:00,L47833,6.88,2015,20.1,161,Normal
2025-01-28 06:00:00,L47834,5.75,1683,30.9,163,Normal
2025-01-28 07:00:00,L47835,6.07,1435,38.8,165,Normal
2025-01-28 08:00:00,M15516,5.89,1732,28.1,167,Normal
2025-01-28 09:00:00,L47837,7.81,1365,58.6,170,Normal
2025-01-28 10:00:00,L47838,5.57,1562,36.8,172,Normal
2025-01-28 11:00:00,L47839,6.77,1449,49.1,174,Normal
2025-01-28 12:00:00,M15520,5.77,1700,27.4,176,Normal
2025-01-28 13:00:00,M15521,6.72,1427,45.6,179,Normal
2025-01-28 14:00:00,M15522,5.98,1479,38.1,182,Normal
2025-01-28 15:00:00,L47843,6.45,1469,44.0,185,Normal
2025-01-28 16:00:00,L47844,7.14,1390,47.4,187,Normal
2025-01-28 17:00:00,L47845,6.14,1729,28.1,189,Normal
2025-01-28 18:00:00,L47846,6.49,1470,43.5,191,Normal
2025-01-28 19:00:00,L47847,6.9,1459,48.5,193,Normal
2025-01-28 20:00:00,L47848,5.99,1738,24.0,195,Normal
2025-01-28 21:00:00,H30083,6.17,1471,37.7,197,Normal
2025-01-28 22:00:00,L47850,6.63,1822,25.4,202,Normal
2025-01-28 23:00:00,L47851,5.78,1554,34.8,204,Normal
2025-01-29 00:00:00,M15532,6.85,1433,43.2,206,Normal
2025-01-29 01:00:00,L47853,7.09,1449,47.7,209,Normal
2025-01-29 02:00:00,L47854,4.15,1456,41.2,0,Normal
2025-01-29 03:00:00,M15535,4.63,1424,45.5,2,Normal
2025-01-29 04:00:00,H30090,3.54,1577,34.7,5,Normal
2025-01-29 05:00:00,L47857,4.05,1478,39.7,10,Normal
2025-01-29 06:00:00,M15538,6.5,1295,61.2,12,Normal
2025-01-29 07:00:00,L47859,5.2,1372,47.3,15,Normal
2025-01-29 08:00:00,M15540,4.58,1432,42.6,17,Normal
2025-01-29 09:00:00,M15541,4.06,1656,33.2,20,Normal
2025-01-29 10:00:00,H30096,5.18,1410,48.8,23,Normal
2025-01-29 11:00:00,L47863,4.79,1874,24.4,28,Normal
2025-01-29 12:00:00,L47864,4.18,1538,43.2,30,Normal
2025-01-29 13:00:00,M15545,3.86,1636,29.7,32,Normal
2025-01-29 14:00:00,M15546,4.25,1504,40.4,35,Normal
2025-01-29 15:00:00,M15547,4.26,1531,42.4,38,Normal
2025-01-29 16:00:00,H30102,4.3,1735,26.4,41,Normal
2025-01-29 17:00:00,H30103,6.21,1354,55.6,46,Normal
2025-01-29 18:00:00,H30104,4.93,1413,40.2,51,Normal
2025-01-29 19:00:00,L47871,4.36,1563,39.3,56,Normal
2025-01-29 20:00:00,L47872,4.77,1479,42.1,58,Normal
2025-01-29 21:00:00,L47873,4.56,1477,38.3,60,Normal
2025-01-29 22:00:00,L47874,5.81,1394,50.0,62,Normal
2025-01-29 23:00:00,L47875,5.01,1487,45.4,64,Normal
2025-01-30 00:00:00,M15556,4.97,1815,25.3,66,Normal
2025-01-30 01:00:00,M15557,4.89,1453,39.7,69,Normal
2025-01-30 02:00:00,L47878,4.48,1539,40.2,72,Normal
2025-01-30 03:00:00,H30113,5.12,1416,39.2,74,Normal
2025-01-30 04:00:00,M15560,4.8,1683,31.6,79,Normal
2025-01-30 05:00:00,L47881,4.72,1515,40.1,82,Normal
2025-01-30 06:00:00,M15562,5.19,1531,48.3,84,Normal
2025-01-30 07:00:00,H30117,5.03,1479,40.9,87,Normal
2025-01-30 08:00:00,L47884,4.42,1516,33.7,92,Normal
2025-01-30 09:00:00,L47885,4.79,1507,38.2,94,Normal
2025-01-30 10:00:00,M15566,5.55,1434,43.3,96,Normal
2025-01-30 11:00:00,L47887,5.62,1838,27.3,99,Normal
2025-01-30 12:00:00,M15568,5.88,1416,45.9,101,Normal
2025-01-30 13:00:00,M15569,6.49,1357,49.7,104,Normal
2025-01-30 14:00:00,M15570,4.99,1697,28.1,107,Normal
2025-01-30 15:00:00,L47891,5.85,1443,46.2,110,Normal
2025-01-30 16:00:00,L47892,5.26,1453,37.6,112,Normal
2025-01-30 17:00:00,L47893,5.94,1439,46.4,114,Normal
2025-01-30 18:00:00,L47894,5.13,1609,36.2,116,Normal
2025-01-30 19:00:00,L47895,7.45,1324,59.1,118,Normal
2025-01-30 20:00:00,H30130,6.07,1420,45.8,120,Normal
2025-01-30 21:00:00,L47897,4.93,1545,36.9,125,Normal
2025-01-30 22:00:00,L47898,5.4,1477,39.0,127,Normal
2025-01-30 23:00:00,L47899,6.83,1447,58.1,129,Normal
2025-01-31 00:00:00,L47900,5.61,1809,23.8,131,Normal
2025-01-31 01:00:00,L47901,5.47,1696,30.9,133,Normal
2025-01-31 02:00:00,L47902,6.14,1427,44.7,135,Normal
2025-01-31 03:00:00,M15583,5.86,1500,46.3,137,Normal
2025-01-31 04:00:00,L47904,6.4,1390,44.6,140,Normal
2025-01-31 05:00:00,L47905,5.48,1640,34.2,142,Normal
2025-01-31 06:00:00,M15586,5.65,1628,37.4,144,Normal
2025-01-31 07:00:00,H30141,5.42,1499,37.6,147,Normal
2025-01-31 08:00:00,M15588,6.72,1425,50.3,152,Normal
2025-01-31 09:00:00,L47909,5.56,1586,37.7,155,Normal
2025-01-31 10:00:00,M15590,6.55,1471,50.7,157,Normal
2025-01-31 11:00:00,M15591,6.96,1431,53.0,160,Normal
2025-01-31 12:00:00,L47912,6.52,1924,22.1,163,Normal
2025-01-31 13:00:00,M15593,6.35,1421,42.0,165,Normal
2025-01-31 14:00:00,H30148,7.86,1305,54.6,168,Normal
2025-01-31 15:00:00,L47915,5.27,1557,32.4,173,Normal
2025-01-31 16:00:00,L47916,5.66,1555,38.2,175,Normal
2025-01-31 17:00:00,H30151,6.02,1474,39.2,177,Normal
2025-01-31 18:00:00,L47918,6.34,1506,45.9,182,Normal
2025-01-31 19:00:00,L47919,6.74,1390,41.8,184,Normal
2025-01-31 20:00:00,M15600,6.76,1450,46.9,186,Normal
2025-01-31 21:00:00,L47921,5.92,1513,38.8,189,Normal
2025-01-31 22:00:00,L47922,6.11,1643,34.7,191,Normal
2025-01-31 23:00:00,L47923,7.79,1361,53.8,193,Normal
2025-02-01 00:00:00,L47924,6.48,1450,40.9,195,Normal
2025-02-01 01:00:00,L47925,7.13,1451,50.7,197,Normal
2025-02-01 02:00:00,L47926,8.8,1289,62.0,199,Critical
2025-02-01 03:00:00,L47927,7.56,1356,48.3,201,Normal
2025-02-01 04:00:00,H30162,6.49,1528,46.3,203,Normal
2025-02-01 05:00:00,L47929,7.37,1978,22.3,208,Normal
2025-02-01 06:00:00,L47930,5.91,1535,36.8,210,Normal
2025-02-01 07:00:00,M15611,6.79,1843,24.2,212,Normal
2025-02-01 08:00:00,L47932,7.38,1422,48.7,215,Normal
2025-02-01 09:00:00,L47933,6.23,1536,40.4,217,Normal
2025-02-01 10:00:00,M15614,6.8,1483,44.3,219,Normal
2025-02-01 11:00:00,H30169,6.75,1492,43.7,222,Normal
2025-02-01 12:00:00,L47936,6.58,1584,40.4,227,Normal
2025-02-01 13:00:00,L47937,6.01,1555,33.7,229,Normal
2025-02-01 14:00:00,L47938,6.69,1497,41.7,231,Normal
2025-02-01 15:00:00,M15619,6.14,1537,36.3,233,Normal
2025-02-01 16:00:00,L47940,6.56,1505,39.4,236,Normal
2025-02-01 17:00:00,L47941,6.68,1646,34.6,238,Normal
2025-02-01 18:00:00,M15622,6.36,1286,60.5,0,Normal
2025-02-01 19:00:00,L47943,4.91,1400,47.5,3,Normal
2025-02-01 20:00:00,L47944,5.87,1337,56.5,5,Normal
2025-02-01 21:00:00,L47945,5.75,1332,53.9,7,Normal
2025-02-01 22:00:00,L47946,3.73,1561,38.3,9,Normal
2025-02-01 23:00:00,L47947,3.2,1546,31.1,11,Normal
2025-02-02 00:00:00,L47948,4.04,1713,29.3,13,Normal
2025-02-02 01:00:00,L47949,5.17,1343,44.5,15,Normal
2025-02-02 02:00:00,L47950,5.58,1391,54.4,17,Normal
2025-02-02 03:00:00,H30185,6.32,1311,58.6,19,Normal
2025-02-02 04:00:00,H30186,5.09,1453,51.0,24,Normal
2025-02-02 05:00:00,L47953,4.08,1510,39.4,29,Normal
2025-02-02 06:00:00,L47954,5.06,1448,48.8,31,Normal
2025-02-02 07:00:00,L47955,4.87,1453,46.0,33,Normal
2025-02-02 08:00:00,L47956,4.37,1468,39.2,35,Normal
2025-02-02 09:00:00,L47957,5.41,1382,47.5,37,Normal
2025-02-02 10:00:00,L47958,3.79,1580,32.2,39,Normal
2025-02-02 11:00:00,L47959,4.14,1666,29.8,41,Normal
2025-02-02 12:00:00,M15640,5.54,1409,50.7,43,Normal
2025-02-02 13:00:00,L47961,4.24,1675,29.7,46,Normal
2025-02-02 14:00:00,L47962,4.47,1698,30.8,48,Normal
2025-02-02 15:00:00,H30197,4.0,1579,33.4,50,Normal
2025-02-02 16:00:00,L47964,4.61,1743,27.9,55,Normal
2025-02-02 17:00:00,M15645,4.83,1497,44.8,57,Normal
2025-02-02 18:00:00,L47966,4.72,1741,28.8,60,Normal
2025-02-02 19:00:00,L47967,5.27,1435,45.3,62,Normal
2025-02-02 20:00:00,M15648,5.33,1440,46.3,64,Normal
2025-02-02 21:00:00,M15649,4.54,1641,33.3,67,Normal
2025-02-02 22:00:00,L47970,5.46,1420,45.4,70,Normal
2025-02-02 23:00:00,L47971,4.57,1611,35.4,72,Normal
2025-02-03 00:00:00,L47972,5.6,1373,42.9,74,Normal
2025-02-03 01:00:00,M15653,4.78,1683,31.8,76,Normal
2025-02-03 02:00:00,H30208,4.11,1547,32.6,79,Normal
2025-02-03 03:00:00,L47975,4.78,1605,37.0,84,Normal
2025-02-03 04:00:00,M15656,5.88,2010,18.9,86,Normal
2025-02-03 05:00:00,L47977,4.82,1565,40.1,89,Normal
2025-02-03 06:00:00,M15658,5.3,1828,24.6,91,Normal
2025-02-03 07:00:00,M15659,4.56,1579,34.1,94,Normal
2025-02-03 08:00:00,M15660,5.64,1882,24.2,97,Normal
2025-02-03 09:00:00,L47981,7.0,1285,52.1,100,Normal
2025-02-03 10:00:00,L47982,4.67,1571,35.0,102,Normal
2025-02-03 11:00:00,H30217,4.76,1549,37.8,104,Normal
2025-02-03 12:00:00,M15664,4.78,1544,37.6,109,Normal
2025-02-03 13:00:00,M15665,6.13,1412,47.4,112,Normal
2025-02-03 14:00:00,M15666,6.47,1422,53.0,115,Normal
2025-02-03 15:00:00,L47987,5.72,1867,22.8,118,Normal
2025-02-03 16:00:00,L47988,5.89,1424,43.3,120,Normal
2025-02-03 17:00:00,L47989,5.91,1452,45.7,122,Normal
2025-02-03 18:00:00,L47990,5.12,1550,39.7,124,Normal
2025-02-03 19:00:00,L47991,5.22,1588,37.6,126,Normal
2025-02-03 20:00:00,L47992,6.54,1338,44.4,128,Normal
2025-02-03 21:00:00,L47993,5.3,1513,40.0,130,Normal
2025-02-03 22:00:00,M15674,5.94,1470,45.9,132,Normal
2025-02-03 23:00:00,M15675,5.12,1516,36.7,135,Normal
2025-02-04 00:00:00,L47996,6.37,1434,48.3,138,Normal
2025-02-04 01:00:00,L47997,7.01,1368,52.0,140,Normal
2025-02-04 02:00:00,L47998,7.17,1304,48.7,142,Normal
2025-02-04 03:00:00,L47999,6.54,1398,46.7,144,Normal
2025-02-04 04:00:00,L48000,5.3,1516,37.4,146,Normal
2025-02-04 05:00:00,L48001,5.84,1474,41.7,148,Normal
2025-02-04 06:00:00,M15682,5.09,1547,34.7,150,Normal
2025-02-04 07:00:00,M15683,5.74,1482,39.9,153,Normal
2025-02-04 08:00:00,L48004,6.22,1436,42.8,156,Normal
2025-02-04 09:00:00,L48005,5.85,1474,40.0,158,Normal
2025-02-04 10:00:00,L48006,5.71,1481,38.2,160,Normal
2025-02-04 11:00:00,L48007,5.88,1501,42.1,162,Normal
2025-02-04 12:00:00,L48008,5.52,1566,37.2,164,Normal
2025-02-04 13:00:00,L48009,5.44,1579,34.5,166,Normal
2025-02-04 14:00:00,L48010,5.79,1631,35.0,168,Normal
2025-02-04 15:00:00,M15691,5.81,1544,42.3,170,Normal
2025-02-04 16:00:00,L48012,5.67,1521,38.6,173,Normal
2025-02-04 17:00:00,L48013,5.33,1616,28.0,175,Normal
2025-02-04 18:00:00,H30248,7.52,1333,50.2,177,Normal
2025-02-04 19:00:00,M15695,5.31,1533,32.5,182,Normal
2025-02-04 20:00:00,L48016,7.09,1368,45.1,185,Normal
2025-02-04 21:00:00,L48017,6.75,1465,47.8,187,Normal
2025-02-04 22:00:00,H30252,6.69,1406,41.5,189,Normal
2025-02-04 23:00:00,M15699,6.29,1565,43.5,194,Normal
2025-02-05 00:00:00,L48020,6.05,1582,37.9,197,Normal
2025-02-05 01:00:00,L48021,6.89,1439,45.5,199,Normal
2025-02-05 02:00:00,M15702,5.82,1566,35.0,201,Normal
2025-02-05 03:00:00,L48023,6.51,1485,42.7,204,Normal
2025-02-05 04:00:00,L48024,5.89,1566,35.1,206,Normal
2025-02-05 05:00:00,L48025,6.73,1439,41.5,208,Normal
2025-02-05 06:00:00,M15706,7.44,1416,50.0,210,Normal
2025-02-05 07:00:00,L48027,7.89,2833,5.6,213,Critical
2025-02-05 08:00:00,L48028,7.04,1465,47.1,215,Normal
2025-02-05 09:00:00,H30263,3.58,1586,35.5,0,Normal
2025-02-05 10:00:00,L48030,3.27,1567,31.4,5,Normal
2025-02-05 11:00:00,M15711,5.09,1389,48.6,7,Normal
2025-02-05 12:00:00,M15712,5.3,1368,49.5,10,Normal
2025-02-05 13:00:00,L48033,4.88,1444,49.0,13,Normal
2025-02-05 14:00:00,M15714,4.12,1498,41.6,15,Normal
2025-02-05 15:00:00,L48035,3.65,1615,30.8,18,Normal
2025-02-05 16:00:00,L48036,4.72,1898,22.7,20,Normal
2025-02-05 17:00:00,M15717,5.79,1350,53.3,22,Normal
2025-02-05 18:00:00,M15718,3.88,1516,37.6,25,Normal
2025-02-05 19:00:00,H30273,4.0,1542,40.6,28,Normal
2025-02-05 20:00:00,H30274,3.53,1541,32.6,33,Normal
2025-02-05 21:00:00,M15721,5.27,1951,23.3,38,Normal
2025-02-05 22:00:00,H30276,4.1,1645,31.0,41,Normal
2025-02-05 23:00:00,L48043,5.12,1416,44.2,46,Normal
2025-02-06 00:00:00,M15724,5.84,2044,22.3,48,Normal
2025-02-06 01:00:00,L48045,5.58,1414,50.2,51,Normal
2025-02-06 02:00:00,L48046,4.15,1678,26.7,53,Normal
2025-02-06 03:00:00,H30281,4.13,1594,33.2,55,Normal
2025-02-06 04:00:00,M15728,4.31,1514,37.7,60,Normal
2025-02-06 05:00:00,L48049,5.97,1358,49.2,63,Normal
2025-02-06 06:00:00,L48050,6.63,1325,56.2,65,Normal
2025-02-06 07:00:00,L48051,6.38,1339,53.2,67,Normal
2025-02-06 08:00:00,M15732,6.33,1335,51.7,69,Normal
2025-02-06 09:00:00,L48053,5.24,1892,21.7,72,Normal
2025-02-06 10:00:00,L48054,3.94,1575,28.5,74,Normal
2025-02-06 11:00:00,M15735,5.4,1444,45.5,76,Normal
2025-02-06 12:00:00,L48056,5.5,1915,22.4,79,Normal
2025-02-06 13:00:00,M15737,4.41,1584,33.6,81,Normal
2025-02-06 14:00:00,M15738,5.09,1685,34.9,84,Normal
2025-02-06 15:00:00,L48059,6.72,1337,54.6,87,Normal
2025-02-06 16:00:00,M15740,8.72,1235,76.2,89,Critical
2025-02-06 17:00:00,L48061,5.52,1464,46.2,92,Normal
2025-02-06 18:00:00,M15742,4.92,1739,25.9,94,Normal
2025-02-06 19:00:00,L48063,4.66,1490,34.3,97,Normal
2025-02-06 20:00:00,L48064,6.33,1356,48.0,99,Normal
2025-02-06 21:00:00,L48065,6.38,1397,52.0,101,Normal
2025-02-06 22:00:00,L48066,5.32,1458,40.6,103,Normal
2025-02-06 23:00:00,H30301,6.79,2161,16.5,105,Normal
2025-02-07 00:00:00,M15748,4.76,1651,28.1,110,Normal
2025-02-07 01:00:00,L48069,6.19,1389,46.2,113,Normal
2025-02-07 02:00:00,L48070,6.73,1370,52.4,115,Normal
2025-02-07 03:00:00,L48071,6.24,1408,47.9,117,Normal
2025-02-07 04:00:00,L48072,7.05,1343,54.4,119,Normal
2025-02-07 05:00:00,M15753,5.85,1423,42.5,121,Normal
2025-02-07 06:00:00,L48074,6.27,1426,48.6,124,Normal
2025-02-07 07:00:00,M15755,6.44,1435,51.6,126,Normal
2025-02-07 08:00:00,L48076,5.01,1573,35.1,129,Normal
2025-02-07 09:00:00,L48077,5.0,1612,31.2,131,Normal
2025-02-07 10:00:00,L48078,6.35,1446,49.9,133,Normal
2025-02-07 11:00:00,H30313,7.38,1329,55.3,135,Normal
2025-02-07 12:00:00,L48080,5.12,1569,35.1,140,Normal
2025-02-07 13:00:00,H30315,8.33,1256,62.3,142,Normal
2025-02-07 14:00:00,L48082,6.79,1383,48.7,147,Normal
2025-02-07 15:00:00,L48083,7.72,2270,14.6,149,Critical
2025-02-07 16:00:00,H30318,6.49,1458,49.8,151,Normal
2025-02-07 17:00:00,L48085,5.9,1474,41.2,156,Normal
2025-02-07 18:00:00,M15766,6.51,1462,49.2,158,Normal
2025-02-07 19:00:00,M15767,5.53,1669,29.0,161,Normal
2025-02-07 20:00:00,M15768,6.11,1822,24.3,164,Normal
2025-02-07 21:00:00,L48089,6.0,1456,39.2,167,Normal
2025-02-07 22:00:00,L48090,5.39,1546,35.9,169,Normal
2025-02-07 23:00:00,M15771,6.09,1490,42.7,171,Normal
2025-02-08 00:00:00,L48092,5.87,1569,40.4,174,Normal
2025-02-08 01:00:00,L48093,5.47,1621,29.5,176,Normal
2025-02-08 02:00:00,M15774,5.88,1518,40.6,178,Normal
2025-02-08 03:00:00,M15775,5.71,1526,38.2,181,Normal
2025-02-08 04:00:00,M15776,5.82,1589,36.2,184,Normal
2025-02-08 05:00:00,L48097,6.9,1475,51.0,187,Normal
2025-02-08 06:00:00,M15778,6.12,1473,38.5,189,Normal
2025-02-08 07:00:00,L48099,7.32,1407,50.7,192,Normal
2025-02-08 08:00:00,M15780,6.29,1518,44.1,194,Normal
2025-02-08 09:00:00,H30335,6.07,1593,37.2,197,Normal
2025-02-08 10:00:00,M15782,7.7,1380,52.4,202,Normal
2025-02-08 11:00:00,M15783,7.03,1423,45.3,205,Normal
2025-02-08 12:00:00,L48104,6.73,1800,27.6,208,Normal
2025-02-08 13:00:00,H30339,5.98,1623,30.9,210,Normal
2025-02-08 14:00:00,L48106,8.11,1372,55.6,215,Critical
2025-02-08 15:00:00,H30341,5.22,1396,52.4,0,Normal
2025-02-08 16:00:00,L48108,4.78,1949,21.9,5,Normal
2025-02-08 17:00:00,L48109,5.09,1419,51.1,7,Normal
2025-02-08 18:00:00,M15790,4.67,1453,47.3,9,Normal
2025-02-08 19:00:00,L48111,3.52,1542,36.2,12,Normal
2025-02-08 20:00:00,L48112,5.41,1363,50.0,14,Normal
2025-02-08 21:00:00,L48113,3.94,1597,37.2,16,Normal
2025-02-08 22:00:00,M15794,5.72,1326,50.8,18,Normal
2025-02-08 23:00:00,M15795,4.21,1641,36.6,21,Normal
2025-02-09 00:00:00,M15796,4.97,1418,46.2,24,Normal
2025-02-09 01:00:00,L48117,6.89,1263,61.8,27,Normal
2025-02-09 02:00:00,L48118,4.61,1823,25.8,29,Normal
2025-02-09 03:00:00,L48119,4.31,1488,40.7,31,Normal
2025-02-09 04:00:00,L48120,5.12,1443,48.9,33,Normal
2025-02-09 05:00:00,L48121,3.88,1650,28.2,35,Normal
2025-02-09 06:00:00,M15802,4.76,1462,44.3,37,Normal
2025-02-09 07:00:00,M15803,4.76,1477,45.0,40,Normal
2025-02-09 08:00:00,M15804,4.34,1712,28.5,43,Normal
2025-02-09 09:00:00,M15805,5.9,1347,50.4,46,Normal
2025-02-09 10:00:00,L48126,6.56,1287,54.8,49,Normal
2025-02-09 11:00:00,L48127,5.13,1428,44.5,51,Normal
2025-02-09 12:00:00,M15808,5.23,1426,45.5,53,Normal
2025-02-09 13:00:00,L48129,4.34,1636,32.7,56,Normal
2025-02-09 14:00:00,L48130,5.1,1424,42.5,58,Normal
2025-02-09 15:00:00,H30365,4.21,1509,35.8,60,Normal
2025-02-09 16:00:00,L48132,5.47,1448,48.9,65,Normal
2025-02-09 17:00:00,L48133,4.56,1650,32.8,67,Normal
2025-02-09 18:00:00,H30368,5.29,1414,42.5,69,Normal
2025-02-09 19:00:00,L48135,5.32,1911,20.9,74,Normal
2025-02-09 20:00:00,H30370,4.52,1632,32.2,76,Normal
2025-02-09 21:00:00,M15817,5.42,1387,40.1,81,Normal
2025-02-09 22:00:00,L48138,5.88,1399,47.6,84,Normal
2025-02-09 23:00:00,L48139,4.51,1505,35.2,86,Normal
2025-02-10 00:00:00,L48140,4.54,1534,37.9,88,Normal
2025-02-10 01:00:00,L48141,4.97,1493,40.5,90,Normal
2025-02-10 02:00:00,M15822,5.24,1480,43.2,92,Normal
2025-02-10 03:00:00,L48143,4.65,1621,31.6,95,Normal
2025-02-10 04:00:00,L48144,4.97,1737,26.2,97,Normal
2025-02-10 05:00:00,L48145,5.38,1508,46.5,99,Normal
2025-02-10 06:00:00,M15826,4.87,1641,32.2,101,Normal
2025-02-10 07:00:00,M15827,4.79,1532,38.6,104,Normal
2025-02-10 08:00:00,L48148,4.98,1547,40.9,107,Normal
2025-02-10 09:00:00,L48149,5.68,1412,41.0,109,Normal
2025-02-10 10:00:00,L48150,4.77,1568,35.1,111,Normal
2025-02-10 11:00:00,L48151,5.12,1557,41.1,113,Normal
2025-02-10 12:00:00,L48152,5.25,1644,35.2,115,Normal
2025-02-10 13:00:00,L48153,5.15,1679,30.4,117,Normal
2025-02-10 14:00:00,L48154,4.86,1511,35.2,119,Normal
2025-02-10 15:00:00,M15835,5.33,1628,36.8,121,Normal
2025-02-10 16:00:00,M15836,6.64,1392,51.3,124,Normal
2025-02-10 17:00:00,L48157,5.99,1917,21.0,127,Normal
2025-02-10 18:00:00,M15838,5.36,1526,42.3,129,Normal
2025-02-10 19:00:00,L48159,6.88,1389,53.3,132,Normal
2025-02-10 20:00:00,L48160,6.11,1409,42.8,134,Normal
2025-02-10 21:00:00,L48161,5.29,1655,31.1,136,Normal
2025-02-10 22:00:00,L48162,5.32,1516,39.1,138,Normal
2025-02-10 23:00:00,L48163,5.01,1526,34.9,140,Normal
2025-02-11 00:00:00,L48164,6.52,1419,48.6,142,Normal
2025-02-11 01:00:00,L48165,5.53,1748,25.3,144,Normal
2025-02-11 02:00:00,H30400,5.41,1638,32.5,146,Normal
2025-02-11 03:00:00,M15847,5.02,1534,33.8,151,Normal
2025-02-11 04:00:00,H30402,5.83,1774,25.9,154,Normal
2025-02-11 05:00:00,M15849,7.32,2119,18.3,159,Normal
2025-02-11 06:00:00,L48170,6.77,1414,48.3,162,Normal
2025-02-11 07:00:00,M15851,5.77,1523,42.0,164,Normal
2025-02-11 08:00:00,L48172,5.94,1651,35.7,167,Normal
2025-02-11 09:00:00,M15853,5.65,1485,36.0,169,Normal
2025-02-11 10:00:00,M15854,9.25,1168,63.4,172,Normal
2025-02-11 11:00:00,L48175,5.56,1566,35.8,175,Normal
2025-02-11 12:00:00,M15856,7.84,1286,51.1,177,Normal
2025-02-11 13:00:00,M15857,6.65,1446,45.9,180,Normal
2025-02-11 14:00:00,M15858,7.4,2071,19.4,183,Normal
2025-02-11 15:00:00,L48179,5.49,1560,33.2,186,Normal
2025-02-11 16:00:00,L48180,5.8,1654,29.6,188,Normal
2025-02-11 17:00:00,L48181,6.09,1662,32.9,190,Normal
2025-02-11 18:00:00,L48182,6.16,1646,35.0,192,Normal
2025-02-11 19:00:00,L48183,6.88,1444,46.7,194,Normal
2025-02-11 20:00:00,H30418,6.71,1424,42.0,196,Normal
2025-02-11 21:00:00,L48185,7.65,1382,52.0,201,Normal
2025-02-11 22:00:00,L48186,7.59,1413,53.4,203,Normal
2025-02-11 23:00:00,M15867,3.56,1633,31.1,0,Normal
2025-02-12 00:00:00,L48188,4.3,1441,41.7,3,Normal
2025-02-12 01:00:00,M15869,4.79,1385,44.0,5,Normal
2025-02-12 02:00:00,M15870,3.44,1552,34.8,8,Normal
2025-02-12 03:00:00,M15871,4.41,1451,42.8,11,Normal
2025-02-12 04:00:00,M15872,4.27,1433,38.5,14,Normal
2025-02-12 05:00:00,M15873,3.59,1619,29.7,17,Normal
2025-02-12 06:00:00,L48194,4.49,1445,41.8,20,Normal
2025-02-12 07:00:00,L48195,5.13,1356,43.6,22,Normal
2025-02-12 08:00:00,M15876,6.97,1319,68.3,24,Critical
2025-02-12 09:00:00,L48197,3.93,1637,31.6,27,Normal
2025-02-12 10:00:00,L48198,6.55,1291,58.6,29,Normal
2025-02-12 11:00:00,L48199,5.59,1398,52.7,31,Normal
2025-02-12 12:00:00,L48200,6.09,1372,57.7,33,Normal
2025-02-12 13:00:00,M15881,4.66,1454,42.5,35,Normal
2025-02-12 14:00:00,L48202,3.97,1515,36.5,38,Normal
2025-02-12 15:00:00,L48203,4.97,1881,24.3,40,Normal
2025-02-12 16:00:00,L48204,4.41,1711,29.9,42,Normal
2025-02-12 17:00:00,L48205,4.29,1475,37.0,44,Normal
2025-02-12 18:00:00,L48206,4.1,1512,36.8,46,Normal
2025-02-12 19:00:00,M15887,6.0,1335,50.5,48,Normal
2025-02-12 20:00:00,L48208,4.58,1472,39.9,51,Normal
2025-02-12 21:00:00,M15889,4.27,1477,35.2,53,Normal
2025-02-12 22:00:00,L48210,4.75,1760,28.4,56,Normal
2025-02-12 23:00:00,L48211,4.1,1549,36.1,58,Normal
2025-02-13 00:00:00,L48212,4.54,1648,34.0,60,Normal
2025-02-13 01:00:00,H30447,4.31,1556,38.0,62,Normal
2025-02-13 02:00:00,M15894,5.38,1958,19.1,67,Normal
2025-02-13 03:00:00,L48215,5.75,1403,48.4,70,Normal
2025-02-13 04:00:00,M15896,4.71,1684,31.4,72,Normal
2025-02-13 05:00:00,H30451,4.5,1596,35.1,75,Normal
2025-02-13 06:00:00,L48218,4.86,1498,41.1,80,Normal
2025-02-13 07:00:00,L48219,4.46,1524,36.8,82,Normal
2025-02-13 08:00:00,L48220,5.07,1502,43.9,84,Normal
2025-02-13 09:00:00,L48221,5.17,1809,25.1,86,Normal
2025-02-13 10:00:00,L48222,4.5,1542,37.4,88,Normal
2025-02-13 11:00:00,L48223,5.62,1431,45.2,90,Normal
2025-02-13 12:00:00,L48224,5.09,1512,43.6,92,Normal
2025-02-13 13:00:00,H30459,6.32,1403,52.8,94,Normal
2025-02-13 14:00:00,L48226,6.45,1331,47.8,99,Normal
2025-02-13 15:00:00,M15907,5.99,1474,52.6,101,Normal
2025-02-13 16:00:00,L48228,4.8,1607,33.5,104,Normal
2025-02-13 17:00:00,L48229,5.83,1415,44.2,106,Normal
2025-02-13 18:00:00,L48230,4.9,1671,28.8,108,Normal
2025-02-13 19:00:00,L48231,4.86,1556,37.7,110,Normal
2025-02-13 20:00:00,L48232,6.05,1927,23.9,112,Normal
2025-02-13 21:00:00,M15913,4.77,1597,32.1,114,Normal
2025-02-13 22:00:00,H30468,4.87,1627,30.5,117,Normal
2025-02-13 23:00:00,L48235,5.35,1480,39.4,122,Normal
2025-02-14 00:00:00,L48236,5.19,1565,39.5,124,Normal
2025-02-14 01:00:00,L48237,5.06,1573,36.4,126,Normal
2025-02-14 02:00:00,L48238,4.93,1605,31.3,128,Normal
2025-02-14 03:00:00,M15919,5.8,1874,21.3,130,Normal
2025-02-14 04:00:00,H30474,6.73,1424,53.8,133,Normal
2025-02-14 05:00:00,L48241,6.57,1420,50.1,138,Normal
2025-02-14 06:00:00,L48242,6.79,1372,49.0,140,Normal
2025-02-14 07:00:00,M15923,5.52,1664,32.8,142,Normal
2025-02-14 08:00:00,M15924,6.33,1409,44.3,145,Normal
2025-02-14 09:00:00,L48245,5.4,1718,25.2,148,Normal
2025-02-14 10:00:00,M15926,5.44,1544,40.3,150,Normal
2025-02-14 11:00:00,L48247,6.2,1466,45.7,153,Normal
2025-02-14 12:00:00,L48248,6.76,1394,47.7,155,Normal
2025-02-14 13:00:00,M15929,6.15,1840,24.6,157,Normal
2025-02-14 14:00:00,M15930,5.67,1477,37.2,160,Normal
2025-02-14 15:00:00,L48251,6.77,1425,49.1,163,Normal
2025-02-14 16:00:00,M15932,6.67,1414,46.2,165,Normal
2025-02-14 17:00:00,L48253,6.79,1414,47.5,168,Normal
2025-02-14 18:00:00,L48254,5.4,1595,31.7,170,Normal
2025-02-14 19:00:00,H30489,7.68,1345,54.5,172,Normal
2025-02-14 20:00:00,L48256,6.08,1653,35.9,177,Normal
2025-02-14 21:00:00,L48257,5.55,1547,36.5,179,Normal
2025-02-14 22:00:00,H30492,5.81,1656,30.8,181,Normal
2025-02-14 23:00:00,L48259,6.14,1731,28.5,186,Normal
2025-02-15 00:00:00,L48260,6.37,1774,28.0,188,Normal
2025-02-15 01:00:00,L48261,5.98,1521,40.2,190,Normal
2025-02-15 02:00:00,H30496,6.54,1420,39.8,192,Normal
2025-02-15 03:00:00,L48263,6.25,1683,32.3,197,Normal
2025-02-15 04:00:00,M15944,6.66,1498,47.1,199,Normal
2025-02-15 05:00:00,L48265,7.93,1385,56.4,202,Critical
2025-02-15 06:00:00,L48266,7.08,1455,49.0,204,Normal
2025-02-15 07:00:00,H30501,5.84,1549,35.8,206,Critical
2025-02-15 08:00:00,M15948,4.68,1392,43.9,0,Normal
2025-02-15 09:00:00,M15949,4.8,2008,17.5,3,Normal
2025-02-15 10:00:00,L48270,4.19,1464,41.4,6,Normal
2025-02-15 11:00:00,L48271,4.64,1447,46.4,8,Normal
2025-02-15 12:00:00,M15952,4.02,1685,32.0,10,Normal
2025-02-15 13:00:00,M15953,4.25,1443,39.2,13,Normal
2025-02-15 14:00:00,L48274,5.12,1354,44.4,16,Normal
2025-02-15 15:00:00,L48275,5.82,2721,9.3,18,Critical
2025-02-15 16:00:00,L48276,4.36,1680,35.8,20,Normal
2025-02-15 17:00:00,H30511,5.2,1397,48.3,22,Normal
2025-02-15 18:00:00,M15958,3.89,1521,37.9,27,Normal
2025-02-15 19:00:00,M15959,4.59,1472,43.9,30,Normal
2025-02-15 20:00:00,H30514,4.22,1695,30.0,33,Normal
2025-02-15 21:00:00,H30515,4.02,1607,33.6,38,Normal
2025-02-15 22:00:00,L48282,6.16,1347,54.8,43,Normal
2025-02-15 23:00:00,M15963,4.07,1540,38.7,45,Normal
2025-02-16 00:00:00,L48284,5.19,1389,42.7,48,Normal
2025-02-16 01:00:00,M15965,4.44,1734,27.0,50,Normal
2025-02-16 02:00:00,L48286,4.15,1540,38.6,53,Normal
2025-02-16 03:00:00,M15967,4.53,1515,42.1,55,Normal
2025-02-16 04:00:00,L48288,4.87,1504,45.8,58,Normal
2025-02-16 05:00:00,L48289,4.1,1557,35.1,60,Normal
2025-02-16 06:00:00,L48290,6.54,1292,52.5,62,Normal
2025-02-16 07:00:00,H30525,5.57,1432,49.2,64,Normal
2025-02-16 08:00:00,M15972,6.5,1350,55.6,69,Normal
2025-02-16 09:00:00,M15973,4.94,1790,25.8,72,Normal
2025-02-16 10:00:00,H30528,4.34,1540,37.4,75,Normal
2025-02-16 11:00:00,M15975,6.2,2077,19.1,80,Normal
2025-02-16 12:00:00,L48296,4.72,1487,37.5,83,Normal
2025-02-16 13:00:00,L48297,4.75,1523,40.7,85,Normal
2025-02-16 14:00:00,L48298,5.29,1443,41.8,87,Normal
2025-02-16 15:00:00,L48299,7.02,1340,59.1,89,Normal
2025-02-16 16:00:00,H30534,4.75,1654,31.0,91,Normal
2025-02-16 17:00:00,L48301,5.21,1459,40.2,96,Normal
2025-02-16 18:00:00,L48302,4.69,1541,38.5,98,Normal
2025-02-16 19:00:00,H30537,7.1,1386,62.3,100,Critical
2025-02-16 20:00:00,M15984,8.32,1258,69.0,105,Critical
2025-02-16 21:00:00,M15985,6.55,1375,51.4,108,Normal
2025-02-16 22:00:00,L48306,5.26,1706,30.8,111,Normal
2025-02-16 23:00:00,M15987,5.2,1672,32.4,113,Normal
2025-02-17 00:00:00,M15988,5.72,1843,25.2,116,Normal
2025-02-17 01:00:00,L48309,5.19,1690,29.6,119,Normal
2025-02-17 02:00:00,L48310,6.17,1413,46.5,121,Normal
2025-02-17 03:00:00,L48311,4.92,1489,33.4,123,Normal
2025-02-17 04:00:00,L48312,7.98,1271,61.4,125,Normal
2025-02-17 05:00:00,M15993,6.31,1418,47.9,127,Normal
2025-02-17 06:00:00,M15994,6.48,1426,50.7,130,Normal
2025-02-17 07:00:00,L48315,5.16,1535,39.2,133,Normal
2025-02-17 08:00:00,L48316,5.19,1557,38.1,135,Normal
2025-02-17 09:00:00,L48317,5.2,1653,29.7,137,Normal
2025-02-17 10:00:00,L48318,5.94,1435,41.6,139,Normal
2025-02-17 11:00:00,M15999,5.01,1569,33.3,141,Normal
2025-02-17 12:00:00,M16000,6.49,1385,44.8,144,Normal
2025-02-17 13:00:00,L48321,5.34,1635,31.6,147,Normal
2025-02-17 14:00:00,L48322,6.28,1423,43.9,149,Normal
2025-02-17 15:00:00,L48323,5.68,1479,39.2,151,Normal
2025-02-17 16:00:00,L48324,8.68,1296,69.1,153,Critical
2025-02-17 17:00:00,L48325,5.09,1553,33.3,155,Normal
2025-02-17 18:00:00,L48326,5.67,1529,42.2,157,Normal
2025-02-17 19:00:00,M16007,5.4,1690,25.6,159,Normal
2025-02-17 20:00:00,L48328,7.77,1348,58.0,162,Normal
2025-02-17 21:00:00,L48329,5.98,1446,38.5,164,Normal
2025-02-17 22:00:00,L48330,6.69,1456,50.0,166,Normal
2025-02-17 23:00:00,L48331,7.16,1350,47.7,168,Normal
2025-02-18 00:00:00,L48332,5.69,1507,38.3,170,Normal
2025-02-18 01:00:00,H30567,6.52,1448,45.6,172,Normal
2025-02-18 02:00:00,L48334,5.54,1626,29.9,177,Normal
2025-02-18 03:00:00,H30569,6.62,1846,27.3,179,Normal
2025-02-18 04:00:00,H30570,6.59,1404,40.7,184,Normal
2025-02-18 05:00:00,L48337,5.92,1583,37.2,189,Normal
2025-02-18 06:00:00,L48338,6.95,1436,47.7,191,Normal
2025-02-18 07:00:00,L48339,6.0,1609,35.6,193,Normal
2025-02-18 08:00:00,H30574,6.51,1834,23.8,195,Normal
2025-02-18 09:00:00,L48341,8.61,1316,61.2,200,Critical
2025-02-18 10:00:00,L48342,7.9,1400,57.1,202,Critical
2025-02-18 11:00:00,L48343,7.45,1367,47.1,204,Normal
2025-02-18 12:00:00,L48344,6.62,1754,30.3,206,Normal
2025-02-18 13:00:00,L48345,6.01,1487,34.6,208,Normal
2025-02-18 14:00:00,M16026,6.13,1506,37.7,210,Normal
2025-02-18 15:00:00,L48347,7.94,1362,52.5,213,Critical
2025-02-18 16:00:00,L48348,6.2,1584,36.8,215,Normal
2025-02-18 17:00:00,L48349,7.45,1355,43.7,217,Normal
2025-02-18 18:00:00,M16030,6.77,1823,24.3,219,Normal
2025-02-18 19:00:00,H30585,6.46,1517,41.4,222,Normal
2025-02-18 20:00:00,L48352,6.6,1446,36.6,227,Normal
2025-02-18 21:00:00,H30587,6.36,1559,38.8,229,Normal
2025-02-18 22:00:00,M16034,4.94,1352,44.4,0,Normal
2025-02-18 23:00:00,M16035,3.72,1578,37.8,3,Normal
2025-02-19 00:00:00,M16036,4.42,1429,42.0,6,Normal
2025-02-19 01:00:00,M16037,4.04,1604,39.4,9,Normal
2025-02-19 02:00:00,L48358,5.87,1398,60.4,12,Normal
2025-02-19 03:00:00,L48359,4.54,1441,43.4,14,Normal
2025-02-19 04:00:00,H30594,3.56,1531,35.6,16,Normal
2025-02-19 05:00:00,L48361,5.54,1379,52.1,21,Normal
2025-02-19 06:00:00,L48362,5.13,1410,48.1,23,Normal
2025-02-19 07:00:00,L48363,4.08,1513,40.5,25,Normal
2025-02-19 08:00:00,L48364,4.65,1497,47.5,27,Normal
2025-02-19 09:00:00,L48365,4.65,1491,46.5,29,Normal
2025-02-19 10:00:00,L48366,5.17,1417,47.8,31,Normal
2025-02-19 11:00:00,M16047,3.97,1522,38.0,33,Normal
2025-02-19 12:00:00,L48368,5.94,1339,52.1,36,Normal
2025-02-19 13:00:00,M16049,4.67,1794,27.5,38,Normal
2025-02-19 14:00:00,L48370,4.67,1460,42.1,41,Normal
2025-02-19 15:00:00,M16051,4.66,1776,28.0,43,Normal
2025-02-19 16:00:00,M16052,5.0,1431,43.7,46,Normal
2025-02-19 17:00:00,L48373,5.97,1347,50.8,49,Normal
2025-02-19 18:00:00,M16054,4.6,1507,43.1,51,Normal
2025-02-19 19:00:00,M16055,5.5,1408,47.9,54,Normal
2025-02-19 20:00:00,M16056,4.2,1493,34.7,57,Normal
2025-02-19 21:00:00,M16057,5.36,1441,47.6,60,Normal
2025-02-19 22:00:00,H30612,4.23,1557,36.5,63,Normal
2025-02-19 23:00:00,M16059,5.59,1979,20.4,68,Normal
2025-02-20 00:00:00,M16060,6.1,1430,55.9,71,Normal
2025-02-20 01:00:00,L48381,5.22,1658,41.0,74,Normal
2025-02-20 02:00:00,M16062,6.28,1355,51.4,76,Normal
2025-02-20 03:00:00,H30617,5.76,1410,47.6,79,Normal
2025-02-20 04:00:00,L48384,4.35,1521,34.5,84,Normal
2025-02-20 05:00:00,L48385,6.51,1371,54.5,86,Normal
2025-02-20 06:00:00,H30620,6.77,1318,53.5,88,Normal
2025-02-20 07:00:00,M16067,4.57,1573,34.9,93,Normal
2025-02-20 08:00:00,L48388,5.29,1489,44.1,96,Normal
2025-02-20 09:00:00,H30623,7.03,2540,13.3,98,Normal
2025-02-20 10:00:00,L48390,4.78,1537,39.0,103,Normal
2025-02-20 11:00:00,H30625,5.99,1416,46.9,105,Normal
2025-02-20 12:00:00,L48392,7.0,1359,56.5,110,Normal
2025-02-20 13:00:00,M16073,4.94,1551,38.9,112,Normal
2025-02-20 14:00:00,M16074,5.38,1694,33.0,115,Normal
2025-02-20 15:00:00,L48395,5.2,1709,28.4,118,Normal
2025-02-20 16:00:00,L48396,5.24,1514,41.0,120,Normal
2025-02-20 17:00:00,L48397,5.75,1455,43.5,122,Normal
2025-02-20 18:00:00,M16078,5.38,1702,30.7,124,Normal
2025-02-20 19:00:00,M16079,6.25,1357,41.8,127,Normal
2025-02-20 20:00:00,L48400,4.67,1577,29.4,130,Normal
2025-02-20 21:00:00,M16081,6.37,1399,46.4,132,Normal
2025-02-20 22:00:00,L48402,7.23,1399,59.0,135,Normal
2025-02-20 23:00:00,L48403,6.03,1492,48.1,137,Normal
2025-02-21 00:00:00,L48404,5.58,1763,25.7,139,Normal
2025-02-21 01:00:00,H30639,5.64,1492,41.5,141,Normal
2025-02-21 02:00:00,L48406,5.79,1488,42.5,146,Normal
2025-02-21 03:00:00,L48407,6.15,1422,42.1,148,Normal
2025-02-21 04:00:00,M16088,5.52,1583,38.2,150,Normal
2025-02-21 05:00:00,L48409,7.62,1304,53.5,153,Normal
2025-02-21 06:00:00,M16090,6.28,1880,23.5,155,Normal
2025-02-21 07:00:00,M16091,5.89,1604,40.7,158,Normal
2025-02-21 08:00:00,L48412,5.55,1500,37.1,161,Normal
2025-02-21 09:00:00,M16093,7.54,1364,55.6,163,Normal
2025-02-21 10:00:00,H30648,7.88,2440,14.0,166,Normal
2025-02-21 11:00:00,H30649,5.72,1654,31.4,171,Normal
2025-02-21 12:00:00,H30650,7.13,1359,46.6,176,Normal
2025-02-21 13:00:00,M16097,5.79,1502,37.3,181,Normal
2025-02-21 14:00:00,M16098,5.73,1615,32.6,184,Normal
2025-02-21 15:00:00,H30653,6.1,1482,39.3,187,Normal
2025-02-21 16:00:00,L48420,5.86,1636,31.3,192,Normal
2025-02-21 17:00:00,M16101,5.87,1621,32.4,194,Normal
2025-02-21 18:00:00,L48422,6.63,1468,44.4,197,Normal
2025-02-21 19:00:00,M16103,7.44,1432,53.4,199,Normal
2025-02-21 20:00:00,L48424,6.29,1726,28.4,202,Normal
2025-02-21 21:00:00,M16105,5.87,1588,33.4,204,Normal
2025-02-21 22:00:00,H30660,6.27,1653,33.3,207,Normal
2025-02-21 23:00:00,L48427,6.46,1513,42.9,212,Normal
2025-02-22 00:00:00,L48428,6.44,1489,40.2,214,Normal
2025-02-22 01:00:00,L48429,6.36,1467,36.8,216,Normal
2025-02-22 02:00:00,L48430,6.0,1549,36.1,218,Normal
2025-02-22 03:00:00,M16111,7.79,1359,48.7,220,Normal
2025-02-22 04:00:00,L48432,6.39,1533,41.5,223,Normal
2025-02-22 05:00:00,L48433,6.02,1309,57.3,0,Normal
2025-02-22 06:00:00,H30668,4.85,1430,49.4,2,Normal
2025-02-22 07:00:00,H30669,5.06,1419,50.7,7,Normal
2025-02-22 08:00:00,M16116,3.62,1535,37.7,12,Normal
2025-02-22 09:00:00,L48437,4.39,1466,43.0,15,Normal
2025-02-22 10:00:00,L48438,5.11,1427,50.4,17,Normal
2025-02-22 11:00:00,M16119,5.83,1280,48.5,19,Normal
2025-02-22 12:00:00,L48440,3.53,1528,33.8,22,Normal
2025-02-22 13:00:00,H30675,4.86,1885,25.2,24,Normal
2025-02-22 14:00:00,H30676,4.11,1648,33.0,29,Normal
2025-02-22 15:00:00,L48443,5.89,1400,56.9,34,Normal
2025-02-22 16:00:00,M16124,6.38,2243,15.7,36,Normal
2025-02-22 17:00:00,L48445,3.9,1558,35.7,39,Normal
2025-02-22 18:00:00,L48446,4.28,1633,34.8,41,Normal
2025-02-22 19:00:00,M16127,4.09,1549,38.7,43,Normal
2025-02-22 20:00:00,L48448,4.77,1496,45.8,46,Normal
2025-02-22 21:00:00,L48449,4.7,1467,41.8,48,Normal
2025-02-22 22:00:00,M16130,7.36,1276,65.9,50,Normal
2025-02-22 23:00:00,H30685,4.54,1490,40.5,53,Normal
2025-02-23 00:00:00,H30686,4.3,1562,38.1,58,Normal
2025-02-23 01:00:00,L48453,5.68,1397,48.2,63,Normal
2025-02-23 02:00:00,H30688,4.44,1530,40.2,65,Normal
2025-02-23 03:00:00,M16135,5.92,1362,47.6,70,Normal
2025-02-23 04:00:00,M16136,4.97,1693,34.4,73,Normal
2025-02-23 05:00:00,M16137,5.67,1408,46.5,76,Normal
2025-02-23 06:00:00,L48458,6.17,1398,52.9,79,Normal
2025-02-23 07:00:00,M16139,4.62,1531,40.1,81,Normal
2025-02-23 08:00:00,H30694,4.52,1521,37.1,84,Normal
2025-02-23 09:00:00,H30695,6.22,1427,54.3,89,Normal
2025-02-23 10:00:00,L48462,4.51,1546,36.1,94,Normal
2025-02-23 11:00:00,L48463,6.12,1356,45.4,96,Normal
2025-02-23 12:00:00,L48464,6.59,2153,15.3,98,Critical
2025-02-23 13:00:00,M16145,5.17,1492,41.7,100,Normal
2025-02-23 14:00:00,L48466,5.09,1582,40.3,103,Normal
2025-02-23 15:00:00,L48467,5.62,1419,41.5,105,Normal
2025-02-23 16:00:00,M16148,5.96,1441,48.2,107,Normal
2025-02-23 17:00:00,M16149,4.94,1635,32.2,110,Normal
2025-02-23 18:00:00,L48470,5.94,1429,45.8,113,Normal
2025-02-23 19:00:00,M16151,4.98,1675,28.4,115,Normal
2025-02-23 20:00:00,M16152,5.79,1868,23.8,118,Normal
2025-02-23 21:00:00,H30707,4.86,1582,33.4,121,Normal
2025-02-23 22:00:00,L48474,5.42,1486,40.3,126,Normal
2025-02-23 23:00:00,L48475,6.83,1402,54.3,128,Normal
2025-02-24 00:00:00,L48476,5.23,1621,34.1,130,Normal
2025-02-24 01:00:00,L48477,5.95,1428,42.4,132,Normal
2025-02-24 02:00:00,M16158,7.18,1343,53.6,134,Normal
2025-02-24 03:00:00,M16159,5.7,1458,40.2,137,Normal
2025-02-24 04:00:00,L48480,7.59,1322,57.0,140,Normal
2025-02-24 05:00:00,L48481,5.14,1483,32.8,142,Normal
2025-02-24 06:00:00,L48482,5.88,1505,45.7,144,Normal
2025-02-24 07:00:00,L48483,5.81,1593,42.5,146,Normal
2025-02-24 08:00:00,L48484,7.15,2098,19.6,148,Normal
2025-02-24 09:00:00,L48485,5.51,1672,30.4,150,Normal
2025-02-24 10:00:00,L48486,5.79,1487,41.4,152,Normal
2025-02-24 11:00:00,L48487,6.22,1423,42.1,154,Normal
2025-02-24 12:00:00,L48488,5.66,1750,25.0,156,Normal
2025-02-24 13:00:00,L48489,5.55,1654,31.1,158,Normal
2025-02-24 14:00:00,L48490,6.4,1498,50.2,160,Normal
2025-02-24 15:00:00,L48491,5.16,1587,30.2,162,Normal
2025-02-24 16:00:00,L48492,6.09,1473,42.6,164,Normal
2025-02-24 17:00:00,L48493,7.69,1359,56.9,166,Normal
2025-02-24 18:00:00,M16174,5.78,1635,34.5,168,Normal
2025-02-24 19:00:00,L48495,6.07,1520,45.0,171,Normal
2025-02-24 20:00:00,L48496,5.62,1507,36.7,173,Normal
2025-02-24 21:00:00,L48497,6.72,1428,46.3,175,Normal
2025-02-24 22:00:00,M16178,5.51,1582,33.3,177,Normal
2025-02-24 23:00:00,L48499,6.9,1929,24.4,180,Normal
2025-02-25 00:00:00,M16180,5.65,1540,38.1,182,Normal
2025-02-25 01:00:00,L48501,7.64,1362,53.0,185,Normal
2025-02-25 02:00:00,H30736,6.96,1452,49.9,187,Normal
2025-02-25 03:00:00,L48503,7.64,1361,51.7,192,Normal
2025-02-25 04:00:00,M16184,9.81,1243,74.5,194,Critical
2025-02-25 05:00:00,H30739,5.9,1567,36.8,197,Normal
2025-02-25 06:00:00,L48506,7.14,1411,46.5,202,Normal
2025-02-25 07:00:00,L48507,6.7,1814,26.8,204,Normal
2025-02-25 08:00:00,M16188,6.33,1719,28.8,206,Normal
2025-02-25 09:00:00,H30743,6.16,1663,30.4,209,Normal
2025-02-25 10:00:00,L48510,6.39,1696,30.2,214,Normal
2025-02-25 11:00:00,H30745,6.61,1771,26.8,216,Normal
2025-02-25 12:00:00,L48512,7.02,1868,24.0,221,Normal
2025-02-25 13:00:00,M16193,6.06,1558,35.4,223,Normal
2025-02-25 14:00:00,L48514,7.85,1365,49.1,226,Critical
2025-02-25 15:00:00,L48515,8.15,1371,53.8,228,Critical
2025-02-25 16:00:00,L48516,6.1,1583,32.6,230,Normal
2025-02-25 17:00:00,H30751,3.76,1613,36.0,0,Normal
2025-02-25 18:00:00,L48518,3.85,1721,27.2,5,Normal
2025-02-25 19:00:00,M16199,3.86,1668,31.5,7,Normal
2025-02-25 20:00:00,L48520,3.66,1569,36.3,10,Normal
2025-02-25 21:00:00,M16201,5.61,1328,50.5,12,Normal
2025-02-25 22:00:00,M16202,3.65,1596,33.0,15,Normal
2025-02-25 23:00:00,L48523,4.11,1676,32.7,18,Normal
2025-02-26 00:00:00,L48524,4.63,1809,28.9,20,Normal
2025-02-26 01:00:00,L48525,4.44,1804,26.1,22,Normal
2025-02-26 02:00:00,L48526,3.53,1533,33.9,24,Normal
2025-02-26 03:00:00,L48527,4.08,1717,27.3,26,Normal
2025-02-26 04:00:00,L48528,5.28,1363,45.5,28,Normal
2025-02-26 05:00:00,L48529,5.11,1402,45.9,30,Normal
2025-02-26 06:00:00,L48530,5.05,1436,47.5,32,Normal
2025-02-26 07:00:00,L48531,4.33,1525,43.7,34,Normal
2025-02-26 08:00:00,M16212,3.93,1598,33.3,36,Normal
2025-02-26 09:00:00,M16213,5.13,1444,48.1,39,Normal
2025-02-26 10:00:00,L48534,5.77,1334,48.0,42,Normal
2025-02-26 11:00:00,M16215,4.63,1681,35.5,44,Normal
2025-02-26 12:00:00,L48536,4.3,1593,37.4,47,Normal
2025-02-26 13:00:00,L48537,5.0,1461,45.7,49,Normal
2025-02-26 14:00:00,M16218,4.55,1693,31.9,51,Normal
2025-02-26 15:00:00,L48539,5.68,1404,50.3,54,Normal
2025-02-26 16:00:00,H30774,4.4,1707,27.6,56,Normal
2025-02-26 17:00:00,M16221,4.91,1458,41.9,61,Normal
2025-02-26 18:00:00,L48542,4.57,1517,41.2,64,Normal
2025-02-26 19:00:00,L48543,5.94,1433,54.6,66,Normal
2025-02-26 20:00:00,L48544,4.12,1566,33.1,68,Normal
2025-02-26 21:00:00,L48545,4.78,1676,33.5,70,Normal
2025-02-26 22:00:00,M16226,6.51,1368,56.8,72,Normal
2025-02-26 23:00:00,M16227,4.57,1581,37.5,75,Normal
2025-02-27 00:00:00,H30782,4.64,1708,27.1,78,Normal
2025-02-27 01:00:00,M16229,5.02,1481,41.5,83,Normal
2025-02-27 02:00:00,L48550,5.12,1451,40.0,86,Normal
2025-02-27 03:00:00,M16231,4.81,1495,38.7,88,Normal
2025-02-27 04:00:00,M16232,5.0,1573,41.8,91,Normal
2025-02-27 05:00:00,M16233,6.93,1366,59.0,94,Normal
2025-02-27 06:00:00,L48554,4.63,1553,36.8,97,Normal
2025-02-27 07:00:00,M16235,4.66,1528,37.1,99,Normal
2025-02-27 08:00:00,M16236,4.31,1527,31.2,102,Normal
2025-02-27 09:00:00,L48557,5.73,1461,46.7,105,Normal
2025-02-27 10:00:00,H30792,5.67,1455,44.9,107,Normal
2025-02-27 11:00:00,L48559,5.05,1620,34.8,112,Normal
2025-02-27 12:00:00,L48560,5.54,1786,27.7,114,Normal
2025-02-27 13:00:00,M16241,4.95,1583,35.7,116,Normal
2025-02-27 14:00:00,L48562,5.03,1653,30.3,119,Normal
2025-02-27 15:00:00,M16243,6.79,1331,49.0,121,Normal
2025-02-27 16:00:00,L48564,5.63,1484,43.8,124,Normal
2025-02-27 17:00:00,M16245,5.21,1603,36.1,126,Normal
2025-02-27 18:00:00,L48566,5.66,1445,40.0,129,Normal
2025-02-27 19:00:00,L48567,5.84,1823,26.1,131,Normal
2025-02-27 20:00:00,H30802,5.8,1491,45.3,133,Normal
2025-02-27 21:00:00,L48569,5.46,1533,42.8,138,Normal
2025-02-27 22:00:00,L48570,6.96,1409,54.8,140,Normal
2025-02-27 23:00:00,L48571,7.26,2737,8.8,142,Critical
2025-02-28 00:00:00,M16252,6.0,1494,46.6,144,Normal
2025-02-28 01:00:00,L48573,5.22,1594,33.3,147,Normal
2025-02-28 02:00:00,L48574,5.7,1527,44.0,149,Normal
2025-02-28 03:00:00,L48575,5.87,1452,39.7,151,Normal
2025-02-28 04:00:00,L48576,5.68,1483,39.2,153,Normal
2025-02-28 05:00:00,L48577,5.5,1569,38.2,155,Normal
2025-02-28 06:00:00,L48578,6.28,1472,46.6,157,Normal
2025-02-28 07:00:00,L48579,5.76,1533,43.5,159,Normal
2025-02-28 08:00:00,H30814,7.97,1366,62.7,161,Normal
2025-02-28 09:00:00,H30815,5.47,1532,37.7,166,Normal
2025-02-28 10:00:00,M16262,7.99,1313,56.8,171,Normal
2025-02-28 11:00:00,L48583,7.13,1372,48.0,174,Normal
2025-02-28 12:00:00,M16264,5.83,1555,40.6,176,Normal
2025-02-28 13:00:00,L48585,6.72,1394,42.7,179,Normal
2025-02-28 14:00:00,L48586,6.82,1442,48.0,181,Normal
2025-02-28 15:00:00,L48587,5.52,1564,33.8,183,Normal
2025-02-28 16:00:00,L48588,6.87,1452,48.9,185,Normal
2025-02-28 17:00:00,L48589,6.4,1466,42.5,187,Normal
2025-02-28 18:00:00,M16270,7.1,1469,53.2,189,Normal
2025-02-28 19:00:00,L48591,7.06,1944,23.4,192,Normal
2025-02-28 20:00:00,M16272,7.46,1415,53.2,194,Normal
2025-02-28 21:00:00,M16273,5.79,1528,36.7,197,Normal
2025-02-28 22:00:00,M16274,6.29,1570,42.1,200,Normal
2025-02-28 23:00:00,L48595,6.0,1617,33.0,203,Normal
2025-03-01 00:00:00,M16276,7.65,2083,18.2,205,Normal
2025-03-01 01:00:00,L48597,5.99,1541,38.5,208,Normal
2025-03-01 02:00:00,L48598,7.8,1320,47.4,210,Normal
2025-03-01 03:00:00,L48599,8.02,1354,53.3,212,Critical
2025-03-01 04:00:00,M16280,6.08,1495,35.2,214,Normal
2025-03-01 05:00:00,L48601,5.93,1589,31.8,217,Normal
2025-03-01 06:00:00,L48602,3.37,1530,35.5,0,Normal
2025-03-01 07:00:00,L48603,3.21,1539,33.4,2,Normal
2025-03-01 08:00:00,L48604,4.53,1462,46.8,4,Normal
2025-03-01 09:00:00,L48605,5.62,1356,54.0,6,Normal
2025-03-01 10:00:00,M16286,3.82,1622,34.6,8,Normal
2025-03-01 11:00:00,L48607,4.57,1394,40.3,11,Normal
2025-03-01 12:00:00,L48608,3.52,1568,33.7,13,Normal
2025-03-01 13:00:00,M16289,4.5,1456,43.8,15,Normal
2025-03-01 14:00:00,L48610,5.33,1378,49.3,18,Normal
2025-03-01 15:00:00,M16291,4.69,1404,41.4,20,Normal
2025-03-01 16:00:00,L48612,4.63,1437,42.8,23,Normal
2025-03-01 17:00:00,L48613,5.15,1363,44.0,25,Normal
2025-03-01 18:00:00,M16294,5.46,1377,49.6,27,Normal
2025-03-01 19:00:00,H30849,4.18,1526,42.1,30,Normal
2025-03-01 20:00:00,H30850,4.46,1510,44.2,35,Normal
2025-03-01 21:00:00,H30851,4.98,1439,45.2,40,Critical
2025-03-01 22:00:00,L48618,4.4,1482,39.1,45,Normal
2025-03-01 23:00:00,M16299,4.0,1534,37.0,47,Normal
2025-03-02 00:00:00,M16300,4.53,1741,27.7,50,Normal
2025-03-02 01:00:00,L48621,4.22,1550,38.8,53,Normal
2025-03-02 02:00:00,M16302,4.46,1486,38.5,55,Normal
2025-03-02 03:00:00,L48623,4.53,1602,38.2,58,Normal
2025-03-02 04:00:00,L48624,4.53,1477,37.9,60,Normal
2025-03-02 05:00:00,L48625,4.08,1618,29.2,62,Normal
2025-03-02 06:00:00,M16306,4.59,1628,35.8,64,Normal
2025-03-02 07:00:00,M16307,4.67,1662,33.6,67,Normal
2025-03-02 08:00:00,M16308,4.51,1657,31.0,70,Normal
2025-03-02 09:00:00,H30863,4.65,1677,30.8,73,Normal
2025-03-02 10:00:00,M16310,5.04,1447,39.9,78,Normal
2025-03-02 11:00:00,L48631,5.25,1831,25.4,81,Normal
2025-03-02 12:00:00,L48632,4.48,1584,34.4,83,Normal
2025-03-02 13:00:00,L48633,5.17,1450,40.9,85,Normal
2025-03-02 14:00:00,L48634,5.71,1428,46.9,87,Normal
2025-03-02 15:00:00,L48635,6.39,1382,53.0,89,Normal
2025-03-02 16:00:00,L48636,5.1,1501,43.0,91,Normal
2025-03-02 17:00:00,L48637,5.23,1475,42.4,93,Normal
2025-03-02 18:00:00,L48638,6.63,1364,54.0,95,Normal
2025-03-02 19:00:00,L48639,4.88,1472,36.1,97,Normal
2025-03-02 20:00:00,L48640,5.86,1437,47.8,99,Normal
2025-03-02 21:00:00,L48641,5.41,1491,45.1,101,Normal
2025-03-02 22:00:00,L48642,4.96,1706,27.6,103,Normal
2025-03-02 23:00:00,L48643,5.2,1607,39.5,105,Normal
2025-03-03 00:00:00,L48644,6.0,1412,46.3,107,Normal
2025-03-03 01:00:00,L48645,5.0,1546,40.9,109,Normal
2025-03-03 02:00:00,L48646,6.58,1365,50.5,111,Normal
2025-03-03 03:00:00,L48647,4.34,1544,30.2,113,Normal
2025-03-03 04:00:00,M16328,5.96,1419,44.9,115,Normal
2025-03-03 05:00:00,L48649,5.35,1497,41.6,118,Normal
2025-03-03 06:00:00,L48650,5.77,1437,42.6,120,Normal
2025-03-03 07:00:00,L48651,6.6,1421,53.6,122,Normal
2025-03-03 08:00:00,M16332,5.94,1438,44.5,124,Normal
2025-03-03 09:00:00,M16333,6.95,1315,48.9,127,Normal
2025-03-03 10:00:00,M16334,7.55,1366,61.9,130,Normal
2025-03-03 11:00:00,M16335,5.0,1519,35.4,133,Normal
2025-03-03 12:00:00,L48656,5.31,1692,28.3,136,Normal
2025-03-03 13:00:00,L48657,5.13,1570,35.6,138,Normal
2025-03-03 14:00:00,L48658,5.16,1568,35.8,140,Normal
2025-03-03 15:00:00,L48659,6.57,1355,43.8,142,Normal
2025-03-03 16:00:00,M16340,6.81,2056,18.7,144,Normal
2025-03-03 17:00:00,M16341,7.83,1332,60.2,147,Normal
2025-03-03 18:00:00,M16342,6.71,1448,52.5,150,Normal
2025-03-03 19:00:00,L48663,5.36,1578,35.6,153,Normal
2025-03-03 20:00:00,M16344,5.53,1562,39.2,155,Normal
2025-03-03 21:00:00,M16345,6.57,1976,19.3,158,Normal
2025-03-03 22:00:00,M16346,5.25,1524,34.6,161,Normal
2025-03-03 23:00:00,L48667,6.72,1429,48.5,164,Normal
2025-03-04 00:00:00,L48668,5.5,1568,36.3,166,Normal
2025-03-04 01:00:00,M16349,5.76,1723,26.6,168,Normal
2025-03-04 02:00:00,L48670,6.99,1341,43.8,171,Normal
2025-03-04 03:00:00,M16351,7.1,1353,46.2,173,Normal
2025-03-04 04:00:00,M16352,7.24,1479,58.5,176,Critical
2025-03-04 05:00:00,L48673,6.29,1496,44.9,179,Normal
2025-03-04 06:00:00,M16354,7.21,1377,48.5,181,Normal
2025-03-04 07:00:00,H30909,6.96,1383,44.6,184,Normal
2025-03-04 08:00:00,L48676,9.28,1268,69.4,189,Critical
2025-03-04 09:00:00,L48677,6.01,1629,34.3,191,Normal
2025-03-04 10:00:00,L48678,6.47,1790,27.2,193,Normal
2025-03-04 11:00:00,M16359,8.1,2206,16.3,195,Normal
2025-03-04 12:00:00,M16360,7.62,2101,17.4,198,Normal
2025-03-04 13:00:00,M16361,7.1,1436,48.2,201,Normal
2025-03-04 14:00:00,L48682,6.99,1462,48.2,204,Normal
2025-03-04 15:00:00,L48683,6.45,1771,26.2,206,Normal
2025-03-04 16:00:00,L48684,6.72,1506,47.0,208,Normal
2025-03-04 17:00:00,L48685,6.37,1626,36.7,210,Normal
2025-03-04 18:00:00,L48686,6.11,1610,33.7,212,Normal
2025-03-04 19:00:00,M16367,8.08,1376,55.7,214,Normal
2025-03-04 20:00:00,M16368,6.19,1507,37.3,217,Normal
2025-03-04 21:00:00,L48689,6.68,1429,37.7,220,Critical
2025-03-04 22:00:00,M16370,3.59,1547,38.9,0,Normal
2025-03-04 23:00:00,L48691,3.59,1642,30.3,3,Normal
2025-03-05 00:00:00,H30926,3.63,1503,36.3,5,Normal
2025-03-05 01:00:00,L48693,3.43,1568,32.9,10,Normal
2025-03-05 02:00:00,M16374,4.09,1628,37.6,12,Normal
2025-03-05 03:00:00,M16375,3.91,1614,35.5,15,Normal
2025-03-05 04:00:00,L48696,6.19,1278,54.0,18,Normal
2025-03-05 05:00:00,M16377,4.5,1408,38.8,20,Normal
2025-03-05 06:00:00,H30932,5.84,1371,55.7,23,Normal
2025-03-05 07:00:00,M16379,3.99,1512,38.5,28,Normal
2025-03-05 08:00:00,L48700,4.36,1472,40.1,31,Normal
2025-03-05 09:00:00,M16381,3.89,1585,34.3,33,Normal
2025-03-05 10:00:00,H30936,4.02,1562,37.7,36,Normal
2025-03-05 11:00:00,L48703,4.01,1519,36.9,41,Normal
2025-03-05 12:00:00,L48704,4.19,1601,35.8,43,Normal
2025-03-05 13:00:00,L48705,6.43,2449,13.8,45,Normal
2025-03-05 14:00:00,L48706,4.74,1787,27.6,47,Normal
2025-03-05 15:00:00,H30941,5.12,1425,44.5,49,Normal
2025-03-05 16:00:00,L48708,3.97,1559,34.0,54,Normal
2025-03-05 17:00:00,L48709,4.12,1557,36.0,56,Normal
2025-03-05 18:00:00,L48710,4.56,1497,40.5,58,Normal
2025-03-05 19:00:00,H30945,4.98,1438,41.4,60,Normal
2025-03-05 20:00:00,M16392,5.01,1417,39.2,65,Normal
2025-03-05 21:00:00,M16393,6.28,1339,51.4,68,Normal
2025-03-05 22:00:00,L48714,4.96,1757,29.1,71,Normal
2025-03-05 23:00:00,L48715,4.46,1581,36.1,73,Normal
2025-03-06 00:00:00,M16396,6.63,1326,54.4,75,Normal
2025-03-06 01:00:00,M16397,4.91,1467,39.6,78,Normal
2025-03-06 02:00:00,L48718,5.34,1798,29.6,81,Normal
2025-03-06 03:00:00,M16399,5.51,1449,46.4,83,Normal
2025-03-06 04:00:00,M16400,4.66,1525,39.3,86,Normal
2025-03-06 05:00:00,L48721,7.04,2304,15.1,89,Normal
2025-03-06 06:00:00,L48722,6.54,1379,54.7,91,Normal
2025-03-06 07:00:00,L48723,4.88,1628,34.9,93,Normal
2025-03-06 08:00:00,L48724,5.93,1474,52.7,95,Normal
2025-03-06 09:00:00,M16405,4.71,1544,38.8,97,Normal
2025-03-06 10:00:00,L48726,6.17,1391,48.4,100,Normal
2025-03-06 11:00:00,L48727,6.9,1348,55.5,102,Normal
2025-03-06 12:00:00,M16408,6.69,1349,52.1,104,Normal
2025-03-06 13:00:00,L48729,5.13,1706,29.5,107,Normal
2025-03-06 14:00:00,L48730,4.96,1638,32.4,109,Normal
2025-03-06 15:00:00,L48731,5.38,1458,40.1,111,Normal
2025-03-06 16:00:00,L48732,5.51,1781,27.8,113,Normal
2025-03-06 17:00:00,L48733,7.37,1332,59.1,115,Normal
2025-03-06 18:00:00,M16414,4.71,1584,31.7,117,Normal
2025-03-06 19:00:00,L48735,5.43,1491,42.0,120,Normal
2025-03-06 20:00:00,H30970,6.31,1398,47.1,122,Normal
2025-03-06 21:00:00,L48737,4.76,1585,30.6,127,Normal
2025-03-06 22:00:00,M16418,5.72,1476,43.5,129,Normal
2025-03-06 23:00:00,L48739,5.74,1458,41.8,132,Normal
2025-03-07 00:00:00,M16420,5.35,1510,39.9,134,Normal
2025-03-07 01:00:00,L48741,6.98,1388,53.8,137,Normal
2025-03-07 02:00:00,L48742,7.52,2216,16.8,139,Normal
2025-03-07 03:00:00,L48743,6.76,1402,51.0,141,Normal
2025-03-07 04:00:00,M16424,7.01,2090,19.0,143,Normal
2025-03-07 05:00:00,L48745,5.92,1459,42.1,146,Normal
2025-03-07 06:00:00,M16426,6.44,1403,44.8,148,Normal
2025-03-07 07:00:00,L48747,5.45,1521,39.3,151,Normal
2025-03-07 08:00:00,L48748,6.62,1407,47.1,153,Normal
2025-03-07 09:00:00,M16429,5.78,1654,35.3,155,Normal
2025-03-07 10:00:00,L48750,6.2,1452,43.5,158,Normal
2025-03-07 11:00:00,L48751,5.39,1528,37.3,160,Normal
2025-03-07 12:00:00,L48752,8.53,1230,59.6,162,Normal
2025-03-07 13:00:00,L48753,6.12,1466,42.4,164,Normal
2025-03-07 14:00:00,L48754,6.58,1478,50.1,166,Normal
2025-03-07 15:00:00,L48755,7.06,2057,18.0,168,Normal
2025-03-07 16:00:00,L48756,6.01,1490,41.7,170,Normal
2025-03-07 17:00:00,L48757,6.18,1484,43.4,172,Normal
2025-03-07 18:00:00,L48758,5.78,1593,37.0,174,Normal
2025-03-07 19:00:00,L48759,6.47,1444,43.8,176,Normal
2025-03-07 20:00:00,M16440,6.74,1444,47.5,178,Normal
2025-03-07 21:00:00,M16441,5.42,1560,33.0,181,Normal
2025-03-07 22:00:00,H30996,5.97,1530,42.0,184,Normal
2025-03-07 23:00:00,L48763,8.5,1310,61.0,189,Critical
2025-03-08 00:00:00,M16444,6.0,1639,33.3,191,Normal
2025-03-08 01:00:00,L48765,7.25,1400,48.7,194,Normal
2025-03-08 02:00:00,M16446,6.5,1486,44.2,196,Normal
2025-03-08 03:00:00,M16447,6.69,1448,43.3,199,Normal
2025-03-08 04:00:00,L48768,6.32,1688,32.0,202,Normal
2025-03-08 05:00:00,M16449,6.61,1453,41.5,204,Normal
2025-03-08 06:00:00,L48770,6.15,1497,37.7,207,Normal
2025-03-08 07:00:00,L48771,7.73,1355,49.4,209,Normal
2025-03-08 08:00:00,L48772,6.29,1592,38.2,211,Normal
2025-03-08 09:00:00,L48773,5.82,1544,34.7,213,Normal
2025-03-08 10:00:00,M16454,7.82,1373,51.2,215,Normal
2025-03-08 11:00:00,L48775,8.01,1365,52.9,218,Critical
2025-03-08 12:00:00,L48776,4.47,1877,24.3,0,Normal
2025-03-08 13:00:00,L48777,3.73,1531,40.8,2,Normal
2025-03-08 14:00:00,L48778,3.65,1501,36.7,4,Normal
2025-03-08 15:00:00,L48779,4.36,1490,46.2,6,Normal
2025-03-08 16:00:00,M16460,3.97,1543,43.7,8,Normal
2025-03-08 17:00:00,L48781,3.95,1597,38.2,11,Normal
2025-03-08 18:00:00,H31016,3.68,1600,33.5,13,Normal
2025-03-08 19:00:00,M16463,3.77,1622,32.1,18,Normal
2025-03-08 20:00:00,L48784,4.33,1452,39.8,21,Normal
2025-03-08 21:00:00,L48785,4.84,1396,42.5,23,Normal
2025-03-08 22:00:00,L48786,4.08,1505,39.7,25,Normal
2025-03-08 23:00:00,L48787,5.18,1412,48.3,27,Normal
2025-03-09 00:00:00,L48788,4.64,1393,38.0,29,Normal
2025-03-09 01:00:00,L48789,3.88,1581,34.9,31,Normal
2025-03-09 02:00:00,L48790,4.06,1573,37.9,33,Normal
2025-03-09 03:00:00,M16471,4.24,1726,27.3,35,Normal
2025-03-09 04:00:00,M16472,4.06,1540,39.8,38,Normal
2025-03-09 05:00:00,L48793,6.95,1296,62.9,41,Normal
2025-03-09 06:00:00,M16474,4.66,1802,25.8,43,Normal
2025-03-09 07:00:00,L48795,5.23,1447,48.6,46,Normal
2025-03-09 08:00:00,H31030,4.26,1662,30.7,48,Normal
2025-03-09 09:00:00,L48797,4.0,1563,34.3,53,Normal
2025-03-09 10:00:00,L48798,6.95,1286,59.5,55,Normal
2025-03-09 11:00:00,L48799,4.22,1590,34.6,57,Normal
2025-03-09 12:00:00,L48800,4.81,1492,43.7,59,Normal
2025-03-09 13:00:00,L48801,4.86,1844,21.9,61,Normal
2025-03-09 14:00:00,H31036,4.25,1538,38.3,63,Normal
2025-03-09 15:00:00,L48803,5.43,1921,22.9,68,Normal
2025-03-09 16:00:00,M16484,6.89,1310,57.9,70,Normal
2025-03-09 17:00:00,L48805,5.9,1365,46.9,73,Normal
2025-03-09 18:00:00,M16486,7.08,1303,59.3,75,Normal
2025-03-09 19:00:00,L48807,4.59,1499,37.5,78,Normal
2025-03-09 20:00:00,L48808,4.93,1451,38.2,80,Normal
2025-03-09 21:00:00,M16489,6.65,1336,54.4,82,Normal
2025-03-09 22:00:00,L48810,5.62,1412,44.5,85,Normal
2025-03-09 23:00:00,L48811,5.18,1433,39.2,87,Normal
2025-03-10 00:00:00,L48812,5.53,1426,43.6,89,Normal
2025-03-10 01:00:00,L48813,5.38,1476,45.2,91,Normal
2025-03-10 02:00:00,H31048,6.66,1406,58.5,93,Normal
2025-03-10 03:00:00,L48815,6.72,1383,56.5,98,Normal
2025-03-10 04:00:00,L48816,4.81,1505,37.3,100,Normal
2025-03-10 05:00:00,L48817,5.13,1665,33.9,102,Normal
2025-03-10 06:00:00,L48818,5.96,1397,45.0,104,Normal
2025-03-10 07:00:00,M16499,5.59,1450,43.5,106,Normal
2025-03-10 08:00:00,L48820,4.83,1567,36.4,109,Normal
2025-03-10 09:00:00,M16501,4.82,1555,37.0,111,Normal
2025-03-10 10:00:00,H31056,4.94,1588,35.4,114,Normal
2025-03-10 11:00:00,L48823,5.35,1453,37.7,119,Normal
2025-03-10 12:00:00,L48824,5.07,1622,33.3,121,Normal
2025-03-10 13:00:00,L48825,4.98,1538,38.5,123,Normal
2025-03-10 14:00:00,M16506,5.34,1527,42.8,125,Normal
2025-03-10 15:00:00,L48827,5.64,1761,28.9,128,Normal
2025-03-10 16:00:00,L48828,6.74,1373,50.2,130,Normal
2025-03-10 17:00:00,H31063,5.35,1482,37.8,132,Normal
2025-03-10 18:00:00,M16510,6.63,1417,51.0,137,Normal
2025-03-10 19:00:00,L48831,6.73,1414,51.7,140,Normal
2025-03-10 20:00:00,H31066,5.44,1635,34.0,142,Normal
2025-03-10 21:00:00,L48833,7.34,1386,57.3,147,Normal
2025-03-10 22:00:00,L48834,7.72,1379,62.3,149,Normal
2025-03-10 23:00:00,M16515,5.35,1577,35.9,151,Normal
2025-03-11 00:00:00,L48836,5.64,1532,42.5,154,Normal
2025-03-11 01:00:00,M16517,6.95,1374,48.8,156,Normal
2025-03-11 02:00:00,H31072,5.36,1570,35.3,159,Normal
2025-03-11 03:00:00,L48839,5.85,1697,31.0,164,Normal
2025-03-11 04:00:00,L48840,6.07,1499,44.1,166,Normal
2025-03-11 05:00:00,M16521,6.79,1411,47.2,168,Normal
2025-03-11 06:00:00,H31076,6.43,1462,45.5,171,Normal
2025-03-11 07:00:00,M16523,6.18,1759,28.6,176,Normal
2025-03-11 08:00:00,L48844,5.62,1535,38.0,179,Normal
2025-03-11 09:00:00,H31079,6.0,1491,39.7,181,Normal
2025-03-11 10:00:00,L48846,5.62,1551,36.0,186,Normal
2025-03-11 11:00:00,L48847,6.29,1769,27.2,188,Normal
2025-03-11 12:00:00,L48848,5.55,1551,34.1,190,Normal
2025-03-11 13:00:00,L48849,5.36,1544,31.4,192,Normal
2025-03-11 14:00:00,L48850,5.39,1528,31.1,194,Normal
2025-03-11 15:00:00,L48851,6.08,1614,35.8,196,Normal
2025-03-11 16:00:00,L48852,7.19,1432,49.8,198,Normal
2025-03-11 17:00:00,M16533,7.09,1384,43.7,200,Normal
2025-03-11 18:00:00,L48854,5.88,1540,37.8,203,Normal
2025-03-11 19:00:00,L48855,7.03,1407,43.9,205,Normal
2025-03-11 20:00:00,H31090,6.93,1418,43.0,207,Normal
2025-03-11 21:00:00,M16537,6.13,1647,30.8,212,Normal
2025-03-11 22:00:00,L48858,6.28,1644,32.8,215,Normal
2025-03-11 23:00:00,L48859,6.81,1792,27.9,217,Normal
2025-03-12 00:00:00,M16540,6.25,1610,34.6,219,Normal
2025-03-12 01:00:00,M16541,6.81,1804,26.0,222,Normal
2025-03-12 02:00:00,H31096,6.39,1604,36.1,225,Critical
2025-03-12 03:00:00,M16543,5.2,1403,52.8,0,Normal
2025-03-12 04:00:00,L48864,4.5,1438,44.5,3,Normal
2025-03-12 05:00:00,L48865,4.37,1824,26.3,5,Normal
2025-03-12 06:00:00,H31100,3.65,1663,28.7,7,Normal
2025-03-12 07:00:00,L48867,3.74,1502,36.7,12,Normal
2025-03-12 08:00:00,L48868,3.86,1606,35.5,14,Normal
2025-03-12 09:00:00,L48869,3.77,1561,37.7,16,Normal
2025-03-12 10:00:00,M16550,4.59,1435,42.9,18,Normal
2025-03-12 11:00:00,L48871,4.1,1602,38.3,21,Normal
2025-03-12 12:00:00,M16552,4.34,1764,27.7,23,Normal
2025-03-12 13:00:00,H31107,3.93,1683,27.8,26,Normal
2025-03-12 14:00:00,L48874,4.11,1618,35.2,31,Normal
2025-03-12 15:00:00,L48875,4.27,1509,41.6,33,Normal
2025-03-12 16:00:00,L48876,4.02,1550,39.0,35,Normal
2025-03-12 17:00:00,M16557,4.42,1519,44.0,37,Normal
2025-03-12 18:00:00,L48878,4.28,1481,38.0,40,Normal
2025-03-12 19:00:00,L48879,6.04,1289,48.3,42,Normal
2025-03-12 20:00:00,M16560,4.78,1844,23.8,44,Normal
2025-03-12 21:00:00,L48881,4.66,1479,42.5,47,Normal
2025-03-12 22:00:00,L48882,5.28,1430,47.3,49,Normal
2025-03-12 23:00:00,M16563,4.54,1636,36.7,51,Normal
2025-03-13 00:00:00,M16564,4.76,1503,44.7,54,Normal
2025-03-13 01:00:00,M16565,4.19,1608,32.6,57,Normal
2025-03-13 02:00:00,L48886,4.61,1521,42.9,60,Normal
2025-03-13 03:00:00,L48887,5.01,1439,41.6,62,Normal
2025-03-13 04:00:00,L48888,4.31,1627,31.5,64,Normal
2025-03-13 05:00:00,L48889,4.66,1749,26.1,66,Normal
2025-03-13 06:00:00,L48890,4.2,1530,35.9,68,Normal
2025-03-13 07:00:00,L48891,6.2,1355,51.3,70,Normal
2025-03-13 08:00:00,L48892,4.13,1551,33.8,72,Normal
2025-03-13 09:00:00,L48893,5.06,1515,46.7,74,Normal
2025-03-13 10:00:00,L48894,5.91,1388,48.6,76,Normal
2025-03-13 11:00:00,L48895,4.44,1585,34.6,78,Normal
2025-03-13 12:00:00,L48896,4.5,1523,37.7,80,Normal
2025-03-13 13:00:00,L48897,6.48,1369,54.5,82,Normal
2025-03-13 14:00:00,M16578,4.81,1681,31.0,84,Normal
2025-03-13 15:00:00,L48899,4.73,1503,38.3,87,Normal
2025-03-13 16:00:00,L48900,5.41,1459,44.5,89,Normal
2025-03-13 17:00:00,L48901,5.03,1688,32.4,91,Normal
2025-03-13 18:00:00,M16582,5.82,1952,21.6,93,Normal
2025-03-13 19:00:00,L48903,6.17,2029,19.9,96,Normal
2025-03-13 20:00:00,M16584,6.05,1457,52.5,98,Normal
2025-03-13 21:00:00,M16585,6.31,1392,50.4,101,Normal
2025-03-13 22:00:00,L48906,5.72,1906,22.1,104,Normal
2025-03-13 23:00:00,M16587,4.79,1602,33.4,106,Normal
2025-03-14 00:00:00,L48908,5.93,1465,49.4,109,Normal
2025-03-14 01:00:00,M16589,5.73,1439,43.8,111,Normal
2025-03-14 02:00:00,M16590,7.13,1330,55.4,114,Normal
2025-03-14 03:00:00,M16591,5.43,1485,42.0,117,Normal
2025-03-14 04:00:00,H31146,5.16,1700,28.2,120,Normal
2025-03-14 05:00:00,L48913,5.41,1515,42.8,125,Normal
2025-03-14 06:00:00,M16594,5.28,1501,39.2,127,Normal
2025-03-14 07:00:00,L48915,6.53,1380,47.6,130,Normal
2025-03-14 08:00:00,L48916,4.94,1544,35.9,132,Normal
2025-03-14 09:00:00,L48917,5.51,1743,27.3,134,Normal
2025-03-14 10:00:00,H31152,6.29,1948,21.4,136,Normal
2025-03-14 11:00:00,H31153,7.76,1260,54.2,141,Normal
2025-03-14 12:00:00,M16600,5.46,1640,33.1,146,Normal
2025-03-14 13:00:00,M16601,6.96,1363,49.2,149,Normal
2025-03-14 14:00:00,L48922,6.93,1379,49.6,152,Normal
2025-03-14 15:00:00,M16603,5.48,1713,25.8,154,Normal
2025-03-14 16:00:00,M16604,6.68,1461,51.9,157,Normal
2025-03-14 17:00:00,L48925,5.32,1624,29.8,160,Normal
2025-03-14 18:00:00,L48926,5.67,1526,41.1,162,Normal
2025-03-14 19:00:00,L48927,7.87,2381,14.2,164,Normal
2025-03-14 20:00:00,H31162,5.48,1626,31.1,166,Normal
2025-03-14 21:00:00,L48929,5.44,1576,33.8,171,Normal
2025-03-14 22:00:00,M16610,5.55,1617,31.6,173,Normal
2025-03-14 23:00:00,L48931,6.68,1942,20.6,176,Normal
2025-03-15 00:00:00,L48932,5.8,1492,37.2,178,Normal
2025-03-15 01:00:00,L48933,6.87,1470,51.3,180,Normal
2025-03-15 02:00:00,M16614,6.62,1463,46.5,182,Normal
2025-03-15 03:00:00,L48935,6.87,1424,46.5,185,Normal
2025-03-15 04:00:00,M16616,8.12,1363,60.1,187,Normal
2025-03-15 05:00:00,M16617,8.06,1335,56.2,190,Normal
2025-03-15 06:00:00,L48938,5.89,1608,33.9,193,Normal
2025-03-15 07:00:00,H31173,5.98,1606,35.2,195,Normal
2025-03-15 08:00:00,L48940,6.34,1684,33.1,200,Normal
2025-03-15 09:00:00,L48941,7.01,1950,20.3,202,Normal
2025-03-15 10:00:00,H31176,7.03,1460,48.6,204,Normal
2025-03-15 11:00:00,L48943,5.66,1511,31.0,209,Critical
2025-03-15 12:00:00,H31178,5.87,1318,55.7,0,Normal
2025-03-15 13:00:00,L48945,5.39,1368,51.8,5,Normal
2025-03-15 14:00:00,M16626,3.85,1717,27.1,7,Normal
2025-03-15 15:00:00,M16627,3.93,1520,41.4,10,Normal
2025-03-15 16:00:00,M16628,4.2,1485,42.0,13,Normal
2025-03-15 17:00:00,L48949,5.17,1981,23.2,16,Normal
2025-03-15 18:00:00,H31184,3.61,1605,31.0,18,Normal
2025-03-15 19:00:00,L48951,4.75,1446,45.3,23,Normal
2025-03-15 20:00:00,L48952,4.59,1508,47.9,25,Normal
2025-03-15 21:00:00,L48953,6.07,1384,59.5,27,Normal
2025-03-15 22:00:00,M16634,3.89,1519,37.3,29,Normal
2025-03-15 23:00:00,L48955,5.27,1404,48.1,32,Normal
2025-03-16 00:00:00,L48956,3.57,1564,31.1,34,Normal
2025-03-16 01:00:00,H31191,3.92,1555,36.8,36,Normal
2025-03-16 02:00:00,L48958,6.2,1325,54.0,41,Normal
2025-03-16 03:00:00,M16639,4.67,1488,44.0,43,Normal
2025-03-16 04:00:00,L48960,3.97,1595,32.3,46,Normal
2025-03-16 05:00:00,L48961,4.12,1662,28.6,48,Normal
2025-03-16 06:00:00,L48962,4.21,1571,37.4,50,Normal
2025-03-16 07:00:00,H31197,4.37,1553,41.0,52,Normal
2025-03-16 08:00:00,L48964,5.92,2886,3.8,57,Critical
2025-03-16 09:00:00,L48965,4.2,1538,38.2,59,Normal
2025-03-16 10:00:00,L48966,4.32,1618,33.0,61,Normal
2025-03-16 11:00:00,L48967,5.72,1364,45.9,63,Normal
2025-03-16 12:00:00,L48968,5.4,1442,47.3,65,Normal
2025-03-16 13:00:00,L48969,7.45,1313,67.3,67,Critical
2025-03-16 14:00:00,L48970,5.08,1847,23.6,69,Normal
2025-03-16 15:00:00,L48971,4.59,1524,40.8,71,Normal
2025-03-16 16:00:00,M16652,5.52,1445,48.0,73,Normal
2025-03-16 17:00:00,L48973,4.98,1761,28.2,76,Normal
2025-03-16 18:00:00,M16654,4.9,1514,43.5,78,Normal
2025-03-16 19:00:00,M16655,4.69,1498,38.3,81,Normal
2025-03-16 20:00:00,H31210,4.44,1542,37.1,84,Normal
2025-03-16 21:00:00,M16657,4.96,1508,41.8,89,Normal
2025-03-16 22:00:00,M16658,6.15,1431,52.9,92,Normal
2025-03-16 23:00:00,M16659,5.69,1427,45.1,95,Normal
2025-03-17 00:00:00,M16660,4.61,1524,36.3,98,Normal
2025-03-17 01:00:00,M16661,5.67,1427,43.6,101,Normal
2025-03-17 02:00:00,H31216,5.35,1496,44.1,104,Normal
2025-03-17 03:00:00,L48983,5.76,1388,40.3,109,Normal
2025-03-17 04:00:00,L48984,5.7,1495,48.1,111,Normal
2025-03-17 05:00:00,H31219,6.92,1376,56.2,113,Normal
2025-03-17 06:00:00,H31220,4.8,1593,32.2,118,Normal
2025-03-17 07:00:00,L48987,4.99,1654,28.9,123,Normal
2025-03-17 08:00:00,L48988,7.32,2567,12.8,125,Critical
2025-03-17 09:00:00,L48989,5.54,1767,27.0,127,Normal
2025-03-17 10:00:00,L48990,7.02,1364,53.8,129,Normal
2025-03-17 11:00:00,M16671,4.76,1569,31.2,131,Normal
2025-03-17 12:00:00,L48992,5.34,1476,36.8,134,Normal
2025-03-17 13:00:00,L48993,5.88,1479,45.0,136,Normal
2025-03-17 14:00:00,L48994,5.48,1650,34.1,138,Normal
2025-03-17 15:00:00,M16675,5.18,1565,36.3,140,Normal
2025-03-17 16:00:00,L48996,6.17,1460,46.5,143,Normal
2025-03-17 17:00:00,L48997,5.22,1664,27.6,145,Normal
2025-03-17 18:00:00,M16678,5.99,1435,40.9,147,Normal
2025-03-17 19:00:00,M16679,6.97,2066,19.2,150,Normal
2025-03-17 20:00:00,L49000,5.92,1493,43.7,153,Normal
2025-03-17 21:00:00,L49001,6.69,1354,43.3,155,Normal
2025-03-17 22:00:00,L49002,5.72,1488,39.4,157,Normal
2025-03-17 23:00:00,L49003,6.76,1414,48.7,159,Normal
2025-03-18 00:00:00,L49004,7.48,1391,57.4,161,Normal
2025-03-18 01:00:00,M16685,6.12,1784,27.8,163,Normal
2025-03-18 02:00:00,H31240,5.71,1516,40.1,166,Normal
2025-03-18 03:00:00,M16687,6.81,1420,47.8,171,Normal
2025-03-18 04:00:00,L49008,7.79,1351,56.3,174,Normal
2025-03-18 05:00:00,L49009,6.49,1880,23.0,176,Normal
2025-03-18 06:00:00,L49010,6.46,1859,24.0,178,Normal
2025-03-18 07:00:00,M16691,7.91,1315,54.0,180,Normal
2025-03-18 08:00:00,M16692,7.71,1330,51.7,183,Normal
2025-03-18 09:00:00,L49013,8.37,1327,61.0,186,Critical
2025-03-18 10:00:00,L49014,5.94,1498,38.1,188,Normal
2025-03-18 11:00:00,H31249,5.68,1555,35.8,190,Normal
2025-03-18 12:00:00,L49016,5.76,1518,35.8,195,Normal
2025-03-18 13:00:00,L49017,6.96,1392,43.0,197,Normal
2025-03-18 14:00:00,M16698,6.41,1456,39.6,199,Normal
2025-03-18 15:00:00,L49019,3.95,1715,30.2,0,Normal
2025-03-18 16:00:00,M16700,4.62,1405,43.7,2,Normal
2025-03-18 17:00:00,L49021,4.25,1668,37.8,5,Normal
2025-03-18 18:00:00,H31256,4.32,1855,22.5,7,Normal
2025-03-18 19:00:00,L49023,3.94,1496,39.2,12,Normal
2025-03-18 20:00:00,M16704,4.47,1471,44.9,14,Normal
2025-03-18 21:00:00,L49025,4.34,1444,40.0,17,Normal
2025-03-18 22:00:00,H31260,3.88,1514,38.6,19,Normal
2025-03-18 23:00:00,L49027,5.3,1412,50.7,24,Normal
2025-03-19 00:00:00,H31262,4.8,1429,44.1,26,Normal
2025-03-19 01:00:00,L49029,4.22,1668,32.7,31,Normal
2025-03-19 02:00:00,M16710,5.77,1372,52.8,33,Normal
2025-03-19 03:00:00,M16711,5.61,1365,49.2,36,Normal
2025-03-19 04:00:00,M16712,4.09,1526,39.1,39,Normal
2025-03-19 05:00:00,L49033,4.44,1486,40.6,42,Normal
2025-03-19 06:00:00,M16714,4.69,1470,42.6,44,Normal
2025-03-19 07:00:00,H31269,7.27,1249,62.8,47,Normal
2025-03-19 08:00:00,M16716,4.51,1752,26.1,52,Normal
2025-03-19 09:00:00,L49037,4.62,1643,36.5,55,Normal
2025-03-19 10:00:00,M16718,4.32,1488,36.1,57,Normal
2025-03-19 11:00:00,L49039,5.73,1355,45.8,60,Normal
2025-03-19 12:00:00,L49040,4.09,1607,30.3,62,Normal
2025-03-19 13:00:00,M16721,4.13,1609,30.3,64,Normal
2025-03-19 14:00:00,L49042,4.81,1517,44.4,67,Normal
2025-03-19 15:00:00,M16723,4.52,1517,39.5,69,Normal
2025-03-19 16:00:00,L49044,4.35,1546,37.6,72,Normal
2025-03-19 17:00:00,L49045,4.3,1567,34.7,74,Normal
2025-03-19 18:00:00,M16726,4.47,1662,28.9,76,Normal
2025-03-19 19:00:00,L49047,4.87,1502,41.8,79,Normal
2025-03-19 20:00:00,L49048,6.67,1361,56.9,81,Normal
2025-03-19 21:00:00,M16729,4.63,1630,32.7,83,Normal
2025-03-19 22:00:00,L49050,5.08,1486,42.3,86,Normal
2025-03-19 23:00:00,L49051,5.13,1840,21.5,88,Normal
2025-03-20 00:00:00,L49052,7.07,1326,58.4,90,Normal
2025-03-20 01:00:00,L49053,6.82,1367,57.8,92,Normal
2025-03-20 02:00:00,L49054,4.58,1598,32.7,94,Normal
2025-03-20 03:00:00,L49055,6.39,1363,50.1,96,Normal
2025-03-20 04:00:00,L49056,7.86,1242,62.0,98,Normal
2025-03-20 05:00:00,M16737,4.54,1566,33.8,100,Normal
2025-03-20 06:00:00,M16738,5.98,1424,47.7,103,Normal
2025-03-20 07:00:00,M16739,4.85,1608,33.8,106,Normal
2025-03-20 08:00:00,L49060,5.12,1705,29.1,109,Normal
2025-03-20 09:00:00,L49061,5.36,1548,45.8,111,Normal
2025-03-20 10:00:00,M16742,5.41,1581,43.4,113,Normal
2025-03-20 11:00:00,M16743,5.8,1472,46.7,116,Normal
2025-03-20 12:00:00,M16744,5.52,1792,26.0,119,Normal
2025-03-20 13:00:00,L49065,5.39,1683,32.8,122,Normal
2025-03-20 14:00:00,L49066,5.33,1503,40.7,124,Normal
2025-03-20 15:00:00,M16747,5.18,1642,32.4,126,Normal
2025-03-20 16:00:00,M16748,6.14,1902,24.3,129,Normal
2025-03-20 17:00:00,H31303,5.78,1432,40.2,132,Normal
2025-03-20 18:00:00,L49070,5.44,1512,40.8,137,Normal
2025-03-20 19:00:00,L49071,5.8,1764,29.0,139,Normal
2025-03-20 20:00:00,M16752,6.08,1438,43.6,141,Normal
2025-03-20 21:00:00,L49073,5.17,1631,29.9,144,Normal
2025-03-20 22:00:00,H31308,6.16,1880,23.3,146,Normal
2025-03-20 23:00:00,L49075,7.42,1344,54.3,151,Normal
2025-03-21 00:00:00,L49076,5.35,1574,35.8,153,Normal
2025-03-21 01:00:00,L49077,6.2,1418,41.2,155,Normal
2025-03-21 02:00:00,L49078,7.32,1372,54.1,157,Normal
2025-03-21 03:00:00,L49079,6.34,1388,40.0,159,Normal
2025-03-21 04:00:00,H31314,5.51,1493,36.0,161,Normal
2025-03-21 05:00:00,M16761,5.77,1505,40.1,166,Normal
2025-03-21 06:00:00,L49082,5.77,1694,29.1,169,Normal
2025-03-21 07:00:00,L49083,6.75,1968,20.4,171,Normal
2025-03-21 08:00:00,M16764,5.54,1569,35.6,173,Normal
2025-03-21 09:00:00,L49085,5.81,1687,29.1,176,Normal
2025-03-21 10:00:00,L49086,7.14,1430,52.4,178,Normal
2025-03-21 11:00:00,L49087,6.1,1504,42.4,180,Normal
2025-03-21 12:00:00,L49088,6.92,1977,20.2,182,Normal
2025-03-21 13:00:00,L49089,6.74,1435,45.6,184,Normal
2025-03-21 14:00:00,H31324,5.65,1547,36.8,186,Normal
2025-03-21 15:00:00,M16771,8.24,1316,57.2,191,Normal
2025-03-21 16:00:00,M16772,6.04,1621,34.9,194,Normal
2025-03-21 17:00:00,M16773,6.22,1492,40.2,197,Normal
2025-03-21 18:00:00,L49094,6.06,1643,32.3,200,Normal
2025-03-21 19:00:00,L49095,6.18,1492,38.7,202,Normal
2025-03-21 20:00:00,L49096,7.58,1387,50.8,204,Normal
2025-03-21 21:00:00,M16777,6.95,1463,47.3,206,Normal
2025-03-21 22:00:00,M16778,3.85,1496,40.0,0,Normal
2025-03-21 23:00:00,L49099,3.66,1658,30.0,3,Normal
2025-03-22 00:00:00,L49100,5.67,2161,17.5,5,Normal
2025-03-22 01:00:00,L49101,3.88,1665,32.0,7,Normal
2025-03-22 02:00:00,L49102,3.83,1716,26.6,9,Normal
2025-03-22 03:00:00,L49103,3.41,1529,34.1,11,Normal
2025-03-22 04:00:00,L49104,5.5,1353,50.7,13,Normal
2025-03-22 05:00:00,L49105,3.65,1537,37.7,15,Normal
2025-03-22 06:00:00,L49106,3.59,1606,30.8,17,Normal
2025-03-22 07:00:00,H31341,5.6,1314,47.8,19,Normal
2025-03-22 08:00:00,L49108,3.71,1623,29.9,24,Normal
2025-03-22 09:00:00,M16789,4.94,1483,50.9,26,Normal
2025-03-22 10:00:00,M16790,3.93,1569,37.0,29,Normal
2025-03-22 11:00:00,M16791,5.2,1969,21.7,32,Normal
2025-03-22 12:00:00,M16792,4.15,1686,29.3,35,Normal
2025-03-22 13:00:00,L49113,4.3,1638,35.1,38,Normal
2025-03-22 14:00:00,L49114,4.54,1698,33.3,40,Normal
2025-03-22 15:00:00,M16795,6.0,1377,55.1,42,Normal
2025-03-22 16:00:00,M16796,6.03,2129,18.4,45,Normal
2025-03-22 17:00:00,L49117,5.05,1411,42.4,48,Normal
2025-03-22 18:00:00,L49118,4.38,1517,40.8,50,Normal
2025-03-22 19:00:00,M16799,6.45,1303,53.9,52,Normal
2025-03-22 20:00:00,L49120,4.19,1578,35.6,55,Normal
2025-03-22 21:00:00,L49121,6.11,1425,58.2,57,Normal
2025-03-22 22:00:00,L49122,4.93,1456,42.4,59,Normal
2025-03-22 23:00:00,L49123,4.66,1704,30.9,61,Normal
2025-03-23 00:00:00,L49124,4.94,1791,27.3,63,Normal
2025-03-23 01:00:00,L49125,4.34,1616,32.8,65,Normal
2025-03-23 02:00:00,L49126,4.54,1622,34.9,67,Normal
2025-03-23 03:00:00,L49127,5.5,1462,49.9,69,Normal
2025-03-23 04:00:00,L49128,5.55,1410,45.8,71,Normal
2025-03-23 05:00:00,M16809,4.62,1543,41.9,73,Normal
2025-03-23 06:00:00,M16810,5.34,1479,47.6,76,Normal
2025-03-23 07:00:00,L49131,5.09,1839,22.7,79,Normal
2025-03-23 08:00:00,L49132,7.43,1266,60.5,81,Normal
2025-03-23 09:00:00,L49133,4.56,1593,34.9,83,Normal
2025-03-23 10:00:00,L49134,5.51,1459,46.9,85,Normal
2025-03-23 11:00:00,L49135,6.92,1308,55.2,87,Normal
2025-03-23 12:00:00,M16816,6.09,1364,46.8,89,Normal
2025-03-23 13:00:00,H31371,4.88,1618,35.9,92,Normal
2025-03-23 14:00:00,H31372,5.39,1464,43.2,97,Normal
2025-03-23 15:00:00,M16819,6.48,1352,49.4,102,Normal
2025-03-23 16:00:00,L49140,6.12,1446,51.4,105,Normal
2025-03-23 17:00:00,L49141,6.12,1448,51.2,107,Normal
2025-03-23 18:00:00,L49142,6.29,1391,48.6,109,Normal
2025-03-23 19:00:00,L49143,6.03,1379,43.3,111,Normal
2025-03-23 20:00:00,M16824,6.15,1405,46.9,113,Normal
2025-03-23 21:00:00,L49145,4.77,1581,33.1,116,Normal
2025-03-23 22:00:00,L49146,5.18,1515,40.5,118,Normal
2025-03-23 23:00:00,L49147,5.17,1589,37.8,120,Normal
2025-03-24 00:00:00,L49148,7.2,1281,50.8,122,Normal
2025-03-24 01:00:00,H31383,5.03,1631,31.3,124,Normal
2025-03-24 02:00:00,M16830,8.78,1202,67.0,129,Normal
2025-03-24 03:00:00,L49151,7.35,1298,52.7,132,Normal
2025-03-24 04:00:00,L49152,5.0,1612,30.7,134,Normal
2025-03-24 05:00:00,L49153,5.43,1747,25.3,136,Normal
2025-03-24 06:00:00,L49154,6.31,1450,48.7,138,Normal
2025-03-24 07:00:00,L49155,6.29,1422,45.6,140,Normal
2025-03-24 08:00:00,M16836,6.45,1419,47.4,142,Normal
2025-03-24 09:00:00,M16837,5.25,1633,30.7,145,Normal
2025-03-24 10:00:00,L49158,6.14,1442,43.6,148,Normal
2025-03-24 11:00:00,H31393,6.43,1420,45.8,150,Normal
2025-03-24 12:00:00,M16840,7.98,1301,58.5,155,Normal
2025-03-24 13:00:00,L49161,6.67,1385,45.0,158,Normal
2025-03-24 14:00:00,M16842,5.88,1487,41.3,160,Normal
2025-03-24 15:00:00,M16843,6.28,1459,44.4,163,Normal
2025-03-24 16:00:00,M16844,6.78,1387,45.5,166,Normal
2025-03-24 17:00:00,L49165,5.68,1537,40.8,169,Normal
2025-03-24 18:00:00,L49166,6.06,1498,42.9,171,Normal
2025-03-24 19:00:00,M16847,5.42,1599,31.2,173,Normal
2025-03-24 20:00:00,H31402,6.31,1420,39.2,176,Normal
2025-03-24 21:00:00,L49169,6.05,1785,23.4,181,Normal
2025-03-24 22:00:00,L49170,6.96,1423,48.1,183,Normal
2025-03-24 23:00:00,M16851,5.83,1583,36.6,185,Normal
2025-03-25 00:00:00,L49172,7.18,1375,46.6,188,Normal
2025-03-25 01:00:00,M16853,6.45,1463,42.5,190,Normal
2025-03-25 02:00:00,M16854,6.99,1403,45.1,193,Normal
2025-03-25 03:00:00,L49175,6.89,1451,47.1,196,Normal
2025-03-25 04:00:00,M16856,6.53,1416,38.2,198,Critical
2025-03-25 05:00:00,L49177,4.44,1672,41.3,0,Normal
2025-03-25 06:00:00,H31412,3.58,1637,30.8,2,Normal
2025-03-25 07:00:00,L49179,3.56,1540,37.8,7,Normal
2025-03-25 08:00:00,L49180,6.02,1279,53.1,9,Normal
2025-03-25 09:00:00,L49181,3.77,1604,34.9,11,Normal
2025-03-25 10:00:00,L49182,3.57,1654,27.1,13,Normal
2025-03-25 11:00:00,M16863,3.77,1564,37.5,15,Normal
2025-03-25 12:00:00,L49184,4.8,1451,47.5,18,Normal
2025-03-25 13:00:00,L49185,3.91,1504,38.0,20,Normal
2025-03-25 14:00:00,M16866,5.44,1381,50.5,22,Normal
2025-03-25 15:00:00,L49187,3.67,1562,34.4,25,Normal
2025-03-25 16:00:00,L49188,4.45,1811,24.7,27,Normal
2025-03-25 17:00:00,M16869,4.21,1717,28.7,29,Normal
2025-03-25 18:00:00,L49190,6.78,1278,60.5,32,Normal
2025-03-25 19:00:00,L49191,3.81,1616,30.2,34,Normal
2025-03-25 20:00:00,L49192,5.25,1397,46.4,36,Normal
2025-03-25 21:00:00,L49193,4.55,1485,42.9,38,Normal
2025-03-25 22:00:00,L49194,6.65,1310,59.7,40,Normal
2025-03-25 23:00:00,L49195,7.15,1301,66.3,42,Critical
2025-03-26 00:00:00,L49196,4.84,1458,44.0,44,Normal
2025-03-26 01:00:00,L49197,4.63,1483,42.5,46,Normal
2025-03-26 02:00:00,L49198,5.51,1375,46.4,48,Normal
2025-03-26 03:00:00,M16879,4.03,1660,27.0,50,Normal
2025-03-26 04:00:00,H31434,3.92,1560,33.3,53,Normal
2025-03-26 05:00:00,L49201,4.77,1480,42.2,58,Normal
2025-03-26 06:00:00,L49202,5.7,1373,46.9,60,Normal
2025-03-26 07:00:00,L49203,5.8,1444,54.2,62,Normal
2025-03-26 08:00:00,M16884,4.39,1722,24.7,64,Normal
2025-03-26 09:00:00,L49205,4.79,1469,39.9,67,Normal
2025-03-26 10:00:00,M16886,6.27,1360,52.9,69,Normal
2025-03-26 11:00:00,L49207,4.72,1750,25.8,72,Normal
2025-03-26 12:00:00,M16888,5.98,1349,46.6,74,Normal
2025-03-26 13:00:00,L49209,4.93,1668,35.2,77,Normal
2025-03-26 14:00:00,L49210,5.94,1400,49.5,79,Normal
2025-03-26 15:00:00,L49211,7.22,1331,62.8,81,Normal
2025-03-26 16:00:00,L49212,5.27,1444,42.2,83,Normal
2025-03-26 17:00:00,H31447,6.12,1359,47.6,85,Normal
2025-03-26 18:00:00,M16894,5.8,1425,47.4,90,Normal
2025-03-26 19:00:00,M16895,4.72,1469,34.2,93,Normal
2025-03-26 20:00:00,L49216,5.6,1892,22.8,96,Normal
2025-03-26 21:00:00,H31451,5.7,1940,19.9,98,Normal
2025-03-26 22:00:00,L49218,6.57,1405,55.2,103,Normal
2025-03-26 23:00:00,M16899,5.33,1449,39.6,105,Normal
2025-03-27 00:00:00,L49220,5.03,1686,29.6,108,Normal
2025-03-27 01:00:00,L49221,4.87,1680,27.2,110,Normal
2025-03-27 02:00:00,M16902,6.54,1397,52.4,112,Normal
2025-03-27 03:00:00,M16903,4.67,1597,30.3,115,Normal
2025-03-27 04:00:00,L49224,5.47,1470,41.1,118,Normal
2025-03-27 05:00:00,M16905,5.38,1703,31.3,120,Normal
2025-03-27 06:00:00,L49226,6.27,1388,45.5,123,Normal
2025-03-27 07:00:00,L49227,5.38,1775,24.2,125,Normal
2025-03-27 08:00:00,L49228,5.63,1465,41.5,127,Normal
2025-03-27 09:00:00,M16909,5.27,1586,37.9,129,Normal
2025-03-27 10:00:00,M16910,5.23,1675,29.2,132,Normal
2025-03-27 11:00:00,M16911,5.88,1470,44.4,135,Normal
2025-03-27 12:00:00,L49232,5.62,1477,40.4,138,Normal
2025-03-27 13:00:00,L49233,7.52,1382,61.0,140,Normal
2025-03-27 14:00:00,M16914,5.0,1605,29.8,142,Normal
2025-03-27 15:00:00,L49235,5.45,1643,32.9,145,Normal
2025-03-27 16:00:00,L49236,7.42,1333,54.1,147,Normal
2025-03-27 17:00:00,L49237,5.63,1520,42.3,149,Normal
2025-03-27 18:00:00,M16918,6.38,1902,24.0,151,Normal
2025-03-27 19:00:00,H31473,6.58,1386,44.4,154,Normal
2025-03-27 20:00:00,L49240,6.17,1803,27.7,159,Normal
2025-03-27 21:00:00,L49241,7.22,1359,50.7,161,Normal
2025-03-27 22:00:00,M16922,6.06,1477,42.7,163,Normal
2025-03-27 23:00:00,L49243,7.67,1321,53.4,166,Normal
2025-03-28 00:00:00,L49244,6.17,1453,41.4,168,Normal
2025-03-28 01:00:00,L49245,6.63,1419,45.1,170,Normal
2025-03-28 02:00:00,L49246,5.55,1512,36.2,172,Normal
2025-03-28 03:00:00,L49247,5.54,1553,36.8,174,Normal
2025-03-28 04:00:00,M16928,5.67,1534,39.1,176,Normal
2025-03-28 05:00:00,H31483,5.88,1553,41.0,179,Normal
2025-03-28 06:00:00,L49250,7.47,1352,49.7,184,Normal
2025-03-28 07:00:00,M16931,8.38,1313,60.0,186,Normal
2025-03-28 08:00:00,L49252,5.73,1570,35.5,189,Normal
2025-03-28 09:00:00,L49253,6.07,1677,31.1,191,Normal
2025-03-28 10:00:00,L49254,5.7,1602,31.5,193,Normal
2025-03-28 11:00:00,L49255,7.98,1390,58.8,195,Critical
2025-03-28 12:00:00,L49256,5.71,1544,36.0,197,Normal
2025-03-28 13:00:00,L49257,6.3,1701,31.2,199,Normal
2025-03-28 14:00:00,M16938,6.09,1692,28.4,201,Normal
2025-03-28 15:00:00,M16939,5.98,1523,37.9,204,Normal
2025-03-28 16:00:00,L49260,8.46,2280,15.4,207,Normal
2025-03-28 17:00:00,M16941,6.85,1485,47.1,209,Normal
2025-03-28 18:00:00,H31496,6.01,1513,36.1,212,Normal
2025-03-28 19:00:00,H31497,3.98,1743,28.2,0,Normal
2025-03-28 20:00:00,L49264,4.61,1442,46.2,5,Normal
2025-03-28 21:00:00,L49265,4.56,1462,46.7,7,Normal
2025-03-28 22:00:00,H31500,4.91,1439,49.7,9,Normal
2025-03-28 23:00:00,L49267,3.77,1577,36.6,14,Normal
2025-03-29 00:00:00,L49268,5.38,1331,46.4,16,Normal
2025-03-29 01:00:00,L49269,4.93,1941,22.5,18,Normal
2025-03-29 02:00:00,L49270,5.14,1393,47.3,20,Normal
2025-03-29 03:00:00,L49271,4.6,1433,42.1,22,Normal
2025-03-29 04:00:00,L49272,4.96,1444,48.2,24,Normal
2025-03-29 05:00:00,L49273,3.99,1564,39.0,26,Normal
2025-03-29 06:00:00,L49274,5.08,1377,43.6,28,Normal
2025-03-29 07:00:00,L49275,4.14,1525,41.5,30,Normal
2025-03-29 08:00:00,M16956,5.89,1387,56.2,32,Normal
2025-03-29 09:00:00,M16957,5.7,1326,47.5,35,Normal
2025-03-29 10:00:00,L49278,6.07,1401,59.0,38,Normal
2025-03-29 11:00:00,L49279,3.87,1596,31.8,40,Normal
2025-03-29 12:00:00,M16960,4.88,1471,46.0,42,Normal
2025-03-29 13:00:00,L49281,4.06,1528,37.8,45,Normal
2025-03-29 14:00:00,L49282,6.8,1325,62.0,47,Normal
2025-03-29 15:00:00,M16963,5.54,1376,46.7,49,Normal
2025-03-29 16:00:00,M16964,4.26,1600,35.3,52,Normal
2025-03-29 17:00:00,L49285,4.77,1495,44.0,55,Normal
2025-03-29 18:00:00,L49286,4.14,1645,28.6,57,Normal
2025-03-29 19:00:00,M16967,5.47,1417,47.3,59,Normal
2025-03-29 20:00:00,H31522,5.8,1415,51.7,62,Normal
2025-03-29 21:00:00,M16969,4.87,1496,43.4,67,Normal
2025-03-29 22:00:00,H31524,4.29,1508,35.0,70,Normal
2025-03-29 23:00:00,L49291,5.59,1436,47.9,75,Normal
2025-03-30 00:00:00,L49292,5.14,1852,22.6,77,Normal
2025-03-30 01:00:00,L49293,5.21,1863,22.5,79,Normal
2025-03-30 02:00:00,H31528,5.76,1373,44.1,81,Normal
2025-03-30 03:00:00,L49295,5.86,1404,47.3,86,Normal
2025-03-30 04:00:00,M16976,5.85,1381,44.9,88,Normal
2025-03-30 05:00:00,H31531,5.24,1762,29.3,91,Normal
2025-03-30 06:00:00,H31532,5.56,1429,43.0,96,Normal
2025-03-30 07:00:00,M16979,5.59,1858,24.7,101,Normal
2025-03-30 08:00:00,H31534,5.68,1908,21.3,104,Normal
2025-03-30 09:00:00,M16981,4.93,1503,37.4,109,Normal
2025-03-30 10:00:00,M16982,4.96,1523,38.9,112,Normal
2025-03-30 11:00:00,L49303,5.14,1491,38.4,115,Normal
2025-03-30 12:00:00,L49304,5.55,1430,39.1,117,Normal
2025-03-30 13:00:00,L49305,8.51,1258,69.4,119,Critical
2025-03-30 14:00:00,L49306,5.97,1449,46.5,121,Normal
2025-03-30 15:00:00,H31541,5.74,1425,40.6,123,Normal
2025-03-30 16:00:00,L49308,5.56,1800,24.3,128,Normal
2025-03-30 17:00:00,H31543,5.12,1607,33.7,130,Normal
2025-03-30 18:00:00,L49310,7.22,1391,58.2,135,Normal
2025-03-30 19:00:00,L49311,6.18,1432,45.4,137,Normal
2025-03-30 20:00:00,L49312,5.18,1660,28.4,139,Normal
2025-03-30 21:00:00,H31547,5.69,1732,29.7,141,Normal
2025-03-30 22:00:00,L49314,6.12,1473,46.3,146,Normal
2025-03-30 23:00:00,L49315,6.03,1511,47.8,148,Normal
2025-03-31 00:00:00,L49316,5.76,1588,41.5,150,Normal
2025-03-31 01:00:00,L49317,5.3,1623,31.1,152,Normal
2025-03-31 02:00:00,L49318,5.91,1734,30.6,154,Normal
2025-03-31 03:00:00,L49319,6.65,1415,47.6,156,Normal
2025-03-31 04:00:00,L49320,6.58,1419,46.6,158,Normal
2025-03-31 05:00:00,M17001,5.39,1577,34.9,160,Normal
2025-03-31 06:00:00,L49322,7.78,1376,60.3,163,Normal
2025-03-31 07:00:00,M17003,6.69,1442,49.0,165,Normal
2025-03-31 08:00:00,L49324,6.13,1451,40.5,168,Normal
2025-03-31 09:00:00,L49325,6.07,1550,45.8,170,Normal
2025-03-31 10:00:00,L49326,5.79,1647,32.9,172,Normal
2025-03-31 11:00:00,L49327,5.33,1550,33.7,174,Normal
2025-03-31 12:00:00,L49328,5.56,1583,34.1,176,Normal
2025-03-31 13:00:00,L49329,5.63,1613,32.2,178,Normal
2025-03-31 14:00:00,H31564,5.99,1636,35.5,180,Normal
2025-03-31 15:00:00,M17011,7.95,1289,51.5,185,Normal
2025-03-31 16:00:00,M17012,5.69,1648,28.4,188,Normal
2025-03-31 17:00:00,H31567,7.02,1397,45.4,191,Normal
2025-03-31 18:00:00,M17014,6.22,1767,24.8,196,Normal
2025-03-31 19:00:00,L49335,7.58,1341,47.7,199,Normal
2025-03-31 20:00:00,M17016,6.55,1457,41.5,201,Normal
2025-03-31 21:00:00,M17017,6.94,1939,19.8,204,Normal
2025-03-31 22:00:00,M17018,7.48,1399,49.7,207,Normal
2025-03-31 23:00:00,M17019,5.89,1602,31.3,210,Normal
2025-04-01 00:00:00,L49340,6.38,1507,41.0,213,Normal
2025-04-01 01:00:00,L49341,6.61,1464,40.5,215,Normal
2025-04-01 02:00:00,L49342,7.45,1336,42.1,217,Normal
2025-04-01 03:00:00,L49343,6.85,1422,39.8,219,Normal
2025-04-01 04:00:00,L49344,6.02,1540,36.7,221,Normal
2025-04-01 05:00:00,L49345,7.11,1476,47.8,223,Normal
2025-04-01 06:00:00,M17026,7.03,1867,23.4,225,Critical
2025-04-01 07:00:00,H31581,3.97,1588,41.3,0,Normal
2025-04-01 08:00:00,M17028,4.95,1420,49.5,5,Normal
2025-04-01 09:00:00,L49349,5.0,1415,49.2,8,Normal
2025-04-01 10:00:00,M17030,4.16,1500,43.3,10,Normal
2025-04-01 11:00:00,L49351,4.27,1502,44.6,13,Normal
2025-04-01 12:00:00,L49352,4.23,1816,23.0,15,Normal
2025-04-01 13:00:00,M17033,4.16,1495,41.6,17,Normal
2025-04-01 14:00:00,L49354,3.6,1572,33.4,20,Normal
2025-04-01 15:00:00,M17035,3.89,1590,35.9,22,Normal
2025-04-01 16:00:00,M17036,5.3,1387,48.3,25,Normal
2025-04-01 17:00:00,M17037,5.26,1393,47.7,28,Normal
2025-04-01 18:00:00,L49358,4.15,1602,37.3,31,Normal
2025-04-01 19:00:00,L49359,3.91,1601,33.3,33,Normal
2025-04-01 20:00:00,H31594,4.11,1597,36.3,35,Normal
2025-04-01 21:00:00,H31595,4.42,1548,44.3,40,Normal
2025-04-01 22:00:00,M17042,6.82,1314,61.8,45,Normal
2025-04-01 23:00:00,M17043,4.38,1577,39.8,48,Normal
2025-04-02 00:00:00,L49364,4.79,1475,43.4,51,Normal
2025-04-02 01:00:00,L49365,4.25,1630,32.4,53,Normal
2025-04-02 02:00:00,L49366,4.98,1445,42.9,55,Normal
2025-04-02 03:00:00,M17047,5.33,1439,47.4,57,Normal
2025-04-02 04:00:00,L49368,5.25,1420,44.1,60,Normal
2025-04-02 05:00:00,H31603,4.54,1554,41.6,62,Normal
2025-04-02 06:00:00,M17050,5.06,1471,44.3,67,Normal
2025-04-02 07:00:00,L49371,4.63,1648,33.6,70,Normal
2025-04-02 08:00:00,L49372,5.41,1472,48.8,72,Normal
2025-04-02 09:00:00,M17053,5.18,1448,42.9,74,Normal
2025-04-02 10:00:00,M17054,4.38,1568,35.3,77,Normal
2025-04-02 11:00:00,L49375,4.37,1613,30.8,80,Normal
2025-04-02 12:00:00,M17056,4.35,1551,35.4,82,Normal
2025-04-02 13:00:00,L49377,5.93,1412,49.2,85,Normal
2025-04-02 14:00:00,M17058,5.05,1478,41.0,87,Normal
2025-04-02 15:00:00,M17059,7.36,1268,58.0,90,Normal
2025-04-02 16:00:00,L49380,4.47,1546,35.6,93,Normal
2025-04-02 17:00:00,L49381,4.64,1567,36.1,95,Normal
2025-04-02 18:00:00,M17062,4.53,1548,35.7,97,Normal
2025-04-02 19:00:00,L49383,4.62,1614,30.8,100,Normal
2025-04-02 20:00:00,M17064,6.26,1352,46.1,102,Normal
2025-04-02 21:00:00,L49385,4.98,1624,34.6,105,Normal
2025-04-02 22:00:00,L49386,6.24,1436,52.0,107,Normal
2025-04-02 23:00:00,L49387,5.03,1591,37.5,109,Normal
2025-04-03 00:00:00,H31622,5.68,1435,42.6,111,Normal
2025-04-03 01:00:00,L49389,6.45,1386,49.4,116,Normal
2025-04-03 02:00:00,L49390,6.7,1401,54.1,118,Normal
2025-04-03 03:00:00,M17071,8.24,1245,64.0,120,Normal
2025-04-03 04:00:00,L49392,5.43,1475,40.0,123,Normal
2025-04-03 05:00:00,L49393,5.42,1473,39.4,125,Normal
2025-04-03 06:00:00,H31628,6.46,1355,44.8,127,Normal
2025-04-03 07:00:00,H31629,6.2,1468,49.6,132,Normal
2025-04-03 08:00:00,L49396,5.23,1645,30.8,137,Normal
2025-04-03 09:00:00,L49397,7.33,1347,55.3,139,Normal
2025-04-03 10:00:00,L49398,5.83,1713,33.5,141,Normal
2025-04-03 11:00:00,M17079,6.43,1435,48.4,143,Normal
2025-04-03 12:00:00,M17080,5.53,1736,26.1,146,Normal
2025-04-03 13:00:00,L49401,7.64,1372,60.4,149,Normal
2025-04-03 14:00:00,L49402,5.31,1605,33.0,151,Normal
2025-04-03 15:00:00,L49403,6.68,1413,48.5,153,Normal
2025-04-03 16:00:00,M17084,5.51,1645,31.9,155,Normal
2025-04-03 17:00:00,M17085,6.48,1465,49.0,158,Normal
2025-04-03 18:00:00,M17086,5.54,1685,27.8,161,Normal
2025-04-03 19:00:00,L49407,6.65,1965,20.4,164,Normal
2025-04-03 20:00:00,H31642,5.71,1542,41.8,166,Normal
2025-04-03 21:00:00,L49409,5.83,1681,30.8,171,Normal
2025-04-03 22:00:00,L49410,6.55,1446,45.7,173,Normal
2025-04-03 23:00:00,L49411,7.45,1415,56.4,175,Normal
2025-04-04 00:00:00,L49412,5.83,1672,30.5,177,Normal
2025-04-04 01:00:00,L49413,7.97,2549,13.0,179,Critical
2025-04-04 02:00:00,L49414,6.05,1492,40.5,181,Normal
2025-04-04 03:00:00,M17095,6.42,1455,42.7,183,Normal
2025-04-04 04:00:00,M17096,6.67,1422,43.1,186,Normal
2025-04-04 05:00:00,L49417,7.3,1403,50.6,189,Normal
2025-04-04 06:00:00,L49418,6.86,1474,49.6,191,Normal
2025-04-04 07:00:00,L49419,7.43,1381,50.0,193,Normal
2025-04-04 08:00:00,L49420,6.69,1457,44.7,195,Normal
2025-04-04 09:00:00,L49421,6.18,1711,28.9,197,Normal
2025-04-04 10:00:00,L49422,5.97,1667,29.0,199,Normal
2025-04-04 11:00:00,L49423,6.08,1465,35.0,201,Normal
2025-04-04 12:00:00,M17104,5.87,1542,37.5,203,Critical
2025-04-04 13:00:00,M17105,4.32,1438,42.3,0,Normal
2025-04-04 14:00:00,L49426,4.87,1406,47.4,3,Normal
2025-04-04 15:00:00,M17107,5.02,1396,48.5,5,Normal
2025-04-04 16:00:00,M17108,6.36,1304,60.6,8,Normal
2025-04-04 17:00:00,L49429,4.71,1442,46.5,11,Normal
2025-04-04 18:00:00,M17110,5.13,1396,48.7,13,Normal
2025-04-04 19:00:00,H31665,4.66,1424,43.4,16,Normal
2025-04-04 20:00:00,H31666,4.53,1451,42.8,21,Normal
2025-04-04 21:00:00,L49433,5.69,1386,54.1,26,Normal
2025-04-04 22:00:00,L49434,5.59,1325,46.9,28,Normal
2025-04-04 23:00:00,L49435,3.67,1559,33.7,30,Normal
2025-04-05 00:00:00,L49436,4.14,1489,38.1,32,Normal
2025-04-05 01:00:00,L49437,5.02,1892,25.2,34,Normal
2025-04-05 02:00:00,L49438,6.59,1319,60.3,36,Normal
2025-04-05 03:00:00,L49439,5.47,1431,52.3,38,Normal
2025-04-05 04:00:00,H31674,3.96,1521,36.5,40,Normal
2025-04-05 05:00:00,M17121,5.06,1435,45.2,45,Normal
2025-04-05 06:00:00,L49442,4.37,1533,42.4,48,Normal
2025-04-05 07:00:00,M17123,4.45,1529,43.0,50,Normal
2025-04-05 08:00:00,M17124,5.16,1415,43.5,53,Normal
2025-04-05 09:00:00,M17125,6.17,1330,51.2,56,Normal
2025-04-05 10:00:00,L49446,6.54,1381,60.6,59,Normal
2025-04-05 11:00:00,L49447,6.09,1370,52.4,61,Normal
2025-04-05 12:00:00,L49448,5.35,1438,46.6,63,Normal
2025-04-05 13:00:00,L49449,6.17,1314,48.2,65,Normal
2025-04-05 14:00:00,L49450,5.5,1437,48.1,67,Normal
2025-04-05 15:00:00,L49451,5.1,1821,26.1,69,Normal
2025-04-05 16:00:00,M17132,5.75,1448,52.1,71,Normal
2025-04-05 17:00:00,L49453,4.29,1589,32.7,74,Normal
2025-04-05 18:00:00,L49454,4.21,1520,33.7,76,Normal
2025-04-05 19:00:00,L49455,4.71,1605,37.0,78,Normal
2025-04-05 20:00:00,L49456,6.3,1393,54.2,80,Normal
2025-04-05 21:00:00,H31691,5.6,1408,44.4,82,Normal
2025-04-05 22:00:00,M17138,4.8,1459,35.6,87,Normal
2025-04-05 23:00:00,L49459,4.69,1525,39.0,90,Normal
2025-04-06 00:00:00,L49460,6.64,1390,57.0,92,Normal
2025-04-06 01:00:00,L49461,4.67,1536,38.9,94,Normal
2025-04-06 02:00:00,L49462,5.69,1459,47.6,96,Normal
2025-04-06 03:00:00,L49463,6.34,1387,51.1,98,Normal
2025-04-06 04:00:00,L49464,6.57,1378,53.4,100,Normal
2025-04-06 05:00:00,L49465,6.79,1381,56.7,102,Normal
2025-04-06 06:00:00,M17146,7.58,1289,60.5,104,Normal
2025-04-06 07:00:00,L49467,5.17,1746,26.8,107,Normal
2025-04-06 08:00:00,M17148,4.86,1541,39.1,109,Normal
2025-04-06 09:00:00,L49469,4.99,1504,37.8,112,Normal
2025-04-06 10:00:00,M17150,6.95,1321,51.9,114,Normal
2025-04-06 11:00:00,M17151,5.69,1886,20.9,117,Normal
2025-04-06 12:00:00,L49472,6.55,1422,53.2,120,Normal
2025-04-06 13:00:00,L49473,5.05,1520,38.3,122,Normal
2025-04-06 14:00:00,L49474,5.09,1627,32.6,124,Normal
2025-04-06 15:00:00,L49475,5.07,1512,37.2,126,Normal
2025-04-06 16:00:00,L49476,5.38,1553,42.7,128,Normal
2025-04-06 17:00:00,L49477,5.71,1802,26.0,130,Normal
2025-04-06 18:00:00,L49478,5.34,1482,37.6,132,Normal
2025-04-06 19:00:00,L49479,7.21,1446,62.9,134,Critical
2025-04-06 20:00:00,L49480,6.84,1371,50.5,136,Normal
2025-04-06 21:00:00,M17161,5.23,1586,35.7,138,Normal
2025-04-06 22:00:00,L49482,5.4,1515,39.8,141,Normal
2025-04-06 23:00:00,L49483,7.11,1374,53.6,143,Normal
2025-04-07 00:00:00,L49484,5.78,1455,39.8,145,Normal
2025-04-07 01:00:00,H31719,6.94,1342,47.5,147,Normal
2025-04-07 02:00:00,L49486,8.13,1260,57.8,152,Normal
2025-04-07 03:00:00,H31721,5.48,1623,33.5,154,Normal
2025-04-07 04:00:00,L49488,7.44,1371,55.5,159,Normal
2025-04-07 05:00:00,L49489,5.36,1611,31.4,161,Normal
2025-04-07 06:00:00,M17170,6.05,1535,47.5,163,Normal
2025-04-07 07:00:00,M17171,5.75,1491,38.5,166,Normal
2025-04-07 08:00:00,M17172,5.91,1441,36.2,169,Normal
2025-04-07 09:00:00,M17173,5.81,1725,26.6,172,Normal
2025-04-07 10:00:00,L49494,7.11,1368,47.2,175,Normal
2025-04-07 11:00:00,L49495,5.64,1526,37.9,177,Normal
2025-04-07 12:00:00,L49496,5.7,1542,39.2,179,Normal
2025-04-07 13:00:00,L49497,5.55,1605,31.1,181,Normal
2025-04-07 14:00:00,L49498,7.27,1405,51.4,183,Normal
2025-04-07 15:00:00,M17179,6.28,1700,33.5,185,Normal
2025-04-07 16:00:00,H31734,6.33,1440,39.1,188,Normal
2025-04-07 17:00:00,M17181,7.97,1314,52.5,193,Normal
2025-04-07 18:00:00,L49502,6.2,1514,41.9,196,Normal
2025-04-07 19:00:00,M17183,7.18,1401,47.0,198,Normal
2025-04-07 20:00:00,L49504,5.88,1636,29.9,201,Normal
2025-04-07 21:00:00,L49505,5.98,1603,33.9,203,Normal
2025-04-07 22:00:00,M17186,7.15,1487,52.6,205,Normal
2025-04-07 23:00:00,M17187,7.41,1420,50.3,208,Normal
2025-04-08 00:00:00,L49508,6.1,1579,36.3,211,Normal
2025-04-08 01:00:00,L49509,6.47,1484,40.5,213,Normal
2025-04-08 02:00:00,M17190,7.6,1390,49.3,215,Normal
2025-04-08 03:00:00,L49511,7.95,1384,53.6,218,Critical
2025-04-08 04:00:00,L49512,7.8,1378,50.4,220,Critical
2025-04-08 05:00:00,L49513,7.11,1445,45.2,222,Normal
2025-04-08 06:00:00,L49514,7.02,1445,43.5,224,Normal
2025-04-08 07:00:00,L49515,3.74,1509,39.4,0,Normal
2025-04-08 08:00:00,L49516,4.66,1434,46.8,2,Normal
2025-04-08 09:00:00,L49517,4.49,1877,23.9,4,Normal
2025-04-08 10:00:00,L49518,3.52,1651,28.0,6,Normal
2025-04-08 11:00:00,L49519,4.2,1466,41.3,8,Normal
2025-04-08 12:00:00,L49520,4.11,1479,40.7,10,Normal
2025-04-08 13:00:00,L49521,4.89,1409,46.4,12,Normal
2025-04-08 14:00:00,M17202,3.76,1674,28.2,14,Normal
2025-04-08 15:00:00,L49523,6.51,1305,61.4,17,Normal
2025-04-08 16:00:00,M17204,4.15,1755,26.4,19,Normal
2025-04-08 17:00:00,L49525,4.14,1475,38.7,22,Normal
2025-04-08 18:00:00,L49526,5.16,1402,47.7,24,Normal
2025-04-08 19:00:00,L49527,4.83,1410,43.0,26,Normal
2025-04-08 20:00:00,L49528,4.63,1436,41.8,28,Normal
2025-04-08 21:00:00,M17209,4.96,1386,42.2,30,Normal
2025-04-08 22:00:00,L49530,4.26,1744,26.4,33,Normal
2025-04-08 23:00:00,L49531,5.39,1393,48.4,35,Normal
2025-04-09 00:00:00,M17212,5.05,1422,45.4,37,Normal
2025-04-09 01:00:00,L49533,4.65,1841,22.8,40,Normal
2025-04-09 02:00:00,L49534,4.55,1433,37.7,42,Normal
2025-04-09 03:00:00,M17215,6.78,1305,60.6,44,Normal
2025-04-09 04:00:00,H31770,4.36,1498,39.5,47,Normal
2025-04-09 05:00:00,L49537,4.62,1772,26.1,52,Normal
2025-04-09 06:00:00,M17218,5.29,1381,42.5,54,Normal
2025-04-09 07:00:00,L49539,4.89,1413,38.5,57,Normal
2025-04-09 08:00:00,H31774,6.01,1388,53.2,59,Normal
2025-04-09 09:00:00,M17221,4.58,1631,35.4,64,Normal
2025-04-09 10:00:00,H31776,4.6,1520,41.4,67,Normal
2025-04-09 11:00:00,L49543,4.98,1510,45.4,72,Normal
2025-04-09 12:00:00,L49544,6.09,1366,49.7,74,Normal
2025-04-09 13:00:00,L49545,5.1,1845,22.9,76,Normal
2025-04-09 14:00:00,L49546,5.14,1485,44.7,78,Normal
2025-04-09 15:00:00,M17227,4.76,1496,39.4,80,Normal
2025-04-09 16:00:00,M17228,5.13,1468,42.2,83,Normal
2025-04-09 17:00:00,M17229,5.27,1856,22.7,86,Normal
2025-04-09 18:00:00,L49550,4.73,1620,34.1,89,Normal
2025-04-09 19:00:00,L49551,5.73,1409,44.8,91,Normal
2025-04-09 20:00:00,M17232,6.08,1404,49.4,93,Normal
2025-04-09 21:00:00,L49553,6.54,1350,51.3,96,Normal
2025-04-09 22:00:00,M17234,4.65,1538,38.0,98,Normal
2025-04-09 23:00:00,M17235,4.68,1476,32.7,101,Normal
2025-04-10 00:00:00,M17236,6.59,1364,51.8,104,Normal
2025-04-10 01:00:00,M17237,5.48,1582,45.5,107,Normal
2025-04-10 02:00:00,L49558,7.03,1348,56.1,110,Normal
2025-04-10 03:00:00,H31793,5.83,1450,46.1,112,Normal
2025-04-10 04:00:00,L49560,8.02,1242,60.9,117,Normal
2025-04-10 05:00:00,L49561,4.94,1493,34.9,119,Normal
2025-04-10 06:00:00,L49562,4.83,1601,31.4,121,Normal
2025-04-10 07:00:00,L49563,4.8,1568,33.3,123,Normal
2025-04-10 08:00:00,M17244,5.15,1506,38.0,125,Normal
2025-04-10 09:00:00,L49565,4.83,1524,34.1,128,Normal
2025-04-10 10:00:00,L49566,5.04,1543,37.9,130,Normal
2025-04-10 11:00:00,M17247,6.01,1474,47.2,132,Normal
2025-04-10 12:00:00,M17248,5.11,1526,37.3,135,Normal
2025-04-10 13:00:00,L49569,6.23,1867,27.0,138,Normal
2025-04-10 14:00:00,L49570,5.64,1487,41.2,140,Normal
2025-04-10 15:00:00,L49571,5.04,1580,32.6,142,Normal
2025-04-10 16:00:00,L49572,7.08,1340,50.0,144,Normal
2025-04-10 17:00:00,L49573,5.48,1544,41.6,146,Normal
2025-04-10 18:00:00,L49574,5.67,1488,40.3,148,Normal
2025-04-10 19:00:00,M17255,5.8,1742,28.9,150,Normal
2025-04-10 20:00:00,M17256,5.34,1592,34.2,153,Normal
2025-04-10 21:00:00,L49577,5.62,1582,38.8,156,Normal
2025-04-10 22:00:00,L49578,5.97,1490,43.2,158,Normal
2025-04-10 23:00:00,M17259,5.54,1594,35.8,160,Normal
2025-04-11 00:00:00,H31814,6.95,1462,55.0,163,Normal
2025-04-11 01:00:00,M17261,7.06,1367,47.6,168,Normal
2025-04-11 02:00:00,L49582,7.55,1325,51.0,171,Normal
2025-04-11 03:00:00,H31817,6.91,1448,51.4,173,Normal
2025-04-11 04:00:00,M17264,7.05,2008,20.3,178,Normal
2025-04-11 05:00:00,L49585,5.91,1498,38.9,181,Normal
2025-04-11 06:00:00,L49586,6.45,1437,41.6,183,Normal
2025-04-11 07:00:00,M17267,6.36,1499,45.1,185,Normal
2025-04-11 08:00:00,L49588,7.68,1356,52.6,188,Normal
2025-04-11 09:00:00,L49589,6.31,1539,46.8,190,Normal
2025-04-11 10:00:00,L49590,6.21,1689,32.1,192,Normal
2025-04-11 11:00:00,L49591,5.9,1559,38.1,194,Normal
2025-04-11 12:00:00,L49592,7.1,1408,46.7,196,Normal
2025-04-11 13:00:00,L49593,6.79,1886,23.0,198,Normal
2025-04-11 14:00:00,L49594,4.52,1415,43.4,0,Normal
2025-04-11 15:00:00,M17275,3.62,1587,35.6,2,Normal
2025-04-11 16:00:00,L49596,3.76,1571,38.6,5,Normal
2025-04-11 17:00:00,L49597,3.68,1576,36.6,7,Normal
2025-04-11 18:00:00,L49598,4.03,1660,34.4,9,Normal
2025-04-11 19:00:00,M17279,5.52,1328,49.2,11,Normal
2025-04-11 20:00:00,H31834,4.58,1450,44.7,14,Normal
2025-04-11 21:00:00,L49601,6.2,2384,15.0,19,Normal
2025-04-11 22:00:00,L49602,5.27,1443,53.4,21,Normal
2025-04-11 23:00:00,M17283,5.27,2022,20.0,23,Normal
2025-04-12 00:00:00,L49604,4.48,1828,23.8,26,Normal
2025-04-12 01:00:00,L49605,5.2,1472,53.5,28,Normal
2025-04-12 02:00:00,M17286,6.44,1372,63.6,30,Critical
2025-04-12 03:00:00,L49607,4.71,1855,23.8,33,Normal
2025-04-12 04:00:00,M17288,5.4,1377,47.2,35,Normal
2025-04-12 05:00:00,L49609,5.24,1432,48.9,38,Normal
2025-04-12 06:00:00,M17290,5.73,1335,47.8,40,Normal
2025-04-12 07:00:00,M17291,5.57,1411,51.3,43,Normal
2025-04-12 08:00:00,L49612,4.55,1510,43.5,46,Normal
2025-04-12 09:00:00,L49613,4.99,1441,44.0,48,Normal
2025-04-12 10:00:00,M17294,5.39,1358,42.7,50,Normal
2025-04-12 11:00:00,L49615,4.43,1686,30.4,53,Normal
2025-04-12 12:00:00,H31850,4.32,1662,30.4,55,Normal
2025-04-12 13:00:00,L49617,4.96,1426,40.1,60,Normal
2025-04-12 14:00:00,M17298,6.4,1330,53.6,62,Normal
2025-04-12 15:00:00,L49619,4.69,1693,31.6,65,Normal
2025-04-12 16:00:00,L49620,5.55,1426,47.9,67,Normal
2025-04-12 17:00:00,L49621,4.61,1676,31.0,69,Normal
2025-04-12 18:00:00,M17302,6.37,1332,51.7,71,Normal
2025-04-12 19:00:00,L49623,4.77,1647,35.0,74,Normal
2025-04-12 20:00:00,L49624,7.87,1267,68.2,76,Critical
2025-04-12 21:00:00,H31859,6.44,1375,55.1,78,Normal
2025-04-12 22:00:00,L49626,5.83,1422,48.9,83,Normal
2025-04-12 23:00:00,L49627,5.92,1408,48.7,85,Normal
2025-04-13 00:00:00,L49628,5.36,1440,42.5,87,Normal
2025-04-13 01:00:00,L49629,5.0,1772,25.2,89,Normal
2025-04-13 02:00:00,L49630,4.81,1492,37.8,91,Normal
2025-04-13 03:00:00,L49631,4.71,1650,30.5,93,Normal
2025-04-13 04:00:00,M17312,7.08,2329,14.6,95,Normal
2025-04-13 05:00:00,L49633,4.78,1648,30.8,98,Normal
2025-04-13 06:00:00,L49634,4.89,1653,31.7,100,Normal
2025-04-13 07:00:00,L49635,5.94,1946,22.3,102,Normal
2025-04-13 08:00:00,L49636,4.71,1555,36.6,104,Normal
2025-04-13 09:00:00,L49637,5.04,1661,32.2,106,Normal
2025-04-13 10:00:00,L49638,5.86,1434,45.9,108,Normal
2025-04-13 11:00:00,L49639,7.19,1297,54.2,110,Normal
2025-04-13 12:00:00,L49640,5.76,1466,46.4,112,Normal
2025-04-13 13:00:00,M17321,5.07,1517,39.8,114,Normal
2025-04-13 14:00:00,L49642,5.77,1742,34.5,117,Normal
2025-04-13 15:00:00,L49643,5.19,1580,39.1,119,Normal
2025-04-13 16:00:00,M17324,5.26,1534,42.9,121,Normal
2025-04-13 17:00:00,L49645,5.45,1481,40.7,124,Normal
2025-04-13 18:00:00,L49646,5.57,1429,37.7,126,Normal
2025-04-13 19:00:00,M17327,4.9,1574,33.5,128,Normal
2025-04-13 20:00:00,M17328,5.27,1524,40.4,131,Normal
2025-04-13 21:00:00,L49649,5.21,1507,37.5,134,Normal
2025-04-13 22:00:00,L49650,5.93,1467,44.7,136,Normal
2025-04-13 23:00:00,L49651,7.3,1301,51.1,138,Normal
2025-04-14 00:00:00,L49652,6.87,1429,55.1,140,Normal
2025-04-14 01:00:00,M17333,5.23,1555,37.6,142,Normal
2025-04-14 02:00:00,L49654,5.57,1503,40.6,145,Normal
2025-04-14 03:00:00,L49655,6.0,1459,43.1,147,Normal
2025-04-14 04:00:00,H31890,6.04,1449,42.4,149,Normal
2025-04-14 05:00:00,L49657,7.41,1387,57.3,154,Normal
2025-04-14 06:00:00,M17338,6.58,1456,50.0,156,Normal
2025-04-14 07:00:00,L49659,5.51,1604,34.7,159,Normal
2025-04-14 08:00:00,L49660,6.11,1734,32.4,161,Normal
2025-04-14 09:00:00,L49661,6.95,1378,47.8,163,Normal
2025-04-14 10:00:00,L49662,5.88,1504,41.8,165,Normal
2025-04-14 11:00:00,M17343,6.99,1402,49.8,167,Normal
2025-04-14 12:00:00,H31898,5.56,1524,37.7,170,Normal
2025-04-14 13:00:00,L49665,5.69,1593,35.5,175,Normal
2025-04-14 14:00:00,M17346,6.25,1772,28.4,177,Normal
2025-04-14 15:00:00,H31901,5.63,1623,31.0,180,Normal
2025-04-14 16:00:00,L49668,7.52,1356,50.7,185,Normal
2025-04-14 17:00:00,H31903,6.15,1500,41.6,187,Normal
2025-04-14 18:00:00,H31904,6.47,1566,46.6,192,Normal
2025-04-14 19:00:00,L49671,6.69,1445,43.4,197,Normal
2025-04-14 20:00:00,H31906,8.05,1382,58.5,199,Normal
2025-04-14 21:00:00,M17353,7.08,1418,45.7,204,Normal
2025-04-14 22:00:00,L49674,8.12,1329,53.6,207,Critical
2025-04-14 23:00:00,M17355,6.42,1491,41.0,209,Normal
2025-04-15 00:00:00,M17356,6.15,1573,37.4,212,Normal
2025-04-15 01:00:00,M17357,6.41,1521,42.3,215,Normal
2025-04-15 02:00:00,L49678,7.07,1467,47.2,218,Normal
2025-04-15 03:00:00,M17359,7.96,1325,48.4,220,Normal
2025-04-15 04:00:00,L49680,6.19,1617,32.3,223,Normal
2025-04-15 05:00:00,M17361,6.81,1476,42.7,225,Normal
2025-04-15 06:00:00,L49682,7.03,1515,48.9,228,Critical
2025-04-15 07:00:00,L49683,4.81,1408,47.2,0,Normal
2025-04-15 08:00:00,L49684,4.39,1468,45.6,2,Normal
2025-04-15 09:00:00,L49685,5.07,1387,48.7,4,Normal
2025-04-15 10:00:00,M17366,3.54,1503,34.7,6,Normal
2025-04-15 11:00:00,H31921,4.9,1410,47.1,9,Normal
2025-04-15 12:00:00,L49688,3.59,1615,30.6,14,Normal
2025-04-15 13:00:00,L49689,3.69,1511,35.9,16,Normal
2025-04-15 14:00:00,L49690,5.47,1405,53.8,18,Normal
2025-04-15 15:00:00,M17371,3.99,1526,41.1,20,Normal
2025-04-15 16:00:00,L49692,3.82,1530,38.3,23,Normal
2025-04-15 17:00:00,L49693,3.66,1583,32.5,25,Normal
2025-04-15 18:00:00,L49694,5.5,2069,18.7,27,Normal
2025-04-15 19:00:00,L49695,3.9,1490,35.0,29,Normal
2025-04-15 20:00:00,L49696,4.36,1736,29.0,31,Normal
2025-04-15 21:00:00,L49697,5.09,1395,44.4,33,Normal
2025-04-15 22:00:00,M17378,5.29,1425,49.6,35,Normal
2025-04-15 23:00:00,L49699,4.08,1631,32.4,38,Normal
2025-04-16 00:00:00,L49700,4.18,1535,41.2,40,Normal
2025-04-16 01:00:00,L49701,4.0,1584,34.4,42,Normal
2025-04-16 02:00:00,M17382,4.04,1543,38.2,44,Normal
2025-04-16 03:00:00,L49703,4.39,1635,35.2,47,Normal
2025-04-16 04:00:00,M17384,5.07,1446,45.5,49,Normal
2025-04-16 05:00:00,M17385,4.24,1598,35.1,52,Normal
2025-04-16 06:00:00,L49706,4.15,1501,35.0,55,Normal
2025-04-16 07:00:00,L49707,5.49,1450,50.8,57,Normal
2025-04-16 08:00:00,L49708,4.46,1730,25.9,59,Normal
2025-04-16 09:00:00,M17389,4.1,1571,33.7,61,Normal
2025-04-16 10:00:00,L49710,5.7,1438,51.7,64,Normal
2025-04-16 11:00:00,M17391,4.47,1510,38.7,66,Normal
2025-04-16 12:00:00,L49712,5.58,1389,44.9,69,Normal
2025-04-16 13:00:00,L49713,4.31,1490,33.6,71,Normal
2025-04-16 14:00:00,L49714,4.66,1729,26.6,73,Normal
2025-04-16 15:00:00,L49715,4.64,1495,38.4,75,Normal
2025-04-16 16:00:00,L49716,6.87,1281,53.9,77,Normal
2025-04-16 17:00:00,H31951,6.11,1353,48.1,79,Normal
2025-04-16 18:00:00,L49718,5.88,1429,50.1,84,Normal
2025-04-16 19:00:00,L49719,5.47,1413,42.1,86,Normal
2025-04-16 20:00:00,L49720,4.75,1502,38.3,88,Normal
2025-04-16 21:00:00,H31955,4.27,1553,32.6,90,Normal
2025-04-16 22:00:00,H31956,4.82,1712,26.4,95,Normal
2025-04-16 23:00:00,L49723,5.1,1786,23.5,100,Normal
2025-04-17 00:00:00,L49724,5.91,1951,21.4,102,Normal
2025-04-17 01:00:00,M17405,4.62,1541,36.3,104,Normal
2025-04-17 02:00:00,L49726,4.88,1605,34.3,107,Normal
2025-04-17 03:00:00,L49727,5.0,1578,38.1,109,Normal
2025-04-17 04:00:00,M17408,5.31,1440,37.5,111,Normal
2025-04-17 05:00:00,L49729,5.39,1489,42.3,114,Normal
2025-04-17 06:00:00,L49730,6.5,1366,48.4,116,Normal
2025-04-17 07:00:00,L49731,4.84,1541,37.2,118,Normal
2025-04-17 08:00:00,H31966,5.15,1552,40.7,120,Normal
2025-04-17 09:00:00,L49733,5.48,1473,40.3,125,Normal
2025-04-17 10:00:00,L49734,5.02,1531,37.9,127,Normal
2025-04-17 11:00:00,L49735,5.11,1511,37.2,129,Normal
2025-04-17 12:00:00,M17416,6.18,1449,47.9,131,Normal
2025-04-17 13:00:00,M17417,6.4,1440,50.0,134,Normal
2025-04-17 14:00:00,M17418,6.09,1881,23.9,137,Normal
2025-04-17 15:00:00,L49739,6.46,1447,50.4,140,Normal
2025-04-17 16:00:00,M17420,7.92,1326,62.0,142,Normal
2025-04-17 17:00:00,L49741,5.17,1607,31.7,145,Normal
2025-04-17 18:00:00,L49742,5.36,1551,39.1,147,Normal
2025-04-17 19:00:00,L49743,5.43,1496,37.2,149,Normal
2025-04-17 20:00:00,L49744,5.53,1493,38.0,151,Normal
2025-04-17 21:00:00,L49745,7.42,1304,50.5,153,Normal
2025-04-17 22:00:00,M17426,6.22,1420,41.6,155,Normal
2025-04-17 23:00:00,L49747,5.75,1766,24.6,158,Normal
2025-04-18 00:00:00,L49748,6.21,1450,43.1,160,Normal
2025-04-18 01:00:00,H31983,6.25,1872,22.6,162,Normal
2025-04-18 02:00:00,L49750,5.68,1713,26.5,167,Normal
2025-04-18 03:00:00,M17431,5.91,1497,40.9,169,Normal
2025-04-18 04:00:00,M17432,7.0,1352,44.7,172,Normal
2025-04-18 05:00:00,L49753,6.01,1499,41.5,175,Normal
2025-04-18 06:00:00,L49754,6.78,1972,19.3,177,Normal
2025-04-18 07:00:00,L49755,6.99,1422,49.2,179,Normal
2025-04-18 08:00:00,L49756,5.94,1523,41.5,181,Normal
2025-04-18 09:00:00,L49757,6.01,1563,41.5,183,Normal
2025-04-18 10:00:00,L49758,7.06,1391,46.6,185,Normal
2025-04-18 11:00:00,L49759,6.26,1795,24.7,187,Normal
2025-04-18 12:00:00,L49760,8.12,1293,53.7,189,Normal
2025-04-18 13:00:00,L49761,8.31,1345,60.7,191,Critical
2025-04-18 14:00:00,L49762,5.91,1615,33.7,193,Normal
2025-04-18 15:00:00,L49763,7.73,1342,50.8,195,Normal
2025-04-18 16:00:00,L49764,6.59,1502,46.7,197,Normal
2025-04-18 17:00:00,M17445,6.12,1620,35.4,199,Normal
2025-04-18 18:00:00,L49766,6.2,1537,42.8,202,Normal
2025-04-18 19:00:00,L49767,8.47,2248,16.8,204,Normal
2025-04-18 20:00:00,L49768,6.24,1706,28.6,206,Normal
2025-04-18 21:00:00,L49769,8.52,2250,16.6,208,Normal
2025-04-18 22:00:00,L49770,4.97,1396,48.6,0,Normal
2025-04-18 23:00:00,L49771,4.15,1522,46.4,2,Normal
2025-04-19 00:00:00,L49772,4.01,1539,45.4,4,Normal
2025-04-19 01:00:00,H32007,5.29,1415,54.0,6,Normal
2025-04-19 02:00:00,L49774,4.06,1446,37.0,11,Normal
2025-04-19 03:00:00,M17455,4.13,1486,41.1,13,Normal
2025-04-19 04:00:00,L49776,4.34,1426,38.6,16,Normal
2025-04-19 05:00:00,L49777,4.25,1449,38.9,18,Normal
2025-04-19 06:00:00,L49778,6.86,1320,67.5,20,Critical
2025-04-19 07:00:00,M17459,4.36,1447,39.6,22,Normal
2025-04-19 08:00:00,L49780,5.04,1422,47.3,25,Normal
2025-04-19 09:00:00,L49781,5.5,1399,52.1,27,Normal
2025-04-19 10:00:00,L49782,4.68,1427,41.5,29,Normal
2025-04-19 11:00:00,M17463,5.53,1334,46.3,31,Normal
2025-04-19 12:00:00,M17464,5.24,1385,45.6,34,Normal
2025-04-19 13:00:00,L49785,3.95,1552,37.4,37,Normal
2025-04-19 14:00:00,H32020,3.94,1534,37.5,39,Normal
2025-04-19 15:00:00,L49787,5.2,1448,48.6,44,Normal
2025-04-19 16:00:00,L49788,5.19,1409,44.7,46,Normal
2025-04-19 17:00:00,L49789,4.28,1621,34.5,48,Normal
2025-04-19 18:00:00,H32024,4.31,1547,40.9,50,Normal
2025-04-19 19:00:00,L49791,5.43,1957,22.1,55,Normal
2025-04-19 20:00:00,L49792,6.6,2421,14.2,57,Normal
2025-04-19 21:00:00,M17473,4.38,1571,38.3,59,Normal
2025-04-19 22:00:00,L49794,4.67,1634,36.8,62,Normal
2025-04-19 23:00:00,L49795,4.41,1516,38.7,64,Normal
2025-04-20 00:00:00,L49796,7.97,1207,66.5,66,Normal
2025-04-20 01:00:00,L49797,4.88,1670,35.9,68,Normal
2025-04-20 02:00:00,M17478,5.44,1461,48.6,70,Normal
2025-04-20 03:00:00,L49799,4.7,1569,40.8,73,Normal
2025-04-20 04:00:00,L49800,4.32,1556,35.7,75,Normal
2025-04-20 05:00:00,M17481,4.8,1506,41.5,77,Normal
2025-04-20 06:00:00,M17482,4.5,1642,30.3,80,Normal
2025-04-20 07:00:00,M17483,7.46,1283,62.1,83,Normal
2025-04-20 08:00:00,H32038,5.99,1375,46.8,86,Normal
2025-04-20 09:00:00,L49805,5.46,1399,39.9,91,Normal
2025-04-20 10:00:00,L49806,4.67,1650,29.8,93,Normal
2025-04-20 11:00:00,M17487,6.67,1346,53.2,95,Normal
2025-04-20 12:00:00,H32042,6.22,1410,51.2,98,Normal
2025-04-20 13:00:00,L49809,4.95,1586,37.8,103,Normal
2025-04-20 14:00:00,L49810,5.76,1372,39.6,105,Normal
2025-04-20 15:00:00,H32045,5.09,1529,42.4,107,Normal
2025-04-20 16:00:00,M17492,4.83,1652,28.6,112,Normal
2025-04-20 17:00:00,L49813,5.0,1532,39.8,115,Normal
2025-04-20 18:00:00,L49814,4.56,1554,32.0,117,Normal
2025-04-20 19:00:00,H32049,6.17,1462,51.0,119,Normal
2025-04-20 20:00:00,L49816,8.06,1254,61.3,124,Normal
2025-04-20 21:00:00,L49817,7.1,1294,49.7,126,Normal
2025-04-20 22:00:00,L49818,5.43,1739,27.5,128,Normal
2025-04-20 23:00:00,M17499,6.37,1412,47.8,130,Normal
2025-04-21 00:00:00,M17500,7.18,1372,56.2,133,Normal
2025-04-21 01:00:00,H32055,6.32,1420,46.7,136,Normal
2025-04-21 02:00:00,L49822,5.32,1542,40.3,141,Normal
2025-04-21 03:00:00,M17503,6.6,1401,48.1,143,Normal
2025-04-21 04:00:00,L49824,5.67,1510,42.5,146,Normal
2025-04-21 05:00:00,H32059,5.31,1547,38.5,148,Normal
2025-04-21 06:00:00,M17506,6.11,1453,43.2,153,Normal
2025-04-21 07:00:00,L49827,6.56,1408,45.6,156,Normal
2025-04-21 08:00:00,L49828,6.81,1436,51.6,158,Normal
2025-04-21 09:00:00,M17509,5.63,1582,38.2,160,Normal
2025-04-21 10:00:00,L49830,8.25,1280,59.3,163,Normal
2025-04-21 11:00:00,L49831,6.91,2008,20.4,165,Normal
2025-04-21 12:00:00,L49832,5.82,1772,23.5,167,Normal
2025-04-21 13:00:00,L49833,6.05,1779,26.1,169,Normal
2025-04-21 14:00:00,L49834,5.5,1567,35.5,171,Normal
2025-04-21 15:00:00,M17515,6.0,1751,27.0,173,Normal
2025-04-21 16:00:00,L49836,7.49,1349,51.3,176,Normal
2025-04-21 17:00:00,M17517,6.41,1425,40.8,178,Normal
2025-04-21 18:00:00,L49838,6.85,1395,44.5,181,Normal
2025-04-21 19:00:00,H32073,5.58,1595,32.1,183,Normal
2025-04-21 20:00:00,L49840,8.29,1291,56.4,188,Normal
2025-04-21 21:00:00,M17521,6.21,1509,42.8,190,Normal
2025-04-21 22:00:00,M17522,6.09,1483,38.1,193,Normal
2025-04-21 23:00:00,L49843,5.81,1620,31.1,196,Normal
2025-04-22 00:00:00,M17524,6.39,1487,42.2,198,Normal
2025-04-22 01:00:00,L49845,8.42,2256,15.9,201,Normal
2025-04-22 02:00:00,H32080,6.06,1691,27.7,203,Normal
2025-04-22 03:00:00,M17527,6.46,1663,35.2,208,Normal
2025-04-22 04:00:00,M17528,6.1,1640,31.1,211,Normal
2025-04-22 05:00:00,H32083,6.25,1494,37.8,214,Normal
2025-04-22 06:00:00,L49850,7.01,1467,46.2,219,Normal
2025-04-22 07:00:00,M17531,7.14,1399,41.9,221,Critical
2025-04-22 08:00:00,L49852,4.3,1445,42.6,0,Normal
2025-04-22 09:00:00,L49853,4.02,1480,40.9,2,Normal
2025-04-22 10:00:00,L49854,3.52,1546,37.2,4,Normal
2025-04-22 11:00:00,L49855,3.6,1574,35.8,6,Normal
2025-04-22 12:00:00,L49856,3.62,1592,34.2,8,Normal
2025-04-22 13:00:00,L49857,3.95,1495,39.6,10,Normal
2025-04-22 14:00:00,L49858,4.47,1447,43.1,12,Normal
2025-04-22 15:00:00,L49859,4.41,1476,44.4,14,Normal
2025-04-22 16:00:00,L49860,3.53,1641,27.1,16,Normal
2025-04-22 17:00:00,L49861,3.35,1545,32.2,18,Normal
2025-04-22 18:00:00,M17542,5.11,1364,44.4,20,Normal
2025-04-22 19:00:00,L49863,3.42,1590,28.5,23,Normal
2025-04-22 20:00:00,L49864,4.18,1460,37.4,25,Normal
2025-04-22 21:00:00,L49865,3.83,1609,32.5,27,Normal
2025-04-22 22:00:00,L49866,3.66,1633,27.5,29,Normal
2025-04-22 23:00:00,L49867,5.88,1348,52.8,31,Normal
2025-04-23 00:00:00,L49868,6.12,1322,53.9,33,Normal
2025-04-23 01:00:00,L49869,3.95,1641,30.1,35,Normal
2025-04-23 02:00:00,L49870,4.19,1728,26.0,37,Normal
2025-04-23 03:00:00,L49871,5.18,1431,47.7,39,Normal
2025-04-23 04:00:00,L49872,4.04,1641,30.4,41,Normal
2025-04-23 05:00:00,M17553,4.33,1622,36.1,43,Normal
2025-04-23 06:00:00,M17554,4.51,1625,38.0,46,Normal
2025-04-23 07:00:00,L49875,4.9,1869,22.7,49,Normal
2025-04-23 08:00:00,L49876,5.09,1452,46.0,51,Normal
2025-04-23 09:00:00,L49877,3.94,1618,28.7,53,Normal
2025-04-23 10:00:00,L49878,5.59,2010,20.0,55,Normal
2025-04-23 11:00:00,L49879,6.63,1363,60.9,57,Normal
2025-04-23 12:00:00,L49880,4.7,1473,40.4,59,Normal
2025-04-23 13:00:00,L49881,6.19,1333,50.8,61,Normal
2025-04-23 14:00:00,L49882,4.67,1760,25.9,63,Normal
2025-04-23 15:00:00,M17563,6.5,1372,58.2,65,Normal
2025-04-23 16:00:00,M17564,4.44,1608,34.4,68,Normal
2025-04-23 17:00:00,L49885,7.26,1326,64.8,71,Normal
2025-04-23 18:00:00,M17566,4.41,1560,37.1,73,Normal
2025-04-23 19:00:00,M17567,4.26,1539,36.1,76,Normal
2025-04-23 20:00:00,L49888,6.94,2266,15.3,79,Normal
2025-04-23 21:00:00,L49889,4.87,1641,35.8,81,Normal
2025-04-23 22:00:00,L49890,4.74,1574,39.2,83,Normal
2025-04-23 23:00:00,L49891,6.05,1407,50.6,85,Normal
2025-04-24 00:00:00,H32126,6.98,1302,55.5,87,Normal
2025-04-24 01:00:00,M17573,4.73,1651,30.8,92,Normal
2025-04-24 02:00:00,M17574,6.69,1366,55.2,95,Normal
2025-04-24 03:00:00,M17575,4.93,1701,28.6,98,Normal
2025-04-24 04:00:00,L49896,5.34,1498,44.6,101,Normal
2025-04-24 05:00:00,M17577,5.83,1422,45.3,103,Normal
2025-04-24 06:00:00,L49898,6.36,1357,47.3,106,Normal
2025-04-24 07:00:00,L49899,5.03,1690,29.2,108,Normal
2025-04-24 08:00:00,L49900,4.97,1559,39.1,110,Normal
2025-04-24 09:00:00,M17581,4.52,1553,32.4,112,Normal
2025-04-24 10:00:00,L49902,4.74,1558,34.8,115,Normal
2025-04-24 11:00:00,L49903,6.76,1362,51.9,117,Normal
2025-04-24 12:00:00,M17584,5.58,1470,42.7,119,Normal
2025-04-24 13:00:00,L49905,4.81,1555,34.8,122,Normal
2025-04-24 14:00:00,M17586,5.92,1423,42.9,124,Normal
2025-04-24 15:00:00,L49907,5.6,1434,38.5,127,Normal
2025-04-24 16:00:00,L49908,5.53,1779,25.5,129,Normal
2025-04-24 17:00:00,L49909,6.8,1417,54.6,131,Normal
2025-04-24 18:00:00,L49910,6.21,1425,45.9,133,Normal
2025-04-24 19:00:00,M17591,5.07,1597,32.9,135,Normal
2025-04-24 20:00:00,L49912,7.46,1346,57.4,138,Normal
2025-04-24 21:00:00,L49913,5.95,1422,40.4,140,Normal
2025-04-24 22:00:00,H32148,5.01,1572,32.8,142,Normal
2025-04-24 23:00:00,L49915,6.41,1412,45.4,147,Normal
2025-04-25 00:00:00,M17596,5.35,1576,36.4,149,Normal
2025-04-25 01:00:00,M17597,5.66,1508,41.2,152,Normal
2025-04-25 02:00:00,M17598,5.97,1496,44.4,155,Normal
2025-04-25 03:00:00,L49919,5.37,1572,35.4,158,Normal
2025-04-25 04:00:00,L49920,5.77,1525,42.8,160,Normal
2025-04-25 05:00:00,L49921,7.21,1378,51.9,162,Normal
2025-04-25 06:00:00,L49922,7.25,1369,51.4,164,Normal
2025-04-25 07:00:00,L49923,6.28,1476,45.3,166,Normal
2025-04-25 08:00:00,L49924,5.4,1620,30.0,168,Normal
2025-04-25 09:00:00,M17605,5.89,1603,38.5,170,Normal
2025-04-25 10:00:00,L49926,6.77,1411,46.1,173,Normal
2025-04-25 11:00:00,L49927,5.57,1616,31.6,175,Normal
2025-04-25 12:00:00,L49928,5.9,1631,35.1,177,Normal
2025-04-25 13:00:00,M17609,5.82,1685,28.9,179,Critical
2025-04-25 14:00:00,H32164,6.27,1456,40.6,182,Normal
2025-04-25 15:00:00,L49931,7.17,1417,50.1,187,Normal
2025-04-25 16:00:00,M17612,6.59,1851,24.7,189,Normal
2025-04-25 17:00:00,L49933,6.07,1715,27.8,192,Normal
2025-04-25 18:00:00,H32168,5.92,1630,32.3,194,Normal
2025-04-25 19:00:00,L49935,6.23,1478,38.8,199,Normal
2025-04-25 20:00:00,L49936,6.67,1781,29.6,201,Normal
2025-04-25 21:00:00,L49937,6.32,1439,36.1,203,Normal
2025-04-25 22:00:00,M17618,7.09,1412,45.3,205,Normal
2025-04-25 23:00:00,L49939,6.46,1483,41.1,208,Normal
2025-04-26 00:00:00,L49940,7.04,1400,42.6,210,Normal
2025-04-26 01:00:00,L49941,9.1,1299,65.1,212,Critical
2025-04-26 02:00:00,L49942,6.77,1479,44.4,214,Normal
2025-04-26 03:00:00,L49943,6.93,1491,47.5,216,Normal
2025-04-26 04:00:00,M17624,5.28,1389,52.8,0,Normal
2025-04-26 05:00:00,M17625,5.39,1399,54.8,3,Normal
2025-04-26 06:00:00,M17626,4.72,1889,26.0,6,Normal
2025-04-26 07:00:00,L49947,4.69,1925,21.9,9,Normal
2025-04-26 08:00:00,L49948,3.86,1675,30.2,11,Normal
2025-04-26 09:00:00,M17629,3.99,1477,38.1,13,Normal
2025-04-26 10:00:00,L49950,5.16,1364,45.9,16,Normal
2025-04-26 11:00:00,L49951,4.27,1451,39.4,18,Normal
2025-04-26 12:00:00,L49952,4.33,1467,41.2,20,Normal
2025-04-26 13:00:00,L49953,4.51,1858,22.5,22,Normal
2025-04-26 14:00:00,L49954,3.99,1559,39.7,24,Normal
2025-04-26 15:00:00,L49955,4.54,1560,47.7,26,Normal
2025-04-26 16:00:00,L49956,4.92,1453,47.6,28,Normal
2025-04-26 17:00:00,L49957,4.49,1464,41.7,30,Normal
2025-04-26 18:00:00,L49958,5.94,1308,50.2,32,Normal
2025-04-26 19:00:00,L49959,5.76,1353,50.9,34,Normal
2025-04-26 20:00:00,M17640,3.86,1556,35.8,36,Normal
2025-04-26 21:00:00,L49961,6.22,2183,17.8,39,Normal
2025-04-26 22:00:00,M17642,4.48,1491,41.8,41,Normal
2025-04-26 23:00:00,M17643,3.87,1528,35.1,44,Normal
2025-04-27 00:00:00,L49964,5.6,1430,52.7,47,Normal
2025-04-27 01:00:00,L49965,3.95,1495,32.6,49,Normal
2025-04-27 02:00:00,M17646,3.96,1630,28.3,51,Normal
2025-04-27 03:00:00,M17647,4.23,1524,38.4,54,Normal
2025-04-27 04:00:00,L49968,6.28,1326,52.4,57,Normal
2025-04-27 05:00:00,H32203,5.13,1438,44.0,59,Normal
2025-04-27 06:00:00,L49970,5.77,1356,45.9,64,Normal
2025-04-27 07:00:00,H32205,5.29,1416,43.3,66,Normal
2025-04-27 08:00:00,L49972,4.22,1584,32.6,71,Normal
2025-04-27 09:00:00,L49973,4.27,1597,31.8,73,Normal
2025-04-27 10:00:00,L49974,4.83,1553,43.9,75,Normal
2025-04-27 11:00:00,M17655,5.88,1405,49.4,77,Normal
2025-04-27 12:00:00,L49976,4.25,1539,35.3,80,Normal
2025-04-27 13:00:00,M17657,6.26,1398,53.7,82,Normal
2025-04-27 14:00:00,L49978,4.76,1568,39.6,85,Normal
2025-04-27 15:00:00,L49979,5.69,1404,44.6,87,Normal
2025-04-27 16:00:00,M17660,5.25,1500,45.7,89,Normal
2025-04-27 17:00:00,M17661,4.55,1642,28.8,92,Normal
2025-04-27 18:00:00,M17662,5.33,1509,46.6,95,Normal
2025-04-27 19:00:00,L49983,6.53,1343,50.2,98,Normal
2025-04-27 20:00:00,L49984,5.3,1450,40.1,100,Normal
2025-04-27 21:00:00,L49985,5.49,1460,43.5,102,Normal
2025-04-27 22:00:00,L49986,5.9,1364,41.2,104,Normal
2025-04-27 23:00:00,M17667,5.48,1452,41.9,106,Normal
2025-04-28 00:00:00,L49988,5.4,1471,41.8,109,Normal
2025-04-28 01:00:00,L49989,4.91,1598,34.6,111,Normal
2025-04-28 02:00:00,L49990,5.26,1772,24.8,113,Normal
2025-04-28 03:00:00,L49991,5.27,1761,25.6,115,Normal
2025-04-28 04:00:00,M17672,5.75,1413,40.7,117,Normal
2025-04-28 05:00:00,L49993,5.84,1887,22.6,120,Normal
2025-04-28 06:00:00,L49994,6.94,1395,56.5,122,Normal
2025-04-28 07:00:00,M17675,4.7,1569,31.6,124,Normal
2025-04-28 08:00:00,L49996,6.18,1434,47.3,127,Normal
2025-04-28 09:00:00,L49997,5.89,1417,41.1,129,Normal
2025-04-28 10:00:00,L49998,5.47,1729,28.4,131,Normal
2025-04-28 11:00:00,L49999,6.93,1356,51.1,133,Normal
2025-04-28 12:00:00,L50000,6.36,1436,48.8,135,Normal
2025-04-28 13:00:00,M17681,6.07,1419,42.5,137,Normal
2025-04-28 14:00:00,L50002,5.45,1593,38.1,140,Normal
2025-04-28 15:00:00,M17683,7.96,1320,62.2,142,Normal
2025-04-28 16:00:00,M17684,5.99,1448,42.4,145,Normal
2025-04-28 17:00:00,L50005,5.33,1470,33.5,148,Normal
2025-04-28 18:00:00,M17686,5.35,1612,33.1,150,Normal
2025-04-28 19:00:00,L50007,6.89,1412,51.6,153,Normal
2025-04-28 20:00:00,M17688,6.27,1875,23.9,155,Normal
2025-04-28 21:00:00,L50009,5.63,1612,36.0,158,Normal
2025-04-28 22:00:00,M17690,6.33,1411,41.6,160,Normal
2025-04-28 23:00:00,M17691,6.33,1490,47.9,163,Normal
2025-04-29 00:00:00,M17692,6.0,1467,40.3,166,Normal
2025-04-29 01:00:00,L50013,6.22,1807,26.4,169,Normal
2025-04-29 02:00:00,L50014,6.98,1368,46.0,171,Normal
2025-04-29 03:00:00,L50015,5.33,1572,32.0,173,Normal
2025-04-29 04:00:00,M17696,6.42,1458,44.3,175,Normal
2025-04-29 05:00:00,L50017,5.98,1699,30.3,178,Normal
2025-04-29 06:00:00,L50018,6.05,1478,39.5,180,Normal
2025-04-29 07:00:00,M17699,6.89,1362,42.1,182,Normal
2025-04-29 08:00:00,H32254,6.02,1487,38.9,185,Normal
2025-04-29 09:00:00,L50021,6.1,1705,29.4,190,Normal
2025-04-29 10:00:00,L50022,7.85,1345,53.5,192,Normal
2025-04-29 11:00:00,L50023,5.96,1532,40.2,194,Normal
2025-04-29 12:00:00,L50024,6.24,1650,35.2,196,Normal
2025-04-29 13:00:00,L50025,7.68,1398,54.4,198,Normal
2025-04-29 14:00:00,L50026,7.0,1412,44.8,200,Normal
2025-04-29 15:00:00,L50027,6.06,1525,39.6,202,Normal
2025-04-29 16:00:00,M17708,8.02,1391,57.9,204,Normal
2025-04-29 17:00:00,L50029,6.56,1766,28.2,207,Normal
2025-04-29 18:00:00,L50030,6.5,1671,35.0,209,Normal
2025-04-29 19:00:00,L50031,7.61,1373,48.8,211,Normal
2025-04-29 20:00:00,M17712,7.87,1347,50.1,213,Normal
2025-04-29 21:00:00,M17713,6.11,1539,39.1,216,Normal
2025-04-29 22:00:00,L50034,6.64,1470,40.8,219,Normal
2025-04-29 23:00:00,L50035,6.1,1528,37.0,221,Normal
2025-04-30 00:00:00,H32270,6.97,1471,45.2,223,Normal
2025-04-30 01:00:00,M17717,6.19,1528,37.2,228,Normal
2025-04-30 02:00:00,L50038,7.78,1417,51.5,231,Critical
2025-04-30 03:00:00,L50039,6.65,1549,43.4,233,Normal
2025-04-30 04:00:00,H32274,7.42,1463,49.2,235,Normal
2025-04-30 05:00:00,L50041,7.03,1479,43.6,240,Normal
2025-04-30 06:00:00,L50042,7.2,1867,23.0,242,Normal
2025-04-30 07:00:00,L50043,7.15,1471,44.1,244,Normal
2025-04-30 08:00:00,H32278,7.91,1380,47.6,246,Critical
2025-04-30 09:00:00,H32279,3.6,1623,32.7,0,Normal
2025-04-30 10:00:00,L50046,4.97,1997,20.7,5,Normal
2025-04-30 11:00:00,H32281,5.08,1390,48.5,7,Normal
2025-04-30 12:00:00,L50048,4.86,1418,46.6,12,Normal
2025-04-30 13:00:00,L50049,3.61,1519,35.8,14,Normal
2025-04-30 14:00:00,M17730,3.89,1519,39.7,16,Normal
2025-04-30 15:00:00,M17731,3.67,1536,37.2,19,Normal
2025-04-30 16:00:00,L50052,3.92,1680,28.7,22,Normal
2025-04-30 17:00:00,H32287,3.85,1555,37.9,24,Normal
2025-04-30 18:00:00,L50054,4.96,1471,49.6,29,Normal
2025-04-30 19:00:00,M17735,4.81,1877,23.8,31,Normal
2025-04-30 20:00:00,M17736,3.61,1578,30.5,34,Normal
2025-04-30 21:00:00,M17737,4.18,1655,32.1,37,Normal
2025-04-30 22:00:00,H32292,3.92,1502,34.3,40,Normal
2025-04-30 23:00:00,M17739,6.62,1367,63.2,45,Critical
2025-05-01 00:00:00,L50060,4.01,1541,37.2,48,Normal
2025-05-01 01:00:00,M17741,4.28,1588,37.0,50,Normal
2025-05-01 02:00:00,L50062,4.58,1684,32.8,53,Normal
2025-05-01 03:00:00,L50063,4.83,1437,40.0,55,Normal
2025-05-01 04:00:00,L50064,5.17,1409,42.4,57,Normal
2025-05-01 05:00:00,M17745,6.18,1320,49.9,59,Normal
2025-05-01 06:00:00,H32300,4.5,1635,34.2,62,Normal
2025-05-01 07:00:00,M17747,4.45,1691,27.6,67,Normal
2025-05-01 08:00:00,M17748,6.06,1365,50.0,70,Normal
2025-05-01 09:00:00,M17749,4.45,1523,38.2,73,Normal
2025-05-01 10:00:00,L50070,4.32,1593,32.4,76,Normal
2025-05-01 11:00:00,L50071,4.73,1682,30.7,78,Normal
2025-05-01 12:00:00,L50072,6.66,1329,54.3,80,Normal
2025-05-01 13:00:00,M17753,4.43,1568,35.2,82,Normal
2025-05-01 14:00:00,L50074,4.71,1733,24.8,85,Normal
2025-05-01 15:00:00,M17755,5.54,1473,48.1,87,Normal
2025-05-01 16:00:00,M17756,4.64,1633,31.3,90,Normal
2025-05-01 17:00:00,M17757,4.78,1530,40.2,93,Normal
2025-05-01 18:00:00,M17758,4.82,1550,40.2,96,Normal
2025-05-01 19:00:00,L50079,5.54,1410,40.6,99,Normal
2025-05-01 20:00:00,L50080,4.58,1574,33.5,101,Normal
2025-05-01 21:00:00,L50081,5.49,1425,40.3,103,Normal
2025-05-01 22:00:00,M17762,4.56,1541,35.2,105,Normal
2025-05-01 23:00:00,M17763,5.11,1733,26.7,108,Normal
2025-05-02 00:00:00,L50084,7.2,2496,13.5,111,Normal
2025-05-02 01:00:00,L50085,4.79,1552,36.4,113,Normal
2025-05-02 02:00:00,L50086,5.61,1409,38.7,115,Normal
2025-05-02 03:00:00,M17767,4.95,1581,35.7,117,Normal
2025-05-02 04:00:00,L50088,7.94,1251,59.9,120,Normal
2025-05-02 05:00:00,L50089,5.54,1500,44.1,122,Normal
2025-05-02 06:00:00,L50090,5.21,1576,38.8,124,Normal
2025-05-02 07:00:00,M17771,6.41,1352,44.0,126,Normal
2025-05-02 08:00:00,L50092,5.19,1661,30.3,129,Normal
2025-05-02 09:00:00,L50093,4.82,1541,34.6,131,Normal
2025-05-02 10:00:00,H32328,5.86,1888,20.5,133,Normal
2025-05-02 11:00:00,L50095,8.27,1255,62.1,138,Normal
2025-05-02 12:00:00,L50096,6.09,1411,41.6,140,Normal
2025-05-02 13:00:00,L50097,5.36,1516,39.0,142,Normal
2025-05-02 14:00:00,M17778,5.19,1492,34.0,144,Normal
2025-05-02 15:00:00,L50099,5.75,1726,30.0,147,Normal
2025-05-02 16:00:00,L50100,5.3,1598,33.7,149,Normal
2025-05-02 17:00:00,L50101,5.48,1657,31.1,151,Normal
2025-05-02 18:00:00,L50102,5.62,1481,38.1,153,Normal
2025-05-02 19:00:00,M17783,6.98,1397,51.3,155,Normal
2025-05-02 20:00:00,L50104,6.2,1461,44.3,158,Normal
2025-05-02 21:00:00,M17785,7.07,1388,51.1,160,Normal
2025-05-02 22:00:00,L50106,6.53,1507,52.4,163,Normal
2025-05-02 23:00:00,M17787,6.86,1421,49.8,165,Normal
2025-05-03 00:00:00,M17788,8.14,1258,54.9,168,Normal
2025-05-03 01:00:00,M17789,5.89,1482,39.0,171,Normal
2025-05-03 02:00:00,H32344,7.17,1403,51.3,174,Normal
2025-05-03 03:00:00,L50111,7.01,1373,45.4,179,Normal
2025-05-03 04:00:00,L50112,6.33,1460,42.1,181,Normal
2025-05-03 05:00:00,M17793,6.17,1751,27.9,183,Normal
2025-05-03 06:00:00,M17794,6.01,1546,42.3,186,Normal
2025-05-03 07:00:00,M17795,5.87,1680,28.2,189,Normal
2025-05-03 08:00:00,M17796,7.27,1394,48.8,192,Normal
2025-05-03 09:00:00,L50117,6.52,1810,26.0,195,Normal
2025-05-03 10:00:00,L50118,5.92,1479,34.5,197,Normal
2025-05-03 11:00:00,L50119,6.66,1431,41.4,199,Normal
2025-05-03 12:00:00,L50120,8.32,2355,14.4,201,Normal
2025-05-03 13:00:00,M17801,7.25,1996,19.8,203,Critical
2025-05-03 14:00:00,L50122,4.69,1461,49.9,0,Normal
2025-05-03 15:00:00,H32357,4.92,2007,19.7,2,Normal
2025-05-03 16:00:00,L50124,3.55,1505,34.9,7,Normal
2025-05-03 17:00:00,H32359,4.6,1925,20.5,9,Normal
2025-05-03 18:00:00,M17806,3.62,1622,30.5,14,Normal
2025-05-03 19:00:00,L50127,3.39,1592,29.0,17,Normal
2025-05-03 20:00:00,L50128,4.56,1850,24.5,19,Normal
2025-05-03 21:00:00,M17809,4.81,1470,48.7,21,Normal
2025-05-03 22:00:00,M17810,4.84,1445,46.4,24,Normal
2025-05-03 23:00:00,L50131,4.17,1685,31.1,27,Normal
2025-05-04 00:00:00,H32366,4.05,1667,30.5,29,Normal
2025-05-04 01:00:00,L50133,3.93,1578,35.4,34,Normal
2025-05-04 02:00:00,H32368,4.1,1691,28.0,36,Normal
2025-05-04 03:00:00,M17815,4.9,1439,43.8,41,Normal
2025-05-04 04:00:00,M17816,4.8,1404,38.7,44,Normal
2025-05-04 05:00:00,L50137,4.77,1498,45.8,47,Normal
2025-05-04 06:00:00,M17818,4.81,1481,44.5,49,Normal
2025-05-04 07:00:00,M17819,4.18,1589,35.0,52,Normal
2025-05-04 08:00:00,L50140,4.94,1467,44.3,55,Normal
2025-05-04 09:00:00,L50141,4.46,1654,32.8,57,Normal
2025-05-04 10:00:00,L50142,4.48,1508,39.9,59,Normal
2025-05-04 11:00:00,M17823,5.09,1439,43.0,61,Normal
2025-05-04 12:00:00,L50144,4.59,1692,30.3,64,Normal
2025-05-04 13:00:00,M17825,5.08,1838,24.9,66,Normal
2025-05-04 14:00:00,L50146,4.79,1601,40.2,69,Normal
2025-05-04 15:00:00,L50147,6.16,1369,51.6,71,Normal
2025-05-04 16:00:00,M17828,6.08,1312,45.2,73,Normal
2025-05-04 17:00:00,L50149,5.17,1468,44.1,76,Normal
2025-05-04 18:00:00,M17830,4.98,1452,39.4,78,Normal
2025-05-04 19:00:00,M17831,5.64,1393,43.9,81,Normal
2025-05-04 20:00:00,M17832,5.48,1432,44.2,84,Normal
2025-05-04 21:00:00,M17833,5.19,1510,46.0,87,Normal
2025-05-04 22:00:00,M17834,4.59,1521,37.2,90,Normal
2025-05-04 23:00:00,H32389,6.12,1360,46.2,93,Normal
2025-05-05 00:00:00,M17836,5.74,1881,25.5,98,Normal
2025-05-05 01:00:00,L50157,6.18,1413,50.3,101,Normal
2025-05-05 02:00:00,H32392,5.16,1642,36.2,103,Normal
2025-05-05 03:00:00,L50159,4.81,1542,38.5,108,Normal
2025-05-05 04:00:00,L50160,5.38,1447,39.3,110,Normal
2025-05-05 05:00:00,H32395,5.01,1530,40.4,112,Normal
2025-05-05 06:00:00,L50162,5.62,1795,27.7,117,Normal
2025-05-05 07:00:00,L50163,7.55,1290,57.4,119,Normal
2025-05-05 08:00:00,L50164,4.98,1639,30.4,121,Normal
2025-05-05 09:00:00,L50165,4.83,1596,31.5,123,Normal
2025-05-05 10:00:00,L50166,6.08,1455,48.0,125,Normal
2025-05-05 11:00:00,M17847,5.06,1659,28.9,127,Normal
2025-05-05 12:00:00,M17848,5.35,1532,42.5,130,Normal
2025-05-05 13:00:00,L50169,5.55,1502,42.4,133,Normal
2025-05-05 14:00:00,L50170,5.3,1688,28.6,135,Normal
2025-05-05 15:00:00,M17851,7.05,1341,50.9,137,Normal
2025-05-05 16:00:00,M17852,5.39,1685,29.4,140,Normal
2025-05-05 17:00:00,M17853,7.29,1370,55.9,143,Normal
2025-05-05 18:00:00,L50174,6.59,1461,52.5,146,Normal
2025-05-05 19:00:00,L50175,5.26,1550,37.4,148,Normal
2025-05-05 20:00:00,M17856,5.42,1508,37.8,150,Normal
2025-05-05 21:00:00,L50177,7.99,1345,62.7,153,Normal
2025-05-05 22:00:00,L50178,5.52,1616,34.5,155,Normal
2025-05-05 23:00:00,L50179,7.65,1395,61.0,157,Normal
2025-05-06 00:00:00,H32414,8.84,1324,72.8,159,Critical
2025-05-06 01:00:00,L50181,6.33,1445,43.9,164,Normal
2025-05-06 02:00:00,M17862,5.6,1555,38.9,166,Normal
2025-05-06 03:00:00,M17863,6.27,1449,42.4,169,Normal
2025-05-06 04:00:00,M17864,6.92,1466,53.2,172,Normal
2025-05-06 05:00:00,L50185,5.72,1503,37.4,175,Normal
2025-05-06 06:00:00,L50186,5.71,1488,35.7,177,Normal
2025-05-06 07:00:00,L50187,7.65,1314,50.2,179,Normal
2025-05-06 08:00:00,M17868,5.67,1547,38.0,181,Normal
2025-05-06 09:00:00,M17869,6.19,1466,39.8,184,Normal
2025-05-06 10:00:00,L50190,5.65,1537,37.1,187,Normal
2025-05-06 11:00:00,M17871,7.19,1434,51.5,189,Normal
2025-05-06 12:00:00,L50192,6.79,1432,44.7,192,Normal
2025-05-06 13:00:00,L50193,7.29,1390,48.4,194,Normal
2025-05-06 14:00:00,L50194,6.35,1580,42.8,196,Normal
2025-05-06 15:00:00,L50195,5.62,1589,30.5,198,Normal
2025-05-06 16:00:00,L50196,7.1,1441,48.8,200,Normal
2025-05-06 17:00:00,L50197,8.07,1305,51.7,202,Normal
2025-05-06 18:00:00,M17878,5.91,1566,35.9,204,Normal
2025-05-06 19:00:00,L50199,7.88,1379,54.2,207,Critical
2025-05-06 20:00:00,L50200,5.99,1543,38.1,209,Normal
2025-05-06 21:00:00,L50201,7.4,1421,49.6,211,Normal
2025-05-06 22:00:00,L50202,6.76,1760,30.6,213,Normal
2025-05-06 23:00:00,L50203,6.42,1711,29.2,215,Normal
2025-05-07 00:00:00,L50204,6.7,1465,41.6,217,Normal
2025-05-07 01:00:00,L50205,7.84,1366,50.2,219,Normal
2025-05-07 02:00:00,M17886,7.0,1888,21.9,221,Normal
2025-05-07 03:00:00,L50207,3.87,1777,23.6,0,Normal
2025-05-07 04:00:00,L50208,5.54,1379,55.6,2,Normal
2025-05-07 05:00:00,L50209,4.47,1525,51.3,4,Normal
2025-05-07 06:00:00,M17890,3.43,1563,34.0,6,Normal
2025-05-07 07:00:00,M17891,4.77,1389,43.3,9,Normal
2025-05-07 08:00:00,M17892,4.45,1447,42.9,12,Normal
2025-05-07 09:00:00,M17893,4.87,1934,22.8,15,Normal
2025-05-07 10:00:00,H32448,4.46,1470,43.8,18,Normal
2025-05-07 11:00:00,M17895,4.67,1428,42.6,23,Normal
2025-05-07 12:00:00,L50216,5.67,1319,48.1,26,Normal
2025-05-07 13:00:00,L50217,4.86,1887,24.3,28,Normal
2025-05-07 14:00:00,L50218,5.7,1349,50.4,30,Normal
2025-05-07 15:00:00,M17899,4.13,1665,31.4,32,Normal
2025-05-07 16:00:00,L50220,4.3,1474,38.7,35,Normal
2025-05-07 17:00:00,L50221,4.0,1543,38.9,37,Normal
2025-05-07 18:00:00,M17902,4.77,1459,43.9,39,Normal
2025-05-07 19:00:00,L50223,4.04,1551,37.9,42,Normal
2025-05-07 20:00:00,L50224,5.39,1981,21.4,44,Normal
2025-05-07 21:00:00,L50225,3.92,1526,35.3,46,Normal
2025-05-07 22:00:00,M17906,4.39,1501,40.0,48,Normal
2025-05-07 23:00:00,L50227,4.21,1558,38.3,51,Normal
2025-05-08 00:00:00,L50228,4.49,1532,43.2,53,Normal
2025-05-08 01:00:00,L50229,6.49,1326,55.9,55,Normal
2025-05-08 02:00:00,L50230,5.63,1431,51.3,57,Normal
2025-05-08 03:00:00,L50231,5.88,1366,49.3,59,Normal
2025-05-08 04:00:00,L50232,5.15,1421,42.5,61,Normal
2025-05-08 05:00:00,H32467,4.25,1506,35.6,63,Normal
2025-05-08 06:00:00,H32468,6.08,1342,48.7,68,Normal
2025-05-08 07:00:00,L50235,4.94,1427,37.6,73,Normal
2025-05-08 08:00:00,L50236,4.56,1667,29.9,75,Normal
2025-05-08 09:00:00,L50237,5.74,1400,46.7,77,Normal
2025-05-08 10:00:00,L50238,4.98,1709,32.1,79,Normal
2025-05-08 11:00:00,M17919,5.9,1368,45.8,81,Normal
2025-05-08 12:00:00,L50240,5.46,1882,23.8,84,Normal
2025-05-08 13:00:00,L50241,6.89,1353,58.7,86,Normal
2025-05-08 14:00:00,L50242,4.73,1553,40.0,88,Normal
2025-05-08 15:00:00,L50243,5.63,1431,45.4,90,Normal
2025-05-08 16:00:00,M17924,5.15,1731,30.4,92,Normal
2025-05-08 17:00:00,M17925,4.76,1687,27.7,95,Normal
2025-05-08 18:00:00,M17926,5.51,1457,44.3,98,Normal
2025-05-08 19:00:00,L50247,4.64,1533,37.0,101,Normal
2025-05-08 20:00:00,H32482,4.76,1622,31.8,103,Normal
2025-05-08 21:00:00,L50249,5.53,1791,28.2,108,Normal
2025-05-08 22:00:00,L50250,4.67,1631,28.3,110,Normal
2025-05-08 23:00:00,L50251,6.97,2174,16.9,112,Normal
2025-05-09 00:00:00,L50252,7.4,1314,58.2,114,Normal
2025-05-09 01:00:00,L50253,5.78,1478,46.9,116,Normal
2025-05-09 02:00:00,L50254,5.54,1783,27.3,118,Normal
2025-05-09 03:00:00,M17935,6.29,1385,46.1,120,Normal
2025-05-09 04:00:00,L50256,5.83,1444,43.6,123,Normal
2025-05-09 05:00:00,L50257,5.67,1841,23.0,125,Normal
2025-05-09 06:00:00,M17938,7.23,1349,56.2,127,Normal
2025-05-09 07:00:00,L50259,7.31,1340,56.0,130,Normal
2025-05-09 08:00:00,M17940,5.39,1539,43.2,132,Normal
2025-05-09 09:00:00,M17941,6.22,1932,21.8,135,Normal
2025-05-09 10:00:00,M17942,6.24,1407,43.9,138,Normal
2025-05-09 11:00:00,L50263,5.5,1712,28.5,141,Normal
2025-05-09 12:00:00,H32498,7.47,1329,55.2,143,Normal
2025-05-09 13:00:00,L50265,6.1,1441,42.9,148,Normal
2025-05-09 14:00:00,L50266,5.27,1610,32.1,150,Normal
2025-05-09 15:00:00,M17947,6.11,1474,45.2,152,Normal
2025-05-09 16:00:00,M17948,5.32,1624,30.8,155,Normal
2025-05-09 17:00:00,H32503,5.47,1520,38.2,158,Normal
2025-05-09 18:00:00,H32504,6.43,1448,45.8,163,Normal
2025-05-09 19:00:00,L50271,5.04,1558,29.7,168,Normal
2025-05-09 20:00:00,M17952,8.08,2293,16.3,170,Normal
2025-05-09 21:00:00,L50273,7.18,1397,51.2,173,Normal
2025-05-09 22:00:00,L50274,6.93,1972,22.0,175,Normal
2025-05-09 23:00:00,M17955,5.68,1574,36.5,177,Normal
2025-05-10 00:00:00,L50276,5.79,1560,38.9,180,Normal
2025-05-10 01:00:00,M17957,7.44,1353,49.8,182,Normal
2025-05-10 02:00:00,M17958,7.37,1389,51.2,185,Normal
2025-05-10 03:00:00,M17959,6.23,1513,43.8,188,Normal
2025-05-10 04:00:00,L50280,6.23,1578,42.1,191,Normal
2025-05-10 05:00:00,H32515,6.12,1467,37.3,193,Normal
2025-05-10 06:00:00,L50282,7.21,1412,48.3,198,Normal
2025-05-10 07:00:00,L50283,6.07,1668,30.3,200,Normal
2025-05-10 08:00:00,M17964,6.12,1678,29.8,202,Normal
2025-05-10 09:00:00,L50285,6.15,1612,35.4,205,Normal
2025-05-10 10:00:00,L50286,6.36,1485,39.9,207,Normal
2025-05-10 11:00:00,M17967,6.51,1456,39.4,209,Normal
2025-05-10 12:00:00,L50288,6.23,1504,38.7,212,Normal
2025-05-10 13:00:00,L50289,6.7,1491,44.3,214,Normal
2025-05-10 14:00:00,H32524,3.24,1525,33.2,0,Normal
2025-05-10 15:00:00,L50291,4.11,1759,27.9,5,Normal
2025-05-10 16:00:00,M17972,5.81,1355,56.7,7,Normal
2025-05-10 17:00:00,M17973,5.91,1345,56.8,10,Normal
2025-05-10 18:00:00,M17974,3.95,1683,30.5,13,Normal
2025-05-10 19:00:00,L50295,4.13,1658,34.8,16,Normal
2025-05-10 20:00:00,L50296,3.61,1566,34.4,18,Normal
2025-05-10 21:00:00,M17977,4.49,1469,43.9,20,Normal
2025-05-10 22:00:00,M17978,4.78,1458,46.9,23,Normal
2025-05-10 23:00:00,L50299,4.63,1858,23.6,26,Normal
2025-05-11 00:00:00,H32534,4.13,1563,40.8,28,Normal
2025-05-11 01:00:00,L50301,5.92,2141,17.9,33,Normal
2025-05-11 02:00:00,L50302,4.78,1473,46.0,35,Normal
2025-05-11 03:00:00,H32537,4.18,1498,38.5,37,Normal
2025-05-11 04:00:00,L50304,4.25,1568,39.7,42,Normal
2025-05-11 05:00:00,L50305,4.18,1694,27.4,44,Normal
2025-05-11 06:00:00,L50306,4.1,1499,35.7,46,Normal
2025-05-11 07:00:00,L50307,4.41,1717,28.3,48,Normal
2025-05-11 08:00:00,M17988,4.81,1462,42.8,50,Normal
2025-05-11 09:00:00,L50309,4.46,1642,34.5,53,Normal
2025-05-11 10:00:00,L50310,4.54,1760,25.4,55,Normal
2025-05-11 11:00:00,L50311,4.49,1660,32.7,57,Normal
2025-05-11 12:00:00,L50312,4.45,1557,40.6,59,Normal
2025-05-11 13:00:00,H32547,5.47,1442,49.2,61,Normal
2025-05-11 14:00:00,L50314,6.15,1359,51.5,66,Normal
2025-05-11 15:00:00,L50315,6.33,1342,52.5,68,Normal
2025-05-11 16:00:00,L50316,5.99,1435,54.8,70,Normal
2025-05-11 17:00:00,L50317,4.39,1567,36.5,72,Normal
2025-05-11 18:00:00,L50318,5.62,1376,43.5,74,Normal
2025-05-11 19:00:00,H32553,4.57,1513,38.7,76,Normal
2025-05-11 20:00:00,H32554,6.8,2563,12.8,81,Critical
2025-05-11 21:00:00,L50321,5.06,1521,45.1,86,Normal
2025-05-11 22:00:00,L50322,4.97,1658,34.7,88,Normal
2025-05-11 23:00:00,H32557,5.5,1419,42.4,90,Normal
2025-05-12 00:00:00,M18004,4.83,1478,36.3,95,Normal
2025-05-12 01:00:00,M18005,5.69,1415,43.5,98,Normal
2025-05-12 02:00:00,M18006,5.27,1780,26.5,101,Normal
2025-05-12 03:00:00,M18007,5.58,1440,42.8,104,Normal
2025-05-12 04:00:00,H32562,5.37,1448,39.7,107,Normal
2025-05-12 05:00:00,H32563,4.84,1500,35.2,112,Normal
2025-05-12 06:00:00,L50330,4.68,1513,32.9,117,Normal
2025-05-12 07:00:00,L50331,5.89,1428,43.8,119,Normal
2025-05-12 08:00:00,M18012,5.56,1473,42.3,121,Normal
2025-05-12 09:00:00,M18013,6.0,1483,49.3,124,Normal
2025-05-12 10:00:00,L50334,5.31,1534,42.5,127,Normal
2025-05-12 11:00:00,L50335,7.01,1367,54.0,129,Normal
2025-05-12 12:00:00,L50336,5.36,1467,36.9,131,Normal
2025-05-12 13:00:00,M18017,5.61,1488,42.2,133,Normal
2025-05-12 14:00:00,L50338,5.36,1679,30.1,136,Normal
2025-05-12 15:00:00,H32573,6.46,1409,47.5,138,Normal
2025-05-12 16:00:00,M18020,7.0,1367,51.2,143,Normal
2025-05-12 17:00:00,L50341,8.1,1314,63.1,146,Normal
2025-05-12 18:00:00,L50342,5.69,1480,40.0,148,Normal
2025-05-12 19:00:00,L50343,5.37,1549,38.9,150,Normal
2025-05-12 20:00:00,L50344,5.66,1685,31.3,152,Normal
2025-05-12 21:00:00,L50345,5.09,1536,34.5,154,Normal
2025-05-12 22:00:00,M18026,5.31,1539,37.7,156,Normal
2025-05-12 23:00:00,L50347,6.69,1384,45.1,159,Normal
2025-05-13 00:00:00,M18028,5.31,1614,30.3,161,Normal
2025-05-13 01:00:00,M18029,6.02,1675,35.5,164,Normal
2025-05-13 02:00:00,M18030,5.9,1685,32.3,167,Normal
2025-05-13 03:00:00,L50351,7.58,1386,56.9,170,Normal
2025-05-13 04:00:00,M18032,6.02,1488,41.3,172,Normal
2025-05-13 05:00:00,L50353,5.68,1624,32.6,175,Normal
2025-05-13 06:00:00,L50354,5.7,1600,34.6,177,Normal
2025-05-13 07:00:00,L50355,6.44,1468,44.7,179,Normal
2025-05-13 08:00:00,L50356,6.69,1435,45.4,181,Normal
2025-05-13 09:00:00,M18037,5.49,1564,33.4,183,Normal
2025-05-13 10:00:00,M18038,7.87,1329,53.6,186,Normal
2025-05-13 11:00:00,L50359,5.82,1570,36.8,189,Normal
2025-05-13 12:00:00,M18040,7.04,1433,48.8,191,Normal
2025-05-13 13:00:00,L50361,5.78,1527,37.0,194,Normal
2025-05-13 14:00:00,M18042,7.14,1443,50.3,196,Normal
2025-05-13 15:00:00,L50363,5.88,1616,32.0,199,Normal
2025-05-13 16:00:00,L50364,6.05,1654,31.0,201,Normal
2025-05-13 17:00:00,L50365,5.99,1685,27.1,203,Normal
2025-05-13 18:00:00,M18046,7.08,1456,48.8,205,Normal
2025-05-13 19:00:00,M18047,6.47,1752,27.8,208,Normal
2025-05-13 20:00:00,M18048,7.39,1438,51.0,211,Normal
2025-05-13 21:00:00,L50369,5.81,1551,33.7,214,Normal
2025-05-13 22:00:00,L50370,5.86,1599,30.1,216,Normal
2025-05-13 23:00:00,M18051,6.86,1732,33.7,218,Normal
2025-05-14 00:00:00,M18052,6.89,1418,39.8,221,Normal
2025-05-14 01:00:00,L50373,4.67,1401,44.5,0,Normal
2025-05-14 02:00:00,L50374,4.87,1454,51.7,2,Normal
2025-05-14 03:00:00,M18055,3.7,1635,32.4,4,Normal
2025-05-14 04:00:00,L50376,3.99,1489,40.3,7,Normal
2025-05-14 05:00:00,L50377,4.17,1465,40.6,9,Normal
2025-05-14 06:00:00,M18058,4.54,1463,45.7,11,Normal
2025-05-14 07:00:00,H32613,3.6,1560,35.4,14,Normal
2025-05-14 08:00:00,M18060,4.6,1454,44.4,19,Normal
2025-05-14 09:00:00,L50381,4.66,1479,47.0,22,Normal
2025-05-14 10:00:00,L50382,4.72,1430,43.4,24,Normal
2025-05-14 11:00:00,M18063,3.82,1533,38.0,26,Normal
2025-05-14 12:00:00,L50384,5.67,1404,54.8,29,Normal
2025-05-14 13:00:00,M18065,3.93,1548,38.4,31,Normal
2025-05-14 14:00:00,M18066,3.97,1612,33.0,34,Normal
2025-05-14 15:00:00,M18067,4.05,1642,31.2,37,Normal
2025-05-14 16:00:00,M18068,4.97,1406,42.2,40,Normal
2025-05-14 17:00:00,L50389,3.83,1587,31.4,43,Normal
2025-05-14 18:00:00,M18070,5.62,1364,47.6,45,Normal
2025-05-14 19:00:00,L50391,5.35,1462,51.4,48,Normal
2025-05-14 20:00:00,L50392,4.32,1649,32.4,50,Normal
2025-05-14 21:00:00,L50393,4.7,1752,29.0,52,Normal
2025-05-14 22:00:00,H32628,5.78,1396,51.2,54,Normal
2025-05-14 23:00:00,M18075,6.33,2179,16.3,59,Normal
2025-05-15 00:00:00,L50396,4.17,1653,27.6,62,Normal
2025-05-15 01:00:00,L50397,5.87,2025,21.4,64,Normal
2025-05-15 02:00:00,L50398,5.91,1426,53.6,66,Normal
2025-05-15 03:00:00,M18079,4.51,1503,38.4,68,Normal
2025-05-15 04:00:00,M18080,4.3,1525,36.5,71,Normal
2025-05-15 05:00:00,L50401,5.73,1423,49.1,74,Normal
2025-05-15 06:00:00,M18082,5.4,1435,44.7,76,Normal
2025-05-15 07:00:00,H32637,4.56,1495,36.5,79,Normal
2025-05-15 08:00:00,M18084,4.3,1557,33.8,84,Normal
2025-05-15 09:00:00,L50405,5.05,1474,40.7,87,Normal
2025-05-15 10:00:00,L50406,5.47,1465,46.0,89,Normal
2025-05-15 11:00:00,M18087,4.64,1589,34.9,91,Normal
2025-05-15 12:00:00,L50408,5.53,1475,46.8,94,Normal
2025-05-15 13:00:00,L50409,5.5,1442,43.2,96,Normal
2025-05-15 14:00:00,L50410,4.61,1556,36.0,98,Normal
2025-05-15 15:00:00,L50411,5.78,1425,45.3,100,Normal
2025-05-15 16:00:00,L50412,4.94,1580,38.3,102,Normal
2025-05-15 17:00:00,H32647,5.25,1474,40.7,104,Normal
2025-05-15 18:00:00,L50414,5.08,1489,38.4,109,Normal
2025-05-15 19:00:00,L50415,5.93,1946,20.5,111,Normal
2025-05-15 20:00:00,M18096,7.51,1342,62.4,113,Critical
2025-05-15 21:00:00,M18097,5.35,1758,26.8,116,Normal
2025-05-15 22:00:00,M18098,5.12,1724,25.6,119,Normal
2025-05-15 23:00:00,L50419,6.22,1430,48.5,122,Normal
2025-05-16 00:00:00,L50420,5.18,1612,35.2,124,Normal
2025-05-16 01:00:00,H32655,5.72,1469,43.4,126,Normal
2025-05-16 02:00:00,L50422,6.18,1384,42.4,131,Normal
2025-05-16 03:00:00,L50423,5.44,1724,28.1,133,Normal
2025-05-16 04:00:00,M18104,6.52,1397,48.0,135,Normal
2025-05-16 05:00:00,M18105,5.05,1588,32.7,138,Normal
2025-05-16 06:00:00,L50426,5.81,1468,42.0,141,Normal
2025-05-16 07:00:00,M18107,5.03,1594,31.1,143,Normal
2025-05-16 08:00:00,M18108,5.45,1511,39.3,146,Normal
2025-05-16 09:00:00,L50429,5.56,1493,38.9,149,Normal
2025-05-16 10:00:00,H32664,5.5,1709,27.0,151,Normal
2025-05-16 11:00:00,L50431,5.42,1501,36.1,156,Normal
2025-05-16 12:00:00,L50432,5.6,1668,30.8,158,Normal
2025-05-16 13:00:00,L50433,6.29,1502,48.9,160,Normal
2025-05-16 14:00:00,M18114,8.13,1288,58.4,162,Normal
2025-05-16 15:00:00,L50435,6.02,1491,42.9,165,Normal
2025-05-16 16:00:00,L50436,5.68,1519,39.6,167,Normal
2025-05-16 17:00:00,L50437,6.77,1984,19.7,169,Normal
2025-05-16 18:00:00,L50438,5.76,1643,32.9,171,Normal
2025-05-16 19:00:00,M18119,5.59,1625,31.6,173,Normal
2025-05-16 20:00:00,M18120,7.2,2068,17.8,176,Normal
2025-05-16 21:00:00,H32675,6.1,1469,39.7,179,Normal
2025-05-16 22:00:00,L50442,5.66,1558,36.3,184,Normal
2025-05-16 23:00:00,L50443,7.87,1344,54.8,186,Normal
2025-05-17 00:00:00,H32678,6.58,1455,44.1,188,Normal
2025-05-17 01:00:00,L50445,7.81,1355,53.6,193,Normal
2025-05-17 02:00:00,L50446,8.52,1269,56.8,195,Critical
2025-05-17 03:00:00,L50447,6.11,1550,41.5,197,Normal
2025-05-17 04:00:00,M18128,5.9,1525,37.8,199,Normal
2025-05-17 05:00:00,M18129,6.39,1696,32.4,202,Normal
2025-05-17 06:00:00,L50450,7.07,1937,21.8,205,Normal
2025-05-17 07:00:00,M18131,6.39,1689,32.1,207,Normal
2025-05-17 08:00:00,M18132,5.8,1593,30.8,210,Normal
2025-05-17 09:00:00,M18133,6.02,1565,36.0,213,Normal
2025-05-17 10:00:00,L50454,3.75,1665,31.4,0,Normal
2025-05-17 11:00:00,H32689,3.43,1532,36.3,2,Normal
2025-05-17 12:00:00,L50456,4.31,1438,40.9,7,Normal
2025-05-17 13:00:00,L50457,3.87,1531,41.6,9,Normal
2025-05-17 14:00:00,L50458,3.98,1506,40.8,11,Normal
2025-05-17 15:00:00,L50459,5.45,1382,52.4,13,Normal
2025-05-17 16:00:00,M18140,4.96,1456,50.8,15,Normal
2025-05-17 17:00:00,M18141,4.71,1445,45.6,18,Normal
2025-05-17 18:00:00,L50462,4.05,1515,40.9,21,Normal
2025-05-17 19:00:00,L50463,4.74,1449,45.5,23,Normal
2025-05-17 20:00:00,H32698,5.59,1362,50.7,25,Normal
2025-05-17 21:00:00,L50465,4.12,1687,29.7,30,Normal
2025-05-17 22:00:00,L50466,4.28,1618,37.6,32,Normal
2025-05-17 23:00:00,M18147,3.64,1558,32.6,34,Normal
2025-05-18 00:00:00,L50468,4.15,1662,31.0,37,Normal
2025-05-18 01:00:00,M18149,6.52,1295,56.6,39,Normal
2025-05-18 02:00:00,L50470,5.12,1385,42.3,42,Normal
2025-05-18 03:00:00,M18151,4.83,1479,45.5,44,Normal
2025-05-18 04:00:00,L50472,5.22,1400,44.3,47,Normal
2025-05-18 05:00:00,M18153,6.15,1357,54.5,49,Normal
2025-05-18 06:00:00,L50474,4.5,1657,34.1,52,Normal
2025-05-18 07:00:00,L50475,4.71,1496,43.4,54,Normal
2025-05-18 08:00:00,M18156,5.38,1379,43.2,56,Normal
2025-05-18 09:00:00,L50477,4.27,1548,38.6,59,Normal
2025-05-18 10:00:00,L50478,4.43,1499,38.1,61,Normal
2025-05-18 11:00:00,L50479,5.57,1390,45.8,63,Normal
2025-05-18 12:00:00,H32714,4.28,1538,38.4,65,Normal
2025-05-18 13:00:00,L50481,5.91,1365,47.7,70,Normal
2025-05-18 14:00:00,L50482,5.23,1503,48.6,72,Normal
2025-05-18 15:00:00,L50483,5.96,1390,49.9,74,Normal
2025-05-18 16:00:00,L50484,5.12,1497,45.7,76,Normal
2025-05-18 17:00:00,M18165,5.29,1577,48.3,78,Normal
2025-05-18 18:00:00,L50486,6.1,1432,54.3,81,Normal
2025-05-18 19:00:00,M18167,4.72,1563,39.9,83,Normal
2025-05-18 20:00:00,L50488,5.44,1433,43.4,86,Normal
2025-05-18 21:00:00,L50489,6.18,1384,50.1,88,Normal
2025-05-18 22:00:00,L50490,6.19,1346,46.7,90,Normal
2025-05-18 23:00:00,L50491,5.45,1459,44.7,92,Normal
2025-05-19 00:00:00,L50492,4.56,1639,28.9,94,Normal
2025-05-19 01:00:00,L50493,5.33,1737,31.9,96,Normal
2025-05-19 02:00:00,L50494,5.28,1489,43.5,98,Normal
2025-05-19 03:00:00,M18175,5.25,1492,43.0,100,Normal
2025-05-19 04:00:00,M18176,7.97,1217,60.6,103,Normal
2025-05-19 05:00:00,L50497,4.67,1636,28.7,106,Normal
2025-05-19 06:00:00,L50498,6.1,1436,49.7,108,Normal
2025-05-19 07:00:00,L50499,5.14,1689,30.6,110,Normal
2025-05-19 08:00:00,L50500,7.4,2289,16.4,112,Normal
2025-05-19 09:00:00,L50501,5.12,1522,41.0,114,Normal
2025-05-19 10:00:00,L50502,6.88,1351,52.9,116,Normal
2025-05-19 11:00:00,L50503,5.07,1589,36.7,118,Normal
2025-05-19 12:00:00,L50504,4.87,1578,34.1,120,Normal
2025-05-19 13:00:00,L50505,4.92,1587,33.7,122,Normal
2025-05-19 14:00:00,L50506,6.15,1962,20.2,124,Normal
2025-05-19 15:00:00,M18187,7.42,2432,14.2,126,Normal
2025-05-19 16:00:00,L50508,6.07,1418,43.9,129,Normal
2025-05-19 17:00:00,L50509,5.3,1683,29.7,131,Normal
2025-05-19 18:00:00,L50510,6.74,1385,50.7,133,Normal
2025-05-19 19:00:00,L50511,5.62,1559,44.5,135,Normal
2025-05-19 20:00:00,M18192,5.42,1671,31.6,137,Normal
2025-05-19 21:00:00,M18193,6.98,1343,49.5,140,Normal
2025-05-19 22:00:00,M18194,4.98,1548,34.2,143,Normal
2025-05-19 23:00:00,L50515,5.69,1705,31.2,146,Normal
2025-05-20 00:00:00,L50516,5.09,1535,35.4,148,Normal
2025-05-20 01:00:00,L50517,5.15,1564,34.1,150,Normal
2025-05-20 02:00:00,M18198,5.63,1510,40.9,152,Normal
2025-05-20 03:00:00,L50519,6.05,1492,45.2,155,Normal
2025-05-20 04:00:00,M18200,6.22,1452,44.1,157,Normal
2025-05-20 05:00:00,H32755,7.46,1329,52.0,160,Normal
2025-05-20 06:00:00,L50522,7.25,1382,52.4,165,Normal
2025-05-20 07:00:00,M18203,5.85,1628,36.4,167,Normal
2025-05-20 08:00:00,L50524,5.77,1706,27.9,170,Normal
2025-05-20 09:00:00,L50525,5.57,1594,34.1,172,Normal
2025-05-20 10:00:00,L50526,5.89,1761,24.3,174,Normal
2025-05-20 11:00:00,L50527,5.87,1529,41.8,176,Normal
2025-05-20 12:00:00,M18208,5.81,1532,40.7,178,Normal
2025-05-20 13:00:00,L50529,5.71,1673,27.8,181,Normal
2025-05-20 14:00:00,L50530,8.67,1285,62.6,183,Critical
2025-05-20 15:00:00,L50531,6.03,1680,31.4,185,Normal
2025-05-20 16:00:00,L50532,5.87,1610,34.6,187,Normal
2025-05-20 17:00:00,L50533,5.82,1632,31.6,189,Normal
2025-05-20 18:00:00,L50534,6.0,1559,40.2,191,Normal
2025-05-20 19:00:00,L50535,7.45,1367,49.0,193,Normal
2025-05-20 20:00:00,L50536,8.11,1355,57.8,195,Critical
2025-05-20 21:00:00,H32771,7.41,1414,51.7,197,Normal
2025-05-20 22:00:00,L50538,5.88,1522,36.6,202,Normal
2025-05-20 23:00:00,L50539,6.23,1525,41.9,204,Normal
2025-05-21 00:00:00,L50540,7.29,1394,46.5,206,Normal
2025-05-21 01:00:00,L50541,6.23,1519,40.7,208,Normal
2025-05-21 02:00:00,L50542,6.88,1445,43.9,210,Normal
2025-05-21 03:00:00,L50543,6.43,1555,43.3,212,Normal
2025-05-21 04:00:00,L50544,4.1,1633,39.5,0,Normal
2025-05-21 05:00:00,M18225,3.51,1630,30.3,2,Normal
2025-05-21 06:00:00,M18226,4.02,1692,32.3,5,Normal
2025-05-21 07:00:00,H32781,4.21,1790,26.2,8,Normal
2025-05-21 08:00:00,L50548,6.03,1350,58.5,13,Normal
2025-05-21 09:00:00,L50549,5.7,2760,8.0,15,Critical
2025-05-21 10:00:00,L50550,3.56,1584,32.2,17,Normal
2025-05-21 11:00:00,L50551,5.16,1989,21.8,19,Normal
2025-05-21 12:00:00,L50552,4.74,1431,44.3,21,Normal
2025-05-21 13:00:00,L50553,3.73,1568,35.2,23,Normal
2025-05-21 14:00:00,L50554,5.51,1376,50.6,25,Normal
2025-05-21 15:00:00,M18235,4.83,1459,46.9,27,Normal
2025-05-21 16:00:00,M18236,5.31,1385,47.5,30,Normal
2025-05-21 17:00:00,H32791,3.61,1591,29.6,33,Normal
2025-05-21 18:00:00,L50558,3.77,1568,33.1,38,Normal
2025-05-21 19:00:00,M18239,4.38,1459,37.7,40,Normal
2025-05-21 20:00:00,L50560,4.17,1590,36.3,43,Normal
2025-05-21 21:00:00,L50561,5.55,1376,47.6,45,Normal
2025-05-21 22:00:00,L50562,4.23,1510,38.5,47,Normal
2025-05-21 23:00:00,H32797,4.53,1674,33.6,49,Normal
2025-05-22 00:00:00,L50564,4.93,1426,40.7,54,Normal
2025-05-22 01:00:00,L50565,4.92,1466,43.6,56,Normal
2025-05-22 02:00:00,H32800,4.58,1474,38.7,58,Normal
2025-05-22 03:00:00,M18247,7.4,1290,65.3,63,Normal
2025-05-22 04:00:00,M18248,5.49,1435,48.0,66,Normal
2025-05-22 05:00:00,M18249,5.98,1416,53.2,69,Normal
2025-05-22 06:00:00,H32804,4.83,1599,40.4,72,Normal
2025-05-22 07:00:00,L50571,5.41,1466,47.3,77,Normal
2025-05-22 08:00:00,L50572,5.75,1408,47.3,79,Normal
2025-05-22 09:00:00,L50573,5.37,1490,48.1,81,Normal
2025-05-22 10:00:00,L50574,5.49,1405,42.3,83,Normal
2025-05-22 11:00:00,L50575,4.79,1647,33.3,85,Normal
2025-05-22 12:00:00,M18256,4.76,1459,35.0,87,Normal
2025-05-22 13:00:00,L50577,4.68,1648,30.7,90,Normal
2025-05-22 14:00:00,L50578,4.85,1675,30.7,92,Normal
2025-05-22 15:00:00,L50579,4.72,1605,34.2,94,Normal
2025-05-22 16:00:00,H32814,5.05,1536,44.4,96,Normal
2025-05-22 17:00:00,M18261,4.87,1617,34.3,101,Normal
2025-05-22 18:00:00,L50582,6.78,1347,53.3,104,Normal
2025-05-22 19:00:00,L50583,6.82,1337,52.7,106,Normal
2025-05-22 20:00:00,L50584,5.17,1695,30.9,108,Normal
2025-05-22 21:00:00,M18265,4.96,1635,32.5,110,Normal
2025-05-22 22:00:00,L50586,5.6,1470,44.0,113,Normal
2025-05-22 23:00:00,L50587,6.49,1381,49.8,115,Normal
2025-05-23 00:00:00,M18268,5.98,1382,41.6,117,Normal
2025-05-23 01:00:00,M18269,5.26,1697,30.0,120,Normal
2025-05-23 02:00:00,L50590,5.54,1451,39.7,123,Normal
2025-05-23 03:00:00,L50591,6.79,1419,55.7,125,Normal
2025-05-23 04:00:00,L50592,7.39,1313,55.6,127,Normal
2025-05-23 05:00:00,L50593,5.02,1560,36.3,129,Normal
2025-05-23 06:00:00,L50594,5.33,1555,41.2,131,Normal
2025-05-23 07:00:00,L50595,5.21,1579,36.9,133,Normal
2025-05-23 08:00:00,L50596,6.09,1435,44.6,135,Normal
2025-05-23 09:00:00,L50597,5.28,1621,33.7,137,Normal
2025-05-23 10:00:00,H32832,5.38,1555,40.4,139,Normal
2025-05-23 11:00:00,L50599,5.32,1611,33.8,144,Normal
2025-05-23 12:00:00,L50600,5.91,1834,23.5,146,Normal
2025-05-23 13:00:00,M18281,5.11,1612,29.8,148,Normal
2025-05-23 14:00:00,L50602,5.52,1629,34.1,151,Normal
2025-05-23 15:00:00,L50603,5.35,1496,35.2,153,Normal
2025-05-23 16:00:00,L50604,5.29,1593,32.9,155,Normal
2025-05-23 17:00:00,M18285,5.52,1623,33.5,157,Normal
2025-05-23 18:00:00,L50606,6.96,1380,48.7,160,Normal
2025-05-23 19:00:00,L50607,5.3,1562,34.4,162,Normal
2025-05-23 20:00:00,L50608,6.99,1391,49.4,164,Normal
2025-05-23 21:00:00,H32843,5.28,1551,34.3,166,Normal
2025-05-23 22:00:00,H32844,6.31,1821,26.2,171,Normal
2025-05-23 23:00:00,L50611,6.55,1429,43.6,176,Normal
2025-05-24 00:00:00,M18292,7.1,2012,20.7,178,Normal
2025-05-24 01:00:00,M18293,6.84,1924,23.6,181,Normal
2025-05-24 02:00:00,M18294,6.77,1412,44.1,184,Normal
2025-05-24 03:00:00,L50615,7.64,1389,54.9,187,Normal
2025-05-24 04:00:00,L50616,6.79,1466,48.1,189,Normal
2025-05-24 05:00:00,L50617,8.3,2297,15.8,191,Normal
2025-05-24 06:00:00,L50618,6.11,1471,37.5,193,Normal
2025-05-24 07:00:00,L50619,6.28,1492,41.4,195,Normal
2025-05-24 08:00:00,L50620,6.48,1460,41.5,197,Normal
2025-05-24 09:00:00,L50621,6.04,1559,39.4,199,Normal
2025-05-24 10:00:00,M18302,7.05,1495,52.5,201,Normal
2025-05-24 11:00:00,L50623,5.99,1535,39.0,204,Normal
2025-05-24 12:00:00,L50624,7.63,1381,50.7,206,Normal
2025-05-24 13:00:00,M18305,6.16,1599,36.1,208,Normal
2025-05-24 14:00:00,H32860,7.51,1400,49.5,211,Normal
2025-05-24 15:00:00,L50627,6.29,1624,34.5,216,Normal
2025-05-24 16:00:00,L50628,6.31,1478,36.6,218,Normal
2025-05-24 17:00:00,L50629,6.15,1605,33.3,220,Normal
2025-05-24 18:00:00,L50630,6.65,1506,43.4,222,Normal
2025-05-24 19:00:00,L50631,4.33,1455,43.9,0,Normal
2025-05-24 20:00:00,H32866,3.48,1602,32.3,2,Normal
2025-05-24 21:00:00,L50633,5.27,1425,54.4,7,Normal
2025-05-24 22:00:00,L50634,4.64,1918,21.8,9,Normal
2025-05-24 23:00:00,H32869,4.24,1611,41.5,11,Normal
2025-05-25 00:00:00,H32870,4.11,1610,38.6,16,Normal
2025-05-25 01:00:00,M18317,6.03,2639,12.0,21,Critical
2025-05-25 02:00:00,L50638,5.5,1329,46.6,24,Normal
2025-05-25 03:00:00,L50639,6.35,1270,54.2,26,Normal
2025-05-25 04:00:00,L50640,4.74,1415,41.6,28,Normal
2025-05-25 05:00:00,H32875,5.75,1330,49.5,30,Normal
2025-05-25 06:00:00,H32876,4.56,1786,27.1,35,Normal
2025-05-25 07:00:00,L50643,4.65,1809,25.5,40,Normal
2025-05-25 08:00:00,L50644,6.71,1303,59.7,42,Normal
2025-05-25 09:00:00,M18325,5.37,1383,45.7,44,Normal
2025-05-25 10:00:00,L50646,5.78,1447,56.9,47,Normal
2025-05-25 11:00:00,L50647,4.9,1461,44.2,49,Normal
2025-05-25 12:00:00,L50648,5.9,2092,18.6,51,Normal
2025-05-25 13:00:00,M18329,5.37,1429,47.9,53,Normal
2025-05-25 14:00:00,L50650,4.49,1736,26.5,56,Normal
2025-05-25 15:00:00,L50651,5.45,1441,49.3,58,Normal
2025-05-25 16:00:00,L50652,4.63,1523,43.3,60,Normal
2025-05-25 17:00:00,M18333,4.76,1691,33.4,62,Normal
2025-05-25 18:00:00,M18334,4.18,1557,35.3,65,Normal
2025-05-25 19:00:00,L50655,4.57,1644,33.4,68,Normal
2025-05-25 20:00:00,L50656,4.78,1522,43.8,70,Normal
2025-05-25 21:00:00,L50657,4.62,1547,41.7,72,Normal
2025-05-25 22:00:00,L50658,4.21,1597,30.8,74,Normal
2025-05-25 23:00:00,M18339,4.37,1619,31.0,76,Normal
2025-05-26 00:00:00,L50660,6.51,1400,58.2,79,Normal
2025-05-26 01:00:00,L50661,4.71,1663,31.5,81,Normal
2025-05-26 02:00:00,L50662,4.45,1540,37.6,83,Normal
2025-05-26 03:00:00,H32897,5.26,1455,42.7,85,Normal
2025-05-26 04:00:00,L50664,4.72,1519,39.0,90,Normal
2025-05-26 05:00:00,L50665,5.83,1427,47.7,92,Normal
2025-05-26 06:00:00,L50666,4.68,1650,29.8,94,Normal
2025-05-26 07:00:00,M18347,4.84,1508,38.8,96,Normal
2025-05-26 08:00:00,L50668,6.64,1379,54.8,99,Normal
2025-05-26 09:00:00,L50669,4.61,1542,36.7,101,Normal
2025-05-26 10:00:00,M18350,5.33,1763,28.4,103,Normal
2025-05-26 11:00:00,H32905,4.78,1590,34.3,106,Normal
2025-05-26 12:00:00,H32906,7.6,1336,63.6,111,Normal
2025-05-26 13:00:00,M18353,5.24,1638,35.4,116,Normal
2025-05-26 14:00:00,L50674,6.41,1356,45.7,119,Normal
2025-05-26 15:00:00,M18355,6.39,1384,47.4,121,Normal
2025-05-26 16:00:00,L50676,6.89,1309,48.0,124,Normal
2025-05-26 17:00:00,L50677,5.23,1642,33.1,126,Normal
2025-05-26 18:00:00,L50678,7.49,1289,54.9,128,Normal
2025-05-26 19:00:00,L50679,6.44,1353,43.8,130,Normal
2025-05-26 20:00:00,H32914,6.12,1871,26.0,132,Normal
2025-05-26 21:00:00,H32915,8.16,1291,63.6,137,Normal
2025-05-26 22:00:00,M18362,6.67,1346,44.6,142,Normal
2025-05-26 23:00:00,L50683,6.08,1493,47.6,145,Normal
2025-05-27 00:00:00,M18364,5.52,1524,41.3,147,Normal
2025-05-27 01:00:00,L50685,5.57,1726,26.7,150,Normal
2025-05-27 02:00:00,H32920,6.46,1435,47.2,152,Normal
2025-05-27 03:00:00,M18367,5.31,1502,34.4,157,Normal
2025-05-27 04:00:00,L50688,5.44,1608,33.0,160,Normal
2025-05-27 05:00:00,L50689,5.99,1771,27.2,162,Normal
2025-05-27 06:00:00,L50690,6.09,1474,42.6,164,Normal
2025-05-27 07:00:00,L50691,7.64,1322,53.0,166,Normal
2025-05-27 08:00:00,M18372,7.04,1393,49.5,168,Normal
2025-05-27 09:00:00,M18373,7.13,1417,52.5,171,Normal
2025-05-27 10:00:00,H32928,6.92,1430,49.8,174,Normal
2025-05-27 11:00:00,M18375,6.1,1605,40.0,179,Normal
2025-05-27 12:00:00,L50696,7.04,1402,47.8,182,Normal
2025-05-27 13:00:00,L50697,5.54,1550,35.2,184,Normal
2025-05-27 14:00:00,L50698,7.04,1376,44.9,186,Normal
2025-05-27 15:00:00,M18379,5.52,1569,32.5,188,Normal
2025-05-27 16:00:00,L50700,6.09,1669,32.2,191,Normal
2025-05-27 17:00:00,L50701,5.84,1541,38.9,193,Normal
2025-05-27 18:00:00,L50702,6.06,1651,32.5,195,Normal
2025-05-27 19:00:00,L50703,6.0,1521,39.3,197,Normal
2025-05-27 20:00:00,M18384,7.48,1365,48.2,199,Normal
2025-05-27 21:00:00,L50705,5.86,1609,31.7,202,Normal
2025-05-27 22:00:00,H32940,6.26,1470,37.6,204,Normal
2025-05-27 23:00:00,M18387,6.21,1573,38.9,209,Normal
2025-05-28 00:00:00,L50708,7.88,1378,53.1,212,Critical
2025-05-28 01:00:00,L50709,6.24,1567,39.0,214,Critical
2025-05-28 02:00:00,M18390,4.4,1441,43.7,0,Normal
2025-05-28 03:00:00,M18391,3.77,1641,33.2,3,Normal
2025-05-28 04:00:00,L50712,4.0,1486,40.3,6,Normal
2025-05-28 05:00:00,L50713,3.59,1563,36.2,8,Normal
2025-05-28 06:00:00,M18394,4.1,1769,26.0,10,Normal
2025-05-28 07:00:00,H32949,3.85,1672,29.9,13,Normal
2025-05-28 08:00:00,L50716,3.97,1632,34.2,18,Normal
2025-05-28 09:00:00,M18397,5.1,1980,21.5,20,Normal
2025-05-28 10:00:00,L50718,4.16,1635,36.0,23,Normal
2025-05-28 11:00:00,L50719,4.24,1686,32.5,25,Normal
2025-05-28 12:00:00,L50720,3.57,1574,31.4,27,Normal
2025-05-28 13:00:00,L50721,4.22,1546,43.4,29,Normal
2025-05-28 14:00:00,L50722,4.99,1899,24.7,31,Normal
2025-05-28 15:00:00,L50723,4.27,1449,36.5,33,Normal
2025-05-28 16:00:00,M18404,4.14,1483,37.0,35,Normal
2025-05-28 17:00:00,L50725,4.18,1576,38.6,38,Normal
2025-05-28 18:00:00,M18406,6.1,1317,51.9,40,Normal
2025-05-28 19:00:00,M18407,5.05,1467,48.1,43,Normal
2025-05-28 20:00:00,L50728,4.23,1616,34.5,46,Normal
2025-05-28 21:00:00,M18409,6.85,1299,60.4,48,Normal
2025-05-28 22:00:00,M18410,4.91,1432,41.5,51,Normal
2025-05-28 23:00:00,L50731,4.67,1799,24.2,54,Normal
2025-05-29 00:00:00,M18412,6.09,1358,52.3,56,Normal
2025-05-29 01:00:00,M18413,4.61,1618,37.8,59,Normal
2025-05-29 02:00:00,L50734,4.63,1525,43.2,62,Normal
2025-05-29 03:00:00,L50735,4.29,1551,37.7,64,Normal
2025-05-29 04:00:00,L50736,4.93,1735,31.5,66,Normal
2025-05-29 05:00:00,M18417,5.91,1309,43.3,68,Normal
2025-05-29 06:00:00,L50738,4.69,1743,26.2,71,Normal
2025-05-29 07:00:00,M18419,4.49,1659,29.9,73,Normal
2025-05-29 08:00:00,L50740,4.8,1680,32.4,76,Normal
2025-05-29 09:00:00,L50741,4.73,1486,38.5,78,Normal
2025-05-29 10:00:00,L50742,5.19,1471,43.8,80,Normal
2025-05-29 11:00:00,M18423,4.72,1465,35.8,82,Normal
2025-05-29 12:00:00,M18424,5.02,1492,42.2,85,Normal
2025-05-29 13:00:00,M18425,6.1,1420,52.0,88,Normal
2025-05-29 14:00:00,L50746,7.51,1295,62.3,91,Normal
2025-05-29 15:00:00,L50747,4.38,1548,34.1,93,Normal
2025-05-29 16:00:00,L50748,6.63,1372,54.7,95,Normal
2025-05-29 17:00:00,M18429,4.57,1552,35.9,97,Normal
2025-05-29 18:00:00,H32984,5.75,1441,46.3,100,Normal
2025-05-29 19:00:00,M18431,4.9,1691,27.7,105,Normal
2025-05-29 20:00:00,L50752,6.08,1451,50.7,108,Normal
2025-05-29 21:00:00,L50753,5.95,1452,48.4,110,Normal
2025-05-29 22:00:00,L50754,6.07,1406,46.0,112,Normal
2025-05-29 23:00:00,L50755,5.06,1567,39.1,114,Normal
2025-05-30 00:00:00,L50756,5.43,1599,41.7,116,Normal
2025-05-30 01:00:00,M18437,5.41,1455,39.0,118,Normal
2025-05-30 02:00:00,M18438,5.26,1625,35.9,121,Normal
2025-05-30 03:00:00,L50759,7.24,2672,11.8,124,Critical
2025-05-30 04:00:00,L50760,5.2,1650,31.9,126,Normal
2025-05-30 05:00:00,M18441,5.59,1459,40.2,128,Normal
2025-05-30 06:00:00,L50762,6.65,1395,50.5,131,Normal
2025-05-30 07:00:00,L50763,5.67,1751,29.3,133,Normal
2025-05-30 08:00:00,L50764,9.03,1192,68.9,135,Normal
2025-05-30 09:00:00,L50765,6.53,1947,25.0,137,Normal
2025-05-30 10:00:00,L50766,5.23,1593,34.9,139,Normal
2025-05-30 11:00:00,H33001,5.53,1478,38.6,141,Normal
2025-05-30 12:00:00,M18448,5.82,1505,44.5,146,Normal
2025-05-30 13:00:00,L50769,7.66,2465,13.7,149,Normal
2025-05-30 14:00:00,L50770,6.6,1403,46.8,151,Normal
2025-05-30 15:00:00,M18451,5.97,1458,41.4,153,Normal
2025-05-30 16:00:00,H33006,6.76,1369,45.4,156,Normal
2025-05-30 17:00:00,M18453,6.74,1377,44.9,161,Normal
2025-05-30 18:00:00,M18454,6.41,1452,45.7,164,Normal
2025-05-30 19:00:00,L50775,5.78,1517,41.1,167,Normal
2025-05-30 20:00:00,L50776,7.3,1354,50.0,169,Normal
2025-05-30 21:00:00,M18457,6.21,1724,33.0,171,Normal
2025-05-30 22:00:00,L50778,7.32,1399,53.2,174,Normal
2025-05-30 23:00:00,H33013,7.22,1388,50.5,176,Normal
2025-05-31 00:00:00,L50780,5.5,1523,34.7,181,Normal
2025-05-31 01:00:00,L50781,6.89,1377,43.1,183,Normal
2025-05-31 02:00:00,M18462,6.82,1417,45.2,185,Normal
2025-05-31 03:00:00,L50783,5.86,1542,40.0,188,Normal
2025-05-31 04:00:00,L50784,5.53,1557,33.3,190,Normal
2025-05-31 05:00:00,L50785,5.93,1641,31.9,192,Normal
2025-05-31 06:00:00,L50786,8.12,1318,55.0,194,Normal
2025-05-31 07:00:00,L50787,6.08,1638,33.8,196,Normal
2025-05-31 08:00:00,M18468,7.07,1954,21.6,198,Normal
2025-05-31 09:00:00,M18469,6.09,1644,32.5,201,Normal
2025-05-31 10:00:00,M18470,5.84,1594,32.4,204,Normal
2025-05-31 11:00:00,L50791,7.23,1405,46.4,207,Critical
2025-05-31 12:00:00,L50792,3.93,1622,37.8,0,Normal
2025-05-31 13:00:00,L50793,3.7,1557,39.4,2,Normal
2025-05-31 14:00:00,L50794,3.6,1606,33.3,4,Normal
2025-05-31 15:00:00,M18475,3.74,1647,31.6,6,Normal
2025-05-31 16:00:00,M18476,4.56,1413,42.2,9,Normal
2025-05-31 17:00:00,L50797,3.91,1529,41.6,12,Normal
2025-05-31 18:00:00,L50798,4.69,1448,46.3,14,Normal
2025-05-31 19:00:00,L50799,4.65,1435,44.2,16,Normal
2025-05-31 20:00:00,H33034,4.3,1474,41.8,18,Normal
2025-05-31 21:00:00,L50801,3.83,1657,29.1,23,Normal
2025-05-31 22:00:00,L50802,4.07,1509,39.9,25,Normal
2025-05-31 23:00:00,M18483,3.75,1530,36.4,27,Normal
2025-06-01 00:00:00,M18484,3.97,1587,35.9,30,Normal
2025-06-01 01:00:00,M18485,4.62,1467,43.4,33,Normal
2025-06-01 02:00:00,M18486,5.88,1360,53.0,36,Normal
2025-06-01 03:00:00,L50807,3.73,1588,30.6,39,Normal
2025-06-01 04:00:00,L50808,3.97,1609,32.1,41,Normal
2025-06-01 05:00:00,L50809,5.08,1415,44.1,43,Normal
2025-06-01 06:00:00,L50810,5.02,1845,27.3,45,Normal
2025-06-01 07:00:00,M18491,4.59,1419,36.2,47,Normal
2025-06-01 08:00:00,L50812,4.12,1634,30.6,50,Normal
2025-06-01 09:00:00,M18493,4.37,1521,40.6,52,Normal
2025-06-01 10:00:00,L50814,4.33,1499,37.7,55,Normal
2025-06-01 11:00:00,M18495,4.4,1616,35.1,57,Normal
2025-06-01 12:00:00,L50816,5.25,1449,46.5,60,Normal
2025-06-01 13:00:00,M18497,4.28,1626,31.6,62,Normal
2025-06-01 14:00:00,M18498,5.22,1445,44.8,65,Normal
2025-06-01 15:00:00,L50819,4.56,1622,35.0,68,Normal
2025-06-01 16:00:00,H33054,4.41,1544,39.1,70,Normal
2025-06-01 17:00:00,L50821,4.9,1488,41.8,75,Normal
2025-06-01 18:00:00,L50822,6.95,1309,57.6,77,Normal
2025-06-01 19:00:00,L50823,5.03,1784,26.4,79,Normal
2025-06-01 20:00:00,L50824,4.13,1548,32.4,81,Normal
2025-06-01 21:00:00,L50825,5.53,1413,43.5,83,Normal
2025-06-01 22:00:00,M18506,5.49,1863,25.7,85,Normal
2025-06-01 23:00:00,L50827,5.53,1427,43.8,88,Normal
2025-06-02 00:00:00,M18508,5.67,1443,47.0,90,Normal
2025-06-02 01:00:00,L50829,5.06,1481,40.4,93,Normal
2025-06-02 02:00:00,L50830,5.24,1446,39.7,95,Normal
2025-06-02 03:00:00,L50831,5.61,1444,44.9,97,Normal
2025-06-02 04:00:00,M18512,6.59,1341,50.8,99,Normal
2025-06-02 05:00:00,L50833,4.77,1518,37.4,102,Normal
2025-06-02 06:00:00,L50834,4.93,1603,35.9,104,Normal
2025-06-02 07:00:00,L50835,5.1,1686,30.9,106,Normal
2025-06-02 08:00:00,M18516,6.65,1383,53.6,108,Normal
2025-06-02 09:00:00,L50837,5.62,1477,45.4,111,Normal
2025-06-02 10:00:00,M18518,5.75,1449,44.5,113,Normal
2025-06-02 11:00:00,M18519,5.1,1734,25.0,116,Normal
2025-06-02 12:00:00,L50840,6.4,1398,49.1,119,Normal
2025-06-02 13:00:00,M18521,5.38,1639,36.6,121,Normal
2025-06-02 14:00:00,M18522,5.05,1517,37.6,124,Normal
2025-06-02 15:00:00,M18523,5.77,1442,41.7,127,Normal
2025-06-02 16:00:00,M18524,5.37,1685,30.8,130,Normal
2025-06-02 17:00:00,M18525,6.89,1358,50.6,133,Normal
2025-06-02 18:00:00,M18526,5.6,1608,39.9,136,Normal
2025-06-02 19:00:00,L50847,5.59,1665,34.3,139,Normal
2025-06-02 20:00:00,L50848,5.36,1510,38.7,141,Normal
2025-06-02 21:00:00,L50849,5.73,1465,40.2,143,Normal
2025-06-02 22:00:00,L50850,5.42,1701,27.5,145,Normal
2025-06-02 23:00:00,M18531,5.62,1486,39.6,147,Normal
2025-06-03 00:00:00,L50852,5.55,1658,32.3,150,Normal
2025-06-03 01:00:00,H33087,6.21,1449,44.5,152,Normal
2025-06-03 02:00:00,L50854,7.36,1346,52.4,157,Normal
2025-06-03 03:00:00,M18535,6.22,1866,23.1,159,Normal
2025-06-03 04:00:00,M18536,5.53,1562,38.0,162,Normal
2025-06-03 05:00:00,M18537,7.41,1368,53.6,165,Normal
2025-06-03 06:00:00,L50858,5.31,1567,33.1,168,Normal
2025-06-03 07:00:00,L50859,6.27,1725,34.0,170,Normal
2025-06-03 08:00:00,L50860,6.22,1744,31.2,172,Normal
2025-06-03 09:00:00,M18541,6.49,1453,45.1,174,Normal
2025-06-03 10:00:00,L50862,5.43,1550,34.8,177,Normal
2025-06-03 11:00:00,M18543,5.78,1558,39.1,179,Normal
2025-06-03 12:00:00,L50864,8.92,1270,65.3,182,Critical
2025-06-03 13:00:00,M18545,7.44,1380,51.6,184,Normal
2025-06-03 14:00:00,L50866,7.25,1406,50.5,187,Normal
2025-06-03 15:00:00,M18547,5.73,1625,30.7,189,Normal
2025-06-03 16:00:00,L50868,6.93,1420,45.8,192,Normal
2025-06-03 17:00:00,L50869,6.74,1889,22.7,194,Normal
2025-06-03 18:00:00,L50870,6.51,1477,43.6,196,Normal
2025-06-03 19:00:00,L50871,6.85,1460,46.9,198,Normal
2025-06-03 20:00:00,L50872,6.19,1758,24.4,200,Normal
2025-06-03 21:00:00,L50873,5.55,1521,31.5,202,Normal
2025-06-03 22:00:00,M18554,6.51,1511,45.0,204,Normal
2025-06-03 23:00:00,L50875,5.94,1530,37.3,207,Critical
2025-06-04 00:00:00,L50876,4.53,1454,46.8,0,Normal
2025-06-04 01:00:00,L50877,4.7,1928,23.1,2,Normal
2025-06-04 02:00:00,H33112,3.99,1758,26.4,4,Normal
2025-06-04 03:00:00,L50879,3.89,1649,33.2,9,Normal
2025-06-04 04:00:00,L50880,4.93,1447,50.3,11,Normal
2025-06-04 05:00:00,L50881,4.97,1417,48.0,13,Normal
2025-06-04 06:00:00,L50882,4.69,1434,44.9,15,Normal
2025-06-04 07:00:00,M18563,5.11,1418,49.5,17,Normal
2025-06-04 08:00:00,M18564,5.24,1400,49.5,20,Normal
2025-06-04 09:00:00,M18565,4.12,1725,27.7,23,Normal
2025-06-04 10:00:00,L50886,4.15,1567,41.1,26,Normal
2025-06-04 11:00:00,M18567,4.07,1497,38.4,28,Normal
2025-06-04 12:00:00,L50888,4.34,1549,44.6,31,Normal
2025-06-04 13:00:00,L50889,4.35,1754,26.9,33,Normal
2025-06-04 14:00:00,L50890,4.19,1489,38.3,35,Normal
2025-06-04 15:00:00,L50891,3.98,1543,38.5,37,Normal
2025-06-04 16:00:00,L50892,3.65,1543,33.1,39,Normal
2025-06-04 17:00:00,L50893,3.96,1565,35.6,41,Normal
2025-06-04 18:00:00,M18574,4.83,1855,23.9,43,Normal
2025-06-04 19:00:00,M18575,4.85,1475,45.2,46,Normal
2025-06-04 20:00:00,L50896,4.08,1609,32.3,49,Normal
2025-06-04 21:00:00,H33131,5.02,1443,44.1,51,Normal
2025-06-04 22:00:00,L50898,5.04,1450,44.1,56,Normal
2025-06-04 23:00:00,L50899,4.58,1590,39.9,58,Normal
2025-06-05 00:00:00,M18580,4.57,1508,41.2,60,Normal
2025-06-05 01:00:00,M18581,4.62,1544,43.6,63,Normal
2025-06-05 02:00:00,L50902,5.0,1451,41.8,66,Normal
2025-06-05 03:00:00,L50903,4.62,1758,24.4,68,Normal
2025-06-05 04:00:00,M18584,5.12,1507,47.7,70,Normal
2025-06-05 05:00:00,H33139,4.34,1543,37.5,73,Normal
2025-06-05 06:00:00,M18586,4.51,1505,36.7,78,Normal
2025-06-05 07:00:00,L50907,4.93,1786,24.3,81,Normal
2025-06-05 08:00:00,L50908,5.35,1457,44.5,83,Normal
2025-06-05 09:00:00,M18589,7.29,1312,61.5,85,Normal
2025-06-05 10:00:00,M18590,5.9,1405,47.7,88,Normal
2025-06-05 11:00:00,M18591,5.79,1377,43.0,91,Normal
2025-06-05 12:00:00,M18592,6.43,1347,49.8,94,Normal
2025-06-05 13:00:00,L50913,5.12,1470,39.6,97,Normal
2025-06-05 14:00:00,M18594,5.6,1873,24.0,99,Normal
2025-06-05 15:00:00,M18595,6.62,1434,58.6,102,Normal
2025-06-05 16:00:00,H33150,4.74,1628,30.6,105,Normal
2025-06-05 17:00:00,L50917,6.52,1351,48.6,110,Normal
2025-06-05 18:00:00,M18598,5.66,1454,43.8,112,Normal
2025-06-05 19:00:00,M18599,4.99,1663,29.6,115,Normal
2025-06-05 20:00:00,L50920,6.41,1401,49.7,118,Normal
2025-06-05 21:00:00,L50921,5.12,1503,38.2,120,Normal
2025-06-05 22:00:00,L50922,4.87,1564,35.0,122,Normal
2025-06-05 23:00:00,L50923,5.3,1759,24.6,124,Normal
2025-06-06 00:00:00,L50924,6.68,1409,53.1,126,Normal
2025-06-06 01:00:00,L50925,5.31,1738,25.8,128,Normal
2025-06-06 02:00:00,H33160,6.46,1393,47.5,130,Normal
2025-06-06 03:00:00,L50927,5.36,1499,38.8,135,Normal
2025-06-06 04:00:00,L50928,5.43,1493,39.0,137,Normal
2025-06-06 05:00:00,L50929,5.49,1652,33.9,139,Normal
2025-06-06 06:00:00,L50930,4.9,1589,29.9,141,Normal
2025-06-06 07:00:00,L50931,5.55,1520,42.2,143,Normal
2025-06-06 08:00:00,H33166,5.82,1455,40.3,145,Normal
2025-06-06 09:00:00,L50933,6.26,1463,46.8,150,Normal
2025-06-06 10:00:00,L50934,6.19,1442,43.7,152,Normal
2025-06-06 11:00:00,L50935,7.36,1329,51.5,154,Normal
2025-06-06 12:00:00,L50936,5.05,1546,33.1,156,Normal
2025-06-06 13:00:00,M18617,5.2,1516,33.7,158,Normal
2025-06-06 14:00:00,M18618,6.35,1476,47.4,161,Normal
2025-06-06 15:00:00,L50939,6.72,1412,47.0,164,Normal
2025-06-06 16:00:00,L50940,6.93,1377,46.8,166,Critical
2025-06-06 17:00:00,M18621,5.69,1490,37.1,168,Normal
2025-06-06 18:00:00,M18622,5.56,1526,37.7,171,Normal
2025-06-06 19:00:00,L50943,6.81,1428,47.9,174,Normal
2025-06-06 20:00:00,L50944,7.82,1329,54.6,176,Normal
2025-06-06 21:00:00,M18625,7.03,1443,51.8,178,Normal
2025-06-06 22:00:00,L50946,7.53,1373,53.0,181,Normal
2025-06-06 23:00:00,L50947,6.0,1630,35.6,183,Normal
2025-06-07 00:00:00,L50948,5.52,1555,34.2,185,Normal
2025-06-07 01:00:00,M18629,6.86,1436,47.0,187,Normal
2025-06-07 02:00:00,L50950,5.67,1609,31.0,190,Normal
2025-06-07 03:00:00,M18631,7.38,1384,49.7,192,Normal
2025-06-07 04:00:00,L50952,6.74,1448,44.8,195,Normal
2025-06-07 05:00:00,M18633,6.74,1887,22.4,197,Normal
2025-06-07 06:00:00,M18634,6.68,1480,45.7,200,Normal
2025-06-07 07:00:00,H33189,6.66,1850,23.3,203,Normal
2025-06-07 08:00:00,L50956,5.87,1538,36.8,208,Normal
2025-06-07 09:00:00,M18637,6.47,1721,30.1,210,Normal
2025-06-07 10:00:00,M18638,5.51,1366,54.4,0,Normal
2025-06-07 11:00:00,L50959,3.73,1657,31.1,3,Normal
2025-06-07 12:00:00,L50960,4.38,1446,42.9,5,Normal
2025-06-07 13:00:00,L50961,4.35,1465,43.8,7,Normal
2025-06-07 14:00:00,L50962,4.27,1827,23.8,9,Normal
2025-06-07 15:00:00,H33197,5.03,1397,47.6,11,Normal
2025-06-07 16:00:00,L50964,4.27,1744,29.7,16,Normal
2025-06-07 17:00:00,L50965,3.64,1545,36.7,18,Normal
2025-06-07 18:00:00,L50966,3.9,1587,36.6,20,Normal
2025-06-07 19:00:00,L50967,5.25,1377,47.3,22,Critical
2025-06-07 20:00:00,L50968,4.58,1511,48.1,24,Normal
2025-06-07 21:00:00,L50969,4.04,1650,32.4,26,Normal
2025-06-07 22:00:00,L50970,5.23,1412,48.9,28,Normal
2025-06-07 23:00:00,L50971,4.23,1528,43.1,30,Normal
2025-06-08 00:00:00,L50972,4.11,1459,35.0,32,Normal
2025-06-08 01:00:00,L50973,5.51,1379,49.3,34,Critical
2025-06-08 02:00:00,M18654,5.6,1356,48.3,36,Normal
2025-06-08 03:00:00,M18655,4.88,1409,41.3,39,Normal
2025-06-08 04:00:00,M18656,4.14,1504,37.5,42,Normal
2025-06-08 05:00:00,L50977,4.4,1622,36.8,45,Normal
2025-06-08 06:00:00,L50978,4.61,1786,25.7,47,Normal
2025-06-08 07:00:00,L50979,3.98,1506,34.0,49,Normal
2025-06-08 08:00:00,M18660,5.22,1916,23.1,51,Normal
2025-06-08 09:00:00,M18661,4.74,1771,27.6,54,Normal
2025-06-08 10:00:00,M18662,4.84,1488,44.2,57,Normal
2025-06-08 11:00:00,L50983,4.2,1531,37.5,60,Normal
2025-06-08 12:00:00,L50984,3.97,1529,33.4,62,Normal
2025-06-08 13:00:00,M18665,4.37,1580,36.5,64,Normal
2025-06-08 14:00:00,M18666,5.66,1360,44.0,67,Critical
2025-06-08 15:00:00,M18667,4.19,1546,35.5,70,Normal
2025-06-08 16:00:00,M18668,4.71,1762,24.5,73,Normal
2025-06-08 17:00:00,L50989,6.65,1350,56.6,76,Normal
2025-06-08 18:00:00,M18670,4.54,1562,38.1,78,Normal
2025-06-08 19:00:00,M18671,4.32,1608,30.3,81,Normal
2025-06-08 20:00:00,L50992,6.08,1392,50.0,84,Normal
2025-06-08 21:00:00,L50993,5.35,1467,44.9,86,Normal
2025-06-08 22:00:00,M18674,7.09,1326,59.1,88,Critical
2025-06-08 23:00:00,L50995,4.99,1769,24.9,91,Normal
2025-06-09 00:00:00,L50996,5.65,1459,47.6,93,Normal
2025-06-09 01:00:00,M18677,6.18,1421,52.0,95,Normal
2025-06-09 02:00:00,L50998,5.22,1491,42.8,98,Normal
2025-06-09 03:00:00,L50999,4.72,1567,36.4,100,Normal
2025-06-09 04:00:00,L51000,5.57,1421,41.4,102,Normal
2025-06-09 05:00:00,L51001,4.74,1596,33.5,104,Normal
2025-06-09 06:00:00,M18682,5.56,1464,44.2,106,Normal
2025-06-09 07:00:00,M18683,4.88,1581,36.1,109,Normal
2025-06-09 08:00:00,L51004,4.76,1620,30.3,112,Normal
2025-06-09 09:00:00,H33239,6.25,1413,48.9,114,Normal
2025-06-09 10:00:00,H33240,5.83,1438,43.8,119,Normal
2025-06-09 11:00:00,M18687,5.57,1469,41.6,124,Normal
2025-06-09 12:00:00,M18688,5.57,1762,27.8,127,Normal
2025-06-09 13:00:00,H33243,6.66,1366,48.4,130,Critical
2025-06-09 14:00:00,L51010,6.05,1891,22.7,135,Normal
2025-06-09 15:00:00,M18691,5.7,1742,29.7,137,Normal
2025-06-09 16:00:00,M18692,5.91,1465,43.5,140,Normal
2025-06-09 17:00:00,M18693,5.1,1541,36.6,143,Normal
2025-06-09 18:00:00,M18694,7.82,1295,57.1,146,Normal
2025-06-09 19:00:00,M18695,6.16,1435,43.1,149,Normal
2025-06-09 20:00:00,L51016,6.07,1466,43.9,152,Normal
2025-06-09 21:00:00,L51017,6.45,1450,47.9,154,Normal
2025-06-09 22:00:00,L51018,6.35,1880,24.5,156,Normal
2025-06-09 23:00:00,M18699,5.28,1578,33.5,158,Normal
2025-06-10 00:00:00,L51020,5.47,1610,33.1,161,Normal
2025-06-10 01:00:00,L51021,5.87,1565,42.8,163,Normal
2025-06-10 02:00:00,L51022,5.61,1545,40.1,165,Normal
2025-06-10 03:00:00,L51023,8.64,1227,60.1,167,Normal
2025-06-10 04:00:00,L51024,6.31,1484,45.9,169,Normal
2025-06-10 05:00:00,L51025,5.45,1591,32.7,171,Normal
2025-06-10 06:00:00,L51026,6.89,1403,47.2,173,Normal
2025-06-10 07:00:00,M18707,6.55,1450,45.7,175,Normal
2025-06-10 08:00:00,L51028,5.96,1720,28.1,178,Normal
2025-06-10 09:00:00,L51029,5.69,1561,37.2,180,Normal
2025-06-10 10:00:00,M18710,6.51,1421,41.3,182,Normal
2025-06-10 11:00:00,H33265,7.04,1415,48.4,185,Normal
2025-06-10 12:00:00,L51032,7.3,2034,19.7,190,Normal
2025-06-10 13:00:00,L51033,6.21,1486,40.4,192,Normal
2025-06-10 14:00:00,L51034,8.83,1338,67.6,194,Critical
2025-06-10 15:00:00,H33269,5.65,1578,32.3,196,Normal
2025-06-10 16:00:00,M18716,8.37,1330,58.6,201,Normal
2025-06-10 17:00:00,H33271,6.26,1506,40.8,204,Normal
2025-06-10 18:00:00,L51038,6.05,1559,37.6,209,Normal
2025-06-10 19:00:00,L51039,6.25,1599,37.0,211,Normal
2025-06-10 20:00:00,L51040,6.69,1427,38.9,213,Normal
2025-06-10 21:00:00,M18721,6.55,1481,41.1,215,Normal
2025-06-10 22:00:00,H33276,6.68,1496,43.8,218,Normal
2025-06-10 23:00:00,L51043,6.16,1674,27.0,223,Normal
2025-06-11 00:00:00,M18724,6.24,1629,31.7,225,Normal
2025-06-11 01:00:00,H33279,6.45,1629,34.4,228,Critical
2025-06-11 02:00:00,L51046,5.74,1311,53.2,0,Normal
2025-06-11 03:00:00,M18727,5.66,2709,9.7,2,Critical
2025-06-11 04:00:00,M18728,4.24,1759,29.9,5,Normal
2025-06-11 05:00:00,L51049,4.37,1480,45.2,8,Normal
2025-06-11 06:00:00,L51050,4.56,1461,46.1,10,Normal
2025-06-11 07:00:00,M18731,4.16,1728,30.0,12,Normal
2025-06-11 08:00:00,L51052,5.05,1389,46.5,15,Normal
2025-06-11 09:00:00,L51053,4.05,1638,35.1,17,Normal
2025-06-11 10:00:00,L51054,6.35,1254,54.1,19,Normal
2025-06-11 11:00:00,L51055,5.14,1427,50.1,21,Normal
2025-06-11 12:00:00,L51056,3.84,1627,31.8,23,Normal
2025-06-11 13:00:00,H33291,4.83,1471,48.3,25,Normal
2025-06-11 14:00:00,L51058,4.43,1773,27.1,30,Normal
2025-06-11 15:00:00,M18739,5.36,1430,51.7,32,Normal
2025-06-11 16:00:00,L51060,3.65,1595,29.5,35,Normal
2025-06-11 17:00:00,L51061,4.42,1521,44.1,37,Normal
2025-06-11 18:00:00,L51062,4.98,1419,43.7,39,Normal
2025-06-11 19:00:00,M18743,4.13,1534,40.1,41,Normal
2025-06-11 20:00:00,H33298,4.36,1626,36.0,44,Normal
2025-06-11 21:00:00,L51065,4.26,1677,29.2,49,Normal
2025-06-11 22:00:00,L51066,5.72,1392,50.5,51,Normal
2025-06-11 23:00:00,L51067,5.43,1448,50.5,53,Normal
2025-06-12 00:00:00,L51068,5.18,1903,22.9,55,Normal
2025-06-12 01:00:00,L51069,5.82,1404,52.0,57,Normal
2025-06-12 02:00:00,L51070,6.04,1386,53.5,59,Normal
2025-06-12 03:00:00,L51071,5.46,1418,47.0,61,Normal
2025-06-12 04:00:00,M18752,6.35,1338,53.3,63,Normal
2025-06-12 05:00:00,L51073,4.49,1549,40.6,66,Normal
2025-06-12 06:00:00,M18754,5.19,1432,42.7,68,Normal
2025-06-12 07:00:00,M18755,4.49,1546,40.0,71,Normal
2025-06-12 08:00:00,M18756,4.54,1627,33.2,74,Normal
2025-06-12 09:00:00,M18757,4.62,1640,32.8,77,Normal
2025-06-12 10:00:00,M18758,5.0,1423,36.8,80,Normal
2025-06-12 11:00:00,M18759,4.82,1711,28.7,83,Normal
2025-06-12 12:00:00,M18760,5.88,1450,51.6,86,Normal
2025-06-12 13:00:00,H33315,4.36,1553,34.1,89,Normal
2025-06-12 14:00:00,L51082,4.88,1630,34.6,94,Normal
2025-06-12 15:00:00,H33317,5.07,1476,39.6,96,Normal
2025-06-12 16:00:00,H33318,6.13,1426,50.6,101,Normal
2025-06-12 17:00:00,M18765,4.66,1561,34.9,106,Normal
2025-06-12 18:00:00,L51086,7.72,1297,62.5,109,Normal
2025-06-12 19:00:00,M18767,5.57,1842,23.9,111,Normal
2025-06-12 20:00:00,L51088,5.25,1633,36.4,114,Normal
2025-06-12 21:00:00,H33323,5.5,1744,30.3,116,Normal
2025-06-12 22:00:00,L51090,5.82,1831,26.9,121,Normal
2025-06-12 23:00:00,M18771,6.89,1339,50.8,123,Normal
2025-06-13 00:00:00,L51092,5.49,1475,40.4,126,Normal
2025-06-13 01:00:00,M18773,5.21,1675,29.6,128,Normal
2025-06-13 02:00:00,L51094,5.1,1493,35.1,131,Normal
2025-06-13 03:00:00,L51095,5.4,1700,29.5,133,Normal
2025-06-13 04:00:00,L51096,5.49,1453,37.0,135,Normal
2025-06-13 05:00:00,L51097,4.87,1542,34.1,137,Normal
2025-06-13 06:00:00,M18778,7.1,1358,52.7,139,Normal
2025-06-13 07:00:00,H33333,5.44,1655,32.3,142,Normal
2025-06-13 08:00:00,L51100,6.47,1885,27.5,147,Normal
2025-06-13 09:00:00,L51101,5.72,1494,41.4,149,Normal
2025-06-13 10:00:00,M18782,5.93,1757,29.5,151,Normal
2025-06-13 11:00:00,M18783,5.86,1718,31.2,154,Normal
2025-06-13 12:00:00,M18784,5.69,1636,35.0,157,Normal
2025-06-13 13:00:00,L51105,5.38,1638,29.6,160,Normal
2025-06-13 14:00:00,L51106,5.66,1609,36.0,162,Normal
2025-06-13 15:00:00,H33341,5.33,1556,35.0,164,Normal
2025-06-13 16:00:00,L51108,7.45,1442,59.8,169,Critical
2025-06-13 17:00:00,M18789,5.77,1501,38.8,171,Normal
2025-06-13 18:00:00,M18790,7.12,2041,19.2,174,Normal
2025-06-13 19:00:00,M18791,6.1,1784,25.1,177,Normal
2025-06-13 20:00:00,L51112,6.91,1953,22.4,180,Normal
2025-06-13 21:00:00,L51113,5.63,1576,34.7,182,Normal
2025-06-13 22:00:00,M18794,5.84,1518,39.0,184,Normal
2025-06-13 23:00:00,M18795,9.41,1227,68.2,187,Critical
2025-06-14 00:00:00,L51116,6.97,1985,18.8,190,Normal
2025-06-14 01:00:00,L51117,6.47,1802,26.4,192,Normal
2025-06-14 02:00:00,L51118,5.77,1603,32.4,194,Normal
2025-06-14 03:00:00,L51119,7.62,1400,54.0,196,Normal
2025-06-14 04:00:00,L51120,7.69,1395,54.2,198,Normal
2025-06-14 05:00:00,L51121,7.17,1987,19.9,200,Normal
2025-06-14 06:00:00,M18802,7.26,1398,47.2,202,Normal
2025-06-14 07:00:00,L51123,8.93,1333,66.7,205,Critical
2025-06-14 08:00:00,L51124,7.56,1381,49.4,207,Normal
2025-06-14 09:00:00,L51125,3.53,1570,36.1,0,Normal
2025-06-14 10:00:00,M18806,3.71,1658,31.0,2,Normal
2025-06-14 11:00:00,H33361,4.14,1749,29.2,5,Normal
2025-06-14 12:00:00,M18808,3.7,1510,37.1,10,Normal
2025-06-14 13:00:00,L51129,5.33,1384,50.8,13,Normal
2025-06-14 14:00:00,L51130,3.78,1570,37.2,15,Normal
2025-06-14 15:00:00,M18811,3.52,1571,32.7,17,Normal
2025-06-14 16:00:00,L51132,4.02,1476,37.3,20,Normal
2025-06-14 17:00:00,M18813,4.14,1484,39.5,22,Normal
2025-06-14 18:00:00,M18814,4.88,1909,23.2,25,Normal
2025-06-14 19:00:00,L51135,5.08,1448,49.6,28,Normal
2025-06-14 20:00:00,M18816,4.2,1500,40.2,30,Normal
2025-06-14 21:00:00,L51137,4.48,1510,44.9,33,Normal
2025-06-14 22:00:00,L51138,5.93,1378,55.5,35,Normal
2025-06-14 23:00:00,M18819,3.88,1538,37.4,37,Normal
2025-06-15 00:00:00,L51140,5.44,1390,48.1,40,Normal
2025-06-15 01:00:00,M18821,4.17,1642,32.1,42,Normal
2025-06-15 02:00:00,L51142,4.53,1785,24.8,45,Normal
2025-06-15 03:00:00,H33377,4.12,1526,38.2,47,Normal
2025-06-15 04:00:00,M18824,4.5,1668,33.2,52,Normal
2025-06-15 05:00:00,L51145,4.28,1507,37.5,55,Normal
2025-06-15 06:00:00,L51146,4.19,1530,37.8,57,Normal
2025-06-15 07:00:00,M18827,5.01,1479,45.6,59,Normal
2025-06-15 08:00:00,M18828,5.1,1418,41.3,62,Normal
2025-06-15 09:00:00,L51149,4.49,1504,38.7,65,Normal
2025-06-15 10:00:00,M18830,5.98,1345,47.6,67,Normal
2025-06-15 11:00:00,H33385,4.62,1625,35.4,70,Normal
2025-06-15 12:00:00,L51152,4.31,1511,34.7,75,Normal
2025-06-15 13:00:00,L51153,4.66,1535,41.8,77,Normal
2025-06-15 14:00:00,L51154,4.6,1505,37.9,79,Normal
2025-06-15 15:00:00,H33389,4.82,1540,43.7,81,Normal
2025-06-15 16:00:00,H33390,5.95,1372,46.0,86,Normal
2025-06-15 17:00:00,M18837,4.63,1510,36.6,91,Normal
2025-06-15 18:00:00,L51158,6.02,1382,46.4,94,Normal
2025-06-15 19:00:00,L51159,5.42,1439,41.8,96,Normal
2025-06-15 20:00:00,M18840,6.14,1375,47.0,98,Normal
2025-06-15 21:00:00,M18841,5.81,1931,21.9,101,Normal
2025-06-15 22:00:00,L51162,5.76,1475,48.6,104,Normal
2025-06-15 23:00:00,L51163,6.15,1389,46.9,106,Normal
2025-06-16 00:00:00,L51164,5.05,1652,32.8,108,Normal
2025-06-16 01:00:00,L51165,6.44,1386,50.3,110,Normal
2025-06-16 02:00:00,M18846,4.49,1577,29.8,112,Normal
2025-06-16 03:00:00,M18847,5.71,1444,43.1,115,Normal
2025-06-16 04:00:00,L51168,5.11,1554,40.2,118,Normal
2025-06-16 05:00:00,L51169,4.92,1602,32.8,120,Normal
2025-06-16 06:00:00,H33404,5.14,1692,28.2,122,Normal
2025-06-16 07:00:00,L51171,5.55,1682,34.4,127,Normal
2025-06-16 08:00:00,L51172,5.18,1614,34.1,129,Normal
2025-06-16 09:00:00,L51173,6.87,1324,47.8,131,Normal
2025-06-16 10:00:00,L51174,5.79,1434,40.3,133,Normal
2025-06-16 11:00:00,L51175,5.12,1621,31.6,135,Normal
2025-06-16 12:00:00,M18856,5.27,1625,33.1,137,Normal
2025-06-16 13:00:00,L51177,6.97,1394,53.7,140,Normal
2025-06-16 14:00:00,L51178,5.24,1586,35.1,142,Normal
2025-06-16 15:00:00,L51179,6.37,1420,45.9,144,Normal
2025-06-16 16:00:00,L51180,6.67,1422,50.3,146,Normal
2025-06-16 17:00:00,H33415,5.56,1598,37.9,148,Normal
2025-06-16 18:00:00,L51182,7.15,1454,59.2,153,Critical
2025-06-16 19:00:00,L51183,5.51,1519,39.3,155,Normal
2025-06-16 20:00:00,L51184,7.42,1373,55.7,157,Normal
2025-06-16 21:00:00,M18865,6.81,1406,48.8,159,Normal
2025-06-16 22:00:00,L51186,6.12,1492,45.0,162,Normal
2025-06-16 23:00:00,L51187,7.21,1369,50.8,164,Normal
2025-06-17 00:00:00,M18868,6.08,1471,41.9,166,Normal
2025-06-17 01:00:00,L51189,5.86,1630,36.0,169,Normal
2025-06-17 02:00:00,M18870,5.85,1605,37.6,171,Normal
2025-06-17 03:00:00,L51191,6.98,1447,52.1,174,Normal
2025-06-17 04:00:00,M18872,7.53,1360,52.8,176,Normal
2025-06-17 05:00:00,M18873,6.4,1728,34.0,179,Normal
2025-06-17 06:00:00,L51194,6.29,1740,30.8,182,Normal
2025-06-17 07:00:00,L51195,6.23,1477,41.4,184,Normal
2025-06-17 08:00:00,L51196,5.85,1658,30.3,186,Normal
2025-06-17 09:00:00,L51197,6.78,1902,23.4,188,Normal
2025-06-17 10:00:00,M18878,6.12,1783,23.1,190,Normal
2025-06-17 11:00:00,M18879,6.35,1558,45.3,193,Normal
2025-06-17 12:00:00,L51200,7.6,1351,49.5,196,Normal
2025-06-17 13:00:00,H33435,6.61,1452,42.5,198,Normal
2025-06-17 14:00:00,L51202,6.12,1666,30.7,203,Normal
2025-06-17 15:00:00,L51203,7.67,1364,50.0,205,Normal
2025-06-17 16:00:00,M18884,8.44,1351,60.3,207,Critical
2025-06-17 17:00:00,H33439,6.25,1729,26.1,210,Normal
2025-06-17 18:00:00,M18886,5.97,1574,34.1,215,Normal
2025-06-17 19:00:00,L51207,6.2,1566,37.8,218,Normal
2025-06-17 20:00:00,L51208,6.9,1455,43.2,220,Normal
2025-06-17 21:00:00,H33443,6.31,1679,29.0,222,Normal
2025-06-17 22:00:00,L51210,8.19,2143,17.3,227,Normal
2025-06-17 23:00:00,L51211,7.01,1447,42.7,229,Normal
2025-06-18 00:00:00,L51212,7.89,1383,50.3,231,Critical
2025-06-18 01:00:00,L51213,6.83,1772,27.1,233,Normal
2025-06-18 02:00:00,L51214,6.1,1615,29.0,235,Critical
2025-06-18 03:00:00,L51215,3.86,1454,36.6,0,Normal
2025-06-18 04:00:00,L51216,4.75,1445,49.1,2,Normal
2025-06-18 05:00:00,M18897,3.74,1609,35.2,4,Normal
2025-06-18 06:00:00,L51218,3.37,1546,34.4,7,Normal
2025-06-18 07:00:00,L51219,3.83,1567,39.3,9,Normal
2025-06-18 08:00:00,L51220,4.19,1767,27.4,11,Normal
2025-06-18 09:00:00,L51221,3.39,1539,34.2,13,Normal
2025-06-18 10:00:00,L51222,3.86,1564,39.0,15,Normal
2025-06-18 11:00:00,M18903,4.75,1445,46.3,17,Normal
2025-06-18 12:00:00,M18904,5.02,1419,47.7,20,Critical
2025-06-18 13:00:00,M18905,4.55,1881,20.9,23,Normal
2025-06-18 14:00:00,M18906,4.98,1421,46.2,26,Normal
2025-06-18 15:00:00,L51227,4.81,1455,46.0,29,Normal
2025-06-18 16:00:00,L51228,6.16,2691,12.1,31,Critical
2025-06-18 17:00:00,L51229,4.27,1505,41.2,33,Normal
2025-06-18 18:00:00,L51230,4.92,1456,46.6,35,Normal
2025-06-18 19:00:00,L51231,5.34,1383,46.4,37,Normal
2025-06-18 20:00:00,M18912,4.16,1563,39.2,39,Normal
2025-06-18 21:00:00,M18913,6.55,2305,16.1,42,Normal
2025-06-18 22:00:00,M18914,4.84,1456,43.6,45,Normal
2025-06-18 23:00:00,L51235,4.87,1865,22.7,48,Normal
2025-06-19 00:00:00,L51236,4.33,1597,36.9,50,Normal
2025-06-19 01:00:00,L51237,4.38,1495,38.6,52,Normal
2025-06-19 02:00:00,M18918,5.18,1456,47.2,54,Normal
2025-06-19 03:00:00,L51239,4.98,1465,44.3,57,Normal
2025-06-19 04:00:00,M18920,6.36,1352,55.5,59,Normal
2025-06-19 05:00:00,L51241,5.2,1906,21.7,62,Normal
2025-06-19 06:00:00,L51242,5.15,1446,44.0,64,Normal
2025-06-19 07:00:00,L51243,5.35,1948,19.7,66,Normal
2025-06-19 08:00:00,L51244,5.21,1480,47.1,68,Normal
2025-06-19 09:00:00,M18925,4.44,1511,37.6,70,Normal
2025-06-19 10:00:00,M18926,5.31,1472,47.0,73,Normal
2025-06-19 11:00:00,L51247,5.84,1429,51.0,76,Normal
2025-06-19 12:00:00,L51248,5.86,1405,48.8,78,Normal
2025-06-19 13:00:00,M18929,5.82,1405,47.9,80,Normal
2025-06-19 14:00:00,L51250,6.84,1348,58.1,83,Normal
2025-06-19 15:00:00,L51251,7.64,1331,68.6,85,Critical
2025-06-19 16:00:00,L51252,4.61,1610,33.4,87,Normal
2025-06-19 17:00:00,M18933,5.8,1412,46.5,89,Normal
2025-06-19 18:00:00,L51254,5.36,1453,42.7,92,Normal
2025-06-19 19:00:00,L51255,4.9,1583,38.9,94,Normal
2025-06-19 20:00:00,M18936,4.58,1539,37.4,96,Normal
2025-06-19 21:00:00,L51257,5.31,1635,39.8,99,Normal
2025-06-19 22:00:00,H33492,7.64,1294,62.4,101,Critical
2025-06-19 23:00:00,L51259,6.14,1978,22.0,106,Normal
2025-06-20 00:00:00,L51260,7.08,1357,58.0,108,Critical
2025-06-20 01:00:00,L51261,7.23,1336,58.2,110,Critical
2025-06-20 02:00:00,L51262,5.05,1568,39.2,112,Normal
2025-06-20 03:00:00,M18943,4.89,1567,36.4,114,Normal
2025-06-20 04:00:00,L51264,5.11,1611,35.6,117,Normal
2025-06-20 05:00:00,H33499,5.64,1841,23.6,119,Normal
2025-06-20 06:00:00,L51266,4.98,1567,36.1,124,Normal
2025-06-20 07:00:00,L51267,6.99,1376,54.9,126,Critical
2025-06-20 08:00:00,L51268,5.63,1477,42.4,128,Normal
2025-06-20 09:00:00,M18949,5.46,1590,40.3,130,Normal
2025-06-20 10:00:00,L51270,7.28,2197,15.8,133,Normal
2025-06-20 11:00:00,M18951,5.06,1595,32.9,135,Normal
2025-06-20 12:00:00,H33506,5.75,1812,24.4,138,Normal
2025-06-20 13:00:00,M18953,4.98,1573,32.1,143,Normal
2025-06-20 14:00:00,L51274,5.37,1651,30.9,146,Normal
2025-06-20 15:00:00,H33509,6.02,1459,43.2,148,Normal
2025-06-20 16:00:00,L51276,7.13,1370,51.7,153,Critical
2025-06-20 17:00:00,L51277,5.18,1518,34.1,155,Normal
2025-06-20 18:00:00,L51278,5.4,1648,29.6,157,Normal
2025-06-20 19:00:00,L51279,6.38,1464,47.2,159,Normal
2025-06-20 20:00:00,L51280,6.41,1895,23.2,161,Normal
2025-06-20 21:00:00,L51281,6.39,1884,23.4,163,Normal
2025-06-20 22:00:00,L51282,6.49,1450,46.6,165,Normal
2025-06-20 23:00:00,L51283,6.32,1448,43.4,167,Normal
2025-06-21 00:00:00,L51284,7.08,1389,49.6,169,Normal
2025-06-21 01:00:00,L51285,5.57,1583,35.2,171,Normal
2025-06-21 02:00:00,L51286,7.02,1425,51.1,173,Normal
2025-06-21 03:00:00,L51287,6.35,1809,27.1,175,Normal
2025-06-21 04:00:00,L51288,6.49,1892,21.8,177,Normal
2025-06-21 05:00:00,M18969,6.6,1475,47.8,179,Normal
2025-06-21 06:00:00,L51290,7.2,1361,46.7,182,Normal
2025-06-21 07:00:00,M18971,5.99,1563,41.0,184,Normal
2025-06-21 08:00:00,H33526,6.18,1472,39.7,187,Normal
2025-06-21 09:00:00,L51293,8.08,1325,55.3,192,Normal
2025-06-21 10:00:00,L51294,7.77,1358,53.1,194,Normal
2025-06-21 11:00:00,H33529,7.97,1346,54.7,196,Normal
2025-06-21 12:00:00,M18976,8.08,1381,58.4,201,Normal
2025-06-21 13:00:00,L51297,8.16,1340,55.7,204,Critical
2025-06-21 14:00:00,L51298,7.52,1366,47.7,206,Normal
2025-06-21 15:00:00,L51299,7.6,1325,45.1,208,Critical
2025-06-21 16:00:00,M18980,7.42,1376,46.3,210,Critical
2025-06-21 17:00:00,M18981,7.62,1364,47.8,213,Critical
2025-06-21 18:00:00,L51302,4.27,1462,43.6,0,Normal
2025-06-21 19:00:00,M18983,3.68,1517,38.9,2,Normal
2025-06-21 20:00:00,L51304,5.42,1385,53.6,5,Normal
2025-06-21 21:00:00,L51305,4.25,1439,40.0,7,Normal
2025-06-21 22:00:00,M18986,3.82,1623,34.3,9,Normal
2025-06-21 23:00:00,H33541,4.52,1438,43.2,12,Normal
2025-06-22 00:00:00,L51308,3.76,1708,24.8,17,Normal
2025-06-22 01:00:00,M18989,4.07,1666,32.7,19,Normal
2025-06-22 02:00:00,L51310,6.77,1286,62.8,22,Critical
2025-06-22 03:00:00,L51311,4.61,1485,46.3,24,Normal
2025-06-22 04:00:00,M18992,5.46,1409,52.5,26,Normal
2025-06-22 05:00:00,L51313,4.39,1765,27.3,29,Normal
2025-06-22 06:00:00,L51314,4.08,1688,28.8,31,Normal
2025-06-22 07:00:00,M18995,4.52,1787,26.7,33,Normal
2025-06-22 08:00:00,L51316,4.85,1487,48.0,36,Normal
2025-06-22 09:00:00,L51317,5.61,1384,50.5,38,Normal
2025-06-22 10:00:00,L51318,6.49,1311,57.4,40,Critical
2025-06-22 11:00:00,H33553,3.96,1620,30.8,42,Normal
2025-06-22 12:00:00,L51320,6.71,1331,61.2,47,Critical
2025-06-22 13:00:00,H33555,4.51,1462,38.3,49,Normal
2025-06-22 14:00:00,L51322,5.56,1424,50.2,54,Normal
2025-06-22 15:00:00,L51323,4.47,1500,39.6,56,Normal
2025-06-22 16:00:00,L51324,4.63,1738,28.0,58,Normal
2025-06-22 17:00:00,M19005,5.16,1465,46.5,60,Normal
2025-06-22 18:00:00,L51326,4.77,1482,41.4,63,Normal
2025-06-22 19:00:00,L51327,5.43,1398,44.0,65,Normal
2025-06-22 20:00:00,L51328,5.6,1972,21.3,67,Normal
2025-06-22 21:00:00,L51329,4.63,1603,37.6,69,Normal
2025-06-22 22:00:00,L51330,4.51,1610,34.8,71,Normal
2025-06-22 23:00:00,M19011,5.92,1373,48.0,73,Critical
2025-06-23 00:00:00,M19012,5.45,1425,44.7,76,Normal
2025-06-23 01:00:00,M19013,7.39,1212,55.6,79,Critical
2025-06-23 02:00:00,M19014,5.3,1828,26.3,82,Normal
2025-06-23 03:00:00,L51335,5.85,1370,44.4,85,Critical
2025-06-23 04:00:00,M19016,5.26,1823,25.1,87,Normal
2025-06-23 05:00:00,L51337,7.56,1263,60.6,90,Critical
2025-06-23 06:00:00,L51338,5.45,1889,21.5,92,Normal
2025-06-23 07:00:00,M19019,4.82,1639,32.9,94,Normal
2025-06-23 08:00:00,M19020,4.7,1608,33.1,97,Normal
2025-06-23 09:00:00,H33575,4.94,1653,32.4,100,Normal
2025-06-23 10:00:00,L51342,4.48,1591,29.8,105,Normal
2025-06-23 11:00:00,L51343,5.16,1696,30.9,107,Normal
2025-06-23 12:00:00,L51344,6.47,1346,47.5,109,Critical
2025-06-23 13:00:00,M19025,5.13,1507,40.4,111,Normal
2025-06-23 14:00:00,H33580,5.61,1525,48.7,114,Normal
2025-06-23 15:00:00,M19027,4.74,1559,33.9,119,Normal
2025-06-23 16:00:00,L51348,4.96,1632,30.5,122,Normal
2025-06-23 17:00:00,L51349,4.93,1559,36.0,124,Normal
2025-06-23 18:00:00,M19030,6.88,1355,51.5,126,Critical
2025-06-23 19:00:00,M19031,5.71,1832,23.7,129,Normal
2025-06-23 20:00:00,L51352,6.68,1386,50.0,132,Normal
2025-06-23 21:00:00,M19033,6.88,1346,49.2,134,Critical
2025-06-23 22:00:00,L51354,5.31,1499,37.8,137,Normal
2025-06-23 23:00:00,L51355,5.24,1612,33.4,139,Normal
2025-06-24 00:00:00,M19036,5.29,1544,39.7,141,Normal
2025-06-24 01:00:00,L51357,5.61,1477,39.2,144,Normal
2025-06-24 02:00:00,L51358,5.45,1624,34.4,146,Normal
2025-06-24 03:00:00,L51359,6.82,1349,46.1,148,Critical
2025-06-24 04:00:00,L51360,5.48,1686,28.8,150,Normal
2025-06-24 05:00:00,M19041,5.54,1521,40.4,152,Normal
2025-06-24 06:00:00,L51362,7.4,1362,54.8,155,Critical
2025-06-24 07:00:00,L51363,6.95,1402,50.9,157,Normal
2025-06-24 08:00:00,L51364,7.5,1334,53.2,159,Critical
2025-06-24 09:00:00,L51365,7.13,1348,48.4,161,Critical
2025-06-24 10:00:00,M19046,5.37,1570,34.6,163,Normal
2025-06-24 11:00:00,M19047,5.47,1601,33.0,166,Normal
2025-06-24 12:00:00,M19048,5.48,1611,31.8,169,Normal
2025-06-24 13:00:00,L51369,5.23,1560,31.8,172,Normal
2025-06-24 14:00:00,H33604,6.25,1444,40.7,174,Normal
2025-06-24 15:00:00,L51371,8.24,1317,59.4,179,Normal
2025-06-24 16:00:00,M19052,6.38,1463,43.1,181,Normal
2025-06-24 17:00:00,L51373,5.95,1634,34.2,184,Normal
2025-06-24 18:00:00,L51374,6.87,1423,46.2,186,Normal
2025-06-24 19:00:00,L51375,5.79,1548,38.4,188,Normal
2025-06-24 20:00:00,M19056,5.71,1563,35.6,190,Normal
2025-06-24 21:00:00,L51377,5.86,1573,36.5,193,Normal
2025-06-24 22:00:00,M19058,6.81,1432,44.5,195,Normal
2025-06-24 23:00:00,M19059,5.99,1638,32.0,198,Normal
2025-06-25 00:00:00,L51380,5.8,1571,34.2,201,Normal
2025-06-25 01:00:00,L51381,8.16,2211,15.4,203,Normal
2025-06-25 02:00:00,L51382,6.17,1555,40.6,205,Normal
2025-06-25 03:00:00,M19063,5.64,1558,31.9,207,Normal
2025-06-25 04:00:00,M19064,6.4,1523,43.2,210,Normal
2025-06-25 05:00:00,L51385,6.27,1723,26.3,213,Normal
2025-06-25 06:00:00,M19066,6.42,1721,28.4,215,Normal
2025-06-25 07:00:00,M19067,6.52,1710,30.4,218,Critical
2025-06-25 08:00:00,M19068,3.6,1627,32.3,0,Normal
2025-06-25 09:00:00,M19069,4.75,1422,47.0,3,Normal
2025-06-25 10:00:00,L51390,3.52,1565,35.3,6,Normal
2025-06-25 11:00:00,L51391,5.8,1314,52.8,8,Critical
2025-06-25 12:00:00,M19072,5.89,1392,60.5,10,Normal
2025-06-25 13:00:00,L51393,4.22,1465,40.7,13,Normal
2025-06-25 14:00:00,L51394,3.76,1573,36.6,15,Normal
2025-06-25 15:00:00,M19075,5.81,2157,17.8,17,Normal
2025-06-25 16:00:00,L51396,5.46,1370,50.3,20,Normal
2025-06-25 17:00:00,L51397,4.22,1462,38.8,22,Normal
2025-06-25 18:00:00,M19078,4.26,1479,40.5,24,Normal
2025-06-25 19:00:00,L51399,4.06,1717,26.8,27,Normal
2025-06-25 20:00:00,M19080,7.2,1260,65.9,29,Normal
2025-06-25 21:00:00,L51401,4.35,1467,39.3,32,Normal
2025-06-25 22:00:00,M19082,3.94,1535,38.6,34,Normal
2025-06-25 23:00:00,L51403,4.18,1657,31.9,37,Normal
2025-06-26 00:00:00,L51404,4.18,1698,28.1,39,Normal
2025-06-26 01:00:00,L51405,5.71,1359,49.3,41,Critical
2025-06-26 02:00:00,L51406,4.25,1596,37.1,43,Normal
2025-06-26 03:00:00,L51407,5.46,1383,46.9,45,Normal
2025-06-26 04:00:00,L51408,6.35,2203,16.6,47,Normal
2025-06-26 05:00:00,M19089,5.37,1408,46.8,49,Normal
2025-06-26 06:00:00,L51410,4.51,1673,32.9,52,Normal
2025-06-26 07:00:00,L51411,5.87,1340,47.8,54,Normal
2025-06-26 08:00:00,L51412,4.91,1452,42.3,56,Normal
2025-06-26 09:00:00,M19093,6.49,1302,53.4,58,Normal
2025-06-26 10:00:00,H33648,4.16,1522,35.9,61,Normal
2025-06-26 11:00:00,L51415,5.05,1438,41.4,66,Normal
2025-06-26 12:00:00,L51416,4.81,1604,40.5,68,Normal
2025-06-26 13:00:00,L51417,4.98,1832,23.2,70,Normal
2025-06-26 14:00:00,M19098,4.22,1521,34.8,72,Normal
2025-06-26 15:00:00,L51419,4.86,1446,37.6,75,Normal
2025-06-26 16:00:00,L51420,5.32,1905,20.9,77,Normal
2025-06-26 17:00:00,L51421,5.42,1475,47.9,79,Normal
2025-06-26 18:00:00,L51422,5.55,1462,48.5,81,Normal
2025-06-26 19:00:00,M19103,5.32,1435,42.3,83,Normal
2025-06-26 20:00:00,L51424,4.99,1469,39.6,86,Normal
2025-06-26 21:00:00,M19105,4.95,1520,43.0,88,Normal
2025-06-26 22:00:00,L51426,4.41,1537,35.5,91,Normal
2025-06-26 23:00:00,L51427,6.97,1369,60.0,93,Critical
2025-06-27 00:00:00,L51428,4.74,1506,37.2,95,Normal
2025-06-27 01:00:00,L51429,7.03,1330,56.9,97,Critical
2025-06-27 02:00:00,L51430,5.33,1660,38.0,99,Normal
2025-06-27 03:00:00,H33665,6.84,1356,55.5,101,Critical
2025-06-27 04:00:00,H33666,6.15,1438,51.0,106,Normal
2025-06-27 05:00:00,M19113,6.66,1329,48.6,111,Critical
2025-06-27 06:00:00,L51434,8.21,1284,68.0,114,Critical
2025-06-27 07:00:00,M19115,6.62,1387,52.1,116,Normal
2025-06-27 08:00:00,M19116,4.92,1591,33.9,119,Normal
2025-06-27 09:00:00,M19117,5.27,1589,39.0,122,Normal
2025-06-27 10:00:00,M19118,7.79,1297,60.7,125,Critical
2025-06-27 11:00:00,L51439,4.84,1545,35.1,128,Normal
2025-06-27 12:00:00,H33674,6.05,1418,43.4,130,Normal
2025-06-27 13:00:00,L51441,5.5,1730,28.1,135,Normal
2025-06-27 14:00:00,L51442,6.55,2001,20.7,137,Normal
2025-06-27 15:00:00,L51443,5.46,1620,36.2,139,Normal
2025-06-27 16:00:00,M19124,5.28,1542,39.7,141,Normal
2025-06-27 17:00:00,L51445,5.83,1424,38.0,144,Normal
2025-06-27 18:00:00,L51446,5.86,1440,39.5,146,Normal
2025-06-27 19:00:00,L51447,5.65,1520,42.8,148,Normal
2025-06-27 20:00:00,L51448,5.59,1694,29.8,150,Normal
2025-06-27 21:00:00,L51449,5.76,1610,39.2,152,Normal
2025-06-27 22:00:00,L51450,7.38,1331,52.0,154,Critical
2025-06-27 23:00:00,L51451,5.92,1470,41.2,156,Normal
2025-06-28 00:00:00,L51452,5.5,1577,36.9,158,Normal
2025-06-28 01:00:00,L51453,5.57,1486,36.4,160,Normal
2025-06-28 02:00:00,L51454,6.07,1445,40.3,162,Normal
2025-06-28 03:00:00,M19135,5.56,1500,36.7,164,Normal
2025-06-28 04:00:00,M19136,6.54,1456,47.5,167,Normal
2025-06-28 05:00:00,L51457,5.99,1743,28.1,170,Normal
2025-06-28 06:00:00,L51458,7.05,1409,50.4,172,Normal
2025-06-28 07:00:00,L51459,7.02,1361,45.4,174,Critical
2025-06-28 08:00:00,L51460,6.17,1753,28.9,176,Normal
2025-06-28 09:00:00,L51461,6.24,1832,22.9,178,Normal
2025-06-28 10:00:00,L51462,7.22,1374,48.5,180,Critical
2025-06-28 11:00:00,M19143,8.28,1334,61.0,182,Critical
2025-06-28 12:00:00,L51464,6.08,1493,40.3,185,Normal
2025-06-28 13:00:00,L51465,7.65,1317,49.0,187,Critical
2025-06-28 14:00:00,M19146,6.95,1434,47.9,189,Normal
2025-06-28 15:00:00,M19147,6.29,1457,39.2,192,Normal
2025-06-28 16:00:00,M19148,7.44,1391,50.6,195,Normal
2025-06-28 17:00:00,M19149,6.26,1781,23.9,198,Normal
2025-06-28 18:00:00,L51470,6.09,1642,32.6,201,Normal
2025-06-28 19:00:00,L51471,7.4,2032,19.0,203,Normal
2025-06-28 20:00:00,M19152,8.34,2372,13.9,205,Critical
2025-06-28 21:00:00,L51473,7.21,1393,44.9,208,Normal
2025-06-28 22:00:00,M19154,6.41,1743,27.3,210,Normal
2025-06-28 23:00:00,L51475,6.62,1457,40.4,213,Normal
2025-06-29 00:00:00,L51476,7.93,2825,5.8,215,Critical
2025-06-29 01:00:00,M19157,6.2,1609,34.2,217,Normal
2025-06-29 02:00:00,M19158,4.33,1437,42.3,0,Normal
2025-06-29 03:00:00,L51479,5.07,1402,50.1,3,Normal
2025-06-29 04:00:00,M19160,3.9,1644,34.6,5,Normal
2025-06-29 05:00:00,L51481,4.81,1471,51.1,8,Normal
2025-06-29 06:00:00,L51482,5.94,2695,12.6,10,Normal
2025-06-29 07:00:00,L51483,4.86,1435,48.1,12,Normal
2025-06-29 08:00:00,L51484,3.75,1694,26.3,14,Normal
2025-06-29 09:00:00,L51485,3.75,1687,26.6,16,Normal
2025-06-29 10:00:00,L51486,4.55,1869,22.9,18,Normal
2025-06-29 11:00:00,L51487,6.97,1259,63.9,20,Critical
2025-06-29 12:00:00,H33722,4.78,1460,47.2,22,Normal
2025-06-29 13:00:00,M19169,4.11,1501,39.5,27,Normal
2025-06-29 14:00:00,L51490,4.35,1776,25.6,30,Normal
2025-06-29 15:00:00,M19171,4.44,1468,40.8,32,Normal
2025-06-29 16:00:00,L51492,5.06,1430,46.5,35,Normal
2025-06-29 17:00:00,L51493,4.69,1502,46.6,37,Normal
2025-06-29 18:00:00,H33728,4.04,1623,32.3,39,Normal
2025-06-29 19:00:00,M19175,4.09,1651,29.8,44,Normal
2025-06-29 20:00:00,L51496,4.3,1639,33.4,47,Normal
2025-06-29 21:00:00,M19177,5.17,1417,44.6,49,Normal
2025-06-29 22:00:00,L51498,4.38,1541,42.2,52,Normal
2025-06-29 23:00:00,M19179,5.3,1411,45.1,54,Normal
2025-06-30 00:00:00,L51500,5.38,1397,44.6,57,Normal
2025-06-30 01:00:00,L51501,4.41,1686,28.9,59,Normal
2025-06-30 02:00:00,M19182,5.2,1431,44.0,61,Normal
2025-06-30 03:00:00,L51503,6.16,1341,50.5,64,Critical
2025-06-30 04:00:00,L51504,4.88,1486,43.0,66,Normal
2025-06-30 05:00:00,L51505,6.4,1384,57.1,68,Normal
2025-06-30 06:00:00,L51506,6.46,1362,55.8,70,Critical
2025-06-30 07:00:00,H33741,4.44,1660,29.3,72,Normal
2025-06-30 08:00:00,L51508,6.25,1326,48.2,77,Critical
2025-06-30 09:00:00,L51509,4.07,1566,30.3,79,Normal
2025-06-30 10:00:00,L51510,4.53,1549,38.5,81,Normal
2025-06-30 11:00:00,M19191,5.17,1746,31.1,83,Normal
2025-06-30 12:00:00,M19192,5.21,1452,41.5,86,Normal
2025-06-30 13:00:00,L51513,4.54,1588,33.9,89,Normal
2025-06-30 14:00:00,L51514,5.23,1472,42.5,91,Normal
2025-06-30 15:00:00,L51515,4.94,1607,37.7,93,Normal
2025-06-30 16:00:00,H33750,6.27,1423,53.6,95,Normal
2025-06-30 17:00:00,L51517,5.57,1440,43.4,100,Normal
2025-06-30 18:00:00,L51518,5.85,1397,43.7,102,Normal
2025-06-30 19:00:00,L51519,5.36,1524,46.6,104,Normal
2025-06-30 20:00:00,M19200,4.96,1533,40.9,106,Normal
2025-06-30 21:00:00,L51521,6.08,1398,46.0,109,Normal
2025-06-30 22:00:00,M19202,8.19,1284,68.2,111,Critical
2025-06-30 23:00:00,L51523,5.18,1491,39.3,114,Normal
2025-07-01 00:00:00,H33758,6.4,1418,51.3,116,Normal
2025-07-01 01:00:00,M19205,5.07,1546,39.8,121,Normal
2025-07-01 02:00:00,L51526,4.79,1598,30.4,124,Normal
2025-07-01 03:00:00,H33761,5.32,1724,27.5,126,Normal
2025-07-01 04:00:00,L51528,5.65,1507,44.7,131,Normal
2025-07-01 05:00:00,L51529,4.94,1595,31.4,133,Normal
2025-07-01 06:00:00,M19210,5.21,1568,37.5,135,Normal
2025-07-01 07:00:00,L51531,6.08,1432,43.7,138,Normal
2025-07-01 08:00:00,L51532,6.09,1424,42.8,140,Normal
2025-07-01 09:00:00,M19213,7.63,1386,62.7,142,Critical
2025-07-01 10:00:00,L51534,6.97,1456,58.1,145,Normal
2025-07-01 11:00:00,H33769,7.93,1280,57.3,147,Critical
2025-07-01 12:00:00,L51536,5.44,1649,31.0,152,Normal
2025-07-01 13:00:00,L51537,7.01,1407,52.8,154,Normal
2025-07-01 14:00:00,H33772,5.48,1606,34.5,156,Normal
2025-07-01 15:00:00,M19219,5.43,1531,38.0,161,Normal
2025-07-01 16:00:00,L51540,5.31,1543,35.8,164,Normal
2025-07-01 17:00:00,M19221,7.01,1379,48.2,166,Critical
2025-07-01 18:00:00,L51542,6.56,1447,46.6,169,Normal
2025-07-01 19:00:00,H33777,6.34,1844,24.6,171,Normal
2025-07-01 20:00:00,H33778,5.46,1615,29.9,176,Normal
2025-07-01 21:00:00,L51545,6.83,1449,48.8,181,Normal
2025-07-01 22:00:00,L51546,7.37,1388,51.4,183,Normal
2025-07-01 23:00:00,H33781,6.5,1447,42.8,185,Normal
2025-07-02 00:00:00,L51548,5.82,1664,28.6,190,Normal
2025-07-02 01:00:00,H33783,6.15,1735,27.2,192,Normal
2025-07-02 02:00:00,L51550,8.38,1308,57.6,197,Critical
2025-07-02 03:00:00,L51551,6.3,1480,40.0,199,Normal
2025-07-02 04:00:00,M19232,6.66,1439,41.7,201,Normal
2025-07-02 05:00:00,M19233,5.79,1533,35.9,204,Normal
2025-07-02 06:00:00,L51554,5.79,1551,34.8,207,Normal
2025-07-02 07:00:00,L51555,6.54,1414,36.3,209,Normal
2025-07-02 08:00:00,M19236,5.83,1551,34.6,211,Normal
2025-07-02 09:00:00,M19237,7.31,1436,49.0,214,Normal
2025-07-02 10:00:00,M19238,7.42,1385,45.8,217,Normal
2025-07-02 11:00:00,M19239,6.65,1732,30.1,220,Normal
2025-07-02 12:00:00,L51560,7.56,1410,49.0,223,Normal
2025-07-02 13:00:00,L51561,7.01,1446,43.2,225,Normal
2025-07-02 14:00:00,L51562,6.35,1525,39.6,227,Normal
2025-07-02 15:00:00,L51563,9.33,1298,65.5,229,Critical
2025-07-02 16:00:00,L51564,7.06,1443,42.7,231,Normal
2025-07-02 17:00:00,L51565,7.26,1442,45.3,233,Critical
2025-07-02 18:00:00,L51566,4.09,1719,31.9,0,Normal
2025-07-02 19:00:00,L51567,3.63,1532,39.4,2,Normal
2025-07-02 20:00:00,L51568,3.73,1701,27.2,4,Normal
2025-07-02 21:00:00,M19249,5.04,1355,45.1,6,Critical
2025-07-02 22:00:00,M19250,4.73,1421,45.4,9,Normal
2025-07-02 23:00:00,M19251,5.46,1368,51.6,12,Critical
2025-07-03 00:00:00,L51572,4.57,1458,45.1,15,Normal
2025-07-03 01:00:00,M19253,3.65,1572,34.6,17,Normal
2025-07-03 02:00:00,L51574,4.73,1483,48.7,20,Normal
2025-07-03 03:00:00,L51575,4.04,1513,40.4,22,Normal
2025-07-03 04:00:00,H33810,4.95,1383,42.9,24,Normal
2025-07-03 05:00:00,L51577,3.81,1539,37.7,29,Normal
2025-07-03 06:00:00,M19258,3.97,1563,37.8,31,Normal
2025-07-03 07:00:00,L51579,3.98,1653,29.7,34,Normal
2025-07-03 08:00:00,L51580,5.79,1353,50.9,36,Critical
2025-07-03 09:00:00,H33815,4.69,1468,43.6,38,Normal
2025-07-03 10:00:00,H33816,3.9,1506,33.8,43,Normal
2025-07-03 11:00:00,L51583,5.67,1388,49.9,48,Normal
2025-07-03 12:00:00,M19264,4.89,1485,45.9,50,Normal
2025-07-03 13:00:00,L51585,5.76,1331,45.5,53,Critical
2025-07-03 14:00:00,L51586,6.66,1326,58.5,55,Critical
2025-07-03 15:00:00,L51587,6.1,1394,55.4,57,Normal
2025-07-03 16:00:00,L51588,5.56,2009,18.9,59,Normal
2025-07-03 17:00:00,M19269,6.3,1358,54.6,61,Critical
2025-07-03 18:00:00,L51590,4.12,1586,32.2,64,Normal
2025-07-03 19:00:00,L51591,4.68,1688,31.6,66,Normal
2025-07-03 20:00:00,L51592,5.12,1450,43.2,68,Normal
2025-07-03 21:00:00,M19273,5.7,1398,47.3,70,Normal
2025-07-03 22:00:00,L51594,4.54,1520,39.3,73,Normal
2025-07-03 23:00:00,L51595,4.81,1514,42.7,75,Normal
2025-07-04 00:00:00,M19276,4.31,1532,36.1,77,Normal
2025-07-04 01:00:00,L51597,7.28,1365,66.8,80,Critical
2025-07-04 02:00:00,L51598,4.72,1642,33.2,82,Normal
2025-07-04 03:00:00,M19279,6.7,2676,10.8,84,Critical
2025-07-04 04:00:00,H33834,5.29,1873,21.3,87,Normal
2025-07-04 05:00:00,L51601,7.36,1325,62.4,92,Critical
2025-07-04 06:00:00,M19282,6.69,2157,17.2,94,Normal
2025-07-04 07:00:00,M19283,4.83,1563,39.0,97,Normal
2025-07-04 08:00:00,M19284,4.72,1631,31.0,100,Normal
2025-07-04 09:00:00,L51605,4.68,1547,36.9,103,Normal
2025-07-04 10:00:00,L51606,5.22,1479,40.4,105,Normal
2025-07-04 11:00:00,M19287,6.35,1379,48.9,107,Critical
2025-07-04 12:00:00,L51608,5.74,1906,21.2,110,Normal
2025-07-04 13:00:00,M19289,5.58,1731,33.4,112,Normal
2025-07-04 14:00:00,H33844,5.18,1688,30.4,115,Normal
2025-07-04 15:00:00,H33845,6.52,1443,54.6,120,Normal
2025-07-04 16:00:00,L51612,6.03,1445,46.4,125,Normal
2025-07-04 17:00:00,H33847,6.02,1435,44.9,127,Normal
2025-07-04 18:00:00,L51614,4.81,1556,32.9,132,Normal
2025-07-04 19:00:00,L51615,7.24,1321,52.7,134,Critical
2025-07-04 20:00:00,M19296,5.16,1577,35.8,136,Normal
2025-07-04 21:00:00,L51617,4.9,1578,31.2,139,Normal
2025-07-04 22:00:00,L51618,6.76,1418,52.3,141,Normal
2025-07-04 23:00:00,M19299,7.16,1392,55.8,143,Normal
2025-07-05 00:00:00,L51620,6.12,1446,44.0,146,Normal
2025-07-05 01:00:00,L51621,7.23,1329,50.6,148,Critical
2025-07-05 02:00:00,L51622,5.19,1563,34.8,150,Normal
2025-07-05 03:00:00,L51623,7.3,1405,57.4,152,Normal
2025-07-05 04:00:00,L51624,7.69,2224,16.0,154,Normal
2025-07-05 05:00:00,L51625,5.79,1716,29.9,156,Normal
2025-07-05 06:00:00,L51626,5.44,1584,35.5,158,Normal
2025-07-05 07:00:00,M19307,5.91,1488,41.8,160,Normal
2025-07-05 08:00:00,L51628,7.19,1374,51.2,163,Critical
2025-07-05 09:00:00,M19309,7.4,1378,54.3,165,Critical
2025-07-05 10:00:00,L51630,5.5,1551,37.3,168,Normal
2025-07-05 11:00:00,L51631,5.74,1549,40.9,170,Normal
2025-07-05 12:00:00,M19312,6.11,1447,39.2,172,Normal
2025-07-05 13:00:00,L51633,7.35,1400,53.7,175,Normal
2025-07-05 14:00:00,L51634,7.05,1401,48.8,177,Normal
2025-07-05 15:00:00,H33869,5.33,1597,28.9,179,Normal
2025-07-05 16:00:00,L51636,6.47,1487,46.0,184,Normal
2025-07-05 17:00:00,M19317,5.94,1710,27.3,186,Normal
2025-07-05 18:00:00,L51638,6.69,1478,47.7,189,Normal
2025-07-05 19:00:00,L51639,6.12,1743,26.3,191,Normal
2025-07-05 20:00:00,L51640,5.75,1596,32.8,193,Normal
2025-07-05 21:00:00,L51641,5.9,1642,30.8,195,Normal
2025-07-05 22:00:00,L51642,9.3,1263,67.8,197,Critical
2025-07-05 23:00:00,L51643,7.32,2016,19.9,199,Normal
2025-07-06 00:00:00,L51644,6.11,1671,30.5,201,Normal
2025-07-06 01:00:00,L51645,6.98,1404,43.2,203,Normal
2025-07-06 02:00:00,L51646,6.5,1470,41.1,205,Normal
2025-07-06 03:00:00,L51647,6.36,1617,37.9,207,Normal
2025-07-06 04:00:00,L51648,6.41,1725,29.0,209,Normal
2025-07-06 05:00:00,L51649,6.69,1446,40.9,211,Critical
2025-07-06 06:00:00,L51650,3.38,1564,34.3,0,Normal
2025-07-06 07:00:00,L51651,3.66,1670,29.1,2,Normal
2025-07-06 08:00:00,L51652,4.44,1501,48.7,4,Normal
2025-07-06 09:00:00,L51653,3.48,1551,35.9,6,Normal
2025-07-06 10:00:00,L51654,3.51,1563,35.0,8,Normal
2025-07-06 11:00:00,L51655,4.89,1351,41.8,10,Critical
2025-07-06 12:00:00,L51656,5.23,1415,52.1,12,Normal
2025-07-06 13:00:00,L51657,4.0,1647,34.2,14,Normal
2025-07-06 14:00:00,L51658,4.25,1477,41.6,16,Normal
2025-07-06 15:00:00,L51659,4.76,1923,21.5,18,Normal
2025-07-06 16:00:00,H33894,6.14,1305,55.2,20,Critical
2025-07-06 17:00:00,M19341,3.62,1544,35.1,25,Normal
2025-07-06 18:00:00,H33896,3.9,1568,36.9,28,Normal
2025-07-06 19:00:00,L51663,4.46,1489,42.7,33,Normal
2025-07-06 20:00:00,M19344,4.72,1451,43.1,35,Normal
2025-07-06 21:00:00,L51665,3.8,1542,35.7,38,Normal
2025-07-06 22:00:00,M19346,5.17,1965,20.2,40,Normal
2025-07-06 23:00:00,L51667,4.47,1436,36.5,43,Normal
2025-07-07 00:00:00,M19348,4.15,1509,37.6,45,Normal
2025-07-07 01:00:00,L51669,4.48,1487,40.2,48,Normal
2025-07-07 02:00:00,L51670,5.31,1967,20.3,50,Normal
2025-07-07 03:00:00,H33905,5.82,1409,53.3,52,Normal
2025-07-07 04:00:00,M19352,6.02,1420,56.4,57,Normal
2025-07-07 05:00:00,L51673,4.33,1511,37.7,60,Normal
2025-07-07 06:00:00,H33908,4.31,1649,30.1,62,Normal
2025-07-07 07:00:00,L51675,6.53,1359,57.2,67,Critical
2025-07-07 08:00:00,M19356,4.54,1605,36.0,69,Normal
2025-07-07 09:00:00,L51677,4.29,1523,36.0,72,Normal
2025-07-07 10:00:00,H33912,4.65,1614,36.0,74,Normal
2025-07-07 11:00:00,H33913,4.74,1721,27.4,79,Normal
2025-07-07 12:00:00,L51680,4.91,1638,36.2,84,Normal
2025-07-07 13:00:00,L51681,6.84,1307,54.0,86,Critical
2025-07-07 14:00:00,L51682,4.47,1642,28.3,88,Normal
2025-07-07 15:00:00,M19363,5.24,1751,30.5,90,Normal
2025-07-07 16:00:00,L51684,4.76,1645,31.6,93,Normal
2025-07-07 17:00:00,L51685,5.81,1426,46.8,95,Normal
2025-07-07 18:00:00,M19366,4.64,1520,36.6,97,Normal
2025-07-07 19:00:00,L51687,5.21,1709,31.8,100,Normal
2025-07-07 20:00:00,L51688,5.88,1426,46.6,102,Normal
2025-07-07 21:00:00,L51689,5.7,1429,43.7,104,Normal
2025-07-07 22:00:00,L51690,7.41,1346,62.4,106,Critical
2025-07-07 23:00:00,L51691,5.56,1454,43.0,108,Normal
2025-07-08 00:00:00,M19372,6.25,1411,49.5,110,Normal
2025-07-08 01:00:00,L51693,5.95,1900,24.4,113,Normal
2025-07-08 02:00:00,L51694,5.06,1479,36.2,115,Normal
2025-07-08 03:00:00,L51695,6.22,1415,48.2,117,Normal
2025-07-08 04:00:00,L51696,4.96,1539,39.0,119,Normal
2025-07-08 05:00:00,L51697,4.6,1520,31.6,121,Normal
2025-07-08 06:00:00,L51698,5.78,1480,45.8,123,Normal
2025-07-08 07:00:00,L51699,5.13,1666,29.7,125,Normal
2025-07-08 08:00:00,L51700,6.07,1456,47.6,127,Normal
2025-07-08 09:00:00,L51701,5.91,1865,23.9,129,Normal
2025-07-08 10:00:00,M19382,6.08,1918,21.6,131,Normal
2025-07-08 11:00:00,L51703,6.03,1488,48.4,134,Normal
2025-07-08 12:00:00,M19384,5.21,1527,38.8,136,Normal
2025-07-08 13:00:00,M19385,5.83,1463,42.2,139,Normal
2025-07-08 14:00:00,L51706,5.3,1521,38.5,142,Normal
2025-07-08 15:00:00,M19387,6.62,1372,45.7,144,Critical
2025-07-08 16:00:00,L51708,5.5,1507,39.5,147,Normal
2025-07-08 17:00:00,M19389,5.27,1586,34.3,149,Normal
2025-07-08 18:00:00,L51710,5.83,1487,42.0,152,Normal
2025-07-08 19:00:00,L51711,5.62,1520,41.2,154,Normal
2025-07-08 20:00:00,H33946,6.24,1422,41.9,156,Normal
2025-07-08 21:00:00,M19393,7.25,1375,52.5,161,Critical
2025-07-08 22:00:00,L51714,5.3,1633,28.0,164,Normal
2025-07-08 23:00:00,L51715,5.53,1503,36.2,166,Normal
2025-07-09 00:00:00,L51716,6.98,1351,45.1,168,Critical
2025-07-09 01:00:00,L51717,5.37,1548,35.3,170,Normal
2025-07-09 02:00:00,L51718,6.7,1923,23.3,172,Normal
2025-07-09 03:00:00,L51719,5.49,1592,32.6,174,Normal
2025-07-09 04:00:00,M19400,5.64,1580,35.6,176,Normal
2025-07-09 05:00:00,L51721,6.8,1427,46.8,179,Normal
2025-07-09 06:00:00,M19402,5.52,1581,32.7,181,Normal
2025-07-09 07:00:00,M19403,5.8,1542,39.9,184,Normal
2025-07-09 08:00:00,L51724,7.87,1349,55.1,187,Critical
2025-07-09 09:00:00,L51725,6.47,1463,43.0,189,Normal
2025-07-09 10:00:00,M19406,6.7,1429,43.2,191,Normal
2025-07-09 11:00:00,M19407,7.29,1451,53.6,194,Normal
2025-07-09 12:00:00,L51728,5.92,1511,37.2,197,Normal
2025-07-09 13:00:00,L51729,5.86,1549,37.5,199,Normal
2025-07-09 14:00:00,M19410,6.18,1507,40.2,201,Normal
2025-07-09 15:00:00,M19411,5.7,1524,33.7,204,Normal
2025-07-09 16:00:00,M19412,6.84,1880,22.7,207,Normal
2025-07-09 17:00:00,L51733,4.4,1461,45.4,0,Normal
2025-07-09 18:00:00,L51734,4.03,1748,28.2,2,Normal
2025-07-09 19:00:00,L51735,3.63,1690,26.7,4,Normal
2025-07-09 20:00:00,M19416,5.47,1349,51.2,6,Critical
2025-07-09 21:00:00,L51737,3.64,1686,26.3,9,Normal
2025-07-09 22:00:00,L51738,5.18,1369,47.5,11,Critical
2025-07-09 23:00:00,L51739,4.6,1433,43.7,13,Normal
2025-07-10 00:00:00,L51740,4.24,1597,41.9,15,Normal
2025-07-10 01:00:00,L51741,3.7,1610,32.2,17,Normal
2025-07-10 02:00:00,L51742,5.78,1398,57.7,19,Normal
2025-07-10 03:00:00,L51743,5.0,1977,20.0,21,Normal
2025-07-10 04:00:00,L51744,3.98,1516,39.5,23,Normal
2025-07-10 05:00:00,H33979,6.36,1275,55.0,25,Critical
2025-07-10 06:00:00,L51746,5.41,1402,50.5,30,Normal
2025-07-10 07:00:00,M19427,4.79,1451,44.7,32,Normal
2025-07-10 08:00:00,M19428,3.86,1555,36.1,35,Normal
2025-07-10 09:00:00,L51749,4.28,1636,35.0,38,Normal
2025-07-10 10:00:00,L51750,6.15,1312,52.2,40,Critical
2025-07-10 11:00:00,L51751,4.39,1708,29.8,42,Normal
2025-07-10 12:00:00,M19432,4.0,1556,36.5,44,Normal
2025-07-10 13:00:00,H33987,4.97,1436,43.5,47,Normal
2025-07-10 14:00:00,M19434,5.04,1402,40.7,52,Normal
2025-07-10 15:00:00,M19435,5.48,1437,49.9,55,Normal
2025-07-10 16:00:00,M19436,5.27,1926,21.8,58,Normal
2025-07-10 17:00:00,L51757,4.73,1800,23.7,61,Normal
2025-07-10 18:00:00,L51758,4.45,1641,32.6,63,Normal
2025-07-10 19:00:00,L51759,5.84,1374,48.2,65,Critical
2025-07-10 20:00:00,L51760,4.46,1494,37.0,67,Normal
2025-07-10 21:00:00,L51761,4.31,1601,32.9,69,Normal
2025-07-10 22:00:00,L51762,4.78,1634,36.9,71,Normal
2025-07-10 23:00:00,M19443,4.73,1467,37.7,73,Normal
2025-07-11 00:00:00,L51764,4.07,1550,32.3,76,Normal
2025-07-11 01:00:00,L51765,4.16,1563,32.2,78,Normal
2025-07-11 02:00:00,L51766,5.9,1395,48.3,80,Normal
2025-07-11 03:00:00,M19447,4.33,1507,33.4,82,Normal
2025-07-11 04:00:00,L51768,4.66,1564,38.5,85,Normal
2025-07-11 05:00:00,L51769,5.01,1721,30.0,87,Normal
2025-07-11 06:00:00,L51770,4.87,1456,36.1,89,Normal
2025-07-11 07:00:00,H34005,6.38,2102,17.8,91,Normal
2025-07-11 08:00:00,L51772,4.44,1555,33.9,96,Normal
2025-07-11 09:00:00,L51773,5.62,1409,41.9,98,Normal
2025-07-11 10:00:00,M19454,5.73,1387,41.4,100,Normal
2025-07-11 11:00:00,M19455,5.53,1460,43.9,103,Normal
2025-07-11 12:00:00,L51776,6.36,1361,47.6,106,Critical
2025-07-11 13:00:00,M19457,5.36,1490,43.0,108,Normal
2025-07-11 14:00:00,L51778,6.31,1399,49.2,111,Normal
2025-07-11 15:00:00,L51779,6.64,1420,55.8,113,Normal
2025-07-11 16:00:00,L51780,6.25,1359,44.2,115,Critical
2025-07-11 17:00:00,M19461,6.86,1372,54.3,117,Critical
2025-07-11 18:00:00,M19462,5.87,1409,41.7,120,Normal
2025-07-11 19:00:00,H34017,6.75,1452,58.3,123,Normal
2025-07-11 20:00:00,L51784,5.69,1820,24.6,128,Normal
2025-07-11 21:00:00,H34019,6.11,1469,48.7,130,Normal
2025-07-11 22:00:00,L51786,5.65,1556,45.3,135,Normal
2025-07-11 23:00:00,L51787,6.4,1980,20.2,137,Normal
2025-07-12 00:00:00,M19468,5.24,1519,38.0,139,Normal
2025-07-12 01:00:00,L51789,6.02,1456,44.0,142,Normal
2025-07-12 02:00:00,L51790,6.47,1394,45.3,144,Normal
2025-07-12 03:00:00,L51791,7.37,1365,56.2,146,Critical
2025-07-12 04:00:00,L51792,7.49,2194,16.5,148,Normal
2025-07-12 05:00:00,L51793,7.17,1403,55.6,150,Normal
2025-07-12 06:00:00,H34028,5.42,1503,37.0,152,Normal
2025-07-12 07:00:00,L51795,6.19,1793,29.3,157,Normal
2025-07-12 08:00:00,L51796,6.1,1829,24.5,159,Normal
2025-07-12 09:00:00,M19477,6.06,1831,23.3,161,Normal
2025-07-12 10:00:00,M19478,7.58,1335,53.6,164,Critical
2025-07-12 11:00:00,H34033,7.15,2056,19.7,167,Normal
2025-07-12 12:00:00,L51800,7.6,1336,52.6,172,Critical
2025-07-12 13:00:00,L51801,7.5,1341,51.0,174,Critical
2025-07-12 14:00:00,M19482,5.59,1526,37.3,176,Normal
2025-07-12 15:00:00,L51803,5.86,1525,40.7,179,Normal
2025-07-12 16:00:00,M19484,6.36,1428,39.8,181,Normal
2025-07-12 17:00:00,L51805,6.32,1511,45.7,184,Normal
2025-07-12 18:00:00,L51806,5.85,1664,29.8,186,Normal
2025-07-12 19:00:00,M19487,6.07,1592,38.9,188,Normal
2025-07-12 20:00:00,M19488,5.99,1597,36.7,191,Normal
2025-07-12 21:00:00,L51809,6.1,1735,26.1,194,Normal
2025-07-12 22:00:00,L51810,6.06,1751,23.8,196,Normal
2025-07-12 23:00:00,L51811,7.13,1383,44.6,198,Normal
2025-07-13 00:00:00,M19492,8.04,1330,53.7,200,Critical
2025-07-13 01:00:00,L51813,7.58,1382,50.5,203,Normal
2025-07-13 02:00:00,L51814,6.62,1755,30.4,205,Normal
2025-07-13 03:00:00,M19495,6.2,1614,35.7,207,Normal
2025-07-13 04:00:00,L51816,6.7,1466,43.0,210,Normal
2025-07-13 05:00:00,M19497,6.85,1847,24.7,212,Normal
2025-07-13 06:00:00,L51818,6.18,1474,34.8,215,Normal
2025-07-13 07:00:00,L51819,6.31,1657,31.8,217,Normal
2025-07-13 08:00:00,L51820,6.79,1435,40.1,219,Normal
2025-07-13 09:00:00,H34055,6.66,1494,42.7,221,Normal
2025-07-13 10:00:00,L51822,8.92,1238,54.6,226,Critical
2025-07-13 11:00:00,L51823,8.44,1324,54.2,228,Critical
2025-07-13 12:00:00,L51824,6.55,1514,41.2,230,Normal
2025-07-13 13:00:00,L51825,6.5,1732,25.6,232,Normal
2025-07-13 14:00:00,L51826,7.01,1497,46.0,234,Critical
2025-07-13 15:00:00,L51827,4.74,1958,21.5,0,Normal
2025-07-13 16:00:00,L51828,3.65,1630,32.5,2,Normal
2025-07-13 17:00:00,M19509,5.71,1395,59.1,4,Normal
2025-07-13 18:00:00,L51830,3.74,1658,30.5,7,Normal
2025-07-13 19:00:00,L51831,5.5,1349,51.1,9,Critical
2025-07-13 20:00:00,L51832,5.07,1452,52.9,11,Normal
2025-07-13 21:00:00,M19513,3.78,1594,35.5,13,Normal
2025-07-13 22:00:00,M19514,4.46,1510,47.6,16,Normal
2025-07-13 23:00:00,L51835,4.46,1854,22.6,19,Normal
2025-07-14 00:00:00,L51836,3.84,1626,32.3,21,Normal
2025-07-14 01:00:00,L51837,4.07,1628,35.2,23,Normal
2025-07-14 02:00:00,L51838,4.35,1679,34.8,25,Normal
2025-07-14 03:00:00,M19519,4.5,1489,44.5,27,Normal
2025-07-14 04:00:00,L51840,4.78,1439,43.9,30,Normal
2025-07-14 05:00:00,L51841,5.57,1350,48.1,32,Critical
2025-07-14 06:00:00,H34076,3.85,1607,31.7,34,Normal
2025-07-14 07:00:00,L51843,5.82,1389,53.9,39,Normal
2025-07-14 08:00:00,M19524,4.65,1566,46.1,41,Normal
2025-07-14 09:00:00,M19525,6.34,1307,54.0,44,Critical
2025-07-14 10:00:00,M19526,4.11,1569,36.6,47,Normal
2025-07-14 11:00:00,H34081,4.22,1651,30.6,50,Normal
2025-07-14 12:00:00,H34082,4.33,1692,27.9,55,Normal
2025-07-14 13:00:00,M19529,5.72,1373,47.3,60,Critical
2025-07-14 14:00:00,L51850,4.46,1610,35.5,63,Normal
2025-07-14 15:00:00,L51851,4.76,1511,43.4,65,Normal
2025-07-14 16:00:00,L51852,6.13,1412,55.6,67,Normal
2025-07-14 17:00:00,L51853,4.39,1501,36.2,69,Normal
2025-07-14 18:00:00,L51854,5.46,1414,44.8,71,Normal
2025-07-14 19:00:00,H34089,4.56,1629,33.5,73,Normal
2025-07-14 20:00:00,L51856,5.21,1879,21.3,78,Normal
2025-07-14 21:00:00,H34091,5.42,1466,47.0,80,Normal
2025-07-14 22:00:00,H34092,4.98,1476,40.1,85,Normal
2025-07-14 23:00:00,L51859,4.94,1695,30.7,90,Normal
2025-07-15 00:00:00,L51860,4.96,1491,39.8,92,Normal
2025-07-15 01:00:00,M19541,5.05,1659,34.7,94,Normal
2025-07-15 02:00:00,L51862,4.38,1567,31.7,97,Normal
2025-07-15 03:00:00,L51863,5.42,1736,32.9,99,Normal
2025-07-15 04:00:00,M19544,5.78,1421,44.8,101,Critical
2025-07-15 05:00:00,M19545,4.74,1627,30.8,104,Normal
2025-07-15 06:00:00,M19546,4.63,1562,34.2,107,Normal
2025-07-15 07:00:00,L51867,7.01,2183,17.0,110,Normal
2025-07-15 08:00:00,L51868,5.03,1577,38.1,112,Normal
2025-07-15 09:00:00,M19549,4.85,1560,36.4,114,Normal
2025-07-15 10:00:00,M19550,5.51,1483,43.0,117,Normal
2025-07-15 11:00:00,L51871,4.62,1535,33.3,120,Normal
2025-07-15 12:00:00,M19552,4.75,1606,29.6,122,Normal
2025-07-15 13:00:00,M19553,5.65,1817,24.7,125,Normal
2025-07-15 14:00:00,L51874,6.47,1424,50.8,128,Normal
2025-07-15 15:00:00,L51875,4.94,1514,34.7,130,Normal
2025-07-15 16:00:00,L51876,5.79,1449,41.7,132,Normal
2025-07-15 17:00:00,M19557,5.0,1573,34.0,134,Normal
2025-07-15 18:00:00,L51878,5.5,1564,41.9,137,Normal
2025-07-15 19:00:00,L51879,6.28,1428,46.2,139,Normal
2025-07-15 20:00:00,L51880,5.15,1620,31.0,141,Normal
2025-07-15 21:00:00,H34115,5.08,1584,32.7,143,Normal
2025-07-15 22:00:00,L51882,8.88,1222,66.8,148,Critical
2025-07-15 23:00:00,M19563,6.15,1432,42.5,150,Normal
2025-07-16 00:00:00,L51884,5.11,1561,33.3,153,Normal
2025-07-16 01:00:00,L51885,5.42,1614,33.2,155,Normal
2025-07-16 02:00:00,L51886,6.66,1959,22.3,157,Normal
2025-07-16 03:00:00,L51887,6.68,1944,23.5,159,Normal
2025-07-16 04:00:00,L51888,6.01,1793,25.8,161,Normal
2025-07-16 05:00:00,M19569,6.71,1446,50.0,163,Normal
2025-07-16 06:00:00,L51890,5.82,1673,32.2,166,Normal
2025-07-16 07:00:00,M19571,6.01,1515,44.2,168,Normal
2025-07-16 08:00:00,L51892,5.51,1564,35.9,171,Normal
2025-07-16 09:00:00,L51893,6.49,1451,45.2,173,Normal
2025-07-16 10:00:00,H34128,5.78,1693,28.3,175,Normal
2025-07-16 11:00:00,L51895,6.25,1476,42.3,180,Normal
2025-07-16 12:00:00,L51896,6.09,1712,30.1,182,Normal
2025-07-16 13:00:00,M19577,6.78,1425,45.4,184,Normal
2025-07-16 14:00:00,L51898,8.05,1337,56.8,187,Critical
2025-07-16 15:00:00,M19579,6.36,1690,34.9,189,Normal
2025-07-16 16:00:00,M19580,7.19,1353,44.1,192,Critical
2025-07-16 17:00:00,L51901,6.91,1927,21.9,195,Normal
2025-07-16 18:00:00,M19582,6.95,1391,42.7,197,Normal
2025-07-16 19:00:00,L51903,7.66,1366,50.9,200,Critical
2025-07-16 20:00:00,L51904,6.75,1771,31.6,202,Normal
2025-07-16 21:00:00,M19585,6.33,1515,42.6,204,Normal
2025-07-16 22:00:00,M19586,7.96,2133,18.3,207,Normal
2025-07-16 23:00:00,M19587,7.66,1341,47.0,210,Critical
2025-07-17 00:00:00,L51908,7.34,1406,47.1,213,Normal
2025-07-17 01:00:00,L51909,8.83,1306,61.0,215,Critical
2025-07-17 02:00:00,L51910,6.06,1508,35.5,217,Normal
2025-07-17 03:00:00,L51911,7.87,1301,45.1,219,Critical
2025-07-17 04:00:00,L51912,6.13,1539,38.5,221,Normal
2025-07-17 05:00:00,L51913,6.86,1484,44.6,223,Normal
2025-07-17 06:00:00,L51914,6.4,1507,39.2,225,Normal
2025-07-17 07:00:00,L51915,6.49,1544,42.5,227,Normal
2025-07-17 08:00:00,L51916,3.62,1513,37.9,0,Normal
2025-07-17 09:00:00,M19597,5.95,1336,58.2,2,Critical
2025-07-17 10:00:00,M19598,5.44,2102,19.0,5,Normal
2025-07-17 11:00:00,L51919,5.65,1351,53.8,8,Critical
2025-07-17 12:00:00,L51920,3.76,1601,35.2,10,Normal
2025-07-17 13:00:00,L51921,5.41,1393,52.9,12,Normal
2025-07-17 14:00:00,L51922,3.66,1592,33.7,14,Normal
2025-07-17 15:00:00,L51923,5.29,1409,51.8,16,Normal
2025-07-17 16:00:00,L51924,5.12,1393,47.4,18,Normal
2025-07-17 17:00:00,H34159,4.41,1475,43.1,20,Normal
2025-07-17 18:00:00,L51926,4.9,1427,45.6,25,Normal
2025-07-17 19:00:00,L51927,4.35,1763,27.3,27,Normal
2025-07-17 20:00:00,L51928,5.37,1363,46.7,29,Critical
2025-07-17 21:00:00,L51929,5.44,1404,50.9,31,Normal
2025-07-17 22:00:00,M19610,4.31,1688,31.9,33,Normal
2025-07-17 23:00:00,L51931,4.02,1510,37.3,36,Normal
2025-07-18 00:00:00,H34166,4.23,1502,39.5,38,Normal
2025-07-18 01:00:00,H34167,4.28,1607,36.6,43,Normal
2025-07-18 02:00:00,M19614,6.01,1384,54.8,48,Normal
2025-07-18 03:00:00,L51935,6.31,1295,51.3,51,Critical
2025-07-18 04:00:00,H34170,5.39,1991,19.0,53,Normal
2025-07-18 05:00:00,L51937,4.71,1497,42.8,58,Normal
2025-07-18 06:00:00,L51938,5.3,1465,48.7,60,Normal
2025-07-18 07:00:00,L51939,5.76,1361,46.5,62,Critical
2025-07-18 08:00:00,L51940,4.31,1546,38.5,64,Normal
2025-07-18 09:00:00,H34175,6.38,1332,52.7,66,Critical
2025-07-18 10:00:00,M19622,6.59,2663,11.4,71,Critical
2025-07-18 11:00:00,L51943,5.41,1443,45.9,74,Normal
2025-07-18 12:00:00,M19624,5.84,1402,48.6,76,Normal
2025-07-18 13:00:00,L51945,5.38,1892,22.5,79,Normal
2025-07-18 14:00:00,M19626,4.88,1645,35.7,81,Normal
2025-07-18 15:00:00,L51947,5.63,1473,50.1,84,Normal
2025-07-18 16:00:00,L51948,6.75,1309,52.9,86,Critical
2025-07-18 17:00:00,H34183,4.49,1544,37.1,88,Normal
2025-07-18 18:00:00,L51950,6.41,1344,49.3,93,Critical
2025-07-18 19:00:00,M19631,4.91,1617,36.0,95,Normal
2025-07-18 20:00:00,M19632,5.21,1435,37.9,98,Normal
2025-07-18 21:00:00,L51953,6.31,1391,50.3,101,Normal
2025-07-18 22:00:00,L51954,5.35,1827,23.3,103,Normal
2025-07-18 23:00:00,L51955,5.17,1761,25.8,105,Normal
2025-07-19 00:00:00,L51956,4.74,1522,36.4,107,Normal
2025-07-19 01:00:00,M19637,5.39,1818,23.6,109,Normal
2025-07-19 02:00:00,H34192,6.83,1371,54.6,112,Critical
2025-07-19 03:00:00,L51959,5.08,1511,38.9,117,Normal
2025-07-19 04:00:00,L51960,6.2,1404,46.6,119,Normal
2025-07-19 05:00:00,L51961,6.29,1384,45.9,121,Normal
2025-07-19 06:00:00,L51962,6.84,1368,52.6,123,Normal
2025-07-19 07:00:00,L51963,5.4,1641,36.0,125,Normal
2025-07-19 08:00:00,L51964,5.19,1642,32.3,127,Normal
2025-07-19 09:00:00,H34199,6.56,1401,50.0,129,Normal
2025-07-19 10:00:00,L51966,5.5,1577,41.3,134,Normal
2025-07-19 11:00:00,L51967,6.29,1396,44.1,136,Normal
2025-07-19 12:00:00,H34202,5.09,1514,35.5,138,Normal
2025-07-19 13:00:00,L51969,5.63,1646,35.8,143,Normal
2025-07-19 14:00:00,L51970,5.91,1443,40.7,145,Normal
2025-07-19 15:00:00,M19651,6.3,1469,48.5,147,Normal
2025-07-19 16:00:00,H34206,5.54,1564,40.2,150,Normal
2025-07-19 17:00:00,H34207,5.69,1498,40.2,155,Normal
2025-07-19 18:00:00,L51974,5.61,1699,27.9,160,Normal
2025-07-19 19:00:00,L51975,6.72,1431,49.0,162,Normal
2025-07-19 20:00:00,L51976,6.86,1390,47.3,164,Normal
2025-07-19 21:00:00,L51977,6.86,1380,46.1,166,Normal
2025-07-19 22:00:00,L51978,6.48,1457,46.4,168,Normal
2025-07-19 23:00:00,L51979,6.44,1418,42.2,170,Normal
2025-07-20 00:00:00,M19660,7.4,1353,51.0,172,Normal
2025-07-20 01:00:00,L51981,5.41,1574,32.7,175,Normal
2025-07-20 02:00:00,M19662,7.87,1318,54.2,177,Normal
2025-07-20 03:00:00,L51983,6.14,1710,31.4,180,Normal
2025-07-20 04:00:00,L51984,6.15,1621,38.8,182,Normal
2025-07-20 05:00:00,L51985,5.75,1606,33.6,184,Normal
2025-07-20 06:00:00,H34220,7.64,1375,54.0,186,Normal
2025-07-20 07:00:00,L51987,5.85,1503,36.5,191,Normal
2025-07-20 08:00:00,L51988,7.21,1404,48.6,193,Normal
2025-07-20 09:00:00,L51989,6.1,1656,32.7,195,Normal
2025-07-20 10:00:00,M19670,6.13,1499,39.4,197,Normal
2025-07-20 11:00:00,M19671,6.39,1748,28.4,200,Normal
2025-07-20 12:00:00,L51992,5.92,1531,37.9,203,Normal
2025-07-20 13:00:00,M19673,6.1,1536,40.6,205,Normal
2025-07-20 14:00:00,L51994,7.69,1401,53.0,208,Critical
2025-07-20 15:00:00,H34229,5.68,1534,33.2,210,Normal
2025-07-20 16:00:00,L51996,5.99,1521,35.9,215,Critical
2025-07-20 17:00:00,L51997,3.76,1674,30.8,0,Normal
2025-07-20 18:00:00,M19678,4.78,1967,20.9,2,Normal
2025-07-20 19:00:00,L51999,3.94,1696,30.7,5,Normal
2025-07-20 20:00:00,M19680,3.7,1627,32.5,7,Normal
2025-07-20 21:00:00,L52001,4.84,1405,45.6,10,Normal
2025-07-20 22:00:00,L52002,3.83,1565,38.9,12,Normal
2025-07-20 23:00:00,L52003,3.95,1493,38.7,14,Normal
2025-07-21 00:00:00,L52004,4.35,1499,45.0,16,Normal
2025-07-21 01:00:00,L52005,4.07,1692,30.6,18,Normal
2025-07-21 02:00:00,L52006,6.27,2268,15.8,20,Normal
2025-07-21 03:00:00,L52007,5.67,1438,58.9,22,Normal
2025-07-21 04:00:00,L52008,3.98,1515,39.2,24,Normal
2025-07-21 05:00:00,L52009,4.07,1491,38.2,26,Normal
2025-07-21 06:00:00,L52010,4.48,1756,29.7,28,Normal
2025-07-21 07:00:00,L52011,5.88,1366,54.5,30,Critical
2025-07-21 08:00:00,L52012,4.9,1436,45.1,32,Normal
2025-07-21 09:00:00,L52013,5.02,1377,41.6,34,Critical
2025-07-21 10:00:00,M19694,4.34,1510,42.2,36,Normal
2025-07-21 11:00:00,M19695,5.45,1419,50.9,39,Normal
2025-07-21 12:00:00,L52016,6.79,1315,62.0,42,Critical
2025-07-21 13:00:00,H34251,4.82,1806,27.7,44,Normal
2025-07-21 14:00:00,H34252,4.11,1649,29.4,49,Normal
2025-07-21 15:00:00,H34253,5.67,1402,50.0,54,Normal
2025-07-21 16:00:00,L52020,7.21,1298,63.9,59,Critical
2025-07-21 17:00:00,M19701,5.2,1441,44.9,61,Normal
2025-07-21 18:00:00,M19702,5.26,1489,49.4,64,Normal
2025-07-21 19:00:00,L52023,5.08,1842,24.5,67,Normal
2025-07-21 20:00:00,M19704,6.38,1316,50.9,69,Critical
2025-07-21 21:00:00,M19705,4.27,1583,33.3,72,Normal
2025-07-21 22:00:00,M19706,4.13,1548,33.5,75,Normal
2025-07-21 23:00:00,L52027,5.42,1434,44.6,78,Normal
2025-07-22 00:00:00,H34262,6.19,1397,52.9,80,Normal
2025-07-22 01:00:00,M19709,5.16,1475,42.9,85,Normal
2025-07-22 02:00:00,L52030,6.3,1441,56.8,88,Normal
2025-07-22 03:00:00,L52031,6.43,1363,51.8,90,Critical
2025-07-22 04:00:00,L52032,4.82,1619,34.9,92,Normal
2025-07-22 05:00:00,L52033,4.62,1487,34.0,94,Normal
2025-07-22 06:00:00,L52034,4.51,1568,33.8,96,Normal
2025-07-22 07:00:00,L52035,6.09,1375,46.2,98,Normal
2025-07-22 08:00:00,M19716,5.12,1698,31.3,100,Normal
2025-07-22 09:00:00,L52037,5.04,1606,37.4,103,Normal
2025-07-22 10:00:00,L52038,6.63,1349,51.0,105,Normal
2025-07-22 11:00:00,L52039,4.81,1535,38.6,107,Normal
2025-07-22 12:00:00,M19720,5.72,1504,49.5,109,Normal
2025-07-22 13:00:00,L52041,5.98,1946,21.1,112,Normal
2025-07-22 14:00:00,L52042,7.17,1326,55.7,114,Normal
2025-07-22 15:00:00,M19723,5.93,1915,22.3,116,Normal
2025-07-22 16:00:00,L52044,5.73,1451,43.4,119,Normal
2025-07-22 17:00:00,M19725,5.18,1624,34.8,121,Normal
2025-07-22 18:00:00,L52046,5.69,1781,28.7,124,Normal
2025-07-22 19:00:00,L52047,7.11,1345,54.1,126,Normal
2025-07-22 20:00:00,L52048,6.19,1418,46.0,128,Normal
2025-07-22 21:00:00,L52049,5.27,1718,26.5,130,Normal
2025-07-22 22:00:00,M19730,4.94,1631,28.5,132,Normal
2025-07-22 23:00:00,L52051,5.36,1513,40.1,135,Normal
2025-07-23 00:00:00,L52052,7.74,1316,59.3,137,Normal
2025-07-23 01:00:00,M19733,5.54,1474,38.8,139,Normal
2025-07-23 02:00:00,L52054,5.15,1619,30.9,142,Normal
2025-07-23 03:00:00,L52055,5.65,1702,31.2,144,Normal
2025-07-23 04:00:00,M19736,5.18,1540,37.4,146,Normal
2025-07-23 05:00:00,M19737,5.01,1546,33.7,149,Normal
2025-07-23 06:00:00,L52058,7.2,1348,51.0,152,Normal
2025-07-23 07:00:00,H34293,5.25,1520,35.6,154,Normal
2025-07-23 08:00:00,M19740,5.69,1527,41.9,159,Normal
2025-07-23 09:00:00,M19741,6.74,1406,47.1,162,Normal
2025-07-23 10:00:00,L52062,6.4,1462,46.2,165,Normal
2025-07-23 11:00:00,M19743,5.7,1684,29.3,167,Normal
2025-07-23 12:00:00,H34298,5.49,1655,28.0,170,Normal
2025-07-23 13:00:00,H34299,5.88,1748,25.1,175,Normal
2025-07-23 14:00:00,L52066,7.05,1372,45.7,180,Normal
2025-07-23 15:00:00,L52067,5.65,1481,33.3,182,Normal
2025-07-23 16:00:00,L52068,5.89,1512,39.2,184,Normal
2025-07-23 17:00:00,L52069,6.11,1632,36.6,186,Normal
2025-07-23 18:00:00,L52070,6.17,1525,43.9,188,Normal
2025-07-23 19:00:00,M19751,6.19,1756,26.4,190,Normal
2025-07-23 20:00:00,L52072,6.93,1922,23.1,193,Normal
2025-07-23 21:00:00,M19753,6.71,1448,44.3,195,Normal
2025-07-23 22:00:00,H34308,6.9,1447,46.6,198,Normal
2025-07-23 23:00:00,M19755,5.91,1597,33.4,203,Normal
2025-07-24 00:00:00,M19756,6.13,1642,32.3,206,Normal
2025-07-24 01:00:00,H34311,6.04,1525,38.0,209,Normal
2025-07-24 02:00:00,H34312,7.48,1460,53.7,214,Normal
2025-07-24 03:00:00,L52079,8.26,2168,17.7,219,Normal
2025-07-24 04:00:00,L52080,7.2,1388,41.9,221,Normal
2025-07-24 05:00:00,M19761,6.27,1630,32.4,223,Normal
2025-07-24 06:00:00,L52082,6.02,1616,29.3,226,Normal
2025-07-24 07:00:00,L52083,5.96,2232,16.8,0,Normal
2025-07-24 08:00:00,H34318,4.66,1480,50.7,2,Normal
2025-07-24 09:00:00,L52085,5.53,1363,53.1,7,Normal
2025-07-24 10:00:00,H34320,4.66,1436,45.6,9,Normal
2025-07-24 11:00:00,M19767,3.75,1607,33.7,14,Normal
2025-07-24 12:00:00,M19768,4.79,1459,48.2,17,Normal
2025-07-24 13:00:00,L52089,4.41,1481,43.7,20,Normal
2025-07-24 14:00:00,M19770,3.71,1606,31.7,22,Normal
2025-07-24 15:00:00,L52091,4.03,1681,29.8,25,Normal
2025-07-24 16:00:00,L52092,3.9,1511,37.1,27,Normal
2025-07-24 17:00:00,M19773,3.94,1593,35.2,29,Normal
2025-07-24 18:00:00,M19774,4.14,1532,41.7,32,Normal
2025-07-24 19:00:00,H34329,5.47,1386,49.0,35,Normal
2025-07-24 20:00:00,H34330,4.58,1769,27.9,40,Normal
2025-07-24 21:00:00,M19777,4.15,1561,38.2,45,Normal
2025-07-24 22:00:00,L52098,4.68,1457,40.7,48,Normal
2025-07-24 23:00:00,L52099,4.39,1506,40.0,50,Normal
2025-07-25 00:00:00,L52100,7.27,1337,69.4,52,Critical
2025-07-25 01:00:00,L52101,6.62,1287,54.8,54,Normal
2025-07-25 02:00:00,M19782,4.42,1615,35.7,56,Normal
2025-07-25 03:00:00,M19783,5.65,1972,23.5,59,Normal
2025-07-25 04:00:00,H34338,4.58,1522,42.1,62,Normal
2025-07-25 05:00:00,L52105,4.58,1680,30.6,67,Normal
2025-07-25 06:00:00,L52106,4.37,1502,36.0,69,Normal
2025-07-25 07:00:00,M19787,4.04,1543,33.3,71,Normal
2025-07-25 08:00:00,L52108,4.43,1584,35.2,74,Normal
2025-07-25 09:00:00,L52109,5.91,1340,44.5,76,Normal
2025-07-25 10:00:00,L52110,4.83,1663,33.9,78,Normal
2025-07-25 11:00:00,M19791,4.77,1693,30.0,80,Normal
2025-07-25 12:00:00,L52112,5.58,1418,44.7,83,Normal
2025-07-25 13:00:00,H34347,4.49,1554,36.8,85,Normal
2025-07-25 14:00:00,L52114,4.63,1580,35.8,90,Normal
2025-07-25 15:00:00,L52115,5.22,1479,42.8,92,Normal
2025-07-25 16:00:00,L52116,8.14,1284,70.6,94,Critical
2025-07-25 17:00:00,L52117,4.67,1540,38.7,96,Normal
2025-07-25 18:00:00,M19798,4.5,1606,30.1,98,Normal
2025-07-25 19:00:00,L52119,7.68,1286,62.4,101,Normal
2025-07-25 20:00:00,L52120,5.0,1502,39.5,103,Normal
2025-07-25 21:00:00,M19801,5.19,1699,31.5,105,Normal
2025-07-25 22:00:00,L52122,4.87,1602,34.2,108,Normal
2025-07-25 23:00:00,H34357,5.62,1436,42.0,110,Normal
2025-07-26 00:00:00,M19804,5.42,1765,27.5,115,Normal
2025-07-26 01:00:00,L52125,5.95,1418,44.1,118,Normal
2025-07-26 02:00:00,M19806,5.22,1669,31.7,120,Normal
2025-07-26 03:00:00,L52127,6.78,1395,53.9,123,Normal
2025-07-26 04:00:00,M19808,5.42,1500,41.7,125,Normal
2025-07-26 05:00:00,M19809,4.79,1555,33.4,128,Normal
2025-07-26 06:00:00,M19810,5.99,1919,20.2,131,Normal
2025-07-26 07:00:00,L52131,5.3,1596,36.6,134,Normal
2025-07-26 08:00:00,M19812,7.03,1374,53.6,136,Normal
2025-07-26 09:00:00,L52133,5.08,1670,26.1,139,Normal
2025-07-26 10:00:00,L52134,5.48,1702,29.1,141,Normal
2025-07-26 11:00:00,M19815,6.6,1366,45.1,143,Normal
2025-07-26 12:00:00,M19816,7.72,2344,15.2,146,Normal
2025-07-26 13:00:00,M19817,5.61,1768,23.9,149,Normal
2025-07-26 14:00:00,L52138,5.96,1523,47.0,152,Normal
2025-07-26 15:00:00,L52139,5.61,1735,25.9,154,Normal
2025-07-26 16:00:00,L52140,8.03,1339,62.3,156,Normal
2025-07-26 17:00:00,L52141,5.92,1800,24.3,158,Normal
2025-07-26 18:00:00,M19822,6.7,1456,51.2,160,Normal
2025-07-26 19:00:00,L52143,5.92,1789,24.4,163,Normal
2025-07-26 20:00:00,L52144,5.52,1602,33.9,165,Normal
2025-07-26 21:00:00,M19825,7.17,1364,49.3,167,Normal
2025-07-26 22:00:00,L52146,6.27,1793,28.1,170,Normal
2025-07-26 23:00:00,L52147,7.15,1426,53.4,172,Normal
2025-07-27 00:00:00,M19828,6.19,1485,43.3,174,Normal
2025-07-27 01:00:00,L52149,5.67,1528,38.4,177,Normal
2025-07-27 02:00:00,L52150,5.62,1565,36.0,179,Normal
2025-07-27 03:00:00,L52151,6.63,1838,27.8,181,Normal
2025-07-27 04:00:00,H34386,6.31,1811,24.9,183,Normal
2025-07-27 05:00:00,L52153,6.16,1461,38.2,188,Normal
2025-07-27 06:00:00,L52154,6.67,1414,41.7,190,Normal
2025-07-27 07:00:00,L52155,6.88,1426,45.5,192,Normal
2025-07-27 08:00:00,L52156,8.01,1359,56.8,194,Critical
2025-07-27 09:00:00,L52157,6.26,1540,44.8,196,Normal
2025-07-27 10:00:00,L52158,7.07,1429,47.7,198,Normal
2025-07-27 11:00:00,M19839,6.15,1612,36.3,200,Normal
2025-07-27 12:00:00,M19840,6.3,1685,31.8,203,Normal
2025-07-27 13:00:00,M19841,6.01,1558,37.7,206,Normal
2025-07-27 14:00:00,L52162,6.58,1811,24.3,209,Normal
2025-07-27 15:00:00,L52163,7.03,1869,25.8,211,Normal
2025-07-27 16:00:00,L52164,8.93,1256,58.7,213,Critical
2025-07-27 17:00:00,M19845,6.48,1789,23.5,215,Normal
2025-07-27 18:00:00,L52166,3.85,1502,40.5,0,Normal
2025-07-27 19:00:00,M19847,5.89,1303,54.4,2,Normal
2025-07-27 20:00:00,L52168,5.91,2497,13.0,5,Critical
2025-07-27 21:00:00,L52169,3.75,1499,37.4,7,Normal
2025-07-27 22:00:00,L52170,4.96,1393,46.5,9,Normal
2025-07-27 23:00:00,M19851,4.16,1475,41.0,11,Normal
2025-07-28 00:00:00,L52172,3.62,1573,34.6,14,Normal
2025-07-28 01:00:00,L52173,4.3,1819,23.7,16,Normal
2025-07-28 02:00:00,M19854,3.71,1642,29.4,18,Normal
2025-07-28 03:00:00,L52175,3.85,1540,39.8,21,Normal
2025-07-28 04:00:00,M19856,4.87,1400,43.2,23,Normal
2025-07-28 05:00:00,M19857,6.05,2659,11.4,26,Critical
2025-07-28 06:00:00,M19858,4.59,1825,25.2,29,Normal
2025-07-28 07:00:00,M19859,4.11,1532,41.3,32,Normal
2025-07-28 08:00:00,L52180,4.59,1832,23.6,35,Normal
2025-07-28 09:00:00,M19861,6.13,2174,17.6,37,Normal
2025-07-28 10:00:00,L52182,4.04,1627,31.7,40,Normal
2025-07-28 11:00:00,L52183,5.41,1437,51.3,42,Normal
2025-07-28 12:00:00,L52184,5.52,1364,46.3,44,Normal
2025-07-28 13:00:00,M19865,5.51,1444,52.7,46,Normal
2025-07-28 14:00:00,M19866,5.63,1366,47.3,49,Normal
2025-07-28 15:00:00,L52187,5.31,1442,48.3,52,Normal
2025-07-28 16:00:00,H34422,4.72,1488,42.8,54,Normal
2025-07-28 17:00:00,L52189,4.44,1523,40.7,59,Normal
2025-07-28 18:00:00,L52190,4.25,1543,38.3,61,Normal
2025-07-28 19:00:00,M19871,4.48,1634,33.8,63,Normal
2025-07-28 20:00:00,M19872,5.14,1815,27.8,66,Normal
2025-07-28 21:00:00,M19873,4.42,1594,35.2,69,Normal
2025-07-28 22:00:00,L52194,4.86,1452,38.6,72,Normal
2025-07-28 23:00:00,L52195,4.96,1759,28.4,74,Normal
2025-07-29 00:00:00,L52196,5.73,1408,47.5,76,Normal
2025-07-29 01:00:00,L52197,5.17,1483,45.0,78,Normal
2025-07-29 02:00:00,M19878,4.79,1620,36.6,80,Normal
2025-07-29 03:00:00,M19879,4.97,1466,39.5,83,Normal
2025-07-29 04:00:00,L52200,4.49,1556,36.3,86,Normal
2025-07-29 05:00:00,L52201,7.08,1350,61.1,88,Normal
2025-07-29 06:00:00,L52202,5.89,1404,47.1,90,Normal
2025-07-29 07:00:00,M19883,4.54,1575,34.5,92,Normal
2025-07-29 08:00:00,L52204,4.58,1639,29.0,95,Normal
2025-07-29 09:00:00,M19885,5.31,1473,42.8,97,Normal
2025-07-29 10:00:00,L52206,5.12,1481,40.0,100,Normal
2025-07-29 11:00:00,L52207,7.14,1294,54.6,102,Normal
2025-07-29 12:00:00,M19888,4.65,1630,29.3,104,Normal
2025-07-29 13:00:00,M19889,5.34,1624,39.8,107,Normal
2025-07-29 14:00:00,M19890,6.02,1437,48.3,110,Normal
2025-07-29 15:00:00,M19891,5.42,1514,45.0,113,Normal
2025-07-29 16:00:00,M19892,5.29,1694,31.4,116,Normal
2025-07-29 17:00:00,L52213,5.87,1564,50.9,119,Normal
2025-07-29 18:00:00,M19894,5.26,1514,41.1,121,Normal
2025-07-29 19:00:00,M19895,5.34,1500,40.6,124,Normal
2025-07-29 20:00:00,L52216,5.4,1615,37.8,127,Normal
2025-07-29 21:00:00,M19897,5.48,1586,41.1,129,Normal
2025-07-29 22:00:00,L52218,5.5,1732,28.5,132,Normal
2025-07-29 23:00:00,H34453,5.55,1689,32.5,134,Normal
2025-07-30 00:00:00,H34454,5.17,1586,34.6,139,Normal
2025-07-30 01:00:00,L52221,7.04,1314,47.1,144,Normal
2025-07-30 02:00:00,L52222,5.24,1569,35.8,146,Normal
2025-07-30 03:00:00,L52223,5.72,1468,39.4,148,Normal
2025-07-30 04:00:00,L52224,6.59,1412,47.5,150,Normal
2025-07-30 05:00:00,M19905,6.02,1510,46.9,152,Normal
2025-07-30 06:00:00,M19906,6.32,1410,42.4,155,Normal
2025-07-30 07:00:00,M19907,5.57,1680,29.3,158,Normal
2025-07-30 08:00:00,H34462,8.88,1271,68.6,161,Critical
2025-07-30 09:00:00,H34463,6.31,1472,45.5,166,Normal
2025-07-30 10:00:00,H34464,5.92,1701,30.4,171,Normal
2025-07-30 11:00:00,L52231,6.02,1480,39.9,176,Normal
2025-07-30 12:00:00,L52232,6.86,1433,48.4,178,Normal
2025-07-30 13:00:00,L52233,5.51,1514,34.3,180,Normal
2025-07-30 14:00:00,L52234,5.94,1619,35.7,182,Normal
2025-07-30 15:00:00,H34469,7.06,1378,45.6,184,Normal
2025-07-30 16:00:00,M19916,7.34,1430,53.5,189,Normal
2025-07-30 17:00:00,L52237,7.49,1367,49.9,192,Normal
2025-07-30 18:00:00,L52238,6.15,1526,42.5,194,Normal
2025-07-30 19:00:00,L52239,7.12,1419,47.9,196,Normal
2025-07-30 20:00:00,L52240,6.15,1542,42.7,198,Normal
2025-07-30 21:00:00,L52241,8.43,1363,62.5,200,Critical
2025-07-30 22:00:00,L52242,8.17,1313,53.9,202,Normal
2025-07-30 23:00:00,H34477,4.29,1495,46.6,0,Normal
2025-07-31 00:00:00,L52244,4.54,1407,42.1,5,Normal
2025-07-31 01:00:00,L52245,3.66,1566,37.2,7,Normal
2025-07-31 02:00:00,L52246,3.19,1550,30.9,9,Normal
2025-07-31 03:00:00,M19927,5.22,1396,50.5,11,Normal
2025-07-31 04:00:00,M19928,3.72,1540,39.0,14,Normal
2025-07-31 05:00:00,M19929,5.27,1380,48.7,17,Normal
2025-07-31 06:00:00,M19930,3.65,1608,31.1,20,Normal
2025-07-31 07:00:00,H34485,4.48,1442,40.9,23,Normal
2025-07-31 08:00:00,L52252,5.02,1408,45.3,28,Normal
2025-07-31 09:00:00,M19933,4.88,1454,46.8,30,Normal
2025-07-31 10:00:00,L52254,4.36,1666,34.6,33,Normal
2025-07-31 11:00:00,L52255,5.42,1366,46.6,35,Normal
2025-07-31 12:00:00,L52256,4.79,1464,44.9,37,Normal
2025-07-31 13:00:00,L52257,4.41,1775,24.9,39,Normal
2025-07-31 14:00:00,M19938,4.66,1482,43.8,41,Normal
2025-07-31 15:00:00,M19939,5.81,1411,54.8,44,Normal
2025-07-31 16:00:00,L52260,5.64,1410,51.6,47,Normal
2025-07-31 17:00:00,M19941,4.38,1494,39.0,49,Normal
2025-07-31 18:00:00,H34496,4.74,1590,43.4,52,Normal
2025-07-31 19:00:00,L52263,6.39,1327,54.1,57,Normal
2025-07-31 20:00:00,L52264,5.46,1969,20.8,59,Normal
2025-07-31 21:00:00,M19945,6.28,1377,56.0,61,Normal
2025-07-31 22:00:00,L52266,4.77,1541,45.9,64,Normal
2025-07-31 23:00:00,M19947,4.44,1685,28.2,66,Normal
2025-08-01 00:00:00,L52268,4.91,1465,41.0,69,Normal
2025-08-01 01:00:00,M19949,5.23,1483,47.2,71,Normal
2025-08-01 02:00:00,M19950,4.71,1570,40.7,74,Normal
2025-08-01 03:00:00,L52271,6.14,1345,48.2,77,Normal
2025-08-01 04:00:00,M19952,4.97,1608,40.6,79,Normal
2025-08-01 05:00:00,M19953,6.11,1415,52.8,82,Normal
2025-08-01 06:00:00,M19954,5.38,1470,45.8,85,Normal
2025-08-01 07:00:00,M19955,5.27,1428,39.9,88,Normal
2025-08-01 08:00:00,H34510,4.67,1627,32.2,91,Normal
2025-08-01 09:00:00,L52277,5.82,1457,49.4,96,Normal
2025-08-01 10:00:00,L52278,5.14,1475,40.2,98,Normal
2025-08-01 11:00:00,L52279,6.02,1438,50.1,100,Normal
2025-08-01 12:00:00,M19960,5.86,1437,47.2,102,Normal
2025-08-01 13:00:00,M19961,5.13,1518,42.4,105,Normal
2025-08-01 14:00:00,M19962,4.74,1587,33.6,108,Normal
2025-08-01 15:00:00,L52283,5.95,1399,43.7,111,Normal
2025-08-01 16:00:00,L52284,5.64,1469,44.6,113,Normal
2025-08-01 17:00:00,L52285,6.98,1374,56.6,115,Normal
2025-08-01 18:00:00,L52286,4.89,1519,36.7,117,Normal
2025-08-01 19:00:00,L52287,5.32,1540,44.4,119,Normal
2025-08-01 20:00:00,L52288,6.61,1394,51.6,121,Normal
2025-08-01 21:00:00,M19969,6.28,1389,45.8,123,Normal
2025-08-01 22:00:00,M19970,5.28,1732,26.2,126,Normal
2025-08-01 23:00:00,L52291,5.07,1556,37.4,129,Normal
2025-08-02 00:00:00,M19972,5.95,1441,43.7,131,Normal
2025-08-02 01:00:00,L52293,6.51,1382,46.7,134,Normal
2025-08-02 02:00:00,M19974,5.87,1481,44.9,136,Normal
2025-08-02 03:00:00,M19975,7.05,2113,18.4,139,Normal
2025-08-02 04:00:00,L52296,6.97,1401,53.9,142,Normal
2025-08-02 05:00:00,L52297,5.16,1611,31.4,144,Normal
2025-08-02 06:00:00,M19978,5.06,1512,33.4,146,Normal
2025-08-02 07:00:00,L52299,6.48,1411,46.0,149,Normal
2025-08-02 08:00:00,M19980,6.28,1424,43.7,151,Normal
2025-08-02 09:00:00,L52301,5.83,1469,40.0,154,Normal
2025-08-02 10:00:00,H34536,5.6,1684,29.8,156,Normal
2025-08-02 11:00:00,M19983,5.64,1532,41.3,161,Normal
2025-08-02 12:00:00,M19984,5.48,1557,37.3,164,Normal
2025-08-02 13:00:00,M19985,6.8,1416,48.1,167,Normal
2025-08-02 14:00:00,L52306,6.14,1802,25.4,170,Normal
2025-08-02 15:00:00,M19987,7.96,2245,15.1,172,Normal
2025-08-02 16:00:00,L52308,6.43,1434,42.5,175,Normal
2025-08-02 17:00:00,M19989,5.98,1725,28.3,177,Normal
2025-08-02 18:00:00,L52310,6.19,1668,35.7,180,Normal
2025-08-02 19:00:00,L52311,6.51,1452,43.9,182,Normal
2025-08-02 20:00:00,L52312,7.14,1415,50.0,184,Normal
2025-08-02 21:00:00,L52313,6.48,1824,25.8,186,Normal
2025-08-02 22:00:00,L52314,6.76,1438,45.5,188,Normal
2025-08-02 23:00:00,L52315,6.77,1883,24.5,190,Normal
2025-08-03 00:00:00,L52316,6.26,1735,28.9,192,Normal
2025-08-03 01:00:00,L52317,6.11,1464,36.7,194,Normal
2025-08-03 02:00:00,M19998,6.23,1489,40.3,196,Normal
2025-08-03 03:00:00,M19999,6.06,1510,38.9,199,Normal
2025-08-03 04:00:00,M20000,5.75,1585,32.1,202,Normal
2025-08-03 05:00:00,L52321,5.88,1509,35.0,205,Critical
2025-08-03 06:00:00,L52322,3.72,1568,39.1,0,Normal
2025-08-03 07:00:00,M20003,3.84,1525,42.0,2,Normal
2025-08-03 08:00:00,L52324,3.63,1607,33.5,5,Normal
2025-08-03 09:00:00,L52325,3.96,1670,32.9,7,Normal
2025-08-03 10:00:00,L52326,3.9,1585,38.9,9,Normal
2025-08-03 11:00:00,L52327,3.81,1569,38.4,11,Normal
2025-08-03 12:00:00,L52328,4.14,1507,43.1,13,Normal
2025-08-03 13:00:00,L52329,4.37,1452,41.5,15,Normal
2025-08-03 14:00:00,L52330,3.43,1590,29.8,17,Normal
2025-08-03 15:00:00,L52331,5.6,1409,56.0,19,Normal
2025-08-03 16:00:00,L52332,6.08,2643,12.7,21,Normal
2025-08-03 17:00:00,L52333,3.93,1644,31.7,23,Normal
2025-08-03 18:00:00,L52334,3.91,1568,37.6,25,Normal
2025-08-03 19:00:00,H34569,4.24,1625,37.3,27,Normal
2025-08-03 20:00:00,L52336,4.4,1482,41.4,32,Normal
2025-08-03 21:00:00,H34571,5.43,1397,49.6,34,Normal
2025-08-03 22:00:00,L52338,5.19,1459,50.3,39,Normal
2025-08-03 23:00:00,L52339,4.63,1490,44.0,41,Normal
2025-08-04 00:00:00,L52340,5.36,1434,50.1,43,Normal
2025-08-04 01:00:00,M20021,5.5,2028,18.9,45,Normal
2025-08-04 02:00:00,L52342,4.98,1464,45.9,48,Normal
2025-08-04 03:00:00,M20023,4.1,1713,23.5,50,Normal
2025-08-04 04:00:00,M20024,4.2,1624,32.1,53,Normal
2025-08-04 05:00:00,L52345,5.15,1421,43.4,56,Normal
2025-08-04 06:00:00,H34580,4.43,1546,41.4,58,Normal
2025-08-04 07:00:00,L52347,4.44,1639,32.7,63,Normal
2025-08-04 08:00:00,H34582,4.58,1696,29.6,65,Normal
2025-08-04 09:00:00,L52349,4.82,1470,39.9,70,Normal
2025-08-04 10:00:00,M20030,4.69,1480,38.4,72,Normal
2025-08-04 11:00:00,M20031,6.62,1329,54.5,75,Normal
2025-08-04 12:00:00,L52352,4.89,1740,28.2,78,Normal
2025-08-04 13:00:00,M20033,4.9,1739,28.1,80,Normal
2025-08-04 14:00:00,M20034,5.93,1390,47.8,83,Normal
2025-08-04 15:00:00,L52355,4.69,1740,23.7,86,Normal
2025-08-04 16:00:00,M20036,5.51,1844,27.1,88,Normal
2025-08-04 17:00:00,H34591,6.39,1388,53.2,91,Normal
2025-08-04 18:00:00,H34592,5.07,1517,43.1,96,Normal
2025-08-04 19:00:00,M20039,5.49,1450,42.8,101,Normal
2025-08-04 20:00:00,L52360,5.01,1584,38.7,104,Normal
2025-08-04 21:00:00,L52361,5.14,1720,28.7,106,Normal
2025-08-04 22:00:00,L52362,4.63,1586,31.9,108,Normal
2025-08-04 23:00:00,M20043,5.79,1901,22.5,110,Normal
2025-08-05 00:00:00,L52364,5.9,1397,42.4,113,Normal
2025-08-05 01:00:00,L52365,6.38,2012,21.1,115,Normal
2025-08-05 02:00:00,L52366,7.37,2354,15.0,117,Normal
2025-08-05 03:00:00,L52367,5.35,1648,35.7,119,Normal
2025-08-05 04:00:00,L52368,4.95,1632,30.6,121,Normal
2025-08-05 05:00:00,M20049,6.14,1427,46.9,123,Normal
2025-08-05 06:00:00,L52370,6.11,1452,48.0,126,Normal
2025-08-05 07:00:00,L52371,6.21,1416,46.0,128,Normal
2025-08-05 08:00:00,L52372,7.92,1310,62.9,130,Normal
2025-08-05 09:00:00,H34607,5.89,1408,39.8,132,Normal
2025-08-05 10:00:00,M20054,5.59,1668,34.4,137,Normal
2025-08-05 11:00:00,L52375,5.13,1551,36.8,140,Normal
2025-08-05 12:00:00,H34610,5.16,1517,36.0,142,Normal
2025-08-05 13:00:00,H34611,5.25,1570,35.8,147,Normal
2025-08-05 14:00:00,L52378,6.9,1428,53.3,152,Normal
2025-08-05 15:00:00,L52379,5.64,1503,40.0,154,Normal
2025-08-05 16:00:00,L52380,7.37,1416,58.7,156,Normal
2025-08-05 17:00:00,M20061,6.76,1396,47.3,158,Normal
2025-08-05 18:00:00,L52382,7.38,1335,51.1,161,Normal
2025-08-05 19:00:00,M20063,5.66,1671,30.5,163,Normal
2025-08-05 20:00:00,L52384,6.94,1989,22.4,166,Normal
2025-08-05 21:00:00,L52385,6.21,1468,43.3,168,Normal
2025-08-05 22:00:00,H34620,5.78,1711,27.6,170,Normal
2025-08-05 23:00:00,M20067,6.05,1488,41.3,175,Normal
2025-08-06 00:00:00,L52388,5.72,1664,29.3,178,Normal
2025-08-06 01:00:00,M20069,5.82,1507,38.5,180,Normal
2025-08-06 02:00:00,L52390,6.35,1466,42.5,183,Normal
2025-08-06 03:00:00,L52391,7.28,1433,53.6,185,Normal
2025-08-06 04:00:00,L52392,6.99,1397,45.7,187,Normal
2025-08-06 05:00:00,M20073,6.68,1429,43.3,189,Normal
2025-08-06 06:00:00,L52394,5.89,1572,37.2,192,Normal
2025-08-06 07:00:00,M20075,6.13,1532,42.7,194,Normal
2025-08-06 08:00:00,M20076,7.96,1316,51.8,197,Normal
2025-08-06 09:00:00,M20077,7.16,1420,47.9,200,Normal
2025-08-06 10:00:00,L52398,6.12,1589,37.2,203,Normal
2025-08-06 11:00:00,L52399,8.31,1365,59.9,205,Critical
2025-08-06 12:00:00,L52400,6.13,1633,32.9,207,Normal
2025-08-06 13:00:00,L52401,6.01,1626,31.4,209,Normal
2025-08-06 14:00:00,L52402,3.64,1665,29.6,0,Normal
2025-08-06 15:00:00,M20083,5.16,1350,47.2,2,Normal
2025-08-06 16:00:00,L52404,3.43,1590,31.9,5,Normal
2025-08-06 17:00:00,M20085,5.17,1437,53.9,7,Normal
2025-08-06 18:00:00,L52406,5.03,1403,48.3,10,Normal
2025-08-06 19:00:00,L52407,4.38,1440,41.1,12,Normal
2025-08-06 20:00:00,M20088,6.27,1343,61.4,14,Normal
2025-08-06 21:00:00,H34643,4.35,1790,26.7,17,Normal
2025-08-06 22:00:00,M20090,5.7,2117,18.6,22,Normal
2025-08-06 23:00:00,L52411,4.5,1458,42.2,25,Normal
2025-08-07 00:00:00,L52412,5.97,1381,57.8,27,Normal
2025-08-07 01:00:00,L52413,4.8,1450,45.3,29,Normal
2025-08-07 02:00:00,L52414,5.07,1461,50.1,31,Normal
2025-08-07 03:00:00,M20095,4.22,1511,41.0,33,Normal
2025-08-07 04:00:00,L52416,5.2,1394,45.4,36,Normal
2025-08-07 05:00:00,L52417,4.43,1499,42.3,38,Normal
2025-08-07 06:00:00,L52418,4.81,1457,44.1,40,Normal
2025-08-07 07:00:00,L52419,4.59,1753,29.0,42,Normal
2025-08-07 08:00:00,L52420,4.22,1694,28.0,44,Normal
2025-08-07 09:00:00,L52421,4.2,1683,28.4,46,Normal
2025-08-07 10:00:00,L52422,4.9,1496,47.4,48,Normal
2025-08-07 11:00:00,L52423,4.88,1721,34.8,50,Normal
2025-08-07 12:00:00,L52424,3.98,1593,31.6,52,Normal
2025-08-07 13:00:00,L52425,4.34,1575,38.3,54,Normal
2025-08-07 14:00:00,L52426,4.75,1465,41.0,56,Normal
2025-08-07 15:00:00,L52427,4.93,1405,38.3,58,Normal
2025-08-07 16:00:00,M20108,5.15,1902,21.6,60,Normal
2025-08-07 17:00:00,M20109,5.0,1422,39.9,63,Normal
2025-08-07 18:00:00,L52430,6.39,1332,52.9,66,Normal
2025-08-07 19:00:00,M20111,6.64,1307,54.3,68,Normal
2025-08-07 20:00:00,L52432,6.93,1322,59.5,71,Normal
2025-08-07 21:00:00,L52433,4.54,1547,40.3,73,Normal
2025-08-07 22:00:00,L52434,5.43,1897,23.6,75,Normal
2025-08-07 23:00:00,M20115,6.06,1403,51.9,77,Normal
2025-08-08 00:00:00,L52436,6.13,1393,51.6,80,Normal
2025-08-08 01:00:00,L52437,4.8,1482,38.5,82,Normal
2025-08-08 02:00:00,M20118,5.1,1572,44.7,84,Normal
2025-08-08 03:00:00,L52439,4.47,1544,36.9,87,Normal
2025-08-08 04:00:00,M20120,5.33,1492,46.1,89,Normal
2025-08-08 05:00:00,L52441,4.57,1513,35.8,92,Normal
2025-08-08 06:00:00,L52442,5.48,1449,43.9,94,Normal
2025-08-08 07:00:00,L52443,5.48,1877,22.3,96,Normal
2025-08-08 08:00:00,L52444,6.56,1376,53.4,98,Normal
2025-08-08 09:00:00,M20125,5.63,1883,23.3,100,Normal
2025-08-08 10:00:00,M20126,4.86,1518,38.7,103,Normal
2025-08-08 11:00:00,M20127,5.61,1438,42.8,106,Normal
2025-08-08 12:00:00,L52448,6.66,1389,54.1,109,Normal
2025-08-08 13:00:00,L52449,5.43,1504,44.8,111,Normal
2025-08-08 14:00:00,L52450,8.01,1275,64.4,113,Normal
2025-08-08 15:00:00,L52451,4.98,1534,39.7,115,Normal
2025-08-08 16:00:00,M20132,5.68,1396,38.2,117,Normal
2025-08-08 17:00:00,L52453,6.1,1395,44.1,120,Normal
2025-08-08 18:00:00,L52454,4.9,1617,30.9,122,Normal
2025-08-08 19:00:00,L52455,5.81,1423,41.2,124,Normal
2025-08-08 20:00:00,L52456,5.09,1606,34.0,126,Normal
2025-08-08 21:00:00,L52457,5.6,1501,44.0,128,Normal
2025-08-08 22:00:00,M20138,4.97,1618,30.4,130,Normal
2025-08-08 23:00:00,L52459,5.01,1522,35.8,133,Normal
2025-08-09 00:00:00,L52460,5.63,1480,41.4,135,Normal
2025-08-09 01:00:00,M20141,5.62,1469,39.9,137,Normal
2025-08-09 02:00:00,H34696,6.96,1381,52.4,140,Normal
2025-08-09 03:00:00,L52463,5.53,1525,41.9,145,Normal
2025-08-09 04:00:00,M20144,5.75,1732,29.6,147,Normal
2025-08-09 05:00:00,L52465,5.46,1523,39.8,150,Normal
2025-08-09 06:00:00,L52466,6.22,1422,42.4,152,Normal
2025-08-09 07:00:00,H34701,6.07,1506,46.9,154,Normal
2025-08-09 08:00:00,L52468,5.5,1531,39.4,159,Normal
2025-08-09 09:00:00,M20149,5.33,1507,34.3,161,Normal
2025-08-09 10:00:00,L52470,5.67,1526,40.7,164,Normal
2025-08-09 11:00:00,L52471,7.11,1406,52.1,166,Normal
2025-08-09 12:00:00,M20152,5.43,1567,35.0,168,Normal
2025-08-09 13:00:00,M20153,6.65,1464,49.1,171,Normal
2025-08-09 14:00:00,L52474,6.77,1442,48.5,174,Normal
2025-08-09 15:00:00,L52475,7.34,1336,47.8,176,Normal
2025-08-09 16:00:00,H34710,7.28,1379,50.2,178,Normal
2025-08-09 17:00:00,L52477,7.08,1406,48.6,183,Normal
2025-08-09 18:00:00,M20158,7.67,2130,18.1,185,Normal
2025-08-09 19:00:00,L52479,7.46,1355,49.1,188,Normal
2025-08-09 20:00:00,M20160,5.94,1710,26.5,190,Normal
2025-08-09 21:00:00,L52481,8.21,1309,55.8,193,Normal
2025-08-09 22:00:00,L52482,6.01,1491,37.2,195,Normal
2025-08-09 23:00:00,L52483,6.54,1481,44.1,197,Normal
2025-08-10 00:00:00,L52484,7.21,1425,49.3,199,Normal
2025-08-10 01:00:00,H34719,6.07,1680,29.1,201,Normal
2025-08-10 02:00:00,H34720,5.92,1612,31.7,206,Normal
2025-08-10 03:00:00,L52487,5.82,1530,34.8,211,Normal
2025-08-10 04:00:00,L52488,6.63,1481,42.6,213,Normal
2025-08-10 05:00:00,M20169,7.33,1422,48.0,215,Critical
2025-08-10 06:00:00,L52490,4.43,1427,43.0,0,Normal
2025-08-10 07:00:00,H34725,4.71,1460,49.8,2,Normal
2025-08-10 08:00:00,L52492,4.48,1873,23.5,7,Normal
2025-08-10 09:00:00,M20173,3.39,1566,32.6,9,Normal
2025-08-10 10:00:00,L52494,4.06,1701,30.8,12,Normal
2025-08-10 11:00:00,L52495,3.9,1710,27.2,14,Normal
2025-08-10 12:00:00,M20176,4.19,1689,33.1,16,Normal
2025-08-10 13:00:00,L52497,3.92,1637,32.9,19,Normal
2025-08-10 14:00:00,L52498,4.03,1496,39.0,21,Normal
2025-08-10 15:00:00,M20179,5.1,1402,47.0,23,Normal
2025-08-10 16:00:00,L52500,5.26,1363,45.5,26,Normal
2025-08-10 17:00:00,M20181,4.8,1576,49.9,28,Normal
2025-08-10 18:00:00,M20182,5.99,1357,55.3,31,Normal
2025-08-10 19:00:00,M20183,5.34,1399,48.4,34,Normal
2025-08-10 20:00:00,M20184,3.52,1526,30.8,37,Normal
2025-08-10 21:00:00,L52505,4.12,1694,27.3,40,Normal
2025-08-10 22:00:00,M20186,5.37,1420,49.1,42,Normal
2025-08-10 23:00:00,M20187,5.84,2116,16.7,45,Normal
2025-08-11 00:00:00,M20188,5.04,1406,41.9,48,Normal
2025-08-11 01:00:00,L52509,5.04,1456,45.5,51,Normal
2025-08-11 02:00:00,L52510,3.99,1588,31.9,53,Normal
2025-08-11 03:00:00,L52511,5.06,1448,44.5,55,Normal
2025-08-11 04:00:00,H34746,5.45,1403,46.2,57,Normal
2025-08-11 05:00:00,M20193,5.85,1405,51.6,62,Normal
2025-08-11 06:00:00,M20194,6.41,2706,9.8,65,Critical
2025-08-11 07:00:00,M20195,4.53,1505,38.9,68,Normal
2025-08-11 08:00:00,L52516,4.73,1663,33.7,71,Normal
2025-08-11 09:00:00,M20197,5.08,1482,44.4,73,Normal
2025-08-11 10:00:00,M20198,4.79,1674,32.7,76,Normal
2025-08-11 11:00:00,M20199,4.39,1594,32.8,79,Normal
2025-08-11 12:00:00,L52520,6.0,1393,49.3,82,Normal
2025-08-11 13:00:00,H34755,6.39,1404,55.8,84,Normal
2025-08-11 14:00:00,M20202,5.95,1375,45.7,89,Normal
2025-08-11 15:00:00,L52523,4.98,1607,38.4,92,Normal
2025-08-11 16:00:00,L52524,6.43,1360,50.8,94,Normal
2025-08-11 17:00:00,L52525,4.79,1524,39.4,96,Normal
2025-08-11 18:00:00,L52526,4.51,1534,35.5,98,Normal
2025-08-11 19:00:00,L52527,7.89,1262,63.8,100,Normal
2025-08-11 20:00:00,L52528,4.94,1623,34.6,102,Normal
2025-08-11 21:00:00,M20209,5.0,1642,33.6,104,Normal
2025-08-11 22:00:00,M20210,5.02,1622,35.1,107,Normal
2025-08-11 23:00:00,M20211,4.61,1530,34.5,110,Normal
2025-08-12 00:00:00,M20212,5.0,1590,36.3,113,Normal
2025-08-12 01:00:00,L52533,4.87,1589,34.0,116,Normal
2025-08-12 02:00:00,L52534,5.28,1462,37.5,118,Normal
2025-08-12 03:00:00,H34769,6.85,1328,49.8,120,Normal
2025-08-12 04:00:00,H34770,5.23,1692,29.0,125,Normal
2025-08-12 05:00:00,L52537,6.28,1968,20.6,130,Normal
2025-08-12 06:00:00,H34772,5.75,1827,24.2,132,Normal
2025-08-12 07:00:00,M20219,6.49,1397,47.1,137,Normal
2025-08-12 08:00:00,L52540,5.95,1463,44.0,140,Normal
2025-08-12 09:00:00,L52541,5.27,1643,30.7,142,Normal
2025-08-12 10:00:00,L52542,7.87,1281,57.0,144,Normal
2025-08-12 11:00:00,L52543,5.45,1518,39.9,146,Normal
2025-08-12 12:00:00,L52544,5.41,1601,35.3,148,Normal
2025-08-12 13:00:00,L52545,5.21,1548,36.4,150,Normal
2025-08-12 14:00:00,H34780,6.2,1404,40.6,152,Normal
2025-08-12 15:00:00,M20227,5.87,1766,26.7,157,Normal
2025-08-12 16:00:00,M20228,5.57,1667,30.0,160,Normal
2025-08-12 17:00:00,H34783,5.58,1507,37.9,163,Normal
2025-08-12 18:00:00,H34784,5.91,1627,37.1,168,Normal
2025-08-12 19:00:00,L52551,6.74,1435,47.7,173,Normal
2025-08-12 20:00:00,H34786,6.3,1509,46.8,175,Normal
2025-08-12 21:00:00,M20233,6.27,1809,25.0,180,Normal
2025-08-12 22:00:00,L52554,5.97,1515,40.8,183,Normal
2025-08-12 23:00:00,L52555,5.52,1530,34.9,185,Normal
2025-08-13 00:00:00,H34790,8.1,1336,57.5,187,Normal
2025-08-13 01:00:00,L52557,7.26,2030,19.1,192,Normal
2025-08-13 02:00:00,L52558,5.77,1550,36.9,194,Normal
2025-08-13 03:00:00,L52559,6.56,1446,41.7,196,Normal
2025-08-13 04:00:00,L52560,6.05,1494,37.5,198,Normal
2025-08-13 05:00:00,L52561,5.76,1651,27.0,200,Normal
2025-08-13 06:00:00,L52562,6.49,1698,33.8,202,Normal
2025-08-13 07:00:00,L52563,6.24,1504,40.3,204,Normal
2025-08-13 08:00:00,M20244,7.1,1421,46.0,206,Normal
2025-08-13 09:00:00,H34799,6.43,1754,26.9,209,Normal
2025-08-13 10:00:00,L52566,6.67,1469,42.0,214,Normal
2025-08-13 11:00:00,L52567,7.41,1433,50.0,216,Normal
2025-08-13 12:00:00,M20248,7.38,1432,49.0,218,Normal
2025-08-13 13:00:00,L52569,7.79,1366,49.1,221,Normal
2025-08-13 14:00:00,H34804,7.04,1483,47.2,223,Normal
2025-08-13 15:00:00,L52571,6.13,1572,34.4,228,Normal
2025-08-13 16:00:00,L52572,6.67,1481,40.2,230,Normal
2025-08-13 17:00:00,L52573,6.9,1473,42.6,232,Normal
2025-08-13 18:00:00,M20254,9.92,1262,70.5,234,Critical
2025-08-13 19:00:00,L52575,6.27,1529,36.8,237,Normal
2025-08-13 20:00:00,L52576,6.51,1523,39.7,239,Normal
2025-08-13 21:00:00,M20257,7.33,1416,42.7,241,Normal
2025-08-13 22:00:00,L52578,7.6,1923,23.9,244,Normal
2025-08-13 23:00:00,H34813,8.14,1411,53.8,246,Critical
2025-08-14 00:00:00,L52580,7.34,1477,46.3,251,Critical
2025-08-14 01:00:00,M20261,8.05,1454,54.8,253,Critical
2025-08-14 02:00:00,L52582,4.82,1421,48.5,0,Normal
2025-08-14 03:00:00,L52583,4.46,1858,25.4,2,Normal
2025-08-14 04:00:00,H34818,4.71,1422,46.1,4,Normal
2025-08-14 05:00:00,L52585,4.81,1444,48.7,9,Normal
2025-08-14 06:00:00,L52586,5.25,1360,47.8,11,Normal
2025-08-14 07:00:00,L52587,5.09,1954,24.8,13,Normal
2025-08-14 08:00:00,L52588,3.83,1628,33.0,15,Normal
2025-08-14 09:00:00,L52589,4.68,1433,44.2,17,Normal
2025-08-14 10:00:00,M20270,5.27,1417,51.5,19,Normal
2025-08-14 11:00:00,L52591,4.26,1462,39.4,22,Normal
2025-08-14 12:00:00,L52592,6.37,1328,59.9,24,Normal
2025-08-14 13:00:00,H34827,3.75,1527,36.4,26,Normal
2025-08-14 14:00:00,L52594,3.63,1534,34.3,31,Normal
2025-08-14 15:00:00,M20275,5.39,1410,50.3,33,Normal
2025-08-14 16:00:00,L52596,4.08,1660,30.3,36,Normal
2025-08-14 17:00:00,L52597,5.29,1386,45.8,38,Normal
2025-08-14 18:00:00,L52598,4.97,1398,41.6,40,Normal
2025-08-14 19:00:00,L52599,6.2,1321,53.4,42,Normal
2025-08-14 20:00:00,L52600,3.9,1512,34.2,44,Normal
2025-08-14 21:00:00,M20281,4.09,1566,36.6,46,Normal
2025-08-14 22:00:00,M20282,5.14,1422,44.5,49,Normal
2025-08-14 23:00:00,L52603,4.3,1647,31.8,52,Normal
2025-08-15 00:00:00,L52604,5.51,1377,45.5,54,Normal
2025-08-15 01:00:00,L52605,4.8,1775,27.9,56,Normal
2025-08-15 02:00:00,L52606,4.51,1554,42.0,58,Normal
2025-08-15 03:00:00,L52607,5.74,1423,51.9,60,Normal
2025-08-15 04:00:00,L52608,5.3,1453,47.3,62,Normal
2025-08-15 05:00:00,L52609,4.29,1590,34.4,64,Normal
2025-08-15 06:00:00,L52610,4.5,1694,28.4,66,Normal
2025-08-15 07:00:00,L52611,5.07,1462,43.4,68,Normal
2025-08-15 08:00:00,L52612,5.66,1392,46.2,70,Normal
2025-08-15 09:00:00,L52613,4.89,1550,45.5,72,Normal
2025-08-15 10:00:00,L52614,4.37,1629,30.4,74,Normal
2025-08-15 11:00:00,M20295,4.73,1524,42.1,76,Normal
2025-08-15 12:00:00,M20296,4.74,1679,30.9,79,Normal
2025-08-15 13:00:00,M20297,5.81,1394,46.4,82,Normal
2025-08-15 14:00:00,L52618,4.91,1683,32.1,85,Normal
2025-08-15 15:00:00,L52619,4.51,1626,30.5,87,Normal
2025-08-15 16:00:00,H34854,4.9,1698,30.0,89,Normal
2025-08-15 17:00:00,M20301,5.73,1392,42.9,94,Normal
2025-08-15 18:00:00,L52622,6.57,1353,51.8,97,Normal
2025-08-15 19:00:00,M20303,5.86,1426,46.8,99,Normal
2025-08-15 20:00:00,L52624,6.21,2024,19.9,102,Normal
2025-08-15 21:00:00,M20305,4.94,1648,32.1,104,Normal
2025-08-15 22:00:00,L52626,5.04,1511,40.1,107,Normal
2025-08-15 23:00:00,L52627,5.58,1465,44.1,109,Normal
2025-08-16 00:00:00,L52628,5.11,1551,41.8,111,Normal
2025-08-16 01:00:00,L52629,7.33,2329,15.1,113,Normal
2025-08-16 02:00:00,H34864,5.68,1435,41.9,115,Normal
2025-08-16 03:00:00,L52631,6.6,1361,48.8,120,Normal
2025-08-16 04:00:00,M20312,4.86,1553,35.8,122,Normal
2025-08-16 05:00:00,L52633,5.72,1451,42.1,125,Normal
2025-08-16 06:00:00,L52634,5.56,1461,40.2,127,Normal
2025-08-16 07:00:00,M20315,6.05,1895,23.5,129,Normal
2025-08-16 08:00:00,M20316,4.87,1567,32.9,132,Normal
2025-08-16 09:00:00,M20317,5.15,1602,33.7,135,Normal
2025-08-16 10:00:00,L52638,5.52,1514,42.1,138,Normal
2025-08-16 11:00:00,L52639,6.34,1453,49.1,140,Normal
2025-08-16 12:00:00,M20320,5.11,1526,36.1,142,Normal
2025-08-16 13:00:00,M20321,7.23,1339,52.1,145,Normal
2025-08-16 14:00:00,L52642,6.2,1889,22.8,148,Normal
2025-08-16 15:00:00,L52643,5.17,1561,34.8,150,Normal
2025-08-16 16:00:00,M20324,5.63,1659,33.1,152,Normal
2025-08-16 17:00:00,L52645,6.71,1424,49.5,155,Normal
2025-08-16 18:00:00,M20326,6.41,1426,44.7,157,Normal
2025-08-16 19:00:00,L52647,7.12,1383,51.4,160,Normal
2025-08-16 20:00:00,L52648,6.13,1764,29.9,162,Normal
2025-08-16 21:00:00,M20329,6.28,1439,42.5,164,Normal
2025-08-16 22:00:00,M20330,5.56,1585,35.5,167,Normal
2025-08-16 23:00:00,L52651,8.09,1346,61.2,170,Normal
2025-08-17 00:00:00,L52652,7.66,1386,57.8,172,Normal
2025-08-17 01:00:00,L52653,7.39,1369,51.8,174,Normal
2025-08-17 02:00:00,M20334,7.05,1378,46.9,176,Normal
2025-08-17 03:00:00,L52655,7.31,1336,46.8,179,Normal
2025-08-17 04:00:00,M20336,6.41,1445,42.0,181,Normal
2025-08-17 05:00:00,L52657,6.16,1763,26.5,184,Normal
2025-08-17 06:00:00,L52658,5.83,1611,34.1,186,Normal
2025-08-17 07:00:00,M20339,5.47,1564,32.1,188,Normal
2025-08-17 08:00:00,H34894,5.95,1478,36.0,191,Normal
2025-08-17 09:00:00,L52661,6.54,1781,28.5,196,Normal
2025-08-17 10:00:00,L52662,6.45,1782,26.8,198,Normal
2025-08-17 11:00:00,M20343,7.37,2000,21.9,200,Normal
2025-08-17 12:00:00,M20344,6.66,1826,25.3,203,Normal
2025-08-17 13:00:00,L52665,7.86,1344,51.0,206,Normal
2025-08-17 14:00:00,L52666,6.38,1520,43.0,208,Normal
2025-08-17 15:00:00,M20347,6.5,1611,39.9,210,Normal
2025-08-17 16:00:00,L52668,7.42,1450,52.1,213,Critical
2025-08-17 17:00:00,L52669,6.06,1499,35.0,215,Normal
2025-08-17 18:00:00,L52670,6.87,1288,68.5,0,Critical
2025-08-17 19:00:00,M20351,5.9,1350,58.6,2,Normal
2025-08-17 20:00:00,M20352,5.52,1334,50.9,5,Normal
2025-08-17 21:00:00,L52673,5.73,1376,57.1,8,Normal
2025-08-17 22:00:00,L52674,5.3,1368,49.5,10,Normal
2025-08-17 23:00:00,H34909,5.75,1357,55.0,12,Normal
2025-08-18 00:00:00,M20356,4.92,1924,24.0,17,Normal
2025-08-18 01:00:00,M20357,3.92,1551,40.0,20,Normal
2025-08-18 02:00:00,M20358,4.69,1903,21.2,23,Normal
2025-08-18 03:00:00,H34913,5.17,1417,48.7,26,Normal
2025-08-18 04:00:00,L52680,4.01,1601,35.2,31,Normal
2025-08-18 05:00:00,L52681,3.86,1543,37.5,33,Normal
2025-08-18 06:00:00,L52682,5.39,1439,52.3,35,Normal
2025-08-18 07:00:00,H34917,4.01,1657,29.3,37,Normal
2025-08-18 08:00:00,L52684,5.28,1458,51.0,42,Normal
2025-08-18 09:00:00,L52685,4.47,1746,27.4,44,Normal
2025-08-18 10:00:00,L52686,4.31,1677,30.5,46,Normal
2025-08-18 11:00:00,L52687,4.28,1520,39.9,48,Normal
2025-08-18 12:00:00,L52688,6.15,1367,55.1,50,Normal
2025-08-18 13:00:00,L52689,4.17,1509,36.5,52,Normal
2025-08-18 14:00:00,L52690,5.67,1418,51.4,54,Normal
2025-08-18 15:00:00,L52691,5.33,1958,20.3,56,Normal
2025-08-18 16:00:00,L52692,4.5,1682,30.9,58,Normal
2025-08-18 17:00:00,M20373,5.48,1452,50.3,60,Normal
2025-08-18 18:00:00,L52694,4.93,1828,24.0,63,Normal
2025-08-18 19:00:00,H34929,4.79,1484,41.5,65,Normal
2025-08-18 20:00:00,L52696,4.69,1674,32.2,70,Normal
2025-08-18 21:00:00,L52697,5.59,1448,49.5,72,Normal
2025-08-18 22:00:00,M20378,5.83,2023,19.1,74,Normal
2025-08-18 23:00:00,L52699,5.49,1452,47.4,77,Normal
2025-08-19 00:00:00,M20380,5.11,1496,45.0,79,Normal
2025-08-19 01:00:00,L52701,5.82,1397,46.9,82,Normal
2025-08-19 02:00:00,L52702,5.03,1453,39.1,84,Normal
2025-08-19 03:00:00,M20383,4.37,1524,34.8,86,Normal
2025-08-19 04:00:00,L52704,4.6,1633,30.9,89,Normal
2025-08-19 05:00:00,M20385,6.04,1363,45.7,91,Normal
2025-08-19 06:00:00,L52706,5.15,1520,44.9,94,Normal
2025-08-19 07:00:00,M20387,4.71,1532,38.8,96,Normal
2025-08-19 08:00:00,L52708,6.36,1384,50.9,99,Normal
2025-08-19 09:00:00,M20389,4.8,1539,39.9,101,Normal
2025-08-19 10:00:00,M20390,6.53,1355,50.1,104,Normal
2025-08-19 11:00:00,M20391,4.9,1504,37.3,107,Normal
2025-08-19 12:00:00,L52712,5.7,1476,46.6,110,Normal
2025-08-19 13:00:00,L52713,5.1,1721,26.9,112,Normal
2025-08-19 14:00:00,M20394,5.02,1494,37.1,114,Normal
2025-08-19 15:00:00,L52715,5.64,1465,43.5,117,Normal
2025-08-19 16:00:00,M20396,6.92,1363,54.0,119,Critical
2025-08-19 17:00:00,L52717,5.01,1648,30.0,122,Normal
2025-08-19 18:00:00,M20398,5.87,1879,23.0,124,Normal
2025-08-19 19:00:00,H34953,5.37,1482,39.0,127,Normal
2025-08-19 20:00:00,L52720,5.33,1493,38.4,132,Normal
2025-08-19 21:00:00,L52721,5.93,1433,42.2,134,Normal
2025-08-19 22:00:00,L52722,6.1,1400,41.6,136,Normal
2025-08-19 23:00:00,L52723,8.07,1255,59.0,138,Normal
2025-08-20 00:00:00,L52724,6.01,1471,45.6,140,Normal
2025-08-20 01:00:00,H34959,6.58,1357,44.2,142,Normal
2025-08-20 02:00:00,L52726,5.91,1453,41.2,147,Normal
2025-08-20 03:00:00,M20407,4.66,1540,28.9,149,Normal
2025-08-20 04:00:00,L52728,5.47,1605,35.2,152,Normal
2025-08-20 05:00:00,H34963,7.17,1374,52.4,154,Normal
2025-08-20 06:00:00,M20410,5.82,1508,42.3,159,Normal
2025-08-20 07:00:00,H34965,6.97,1366,47.3,162,Normal
2025-08-20 08:00:00,H34966,5.53,1579,35.7,167,Normal
2025-08-20 09:00:00,L52733,8.23,1306,59.7,172,Normal
2025-08-20 10:00:00,M20414,5.79,1521,40.2,174,Normal
2025-08-20 11:00:00,L52735,6.7,1411,44.2,177,Normal
2025-08-20 12:00:00,H34970,6.88,1357,42.0,179,Normal
2025-08-20 13:00:00,M20417,6.59,1436,43.5,184,Normal
2025-08-20 14:00:00,L52738,5.91,1553,40.1,187,Normal
2025-08-20 15:00:00,M20419,6.55,1451,43.2,189,Normal
2025-08-20 16:00:00,L52740,5.76,1541,37.9,192,Normal
2025-08-20 17:00:00,M20421,7.43,1341,46.3,194,Normal
2025-08-20 18:00:00,L52742,6.04,1648,32.1,197,Normal
2025-08-20 19:00:00,M20423,5.98,1640,31.5,199,Normal
2025-08-20 20:00:00,L52744,7.09,1416,46.1,202,Normal
2025-08-20 21:00:00,L52745,6.11,1671,29.9,204,Normal
2025-08-20 22:00:00,L52746,6.87,1457,45.5,206,Normal
2025-08-20 23:00:00,M20427,5.1,1445,54.8,0,Normal
2025-08-21 00:00:00,L52748,3.58,1534,38.6,3,Normal
2025-08-21 01:00:00,L52749,3.64,1508,36.9,5,Normal
2025-08-21 02:00:00,M20430,4.46,1492,47.7,7,Normal
2025-08-21 03:00:00,L52751,3.72,1562,37.9,10,Normal
2025-08-21 04:00:00,L52752,3.55,1545,36.4,12,Normal
2025-08-21 05:00:00,L52753,3.93,1738,25.3,14,Normal
2025-08-21 06:00:00,L52754,5.7,1305,49.1,16,Normal
2025-08-21 07:00:00,H34989,4.15,1477,39.7,18,Normal
2025-08-21 08:00:00,H34990,4.56,1457,43.4,23,Normal
2025-08-21 09:00:00,L52757,4.44,1455,40.4,28,Normal
2025-08-21 10:00:00,L52758,4.08,1574,38.7,30,Normal
2025-08-21 11:00:00,L52759,4.02,1695,27.1,32,Normal
2025-08-21 12:00:00,M20440,4.39,1458,38.8,34,Normal
2025-08-21 13:00:00,M20441,5.02,1454,47.6,37,Normal
2025-08-21 14:00:00,L52762,5.57,2052,18.9,40,Normal
2025-08-21 15:00:00,L52763,4.2,1673,29.9,42,Normal
2025-08-21 16:00:00,L52764,3.69,1578,29.9,44,Normal
2025-08-21 17:00:00,M20445,4.02,1642,29.1,46,Normal
2025-08-21 18:00:00,M20446,3.74,1557,31.5,49,Normal
2025-08-21 19:00:00,L52767,4.74,1481,42.9,52,Normal
2025-08-21 20:00:00,M20448,4.25,1566,37.6,54,Normal
2025-08-21 21:00:00,M20449,6.77,1298,57.5,57,Normal
2025-08-21 22:00:00,M20450,6.7,1340,59.4,60,Normal
2025-08-21 23:00:00,L52771,4.15,1574,33.8,63,Normal
2025-08-22 00:00:00,L52772,5.39,1437,46.7,65,Normal
2025-08-22 01:00:00,L52773,5.96,1354,48.0,67,Normal
2025-08-22 02:00:00,L52774,4.47,1598,35.5,69,Normal
2025-08-22 03:00:00,M20455,5.5,1944,21.4,71,Normal
2025-08-22 04:00:00,M20456,4.28,1538,36.7,74,Normal
2025-08-22 05:00:00,L52777,4.54,1501,37.0,77,Normal
2025-08-22 06:00:00,L52778,5.88,1441,52.1,79,Normal
2025-08-22 07:00:00,M20459,4.62,1652,31.0,81,Normal
2025-08-22 08:00:00,L52780,4.67,1487,36.6,84,Normal
2025-08-22 09:00:00,L52781,4.6,1605,33.9,86,Normal
2025-08-22 10:00:00,L52782,6.76,1334,54.7,88,Normal
2025-08-22 11:00:00,L52783,6.95,1340,57.8,90,Normal
2025-08-22 12:00:00,L52784,4.7,1513,37.8,92,Normal
2025-08-22 13:00:00,L52785,4.98,1510,41.4,94,Normal
2025-08-22 14:00:00,L52786,4.74,1729,23.6,96,Normal
2025-08-22 15:00:00,M20467,4.98,1745,25.5,98,Normal
2025-08-22 16:00:00,M20468,4.73,1623,31.6,101,Normal
2025-08-22 17:00:00,M20469,6.4,1378,50.1,104,Normal
2025-08-22 18:00:00,L52790,5.69,1407,41.2,107,Normal
2025-08-22 19:00:00,M20471,4.97,1674,29.5,109,Normal
2025-08-22 20:00:00,L52792,5.39,1486,42.4,112,Normal
2025-08-22 21:00:00,M20473,5.2,1483,38.8,114,Normal
2025-08-22 22:00:00,H35028,4.74,1624,28.8,117,Normal
2025-08-22 23:00:00,M20475,8.67,1257,71.3,122,Critical
2025-08-23 00:00:00,L52796,5.51,1480,41.4,125,Normal
2025-08-23 01:00:00,L52797,7.27,1404,61.5,127,Critical
2025-08-23 02:00:00,M20478,5.05,1645,29.6,129,Normal
2025-08-23 03:00:00,L52799,6.19,1932,21.9,132,Normal
2025-08-23 04:00:00,L52800,5.13,1533,38.5,134,Normal
2025-08-23 05:00:00,M20481,7.54,1292,54.4,136,Normal
2025-08-23 06:00:00,L52802,5.48,1571,40.6,139,Normal
2025-08-23 07:00:00,L52803,5.26,1578,36.3,141,Normal
2025-08-23 08:00:00,M20484,5.49,1469,36.9,143,Normal
2025-08-23 09:00:00,L52805,5.38,1728,24.4,146,Normal
2025-08-23 10:00:00,H35040,5.23,1603,32.5,148,Normal
2025-08-23 11:00:00,L52807,5.74,1597,39.8,153,Normal
2025-08-23 12:00:00,L52808,5.76,1688,32.0,155,Normal
2025-08-23 13:00:00,L52809,6.96,1405,51.4,157,Normal
2025-08-23 14:00:00,M20490,5.46,1615,32.9,159,Normal
2025-08-23 15:00:00,L52811,5.46,1515,36.8,162,Normal
2025-08-23 16:00:00,L52812,7.3,1376,52.8,164,Normal
2025-08-23 17:00:00,L52813,6.58,1447,47.5,166,Normal
2025-08-23 18:00:00,M20494,7.72,1353,56.5,168,Normal
2025-08-23 19:00:00,L52815,6.32,1502,47.3,171,Normal
2025-08-23 20:00:00,L52816,6.53,1447,45.5,173,Normal
2025-08-23 21:00:00,M20497,6.37,1487,46.1,175,Normal
2025-08-23 22:00:00,L52818,5.71,1519,38.1,178,Normal
2025-08-23 23:00:00,L52819,5.73,1668,28.7,180,Normal
2025-08-24 00:00:00,L52820,7.19,1420,51.6,182,Normal
2025-08-24 01:00:00,L52821,5.98,1473,37.3,184,Normal
2025-08-24 02:00:00,L52822,5.98,1495,38.8,186,Normal
2025-08-24 03:00:00,L52823,6.17,1574,42.0,188,Normal
2025-08-24 04:00:00,L52824,7.47,1383,51.3,190,Normal
2025-08-24 05:00:00,M20505,5.49,1591,29.4,192,Normal
2025-08-24 06:00:00,M20506,6.33,1644,37.2,195,Normal
2025-08-24 07:00:00,H35061,8.31,2370,14.7,198,Normal
2025-08-24 08:00:00,L52828,7.11,1401,44.9,203,Normal
2025-08-24 09:00:00,M20509,7.49,1414,51.6,205,Normal
2025-08-24 10:00:00,L52830,6.95,1456,46.3,208,Normal
2025-08-24 11:00:00,M20511,6.99,1447,45.7,210,Normal
2025-08-24 12:00:00,L52832,6.31,1727,26.5,213,Normal
2025-08-24 13:00:00,L52833,6.2,1495,36.8,215,Normal
2025-08-24 14:00:00,L52834,3.27,1544,34.3,0,Normal
2025-08-24 15:00:00,L52835,4.96,1387,47.3,2,Normal
2025-08-24 16:00:00,M20516,5.37,1316,47.2,4,Normal
2025-08-24 17:00:00,L52837,4.21,1794,26.1,7,Normal
2025-08-24 18:00:00,M20518,5.63,1372,55.1,9,Normal
2025-08-24 19:00:00,M20519,3.85,1674,30.0,12,Normal
2025-08-24 20:00:00,L52840,4.24,1477,41.7,15,Normal
2025-08-24 21:00:00,L52841,5.45,1397,53.0,17,Normal
2025-08-24 22:00:00,L52842,3.88,1616,34.0,19,Normal
2025-08-24 23:00:00,M20523,4.06,1530,42.3,21,Normal
2025-08-25 00:00:00,M20524,3.58,1539,35.1,24,Normal
2025-08-25 01:00:00,L52845,4.46,1845,21.9,27,Normal
2025-08-25 02:00:00,L52846,4.76,1430,43.1,29,Normal
2025-08-25 03:00:00,L52847,5.64,2080,19.2,31,Normal
2025-08-25 04:00:00,M20528,4.94,1432,45.3,33,Normal
2025-08-25 05:00:00,M20529,4.34,1479,39.5,36,Normal
2025-08-25 06:00:00,L52850,5.05,1424,45.2,39,Normal
2025-08-25 07:00:00,H35085,3.94,1534,37.2,41,Normal
2025-08-25 08:00:00,H35086,4.16,1701,26.2,46,Normal
2025-08-25 09:00:00,L52853,5.3,1462,50.0,51,Normal
2025-08-25 10:00:00,M20534,5.22,1393,42.5,53,Normal
2025-08-25 11:00:00,M20535,4.92,1453,42.5,56,Normal
2025-08-25 12:00:00,L52856,4.31,1565,37.8,59,Normal
2025-08-25 13:00:00,L52857,6.54,1281,51.7,61,Normal
2025-08-25 14:00:00,M20538,4.36,1584,36.2,63,Normal
2025-08-25 15:00:00,M20539,5.39,1466,49.0,66,Normal
2025-08-25 16:00:00,M20540,5.97,1386,50.5,69,Normal
2025-08-25 17:00:00,L52861,5.61,1383,44.3,72,Normal
2025-08-25 18:00:00,H35096,5.94,1441,53.9,74,Normal
2025-08-25 19:00:00,M20543,4.69,1592,37.7,79,Normal
2025-08-25 20:00:00,H35098,4.68,1594,36.8,82,Normal
2025-08-25 21:00:00,L52865,5.32,1482,45.6,87,Normal
2025-08-25 22:00:00,L52866,4.77,1658,31.4,89,Normal
2025-08-25 23:00:00,L52867,6.79,2170,18.2,91,Normal
2025-08-26 00:00:00,M20548,5.66,1423,44.6,93,Normal
2025-08-26 01:00:00,L52869,4.19,1543,31.1,96,Normal
2025-08-26 02:00:00,L52870,5.67,1435,44.8,98,Normal
2025-08-26 03:00:00,L52871,7.09,1320,56.4,100,Normal
2025-08-26 04:00:00,M20552,7.1,1313,55.7,102,Normal
2025-08-26 05:00:00,M20553,5.47,1453,42.1,105,Normal
2025-08-26 06:00:00,L52874,5.44,1508,45.7,108,Normal
2025-08-26 07:00:00,L52875,5.54,1451,42.0,110,Normal
2025-08-26 08:00:00,H35110,4.9,1595,34.6,112,Normal
2025-08-26 09:00:00,L52877,6.64,1354,49.4,117,Normal
2025-08-26 10:00:00,L52878,7.84,1265,59.8,119,Normal
2025-08-26 11:00:00,L52879,5.96,1867,25.9,121,Normal
2025-08-26 12:00:00,L52880,5.41,1497,41.6,123,Normal
2025-08-26 13:00:00,M20561,7.1,1347,54.3,125,Normal
2025-08-26 14:00:00,L52882,5.37,1544,43.2,128,Normal
2025-08-26 15:00:00,H35117,5.97,1456,45.4,130,Normal
2025-08-26 16:00:00,L52884,7.18,1335,52.7,135,Normal
2025-08-26 17:00:00,L52885,5.92,1452,43.1,137,Normal
2025-08-26 18:00:00,L52886,8.61,1290,70.0,139,Critical
2025-08-26 19:00:00,L52887,6.01,1448,43.4,141,Normal
2025-08-26 20:00:00,L52888,5.62,1611,38.6,143,Normal
2025-08-26 21:00:00,L52889,5.34,1556,38.6,145,Normal
2025-08-26 22:00:00,H35124,6.48,1413,46.5,147,Normal
2025-08-26 23:00:00,L52891,5.18,1545,35.9,152,Normal
2025-08-27 00:00:00,L52892,7.55,1330,54.6,154,Normal
2025-08-27 01:00:00,L52893,5.65,1596,38.0,156,Normal
2025-08-27 02:00:00,L52894,5.67,1618,36.0,158,Normal
2025-08-27 03:00:00,H35129,5.56,1597,35.8,160,Normal
2025-08-27 04:00:00,L52896,7.39,1354,52.2,165,Normal
2025-08-27 05:00:00,L52897,5.97,1746,28.1,167,Normal
2025-08-27 06:00:00,L52898,5.58,1621,32.5,169,Normal
2025-08-27 07:00:00,L52899,6.64,1398,43.3,171,Normal
2025-08-27 08:00:00,L52900,7.02,1434,51.9,173,Normal
2025-08-27 09:00:00,M20581,6.44,1443,43.4,175,Normal
2025-08-27 10:00:00,L52902,6.31,1488,44.6,178,Normal
2025-08-27 11:00:00,M20583,6.62,1475,48.0,180,Normal
2025-08-27 12:00:00,L52904,7.04,1433,50.3,183,Normal
2025-08-27 13:00:00,M20585,5.52,1557,34.1,185,Normal
2025-08-27 14:00:00,M20586,7.28,1398,50.1,188,Normal
2025-08-27 15:00:00,M20587,5.62,1559,34.4,191,Normal
2025-08-27 16:00:00,M20588,6.98,1422,46.4,194,Normal
2025-08-27 17:00:00,M20589,6.09,1463,35.7,197,Normal
2025-08-27 18:00:00,L52910,6.44,1793,25.3,200,Normal
2025-08-27 19:00:00,L52911,6.59,1872,20.4,202,Normal
2025-08-27 20:00:00,L52912,7.03,1412,44.5,204,Normal
2025-08-27 21:00:00,L52913,6.55,1487,43.2,206,Normal
2025-08-27 22:00:00,L52914,8.08,1369,56.2,208,Critical
2025-08-27 23:00:00,L52915,6.2,1673,30.1,210,Normal
2025-08-28 00:00:00,M20596,6.46,1439,36.6,212,Normal
2025-08-28 01:00:00,L52917,6.54,1574,42.8,215,Normal
2025-08-28 02:00:00,L52918,5.62,1281,48.8,0,Normal
2025-08-28 03:00:00,M20599,3.71,1653,31.4,2,Normal
2025-08-28 04:00:00,M20600,3.58,1535,38.3,5,Normal
2025-08-28 05:00:00,M20601,4.05,1483,40.5,8,Normal
2025-08-28 06:00:00,L52922,4.89,1414,47.0,11,Normal
2025-08-28 07:00:00,M20603,4.85,1379,42.9,13,Normal
2025-08-28 08:00:00,H35158,4.29,1482,42.6,16,Normal
2025-08-28 09:00:00,L52925,5.06,1987,20.1,21,Normal
2025-08-28 10:00:00,M20606,3.87,1635,31.6,23,Normal
2025-08-28 11:00:00,L52927,3.91,1533,39.4,26,Normal
2025-08-28 12:00:00,M20608,3.76,1576,34.0,28,Normal
2025-08-28 13:00:00,H35163,6.61,1330,62.4,31,Normal
2025-08-28 14:00:00,L52930,5.32,1981,21.8,36,Normal
2025-08-28 15:00:00,H35165,4.6,1475,42.8,38,Normal
2025-08-28 16:00:00,H35166,4.62,1804,25.0,43,Normal
2025-08-28 17:00:00,L52933,5.79,1416,54.1,48,Normal
2025-08-28 18:00:00,L52934,4.45,1727,27.7,50,Normal
2025-08-28 19:00:00,L52935,5.65,1391,49.2,52,Normal
2025-08-28 20:00:00,M20616,6.02,1366,52.3,54,Normal
2025-08-28 21:00:00,L52937,6.27,1366,55.6,57,Normal
2025-08-28 22:00:00,L52938,4.57,1501,40.8,59,Normal
2025-08-28 23:00:00,L52939,4.13,1551,35.8,61,Normal
2025-08-29 00:00:00,M20620,4.16,1522,35.6,63,Normal
2025-08-29 01:00:00,L52941,5.98,1369,49.8,66,Normal
2025-08-29 02:00:00,L52942,6.36,1334,52.3,68,Normal
2025-08-29 03:00:00,H35177,4.89,1451,39.4,70,Normal
2025-08-29 04:00:00,L52944,4.64,1589,37.9,75,Normal
2025-08-29 05:00:00,L52945,4.85,1708,30.5,77,Normal
2025-08-29 06:00:00,M20626,5.42,1413,42.6,79,Normal
2025-08-29 07:00:00,M20627,5.7,1415,46.5,82,Normal
2025-08-29 08:00:00,L52948,5.66,1421,45.9,85,Normal
2025-08-29 09:00:00,L52949,6.42,1348,51.0,87,Normal
2025-08-29 10:00:00,L52950,5.59,1408,42.9,89,Normal
2025-08-29 11:00:00,L52951,5.01,1525,43.7,91,Normal
2025-08-29 12:00:00,L52952,4.99,1706,29.9,93,Normal
2025-08-29 13:00:00,H35187,5.98,1395,46.8,95,Normal
2025-08-29 14:00:00,L52954,4.78,1602,34.3,100,Normal
2025-08-29 15:00:00,L52955,5.67,1907,21.5,102,Normal
2025-08-29 16:00:00,L52956,6.64,1325,49.2,104,Normal
2025-08-29 17:00:00,L52957,5.88,1408,44.4,106,Normal
2025-08-29 18:00:00,M20638,5.26,1489,41.4,108,Normal
2025-08-29 19:00:00,L52959,5.01,1680,29.2,111,Normal
2025-08-29 20:00:00,L52960,5.23,1517,42.4,113,Normal
2025-08-29 21:00:00,M20641,5.2,1618,36.7,115,Normal
2025-08-29 22:00:00,L52962,5.46,1455,39.8,118,Normal
2025-08-29 23:00:00,H35197,4.82,1543,36.4,120,Normal
2025-08-30 00:00:00,M20644,5.99,1399,41.8,125,Normal
2025-08-30 01:00:00,L52965,5.34,1469,37.2,128,Normal
2025-08-30 02:00:00,L52966,5.04,1521,36.7,130,Normal
2025-08-30 03:00:00,L52967,5.35,1584,38.8,132,Normal
2025-08-30 04:00:00,L52968,5.95,1443,43.3,134,Normal
2025-08-30 05:00:00,M20649,6.5,1416,49.0,136,Normal
2025-08-30 06:00:00,M20650,5.04,1563,34.5,139,Normal
2025-08-30 07:00:00,M20651,5.32,1542,40.1,142,Normal
2025-08-30 08:00:00,M20652,5.26,1624,31.6,145,Normal
2025-08-30 09:00:00,L52973,6.02,1471,44.2,148,Normal
2025-08-30 10:00:00,M20654,5.7,1492,40.8,150,Normal
2025-08-30 11:00:00,M20655,5.83,1465,39.9,153,Normal
2025-08-30 12:00:00,L52976,7.23,1399,55.1,156,Normal
2025-08-30 13:00:00,L52977,6.26,1431,42.6,158,Normal
2025-08-30 14:00:00,L52978,5.78,1600,39.0,160,Normal
2025-08-30 15:00:00,L52979,5.48,1593,34.5,162,Normal
2025-08-30 16:00:00,L52980,6.25,1469,44.7,164,Normal
2025-08-30 17:00:00,L52981,6.58,1413,44.6,166,Normal
2025-08-30 18:00:00,L52982,5.74,1490,38.0,168,Normal
2025-08-30 19:00:00,L52983,5.78,1671,31.1,170,Normal
2025-08-30 20:00:00,L52984,7.04,1365,46.5,172,Normal
2025-08-30 21:00:00,M20665,5.73,1557,39.3,174,Normal
2025-08-30 22:00:00,L52986,6.61,1440,45.4,177,Normal
2025-08-30 23:00:00,M20667,5.94,1489,38.9,179,Normal
2025-08-31 00:00:00,L52988,5.92,1733,25.7,182,Normal
2025-08-31 01:00:00,H35223,5.8,1580,36.6,184,Normal
2025-08-31 02:00:00,L52990,6.44,1856,21.9,189,Normal
2025-08-31 03:00:00,L52991,6.37,1454,40.3,191,Normal
2025-08-31 04:00:00,L52992,5.9,1495,36.3,193,Normal
2025-08-31 05:00:00,L52993,6.45,1761,29.1,195,Normal
2025-08-31 06:00:00,M20674,7.2,1402,47.5,197,Normal
2025-08-31 07:00:00,L52995,6.26,1670,33.0,200,Normal
2025-08-31 08:00:00,L52996,5.96,1582,35.6,202,Normal
2025-08-31 09:00:00,L52997,5.73,1542,35.1,204,Normal
2025-08-31 10:00:00,L52998,5.85,1539,36.9,206,Normal
2025-08-31 11:00:00,L52999,6.88,1418,41.9,208,Normal
2025-08-31 12:00:00,L53000,6.32,1723,27.6,210,Normal
2025-08-31 13:00:00,L53001,8.04,1303,49.2,212,Normal
2025-08-31 14:00:00,M20682,7.24,1463,50.2,214,Normal
2025-08-31 15:00:00,L53003,6.17,1544,39.3,217,Normal
2025-08-31 16:00:00,L53004,6.34,1596,37.2,219,Normal
2025-08-31 17:00:00,L53005,7.06,1413,42.0,221,Normal
2025-08-31 18:00:00,M20686,6.59,1492,41.2,223,Normal
2025-08-31 19:00:00,L53007,4.15,1624,40.9,0,Normal
2025-08-31 20:00:00,L53008,3.77,1504,39.1,2,Normal
2025-08-31 21:00:00,M20689,3.48,1574,34.3,4,Normal
2025-08-31 22:00:00,M20690,4.41,1438,42.4,7,Normal
2025-08-31 23:00:00,L53011,4.79,1474,50.7,10,Normal
2025-09-01 00:00:00,L53012,4.0,1675,32.1,12,Normal
2025-09-01 01:00:00,L53013,4.53,1457,44.5,14,Normal
2025-09-01 02:00:00,L53014,5.02,1434,49.8,16,Normal
2025-09-01 03:00:00,L53015,3.9,1668,30.1,18,Normal
2025-09-01 04:00:00,L53016,3.89,1550,39.7,20,Normal
2025-09-01 05:00:00,M20697,4.57,1834,25.4,22,Normal
2025-09-01 06:00:00,M20698,4.03,1476,36.5,25,Normal
2025-09-01 07:00:00,M20699,3.71,1541,36.3,28,Normal
2025-09-01 08:00:00,M20700,3.62,1581,30.9,31,Normal
2025-09-01 09:00:00,M20701,4.18,1678,30.7,34,Normal
2025-09-01 10:00:00,L53022,5.77,1355,50.6,37,Normal
2025-09-01 11:00:00,L53023,4.24,1700,28.8,39,Normal
2025-09-01 12:00:00,L53024,4.34,1462,37.1,41,Normal
2025-09-01 13:00:00,M20705,4.29,1727,26.5,43,Normal
2025-09-01 14:00:00,L53026,4.47,1674,33.3,46,Normal
2025-09-01 15:00:00,L53027,5.12,1397,42.3,48,Normal
2025-09-01 16:00:00,L53028,6.63,2323,15.9,50,Normal
2025-09-01 17:00:00,M20709,5.31,1434,47.6,52,Normal
2025-09-01 18:00:00,L53030,4.07,1560,35.3,55,Normal
2025-09-01 19:00:00,L53031,4.01,1573,32.8,57,Normal
2025-09-01 20:00:00,H35266,4.6,1798,22.3,59,Normal
2025-09-01 21:00:00,L53033,4.21,1567,35.1,64,Normal
2025-09-01 22:00:00,L53034,5.95,1416,53.3,66,Normal
2025-09-01 23:00:00,M20715,5.4,1424,45.2,68,Normal
2025-09-02 00:00:00,H35270,4.52,1598,35.9,71,Normal
2025-09-02 01:00:00,L53037,4.7,1760,23.9,76,Normal
2025-09-02 02:00:00,L53038,5.89,1348,44.5,78,Normal
2025-09-02 03:00:00,L53039,4.16,1542,33.6,80,Normal
2025-09-02 04:00:00,L53040,4.28,1566,33.1,82,Normal
2025-09-02 05:00:00,L53041,5.19,1554,47.7,84,Normal
2025-09-02 06:00:00,L53042,5.05,1470,40.6,86,Normal
2025-09-02 07:00:00,M20723,4.92,1758,25.4,88,Normal
2025-09-02 08:00:00,M20724,4.76,1486,36.5,91,Normal
2025-09-02 09:00:00,M20725,5.49,1402,40.0,94,Normal
2025-09-02 10:00:00,L53046,5.54,1459,45.1,97,Normal
2025-09-02 11:00:00,L53047,5.38,1494,45.3,99,Normal
2025-09-02 12:00:00,L53048,5.09,1731,27.9,101,Normal
2025-09-02 13:00:00,L53049,6.44,2076,18.7,103,Normal
2025-09-02 14:00:00,L53050,6.22,2055,16.8,105,Normal
2025-09-02 15:00:00,L53051,5.89,1469,49.5,107,Normal
2025-09-02 16:00:00,M20732,5.27,1504,42.6,109,Normal
2025-09-02 17:00:00,M20733,5.96,1396,43.5,112,Normal
2025-09-02 18:00:00,M20734,5.25,1660,33.8,115,Normal
2025-09-02 19:00:00,M20735,5.2,1577,39.7,118,Normal
2025-09-02 20:00:00,L53056,6.46,1426,52.1,121,Normal
2025-09-02 21:00:00,L53057,5.61,1458,41.4,123,Normal
2025-09-02 22:00:00,L53058,5.5,1533,45.8,125,Normal
2025-09-02 23:00:00,L53059,5.26,1701,28.4,127,Normal
2025-09-03 00:00:00,L53060,6.35,1434,49.6,129,Normal
2025-09-03 01:00:00,L53061,6.34,1952,22.7,131,Normal
2025-09-03 02:00:00,L53062,5.37,1469,36.9,133,Normal
2025-09-03 03:00:00,L53063,5.75,1800,26.0,135,Normal
2025-09-03 04:00:00,M20744,5.99,1438,43.0,137,Normal
2025-09-03 05:00:00,L53065,5.1,1647,28.2,140,Normal
2025-09-03 06:00:00,L53066,5.67,1494,41.9,142,Normal
2025-09-03 07:00:00,H35301,5.93,1445,41.4,144,Normal
2025-09-03 08:00:00,M20748,5.46,1507,38.6,149,Normal
2025-09-03 09:00:00,M20749,8.14,1234,55.8,152,Normal
2025-09-03 10:00:00,L53070,5.5,1634,32.6,155,Normal
2025-09-03 11:00:00,L53071,7.48,1334,53.3,157,Normal
2025-09-03 12:00:00,L53072,6.16,1472,44.5,159,Normal
2025-09-03 13:00:00,M20753,7.07,1410,52.7,161,Normal
2025-09-03 14:00:00,L53074,5.74,1597,37.9,164,Normal
2025-09-03 15:00:00,M20755,6.46,1460,46.7,166,Normal
2025-09-03 16:00:00,L53076,8.12,1274,55.7,169,Normal
2025-09-03 17:00:00,M20757,5.77,1517,40.2,171,Normal
2025-09-03 18:00:00,L53078,8.13,1300,57.2,174,Normal
2025-09-03 19:00:00,H35313,5.72,1686,27.7,176,Normal
2025-09-03 20:00:00,M20760,6.12,1485,41.0,181,Normal
2025-09-03 21:00:00,L53081,6.59,1464,45.8,184,Normal
2025-09-03 22:00:00,L53082,5.85,1598,35.4,186,Normal
2025-09-03 23:00:00,L53083,6.64,1894,21.9,188,Normal
2025-09-04 00:00:00,M20764,8.27,1330,59.0,190,Normal
2025-09-04 01:00:00,H35319,5.56,1582,31.1,193,Normal
2025-09-04 02:00:00,L53086,5.7,1533,35.6,198,Normal
2025-09-04 03:00:00,H35321,7.07,1419,46.4,200,Normal
2025-09-04 04:00:00,M20768,5.87,1526,36.3,205,Normal
2025-09-04 05:00:00,H35323,8.7,1364,65.3,208,Critical
2025-09-04 06:00:00,M20770,4.28,1458,43.4,0,Normal
2025-09-04 07:00:00,M20771,6.61,1288,64.0,3,Normal
2025-09-04 08:00:00,M20772,3.69,1659,29.8,6,Normal
2025-09-04 09:00:00,H35327,4.85,1479,52.3,9,Normal
2025-09-04 10:00:00,L53094,3.81,1592,36.0,14,Normal
2025-09-04 11:00:00,M20775,3.75,1532,38.7,16,Normal
2025-09-04 12:00:00,L53096,4.05,1555,41.9,19,Normal
2025-09-04 13:00:00,L53097,5.79,1341,52.6,21,Normal
2025-09-04 14:00:00,L53098,4.03,1541,42.0,23,Normal
2025-09-04 15:00:00,L53099,5.3,1414,50.6,25,Normal
2025-09-04 16:00:00,L53100,4.27,1764,25.9,27,Normal
2025-09-04 17:00:00,L53101,6.2,1336,57.1,29,Normal
2025-09-04 18:00:00,L53102,4.77,1435,43.3,31,Normal
2025-09-04 19:00:00,M20783,3.69,1537,35.0,33,Normal
2025-09-04 20:00:00,L53104,5.56,1369,48.8,36,Normal
2025-09-04 21:00:00,M20785,3.94,1619,31.3,38,Normal
2025-09-04 22:00:00,L53106,5.37,1440,51.1,41,Normal
2025-09-04 23:00:00,L53107,4.12,1649,30.5,43,Normal
2025-09-05 00:00:00,M20788,4.12,1550,38.7,45,Normal
2025-09-05 01:00:00,L53109,4.9,1471,45.2,48,Normal
2025-09-05 02:00:00,L53110,5.27,1483,51.6,50,Normal
2025-09-05 03:00:00,L53111,6.3,1336,54.4,52,Normal
2025-09-05 04:00:00,L53112,4.16,1515,36.6,54,Normal
2025-09-05 05:00:00,L53113,5.68,1373,47.4,56,Normal
2025-09-05 06:00:00,H35348,5.5,1454,51.2,58,Normal
2025-09-05 07:00:00,L53115,4.6,1646,34.5,63,Normal
2025-09-05 08:00:00,M20796,4.26,1548,37.3,65,Normal
2025-09-05 09:00:00,M20797,4.93,1462,41.3,68,Normal
2025-09-05 10:00:00,L53118,4.91,1702,33.1,71,Normal
2025-09-05 11:00:00,L53119,6.56,1409,60.9,73,Normal
2025-09-05 12:00:00,M20800,5.96,1427,52.8,75,Normal
2025-09-05 13:00:00,L53121,5.65,1438,48.5,78,Critical
2025-09-05 14:00:00,L53122,5.28,1450,43.4,80,Normal
2025-09-05 15:00:00,L53123,4.68,1541,41.3,82,Normal
2025-09-05 16:00:00,M20804,4.78,1484,38.0,84,Normal
2025-09-05 17:00:00,M20805,5.63,1415,44.5,87,Normal
2025-09-05 18:00:00,L53126,5.33,1496,46.4,90,Normal
2025-09-05 19:00:00,M20807,5.45,1465,45.2,92,Normal
2025-09-05 20:00:00,L53128,6.54,2113,18.5,95,Normal
2025-09-05 21:00:00,M20809,5.21,1506,44.0,97,Normal
2025-09-05 22:00:00,L53130,4.91,1689,28.9,100,Normal
2025-09-05 23:00:00,L53131,4.75,1650,29.4,102,Normal
2025-09-06 00:00:00,L53132,4.57,1563,33.8,104,Normal
2025-09-06 01:00:00,M20813,5.09,1486,38.9,106,Normal
2025-09-06 02:00:00,L53134,5.05,1732,25.7,109,Normal
2025-09-06 03:00:00,L53135,5.02,1653,31.6,111,Normal
2025-09-06 04:00:00,L53136,4.78,1535,37.1,113,Normal
2025-09-06 05:00:00,L53137,5.34,1637,37.2,115,Normal
2025-09-06 06:00:00,L53138,4.93,1533,38.5,117,Normal
2025-09-06 07:00:00,L53139,6.65,1378,51.2,119,Normal
2025-09-06 08:00:00,L53140,5.0,1606,33.5,121,Normal
2025-09-06 09:00:00,L53141,4.57,1539,32.3,123,Normal
2025-09-06 10:00:00,L53142,5.25,1728,26.3,125,Normal
2025-09-06 11:00:00,H35377,5.53,1656,36.3,127,Normal
2025-09-06 12:00:00,H35378,5.07,1631,30.5,132,Normal
2025-09-06 13:00:00,H35379,6.17,1447,46.5,137,Normal
2025-09-06 14:00:00,L53146,6.7,1396,49.3,142,Normal
2025-09-06 15:00:00,L53147,6.96,1390,52.5,144,Normal
2025-09-06 16:00:00,L53148,7.45,1348,56.0,146,Normal
2025-09-06 17:00:00,M20829,5.36,1491,35.9,148,Normal
2025-09-06 18:00:00,L53150,5.35,1520,37.6,151,Normal
2025-09-06 19:00:00,L53151,5.13,1509,33.0,153,Normal
2025-09-06 20:00:00,L53152,6.4,1445,46.6,155,Normal
2025-09-06 21:00:00,L53153,7.27,1354,51.8,157,Normal
2025-09-06 22:00:00,L53154,5.74,1488,39.4,159,Normal
2025-09-06 23:00:00,H35389,5.42,1654,28.6,161,Normal
2025-09-07 00:00:00,H35390,7.23,1378,51.5,166,Normal
2025-09-07 01:00:00,L53157,6.2,1750,30.6,171,Normal
2025-09-07 02:00:00,L53158,6.58,1448,46.3,173,Normal
2025-09-07 03:00:00,H35393,6.24,1501,45.3,175,Normal
2025-09-07 04:00:00,M20840,5.87,1654,32.0,180,Normal
2025-09-07 05:00:00,M20841,7.27,1347,46.5,183,Normal
2025-09-07 06:00:00,L53162,5.92,1486,37.1,186,Normal
2025-09-07 07:00:00,H35397,6.59,1466,45.2,188,Normal
2025-09-07 08:00:00,H35398,7.76,1346,52.0,193,Normal
2025-09-07 09:00:00,L53165,7.37,1314,42.4,198,Normal
2025-09-07 10:00:00,L53166,7.35,1440,52.5,200,Normal
2025-09-07 11:00:00,L53167,6.36,1608,39.5,202,Normal
2025-09-07 12:00:00,H35402,8.57,1296,58.2,204,Normal
2025-09-07 13:00:00,L53169,6.66,1507,46.1,209,Normal
2025-09-07 14:00:00,M20850,7.96,1343,51.6,211,Normal
2025-09-07 15:00:00,L53171,6.86,1416,40.4,214,Normal
2025-09-07 16:00:00,L53172,8.04,1288,47.2,216,Normal
2025-09-07 17:00:00,M20853,7.09,1407,42.4,218,Normal
2025-09-07 18:00:00,L53174,6.57,1608,39.2,221,Normal
2025-09-07 19:00:00,L53175,7.23,1920,22.3,223,Normal
2025-09-07 20:00:00,M20856,7.67,1386,48.2,225,Normal
2025-09-07 21:00:00,M20857,6.14,1571,34.6,228,Normal
2025-09-07 22:00:00,M20858,6.56,1613,36.9,231,Normal
2025-09-07 23:00:00,M20859,6.5,1671,30.5,234,Critical
2025-09-08 00:00:00,H35414,4.42,1431,43.2,0,Normal
2025-09-08 01:00:00,M20861,5.03,1380,47.3,5,Normal
2025-09-08 02:00:00,L53182,3.96,1683,31.5,8,Normal
2025-09-08 03:00:00,L53183,3.54,1529,36.2,10,Normal
2025-09-08 04:00:00,L53184,4.11,1761,26.5,12,Normal
2025-09-08 05:00:00,L53185,3.84,1570,38.3,14,Normal
2025-09-08 06:00:00,M20866,5.81,2156,18.0,16,Normal
2025-09-08 07:00:00,M20867,5.84,1349,54.5,19,Normal
2025-09-08 08:00:00,L53188,4.43,1431,39.3,22,Normal
2025-09-08 09:00:00,L53189,4.91,1931,22.0,24,Normal
2025-09-08 10:00:00,H35424,4.76,1428,43.4,26,Normal
2025-09-08 11:00:00,L53191,3.87,1564,36.2,31,Normal
2025-09-08 12:00:00,H35426,4.9,1425,44.0,33,Normal
2025-09-08 13:00:00,L53193,3.77,1597,30.5,38,Normal
2025-09-08 14:00:00,H35428,4.06,1618,32.8,40,Normal
2025-09-08 15:00:00,M20875,4.12,1520,38.0,45,Normal
2025-09-08 16:00:00,L53196,5.16,1425,45.3,48,Normal
2025-09-08 17:00:00,L53197,4.87,1398,38.2,50,Normal
2025-09-08 18:00:00,M20878,3.78,1557,31.6,52,Normal
2025-09-08 19:00:00,L53199,4.63,1519,43.9,55,Normal
2025-09-08 20:00:00,L53200,4.4,1619,34.9,57,Normal
2025-09-08 21:00:00,L53201,4.63,1814,21.4,59,Normal
2025-09-08 22:00:00,L53202,4.39,1521,39.4,61,Normal
2025-09-08 23:00:00,M20883,6.04,1369,51.2,63,Normal
2025-09-09 00:00:00,L53204,7.06,1356,65.3,66,Critical
2025-09-09 01:00:00,L53205,6.42,1336,53.3,68,Normal
2025-09-09 02:00:00,L53206,5.74,1403,48.3,70,Normal
2025-09-09 03:00:00,M20887,5.45,1413,44.3,72,Normal
2025-09-09 04:00:00,L53208,5.37,1472,47.6,75,Normal
2025-09-09 05:00:00,M20889,5.52,1452,47.9,77,Normal
2025-09-09 06:00:00,L53210,6.24,1397,53.7,80,Normal
2025-09-09 07:00:00,L53211,5.09,1455,40.6,82,Normal
2025-09-09 08:00:00,L53212,5.0,1754,27.7,84,Normal
2025-09-09 09:00:00,L53213,4.87,1471,37.9,86,Normal
2025-09-09 10:00:00,M20894,6.02,1389,48.1,88,Normal
2025-09-09 11:00:00,M20895,4.97,1702,30.3,91,Normal
2025-09-09 12:00:00,M20896,6.45,1401,54.6,94,Normal
2025-09-09 13:00:00,L53217,5.79,1426,46.2,97,Normal
2025-09-09 14:00:00,L53218,4.91,1496,38.3,99,Normal
2025-09-09 15:00:00,L53219,5.57,1433,42.6,101,Normal
2025-09-09 16:00:00,M20900,5.83,1438,46.6,103,Normal
2025-09-09 17:00:00,M20901,6.15,1418,49.3,106,Normal
2025-09-09 18:00:00,M20902,4.91,1580,36.6,109,Normal
2025-09-09 19:00:00,M20903,5.45,1468,41.8,112,Normal
2025-09-09 20:00:00,M20904,5.18,1522,41.7,115,Normal
2025-09-09 21:00:00,L53225,7.31,1311,55.8,118,Normal
2025-09-09 22:00:00,L53226,7.35,1316,56.5,120,Normal
2025-09-09 23:00:00,H35461,5.74,1853,23.6,122,Normal
2025-09-10 00:00:00,M20908,5.13,1556,38.8,127,Normal
2025-09-10 01:00:00,M20909,4.94,1567,34.3,130,Normal
2025-09-10 02:00:00,M20910,5.08,1546,37.7,133,Normal
2025-09-10 03:00:00,L53231,6.83,1382,51.2,136,Normal
2025-09-10 04:00:00,L53232,6.54,2003,20.2,138,Normal
2025-09-10 05:00:00,L53233,5.78,1748,29.9,140,Normal
2025-09-10 06:00:00,H35468,5.42,1518,40.1,142,Normal
2025-09-10 07:00:00,L53235,5.84,1475,42.0,147,Normal
2025-09-10 08:00:00,L53236,5.2,1634,29.2,149,Normal
2025-09-10 09:00:00,L53237,5.78,1689,32.9,151,Normal
2025-09-10 10:00:00,M20918,5.66,1636,35.3,153,Normal
2025-09-10 11:00:00,L53239,7.76,2235,15.8,156,Normal
2025-09-10 12:00:00,L53240,5.62,1615,35.6,158,Normal
2025-09-10 13:00:00,H35475,5.26,1618,29.5,160,Normal
2025-09-10 14:00:00,M20922,7.15,1407,53.0,165,Normal
2025-09-10 15:00:00,L53243,6.31,1450,43.3,168,Normal
2025-09-10 16:00:00,L53244,6.52,1889,23.8,170,Normal
2025-09-10 17:00:00,L53245,5.7,1568,38.2,172,Normal
2025-09-10 18:00:00,L53246,6.23,1804,25.8,174,Normal
2025-09-10 19:00:00,L53247,5.78,1582,37.5,176,Normal
2025-09-10 20:00:00,M20928,7.11,2047,17.9,178,Normal
2025-09-10 21:00:00,L53249,5.71,1601,34.0,181,Normal
2025-09-10 22:00:00,L53250,5.68,1615,32.0,183,Normal
2025-09-10 23:00:00,M20931,6.52,1452,43.6,185,Normal
2025-09-11 00:00:00,M20932,6.07,1695,30.2,188,Normal
2025-09-11 01:00:00,M20933,6.38,1790,26.2,191,Normal
2025-09-11 02:00:00,M20934,5.9,1533,39.3,194,Normal
2025-09-11 03:00:00,L53255,6.73,1813,28.5,197,Normal
2025-09-11 04:00:00,L53256,6.02,1492,36.7,199,Normal
2025-09-11 05:00:00,L53257,6.54,1479,43.3,201,Normal
2025-09-11 06:00:00,L53258,8.38,1339,59.1,203,Critical
2025-09-11 07:00:00,M20939,7.28,1371,44.7,205,Normal
2025-09-11 08:00:00,L53260,6.22,1468,36.2,208,Normal
2025-09-11 09:00:00,L53261,6.33,1517,41.7,210,Normal
2025-09-11 10:00:00,L53262,7.58,1352,46.4,212,Normal
2025-09-11 11:00:00,L53263,7.64,1389,50.0,214,Normal
2025-09-11 12:00:00,M20944,3.55,1505,36.2,0,Normal
2025-09-11 13:00:00,L53265,3.44,1538,36.7,3,Normal
2025-09-11 14:00:00,L53266,3.79,1482,37.0,5,Normal
2025-09-11 15:00:00,M20947,3.57,1599,33.0,7,Normal
2025-09-11 16:00:00,L53268,4.01,1476,39.0,10,Normal
2025-09-11 17:00:00,L53269,3.76,1509,37.5,12,Normal
2025-09-11 18:00:00,L53270,4.01,1708,29.1,14,Normal
2025-09-11 19:00:00,L53271,5.65,1412,57.5,16,Normal
2025-09-11 20:00:00,L53272,3.74,1658,28.5,18,Normal
2025-09-11 21:00:00,L53273,5.88,1375,57.2,20,Normal
2025-09-11 22:00:00,M20954,5.16,1402,48.1,22,Normal
2025-09-11 23:00:00,M20955,4.87,1452,47.3,25,Normal
2025-09-12 00:00:00,M20956,4.31,1483,40.8,28,Normal
2025-09-12 01:00:00,H35511,4.22,1477,38.4,31,Normal
2025-09-12 02:00:00,M20958,5.04,1924,22.4,36,Normal
2025-09-12 03:00:00,H35513,3.73,1609,28.7,39,Normal
2025-09-12 04:00:00,M20960,4.84,1886,21.1,44,Normal
2025-09-12 05:00:00,L53281,3.92,1616,29.6,47,Normal
2025-09-12 06:00:00,L53282,4.94,1442,43.2,49,Normal
2025-09-12 07:00:00,L53283,5.28,1407,45.1,51,Normal
2025-09-12 08:00:00,M20964,4.76,1461,41.3,53,Normal
2025-09-12 09:00:00,M20965,4.77,1522,46.2,56,Normal
2025-09-12 10:00:00,L53286,5.43,1432,48.1,59,Normal
2025-09-12 11:00:00,L53287,5.48,1438,49.0,61,Normal
2025-09-12 12:00:00,M20968,4.36,1678,28.1,63,Normal
2025-09-12 13:00:00,M20969,4.45,1514,38.7,66,Normal
2025-09-12 14:00:00,L53290,4.54,1534,41.3,69,Normal
2025-09-12 15:00:00,M20971,4.83,1486,41.2,71,Normal
2025-09-12 16:00:00,L53292,5.47,1925,22.0,74,Normal
2025-09-12 17:00:00,M20973,4.89,1724,30.0,76,Normal
2025-09-12 18:00:00,M20974,4.31,1549,35.5,79,Normal
2025-09-12 19:00:00,L53295,5.54,1457,47.7,82,Normal
2025-09-12 20:00:00,L53296,5.34,1453,43.9,84,Normal
2025-09-12 21:00:00,L53297,5.14,1578,44.4,86,Normal
2025-09-12 22:00:00,M20978,7.24,1325,61.4,88,Normal
2025-09-12 23:00:00,L53299,5.02,1471,39.3,91,Normal
2025-09-13 00:00:00,M20980,5.09,1472,40.0,93,Normal
2025-09-13 01:00:00,L53301,5.04,1457,37.4,96,Normal
2025-09-13 02:00:00,L53302,6.53,1402,55.3,98,Normal
2025-09-13 03:00:00,L53303,5.24,1477,41.5,100,Normal
2025-09-13 04:00:00,M20984,5.22,1727,30.1,102,Normal
2025-09-13 05:00:00,L53305,6.11,1995,20.2,105,Normal
2025-09-13 06:00:00,L53306,6.64,1370,52.5,107,Normal
2025-09-13 07:00:00,L53307,8.36,1228,66.4,109,Normal
2025-09-13 08:00:00,L53308,5.02,1499,38.0,111,Normal
2025-09-13 09:00:00,M20989,5.57,1508,46.9,113,Normal
2025-09-13 10:00:00,L53310,5.63,1473,44.2,116,Normal
2025-09-13 11:00:00,H35545,5.42,1640,37.6,118,Normal
2025-09-13 12:00:00,L53312,5.84,1429,42.5,123,Normal
2025-09-13 13:00:00,L53313,5.54,1470,40.9,125,Normal
2025-09-13 14:00:00,L53314,5.16,1581,37.0,127,Normal
2025-09-13 15:00:00,L53315,5.54,1740,28.9,129,Normal
2025-09-13 16:00:00,H35550,6.03,1390,40.6,131,Normal
2025-09-13 17:00:00,M20997,6.4,1988,19.7,136,Normal
2025-09-13 18:00:00,M20998,5.94,1452,43.0,139,Normal
2025-09-13 19:00:00,L53319,5.13,1586,33.4,142,Normal
2025-09-13 20:00:00,L53320,5.23,1589,34.3,144,Normal
2025-09-13 21:00:00,L53321,6.01,1486,45.7,146,Normal
2025-09-13 22:00:00,L53322,5.78,1755,27.9,148,Normal
2025-09-13 23:00:00,M21003,5.24,1575,34.6,150,Normal
2025-09-14 00:00:00,M21004,5.7,1615,37.7,153,Normal
2025-09-14 01:00:00,M21005,6.15,1436,41.8,156,Normal
2025-09-14 02:00:00,M21006,5.92,1470,40.6,159,Normal
2025-09-14 03:00:00,M21007,7.28,2089,19.8,162,Normal
2025-09-14 04:00:00,L53328,5.51,1564,37.0,165,Normal
2025-09-14 05:00:00,M21009,6.74,1420,47.4,167,Normal
2025-09-14 06:00:00,L53330,5.88,1711,29.1,170,Normal
2025-09-14 07:00:00,L53331,5.43,1555,35.3,172,Normal
2025-09-14 08:00:00,M21012,5.69,1592,35.7,174,Normal
2025-09-14 09:00:00,L53333,8.99,1236,64.4,177,Critical
2025-09-14 10:00:00,M21014,5.96,1765,24.2,179,Normal
2025-09-14 11:00:00,L53335,5.73,1634,31.2,182,Normal
2025-09-14 12:00:00,L53336,6.06,1508,41.5,184,Normal
2025-09-14 13:00:00,L53337,6.45,1774,29.6,186,Normal
2025-09-14 14:00:00,L53338,5.9,1677,29.1,188,Normal
2025-09-14 15:00:00,L53339,7.82,1399,58.0,190,Critical
2025-09-14 16:00:00,L53340,5.67,1570,34.0,192,Normal
2025-09-14 17:00:00,L53341,6.53,1479,44.3,194,Normal
2025-09-14 18:00:00,L53342,5.71,1558,34.9,196,Normal
2025-09-14 19:00:00,L53343,7.5,1358,48.1,198,Normal
2025-09-14 20:00:00,H35578,6.03,1656,30.7,200,Normal
2025-09-14 21:00:00,L53345,5.86,1523,35.8,205,Normal
2025-09-14 22:00:00,H35580,6.86,1403,40.6,207,Normal
2025-09-14 23:00:00,M21027,7.87,1362,51.6,212,Normal
2025-09-15 00:00:00,M21028,6.65,1778,27.1,215,Normal
2025-09-15 01:00:00,L53349,6.58,1448,38.2,218,Normal
2025-09-15 02:00:00,H35584,6.34,1559,40.1,220,Normal
2025-09-15 03:00:00,L53351,7.11,1416,42.2,225,Normal
2025-09-15 04:00:00,L53352,6.38,1577,37.9,227,Critical
2025-09-15 05:00:00,L53353,3.34,1633,27.8,0,Normal
2025-09-15 06:00:00,L53354,3.25,1573,31.2,2,Normal
2025-09-15 07:00:00,L53355,4.06,1517,44.3,4,Normal
2025-09-15 08:00:00,L53356,3.64,1515,37.3,6,Normal
2025-09-15 09:00:00,L53357,4.12,1527,45.3,8,Normal
2025-09-15 10:00:00,L53358,6.98,1282,67.9,10,Critical
2025-09-15 11:00:00,M21039,4.88,1396,45.1,12,Normal
2025-09-15 12:00:00,L53360,4.35,1492,44.6,15,Normal
2025-09-15 13:00:00,L53361,4.92,1975,19.7,17,Normal
2025-09-15 14:00:00,L53362,3.89,1475,35.3,19,Normal
2025-09-15 15:00:00,H35597,3.93,1495,37.3,21,Normal
2025-09-15 16:00:00,L53364,3.72,1553,35.8,26,Normal
2025-09-15 17:00:00,L53365,4.86,1918,21.7,28,Normal
2025-09-15 18:00:00,M21046,5.1,1413,46.6,30,Normal
2025-09-15 19:00:00,L53367,5.61,1437,56.0,33,Normal
2025-09-15 20:00:00,L53368,4.91,1450,45.9,35,Normal
2025-09-15 21:00:00,M21049,4.94,1910,21.9,37,Normal
2025-09-15 22:00:00,L53370,4.37,1749,26.4,40,Normal
2025-09-15 23:00:00,H35605,5.04,1916,22.0,42,Normal
2025-09-16 00:00:00,L53372,5.13,1428,45.3,47,Normal
2025-09-16 01:00:00,L53373,4.31,1578,38.4,49,Normal
2025-09-16 02:00:00,L53374,4.39,1571,39.9,51,Normal
2025-09-16 03:00:00,L53375,4.66,1729,30.2,53,Normal
2025-09-16 04:00:00,L53376,4.54,1701,30.4,55,Normal
2025-09-16 05:00:00,L53377,4.92,1493,45.8,57,Normal
2025-09-16 06:00:00,M21058,3.92,1554,32.7,59,Normal
2025-09-16 07:00:00,L53379,4.79,1497,43.2,62,Normal
2025-09-16 08:00:00,L53380,4.49,1679,29.8,64,Normal
2025-09-16 09:00:00,M21061,4.85,1510,44.5,66,Normal
2025-09-16 10:00:00,L53382,6.76,1296,54.9,69,Normal
2025-09-16 11:00:00,L53383,5.32,1404,41.8,71,Normal
2025-09-16 12:00:00,M21064,4.25,1519,34.9,73,Normal
2025-09-16 13:00:00,M21065,4.56,1696,27.3,76,Normal
2025-09-16 14:00:00,M21066,4.52,1669,28.4,79,Normal
2025-09-16 15:00:00,L53387,5.14,1447,40.7,82,Normal
2025-09-16 16:00:00,M21068,5.69,1418,46.3,84,Normal
2025-09-16 17:00:00,L53389,5.41,1407,40.5,87,Normal
2025-09-16 18:00:00,L53390,5.54,1434,44.5,89,Normal
2025-09-16 19:00:00,L53391,6.26,1360,48.8,91,Normal
2025-09-16 20:00:00,L53392,6.37,1402,53.7,93,Normal
2025-09-16 21:00:00,L53393,4.48,1552,34.9,95,Normal
2025-09-16 22:00:00,L53394,5.85,1392,44.2,97,Normal
2025-09-16 23:00:00,L53395,4.95,1521,41.0,99,Normal
2025-09-17 00:00:00,L53396,5.03,1724,27.5,101,Normal
2025-09-17 01:00:00,M21077,5.7,1455,46.1,103,Normal
2025-09-17 02:00:00,H35632,6.52,1366,50.6,106,Normal
2025-09-17 03:00:00,H35633,5.92,1407,43.9,111,Normal
2025-09-17 04:00:00,L53400,5.98,1470,49.3,116,Normal
2025-09-17 05:00:00,M21081,6.72,1359,50.8,118,Normal
2025-09-17 06:00:00,H35636,5.53,1792,25.8,121,Normal
2025-09-17 07:00:00,M21083,5.04,1552,37.9,126,Normal
2025-09-17 08:00:00,L53404,5.09,1612,32.9,129,Normal
2025-09-17 09:00:00,M21085,5.9,1424,41.4,131,Normal
2025-09-17 10:00:00,H35640,7.56,1341,59.3,134,Normal
2025-09-17 11:00:00,L53407,5.48,1479,38.2,139,Normal
2025-09-17 12:00:00,L53408,6.64,1413,50.1,141,Normal
2025-09-17 13:00:00,L53409,7.32,2165,17.4,143,Normal
2025-09-17 14:00:00,M21090,5.44,1641,33.0,145,Normal
2025-09-17 15:00:00,M21091,5.66,1495,40.8,148,Normal
2025-09-17 16:00:00,L53412,4.98,1576,30.4,151,Normal
2025-09-17 17:00:00,L53413,5.64,1467,37.1,153,Normal
2025-09-17 18:00:00,L53414,5.86,1479,41.2,155,Normal
2025-09-17 19:00:00,L53415,5.39,1596,33.9,157,Normal
2025-09-17 20:00:00,M21096,5.44,1512,36.9,159,Normal
2025-09-17 21:00:00,L53417,6.15,1414,38.8,162,Normal
2025-09-17 22:00:00,L53418,7.52,1390,57.4,164,Normal
2025-09-17 23:00:00,L53419,5.62,1644,31.6,166,Normal
2025-09-18 00:00:00,M21100,6.59,1394,42.8,168,Normal
2025-09-18 01:00:00,L53421,7.65,1324,52.4,171,Normal
2025-09-18 02:00:00,L53422,6.25,1476,43.6,173,Normal
2025-09-18 03:00:00,L53423,7.87,2204,16.6,175,Normal
2025-09-18 04:00:00,M21104,5.82,1665,30.9,177,Normal
2025-09-18 05:00:00,L53425,6.38,1445,41.7,180,Normal
2025-09-18 06:00:00,H35660,6.67,1457,46.8,182,Normal
2025-09-18 07:00:00,L53427,6.5,1492,46.3,187,Normal
2025-09-18 08:00:00,L53428,7.98,1405,61.2,189,Critical
2025-09-18 09:00:00,L53429,5.6,1542,35.5,191,Normal
2025-09-18 10:00:00,L53430,5.85,1520,37.7,193,Normal
2025-09-18 11:00:00,M21111,6.03,1598,36.5,195,Normal
2025-09-18 12:00:00,L53432,5.71,1538,36.1,198,Normal
2025-09-18 13:00:00,L53433,5.81,1615,30.9,200,Normal
2025-09-18 14:00:00,L53434,7.19,1408,47.0,202,Normal
2025-09-18 15:00:00,L53435,8.05,1379,57.3,204,Critical
2025-09-18 16:00:00,L53436,6.17,1493,37.8,206,Critical
2025-09-18 17:00:00,L53437,5.11,1376,49.1,0,Normal
2025-09-18 18:00:00,M21118,3.93,1583,40.7,2,Normal
2025-09-18 19:00:00,M21119,4.95,1396,47.4,5,Normal
2025-09-18 20:00:00,L53440,4.63,1436,45.3,8,Normal
2025-09-18 21:00:00,L53441,4.9,1417,47.6,10,Normal
2025-09-18 22:00:00,L53442,3.89,1641,33.4,12,Normal
2025-09-18 23:00:00,M21123,3.84,1698,27.3,14,Normal
2025-09-19 00:00:00,L53444,3.77,1541,39.1,17,Normal
2025-09-19 01:00:00,L53445,5.14,1383,46.6,19,Normal
2025-09-19 02:00:00,L53446,5.26,1368,46.8,21,Normal
2025-09-19 03:00:00,L53447,3.74,1570,35.2,23,Normal
2025-09-19 04:00:00,L53448,3.91,1616,33.5,25,Normal
2025-09-19 05:00:00,M21129,4.67,1444,43.2,27,Normal
2025-09-19 06:00:00,L53450,5.27,2021,18.8,30,Normal
2025-09-19 07:00:00,M21131,4.2,1702,29.3,32,Normal
2025-09-19 08:00:00,M21132,5.47,1429,52.7,35,Normal
2025-09-19 09:00:00,L53453,4.3,1711,28.9,38,Normal
2025-09-19 10:00:00,M21134,3.65,1543,32.9,40,Normal
2025-09-19 11:00:00,L53455,4.11,1628,32.2,43,Normal
2025-09-19 12:00:00,L53456,7.46,1233,64.6,45,Normal
2025-09-19 13:00:00,L53457,4.64,1461,40.6,47,Normal
2025-09-19 14:00:00,L53458,4.24,1568,38.3,49,Normal
2025-09-19 15:00:00,L53459,5.75,1432,54.4,51,Normal
2025-09-19 16:00:00,M21140,4.38,1527,41.1,53,Normal
2025-09-19 17:00:00,M21141,4.82,1455,41.2,56,Normal
2025-09-19 18:00:00,M21142,5.34,1418,45.4,59,Normal
2025-09-19 19:00:00,L53463,4.67,1719,29.5,62,Normal
2025-09-19 20:00:00,M21144,4.89,1734,31.3,64,Normal
2025-09-19 21:00:00,M21145,5.43,1426,46.1,67,Normal
2025-09-19 22:00:00,L53466,4.53,1611,35.2,70,Normal
2025-09-19 23:00:00,M21147,4.87,1479,41.1,72,Normal
2025-09-20 00:00:00,L53468,6.45,1317,50.9,75,Normal
2025-09-20 01:00:00,L53469,7.54,1248,61.4,77,Normal
2025-09-20 02:00:00,L53470,5.55,1932,21.7,79,Normal
2025-09-20 03:00:00,M21151,4.34,1547,35.8,81,Normal
2025-09-20 04:00:00,L53472,4.48,1614,31.6,84,Normal
2025-09-20 05:00:00,H35707,5.1,1512,44.9,86,Normal
2025-09-20 06:00:00,L53474,4.66,1529,38.7,91,Normal
2025-09-20 07:00:00,H35709,5.08,1782,24.9,93,Normal
2025-09-20 08:00:00,L53476,5.35,1429,39.4,98,Normal
2025-09-20 09:00:00,M21157,7.43,1309,60.7,100,Normal
2025-09-20 10:00:00,L53478,5.72,1428,44.1,103,Normal
2025-09-20 11:00:00,L53479,6.31,1385,49.2,105,Normal
2025-09-20 12:00:00,L53480,4.96,1517,39.4,107,Normal
2025-09-20 13:00:00,M21161,5.08,1576,39.6,109,Normal
2025-09-20 14:00:00,L53482,6.24,1437,51.2,112,Normal
2025-09-20 15:00:00,H35717,6.1,1457,50.5,114,Normal
2025-09-20 16:00:00,L53484,4.9,1532,37.5,119,Normal
2025-09-20 17:00:00,M21165,4.92,1603,32.6,121,Normal
2025-09-20 18:00:00,L53486,4.85,1563,34.4,124,Normal
2025-09-20 19:00:00,L53487,5.18,1617,34.5,126,Normal
2025-09-20 20:00:00,M21168,5.09,1686,26.9,128,Normal
2025-09-20 21:00:00,L53489,6.72,1382,50.4,131,Normal
2025-09-20 22:00:00,L53490,6.81,2090,17.8,133,Normal
2025-09-20 23:00:00,L53491,6.02,1446,44.5,135,Normal
2025-09-21 00:00:00,M21172,5.14,1533,38.1,137,Normal
2025-09-21 01:00:00,L53493,6.32,1440,47.6,140,Normal
2025-09-21 02:00:00,M21174,5.73,1793,25.0,142,Normal
2025-09-21 03:00:00,M21175,5.85,1517,46.1,145,Normal
2025-09-21 04:00:00,L53496,5.13,1544,36.0,148,Normal
2025-09-21 05:00:00,L53497,7.18,1321,48.8,150,Normal
2025-09-21 06:00:00,M21178,6.81,1416,50.9,152,Normal
2025-09-21 07:00:00,L53499,5.59,1514,40.0,155,Normal
2025-09-21 08:00:00,M21180,7.6,1304,52.5,157,Normal
2025-09-21 09:00:00,L53501,8.54,1286,64.9,160,Normal
2025-09-21 10:00:00,M21182,5.86,1483,40.2,162,Normal
2025-09-21 11:00:00,L53503,7.07,1351,46.9,165,Normal
2025-09-21 12:00:00,M21184,7.37,1367,52.6,167,Normal
2025-09-21 13:00:00,L53505,6.14,1721,32.3,170,Normal
2025-09-21 14:00:00,L53506,6.14,1455,40.4,172,Normal
2025-09-21 15:00:00,L53507,6.93,1425,49.5,174,Normal
2025-09-21 16:00:00,L53508,5.77,1672,29.7,176,Normal
2025-09-21 17:00:00,M21189,5.94,1641,34.6,178,Normal
2025-09-21 18:00:00,M21190,5.79,1580,37.0,181,Normal
2025-09-21 19:00:00,H35745,6.52,1495,47.4,184,Normal
2025-09-21 20:00:00,M21192,7.07,1994,19.8,189,Normal
2025-09-21 21:00:00,M21193,6.04,1415,31.8,192,Normal
2025-09-21 22:00:00,M21194,6.34,1725,30.4,195,Normal
2025-09-21 23:00:00,M21195,6.79,1430,43.4,198,Normal
2025-09-22 00:00:00,L53516,7.33,1395,48.1,201,Normal
2025-09-22 01:00:00,M21197,6.83,1435,43.6,203,Normal
2025-09-22 02:00:00,L53518,6.1,1681,28.6,206,Normal
2025-09-22 03:00:00,L53519,7.13,1451,48.6,208,Normal
2025-09-22 04:00:00,H35754,7.28,1397,45.9,210,Critical
2025-09-22 05:00:00,M21201,4.74,1421,47.2,0,Normal
2025-09-22 06:00:00,M21202,4.31,1444,42.0,3,Normal
2025-09-22 07:00:00,L53523,4.18,1827,23.0,6,Normal
2025-09-22 08:00:00,H35758,5.13,1374,47.7,8,Normal
2025-09-22 09:00:00,L53525,3.71,1650,29.6,13,Normal
2025-09-22 10:00:00,L53526,6.61,1275,60.7,15,Normal
2025-09-22 11:00:00,L53527,4.77,1421,44.6,17,Normal
2025-09-22 12:00:00,L53528,3.53,1557,33.8,19,Normal
2025-09-22 13:00:00,L53529,3.73,1506,35.2,21,Normal
2025-09-22 14:00:00,L53530,5.46,1362,49.1,23,Normal
2025-09-22 15:00:00,L53531,4.39,1542,47.1,25,Normal
2025-09-22 16:00:00,L53532,4.09,1496,38.8,27,Normal
2025-09-22 17:00:00,M21213,4.35,1491,42.0,29,Normal
2025-09-22 18:00:00,L53534,3.8,1565,34.8,32,Normal
2025-09-22 19:00:00,L53535,4.2,1481,37.9,34,Normal
2025-09-22 20:00:00,M21216,5.25,1420,48.4,36,Normal
2025-09-22 21:00:00,L53537,5.82,1398,54.8,39,Normal
2025-09-22 22:00:00,M21218,4.88,1466,45.7,41,Normal
2025-09-22 23:00:00,L53539,5.83,1430,56.7,44,Normal
2025-09-23 00:00:00,L53540,4.71,1441,40.1,46,Normal
2025-09-23 01:00:00,M21221,6.37,1348,57.3,48,Normal
2025-09-23 02:00:00,L53542,4.59,1738,28.7,51,Normal
2025-09-23 03:00:00,M21223,4.43,1618,36.2,53,Normal
2025-09-23 04:00:00,M21224,4.66,1489,41.7,56,Normal
2025-09-23 05:00:00,M21225,6.19,1412,57.9,59,Normal
2025-09-23 06:00:00,M21226,5.85,2065,18.1,62,Normal
2025-09-23 07:00:00,L53547,4.11,1571,33.1,65,Normal
2025-09-23 08:00:00,M21228,5.62,1423,48.7,67,Normal
2025-09-23 09:00:00,H35783,4.81,1781,24.9,70,Normal
2025-09-23 10:00:00,L53550,6.17,1321,46.9,75,Normal
2025-09-23 11:00:00,L53551,4.35,1546,36.7,77,Normal
2025-09-23 12:00:00,M21232,5.3,1879,22.4,79,Normal
2025-09-23 13:00:00,H35787,4.95,1735,28.9,82,Normal
2025-09-23 14:00:00,L53554,4.75,1506,38.8,87,Normal
2025-09-23 15:00:00,H35789,4.67,1629,32.3,89,Normal
2025-09-23 16:00:00,L53556,4.85,1694,28.7,94,Normal
2025-09-23 17:00:00,L53557,4.57,1541,37.0,96,Normal
2025-09-23 18:00:00,L53558,5.21,1514,44.6,98,Normal
2025-09-23 19:00:00,L53559,5.48,1485,45.9,100,Normal
2025-09-23 20:00:00,L53560,6.41,1430,55.0,102,Normal
2025-09-23 21:00:00,L53561,5.3,1771,27.1,104,Normal
2025-09-23 22:00:00,L53562,5.31,1481,41.9,106,Normal
2025-09-23 23:00:00,H35797,5.45,1483,43.8,108,Normal
2025-09-24 00:00:00,H35798,5.71,1463,45.1,113,Normal
2025-09-24 01:00:00,L53565,6.27,1410,48.3,118,Normal
2025-09-24 02:00:00,L53566,5.32,1656,34.3,120,Normal
2025-09-24 03:00:00,M21247,5.29,1487,39.2,122,Normal
2025-09-24 04:00:00,H35802,5.69,1509,46.6,125,Normal
2025-09-24 05:00:00,H35803,5.28,1677,30.1,130,Normal
2025-09-24 06:00:00,L53570,6.69,1450,55.0,135,Normal
2025-09-24 07:00:00,M21251,6.13,1413,43.0,137,Normal
2025-09-24 08:00:00,L53572,5.65,1680,33.8,140,Normal
2025-09-24 09:00:00,L53573,5.45,1678,30.5,142,Normal
2025-09-24 10:00:00,M21254,6.31,1408,44.0,144,Normal
2025-09-24 11:00:00,M21255,7.05,1376,52.1,147,Normal
2025-09-24 12:00:00,L53576,5.88,1526,46.4,150,Normal
2025-09-24 13:00:00,M21257,5.2,1587,32.6,152,Normal
2025-09-24 14:00:00,L53578,7.68,1351,58.2,155,Normal
2025-09-24 15:00:00,M21259,5.55,1501,38.0,157,Normal
2025-09-24 16:00:00,L53580,5.58,1601,35.8,160,Normal
2025-09-24 17:00:00,M21261,5.7,1573,39.7,162,Normal
2025-09-24 18:00:00,M21262,5.6,1584,36.7,165,Normal
2025-09-24 19:00:00,L53583,5.8,1649,33.6,168,Normal
2025-09-24 20:00:00,M21264,9.01,1183,61.4,170,Normal
2025-09-24 21:00:00,L53585,7.61,2151,17.5,173,Normal
2025-09-24 22:00:00,L53586,6.12,1526,45.6,175,Normal
2025-09-24 23:00:00,M21267,5.39,1611,29.0,177,Normal
2025-09-25 00:00:00,L53588,5.55,1601,31.7,180,Normal
2025-09-25 01:00:00,L53589,5.94,1560,40.8,182,Normal
2025-09-25 02:00:00,L53590,5.95,1544,41.9,184,Normal
2025-09-25 03:00:00,M21271,6.09,1560,42.3,186,Normal
2025-09-25 04:00:00,L53592,6.77,1423,44.2,189,Normal
2025-09-25 05:00:00,L53593,5.87,1614,33.5,191,Normal
2025-09-25 06:00:00,M21274,6.04,1457,35.1,193,Normal
2025-09-25 07:00:00,L53595,6.28,1503,42.2,196,Normal
2025-09-25 08:00:00,H35830,6.13,1484,38.0,198,Normal
2025-09-25 09:00:00,L53597,6.02,1540,39.9,203,Normal
2025-09-25 10:00:00,H35832,7.58,1405,52.1,205,Normal
2025-09-25 11:00:00,H35833,7.35,1394,46.7,210,Critical
2025-09-25 12:00:00,L53600,3.49,1518,36.4,0,Normal
2025-09-25 13:00:00,L53601,3.79,1527,41.4,2,Normal
2025-09-25 14:00:00,L53602,5.56,1377,55.3,4,Normal
2025-09-25 15:00:00,M21283,3.53,1537,37.5,6,Normal
2025-09-25 16:00:00,M21284,4.65,1409,43.2,9,Normal
2025-09-25 17:00:00,L53605,5.62,1393,56.1,12,Normal
2025-09-25 18:00:00,L53606,4.07,1448,36.8,14,Normal
2025-09-25 19:00:00,L53607,5.08,1418,49.3,16,Normal
2025-09-25 20:00:00,M21288,3.93,1743,24.1,18,Normal
2025-09-25 21:00:00,M21289,5.15,1394,47.4,21,Normal
2025-09-25 22:00:00,L53610,3.93,1523,39.2,24,Normal
2025-09-25 23:00:00,L53611,6.22,1353,59.4,26,Normal
2025-09-26 00:00:00,M21292,4.88,1447,46.5,28,Normal
2025-09-26 01:00:00,L53613,3.76,1570,34.0,31,Normal
2025-09-26 02:00:00,M21294,4.15,1494,38.5,33,Normal
2025-09-26 03:00:00,L53615,4.11,1621,34.1,36,Normal
2025-09-26 04:00:00,L53616,4.44,1769,26.1,38,Normal
2025-09-26 05:00:00,L53617,7.22,1282,66.1,40,Normal
2025-09-26 06:00:00,L53618,3.71,1581,30.3,42,Normal
2025-09-26 07:00:00,L53619,4.31,1656,32.7,44,Normal
2025-09-26 08:00:00,L53620,4.22,1648,31.7,46,Normal
2025-09-26 09:00:00,L53621,4.18,1639,31.4,48,Normal
2025-09-26 10:00:00,L53622,6.23,1348,54.8,50,Normal
2025-09-26 11:00:00,L53623,3.8,1537,33.3,52,Normal
2025-09-26 12:00:00,M21304,7.12,1270,61.0,54,Normal
2025-09-26 13:00:00,L53625,4.61,1662,34.4,57,Normal
2025-09-26 14:00:00,M21306,4.7,1471,40.2,59,Normal
2025-09-26 15:00:00,L53627,5.85,1337,45.8,62,Normal
2025-09-26 16:00:00,H35862,5.26,1877,24.8,64,Normal
2025-09-26 17:00:00,L53629,4.84,1519,44.6,69,Normal
2025-09-26 18:00:00,L53630,5.83,1378,47.3,71,Normal
2025-09-26 19:00:00,L53631,4.54,1696,27.5,73,Normal
2025-09-26 20:00:00,L53632,6.11,1376,50.8,75,Normal
2025-09-26 21:00:00,L53633,4.99,1807,24.2,77,Normal
2025-09-26 22:00:00,L53634,4.41,1598,32.8,79,Normal
2025-09-26 23:00:00,L53635,4.73,1565,40.2,81,Normal
2025-09-27 00:00:00,L53636,6.13,1387,50.6,83,Normal
2025-09-27 01:00:00,L53637,5.94,1395,48.0,85,Normal
2025-09-27 02:00:00,M21318,7.46,1302,62.9,87,Normal
2025-09-27 03:00:00,M21319,6.46,1397,55.2,90,Normal
2025-09-27 04:00:00,L53640,6.82,1313,52.9,93,Normal
2025-09-27 05:00:00,L53641,4.66,1505,35.9,95,Normal
2025-09-27 06:00:00,H35876,5.33,1483,44.0,97,Normal
2025-09-27 07:00:00,H35877,7.16,1358,60.4,102,Normal
2025-09-27 08:00:00,M21324,5.13,1735,27.0,107,Normal
2025-09-27 09:00:00,M21325,6.15,1416,48.5,110,Normal
2025-09-27 10:00:00,L53646,5.49,1740,31.1,113,Normal
2025-09-27 11:00:00,L53647,5.01,1692,27.4,115,Normal
2025-09-27 12:00:00,L53648,5.34,1507,42.5,117,Normal
2025-09-27 13:00:00,M21329,4.79,1521,35.0,119,Normal
2025-09-27 14:00:00,L53650,6.9,1379,54.5,122,Normal
2025-09-27 15:00:00,L53651,5.07,1523,38.5,124,Normal
2025-09-27 16:00:00,H35886,4.87,1571,33.6,126,Normal
2025-09-27 17:00:00,H35887,5.91,1547,50.7,131,Normal
2025-09-27 18:00:00,M21334,7.23,1347,54.3,136,Normal
2025-09-27 19:00:00,L53655,4.74,1560,30.2,139,Normal
2025-09-27 20:00:00,L53656,6.71,1384,48.6,141,Normal
2025-09-27 21:00:00,L53657,5.99,1841,24.6,143,Normal
2025-09-27 22:00:00,L53658,5.31,1663,29.1,145,Critical
2025-09-27 23:00:00,L53659,6.2,1418,42.7,147,Normal
2025-09-28 00:00:00,L53660,5.82,1775,26.6,149,Normal
2025-09-28 01:00:00,L53661,6.69,1406,48.4,151,Normal
2025-09-28 02:00:00,L53662,5.99,1480,43.7,153,Normal
2025-09-28 03:00:00,L53663,6.5,1412,45.3,155,Normal
2025-09-28 04:00:00,H35898,6.42,1913,22.5,157,Normal
2025-09-28 05:00:00,L53665,5.88,1629,37.6,162,Normal
2025-09-28 06:00:00,L53666,6.57,1939,21.4,164,Normal
2025-09-28 07:00:00,H35901,5.34,1541,36.2,166,Normal
2025-09-28 08:00:00,L53668,7.74,1330,54.4,171,Normal
2025-09-28 09:00:00,M21349,5.86,1490,38.8,173,Normal
2025-09-28 10:00:00,L53670,6.86,1383,44.5,176,Normal
2025-09-28 11:00:00,L53671,6.95,1468,52.7,178,Normal
2025-09-28 12:00:00,M21352,6.67,1444,46.0,180,Normal
2025-09-28 13:00:00,L53673,7.62,1363,53.1,183,Normal
2025-09-28 14:00:00,L53674,5.8,1617,33.2,185,Normal
2025-09-28 15:00:00,M21355,6.11,1694,31.1,187,Normal
2025-09-28 16:00:00,L53676,6.56,1815,27.0,190,Normal
2025-09-28 17:00:00,L53677,8.8,1312,65.3,192,Critical
2025-09-28 18:00:00,H35912,7.35,2041,19.2,194,Normal
2025-09-28 19:00:00,L53679,5.85,1671,26.8,199,Normal
2025-09-28 20:00:00,M21360,7.11,1416,46.6,201,Normal
2025-09-28 21:00:00,M21361,6.11,1600,36.0,204,Normal
2025-09-28 22:00:00,L53682,8.35,2595,13.7,207,Normal
2025-09-28 23:00:00,M21363,6.69,1465,42.9,209,Normal
2025-09-29 00:00:00,M21364,6.1,1681,27.4,212,Normal
2025-09-29 01:00:00,L53685,6.59,1457,39.6,215,Normal
2025-09-29 02:00:00,H35920,6.92,1454,44.1,217,Normal
2025-09-29 03:00:00,L53687,3.24,1558,32.6,0,Normal
2025-09-29 04:00:00,H35922,4.24,1756,30.7,2,Normal
2025-09-29 05:00:00,L53689,3.63,1564,36.8,7,Normal
2025-09-29 06:00:00,L53690,5.18,1455,55.3,9,Normal
2025-09-29 07:00:00,M21371,6.16,2280,15.7,11,Normal
2025-09-29 08:00:00,M21372,4.9,1433,48.1,14,Normal
2025-09-29 09:00:00,L53693,3.83,1513,38.0,17,Normal
2025-09-29 10:00:00,L53694,4.13,1507,41.8,19,Normal
2025-09-29 11:00:00,L53695,4.42,1480,43.5,21,Normal
2025-09-29 12:00:00,H35930,4.27,1470,40.1,23,Normal
2025-09-29 13:00:00,L53697,3.73,1540,36.6,28,Normal
2025-09-29 14:00:00,H35932,7.61,1212,67.9,30,Normal
2025-09-29 15:00:00,L53699,5.16,1417,46.9,35,Normal
2025-09-29 16:00:00,M21380,4.43,1666,34.9,37,Normal
2025-09-29 17:00:00,L53701,3.96,1666,27.2,40,Normal
2025-09-29 18:00:00,L53702,4.77,1489,45.8,42,Normal
2025-09-29 19:00:00,M21383,5.07,1850,27.7,44,Normal
2025-09-29 20:00:00,L53704,5.05,1874,24.8,47,Normal
2025-09-29 21:00:00,L53705,7.65,1312,73.6,49,Critical
2025-09-29 22:00:00,L53706,4.24,1515,38.4,51,Normal
2025-09-29 23:00:00,L53707,4.65,1516,44.4,53,Normal
2025-09-30 00:00:00,L53708,4.3,1546,40.0,55,Normal
2025-09-30 01:00:00,L53709,4.67,1481,40.9,57,Normal
2025-09-30 02:00:00,H35944,4.19,1605,32.5,59,Normal
2025-09-30 03:00:00,H35945,4.12,1656,26.2,64,Normal
2025-09-30 04:00:00,H35946,6.25,1352,52.0,69,Normal
2025-09-30 05:00:00,L53713,5.15,1504,47.2,74,Normal
2025-09-30 06:00:00,L53714,5.36,1436,44.2,76,Normal
2025-09-30 07:00:00,H35949,4.96,1505,43.6,78,Normal
2025-09-30 08:00:00,L53716,5.8,1406,47.1,83,Normal
2025-09-30 09:00:00,M21397,4.92,1481,39.7,85,Normal
2025-09-30 10:00:00,L53718,5.24,1487,44.6,88,Normal
2025-09-30 11:00:00,L53719,6.17,1436,54.1,90,Normal
2025-09-30 12:00:00,M21400,7.2,1368,63.7,92,Critical
2025-09-30 13:00:00,L53721,4.79,1509,38.3,95,Normal
2025-09-30 14:00:00,L53722,4.58,1543,36.9,97,Normal
2025-09-30 15:00:00,L53723,4.99,1698,29.6,99,Normal
2025-09-30 16:00:00,M21404,5.62,1470,46.5,101,Normal
2025-09-30 17:00:00,M21405,5.32,1738,30.3,104,Normal
2025-09-30 18:00:00,M21406,4.92,1530,39.9,107,Normal
2025-09-30 19:00:00,L53727,5.33,1740,29.2,110,Normal
2025-09-30 20:00:00,L53728,5.19,1770,24.1,112,Normal
2025-09-30 21:00:00,H35963,5.29,1527,44.0,114,Normal
2025-09-30 22:00:00,L53730,5.54,1516,46.0,119,Normal
2025-09-30 23:00:00,L53731,5.25,1616,36.5,121,Normal
2025-10-01 00:00:00,L53732,5.54,1786,26.1,123,Normal
2025-10-01 01:00:00,L53733,6.76,1389,52.7,125,Normal
2025-10-01 02:00:00,M21414,5.01,1639,29.8,127,Normal
2025-10-01 03:00:00,H35969,6.4,1394,46.7,130,Normal
2025-10-01 04:00:00,L53736,5.24,1686,27.9,135,Normal
2025-10-01 05:00:00,M21417,5.26,1638,31.9,137,Normal
2025-10-01 06:00:00,M21418,5.91,1447,41.9,140,Normal
2025-10-01 07:00:00,H35973,5.39,1512,39.0,143,Normal
2025-10-01 08:00:00,L53740,6.53,1961,21.8,148,Normal
2025-10-01 09:00:00,L53741,5.41,1596,35.4,150,Normal
2025-10-01 10:00:00,M21422,6.05,1871,21.3,152,Normal
2025-10-01 11:00:00,L53743,6.43,1942,20.5,155,Normal
2025-10-01 12:00:00,L53744,5.46,1557,38.2,157,Normal
2025-10-01 13:00:00,L53745,5.35,1550,36.8,159,Normal
2025-10-01 14:00:00,L53746,6.77,1966,22.6,161,Normal
2025-10-01 15:00:00,M21427,5.51,1499,36.1,163,Normal
2025-10-01 16:00:00,L53748,5.44,1521,36.3,166,Normal
2025-10-01 17:00:00,M21429,6.65,1375,42.0,168,Normal
2025-10-01 18:00:00,L53750,5.59,1634,31.1,171,Normal
2025-10-01 19:00:00,M21431,7.17,1378,49.4,173,Normal
2025-10-01 20:00:00,L53752,7.21,1428,53.7,176,Normal
2025-10-01 21:00:00,M21433,6.53,1855,25.3,178,Normal
2025-10-01 22:00:00,L53754,5.52,1578,33.0,181,Normal
2025-10-01 23:00:00,M21435,6.62,1451,45.3,183,Normal
2025-10-02 00:00:00,L53756,6.07,1644,34.9,186,Normal
2025-10-02 01:00:00,L53757,7.03,1388,45.3,188,Normal
2025-10-02 02:00:00,L53758,5.95,1543,40.9,190,Normal
2025-10-02 03:00:00,L53759,6.2,1501,41.6,192,Normal
2025-10-02 04:00:00,L53760,6.03,1507,39.1,194,Normal
2025-10-02 05:00:00,L53761,5.79,1559,36.0,196,Normal
2025-10-02 06:00:00,L53762,5.74,1528,35.7,198,Normal
2025-10-02 07:00:00,M21443,6.06,1503,38.2,200,Normal
2025-10-02 08:00:00,L53764,7.21,1372,44.0,203,Normal
2025-10-02 09:00:00,M21445,5.91,1600,32.8,205,Normal
2025-10-02 10:00:00,L53766,6.82,1453,44.0,208,Normal
2025-10-02 11:00:00,M21447,6.63,1813,24.6,210,Normal
2025-10-02 12:00:00,L53768,6.62,1457,40.4,213,Normal
2025-10-02 13:00:00,M21449,3.62,1553,38.9,0,Normal
2025-10-02 14:00:00,L53770,3.98,1763,25.9,3,Normal
2025-10-02 15:00:00,L53771,5.12,2023,20.9,5,Normal
2025-10-02 16:00:00,M21452,4.66,1457,47.8,7,Normal
2025-10-02 17:00:00,L53773,3.83,1679,29.5,10,Normal
2025-10-02 18:00:00,L53774,5.58,2103,19.7,12,Normal
2025-10-02 19:00:00,M21455,4.12,1460,38.6,14,Normal
2025-10-02 20:00:00,M21456,4.25,1454,39.4,17,Normal
2025-10-02 21:00:00,L53777,4.61,1481,46.8,20,Normal
2025-10-02 22:00:00,L53778,5.24,1424,51.1,22,Normal
2025-10-02 23:00:00,L53779,4.11,1494,39.5,24,Normal
2025-10-03 00:00:00,M21460,5.02,1424,47.0,26,Normal
2025-10-03 01:00:00,M21461,5.54,1347,47.9,29,Normal
2025-10-03 02:00:00,L53782,5.35,1374,46.7,32,Normal
2025-10-03 03:00:00,M21463,5.25,1403,47.4,34,Normal
2025-10-03 04:00:00,M21464,4.07,1573,37.4,37,Normal
2025-10-03 05:00:00,M21465,4.29,1691,30.1,40,Normal
2025-10-03 06:00:00,H36020,4.41,1538,44.3,43,Normal
2025-10-03 07:00:00,L53787,4.22,1556,39.1,48,Normal
2025-10-03 08:00:00,M21468,4.3,1593,36.8,50,Normal
2025-10-03 09:00:00,L53789,4.59,1474,39.9,53,Normal
2025-10-03 10:00:00,L53790,3.9,1543,34.0,55,Normal
2025-10-03 11:00:00,H36025,4.15,1587,33.8,57,Normal
2025-10-03 12:00:00,L53792,8.07,1222,70.0,62,Normal
2025-10-03 13:00:00,L53793,4.59,1513,41.1,64,Normal
2025-10-03 14:00:00,L53794,4.33,1660,28.7,66,Normal
2025-10-03 15:00:00,L53795,4.59,1545,42.1,68,Normal
2025-10-03 16:00:00,M21476,5.71,1380,45.8,70,Normal
2025-10-03 17:00:00,L53797,7.05,1321,60.8,73,Normal
2025-10-03 18:00:00,M21478,7.47,1309,65.8,75,Critical
2025-10-03 19:00:00,M21479,4.46,1627,31.3,78,Normal
2025-10-03 20:00:00,M21480,4.92,1791,23.8,81,Normal
2025-10-03 21:00:00,M21481,5.22,1861,21.8,84,Normal
2025-10-03 22:00:00,L53802,5.62,1493,51.1,87,Normal
2025-10-03 23:00:00,M21483,5.28,1442,41.1,89,Normal
2025-10-04 00:00:00,L53804,4.73,1532,39.8,92,Normal
2025-10-04 01:00:00,M21485,5.67,1421,44.4,94,Normal
2025-10-04 02:00:00,L53806,5.34,1613,42.5,97,Normal
2025-10-04 03:00:00,M21487,5.5,1876,22.1,99,Normal
2025-10-04 04:00:00,L53808,4.76,1593,34.5,102,Normal
2025-10-04 05:00:00,L53809,6.25,1397,49.4,104,Normal
2025-10-04 06:00:00,M21490,6.17,1414,49.3,106,Normal
2025-10-04 07:00:00,M21491,6.8,1378,55.3,109,Normal
2025-10-04 08:00:00,L53812,7.0,1301,51.2,112,Normal
2025-10-04 09:00:00,M21493,5.37,1737,29.3,114,Normal
2025-10-04 10:00:00,L53814,6.09,1396,44.5,117,Normal
2025-10-04 11:00:00,L53815,5.0,1534,39.3,119,Normal
2025-10-04 12:00:00,M21496,5.41,1774,25.5,121,Normal
2025-10-04 13:00:00,H36051,6.08,1453,48.0,124,Normal
2025-10-04 14:00:00,L53818,5.89,1453,44.2,129,Normal
2025-10-04 15:00:00,L53819,6.6,1380,48.4,131,Normal
2025-10-04 16:00:00,L53820,6.54,1334,43.2,133,Normal
2025-10-04 17:00:00,L53821,5.38,1702,28.7,135,Normal
2025-10-04 18:00:00,L53822,5.67,1431,37.5,137,Normal
2025-10-04 19:00:00,M21503,7.88,1308,60.5,139,Normal
2025-10-04 20:00:00,L53824,5.7,1565,43.9,142,Normal
2025-10-04 21:00:00,M21505,5.59,1486,39.6,144,Normal
2025-10-04 22:00:00,L53826,5.31,1479,34.2,147,Normal
2025-10-04 23:00:00,L53827,6.39,1927,22.4,149,Normal
2025-10-05 00:00:00,L53828,5.76,1488,41.1,151,Normal
2025-10-05 01:00:00,M21509,7.45,1350,54.9,153,Normal
2025-10-05 02:00:00,L53830,5.28,1561,35.3,156,Normal
2025-10-05 03:00:00,M21511,7.97,1276,55.6,158,Normal
2025-10-05 04:00:00,H36066,5.47,1580,35.7,161,Normal
2025-10-05 05:00:00,M21513,5.27,1610,29.1,166,Normal
2025-10-05 06:00:00,L53834,7.79,2203,16.6,169,Normal
2025-10-05 07:00:00,L53835,5.72,1639,32.7,171,Normal
2025-10-05 08:00:00,M21516,6.05,1553,44.7,173,Normal
2025-10-05 09:00:00,L53837,7.11,1374,47.6,176,Normal
2025-10-05 10:00:00,L53838,7.04,1430,50.9,178,Normal
2025-10-05 11:00:00,L53839,5.66,1626,31.3,180,Normal
2025-10-05 12:00:00,H36074,6.67,1421,43.8,182,Normal
2025-10-05 13:00:00,M21521,6.03,1501,39.8,187,Normal
2025-10-05 14:00:00,M21522,7.56,2093,18.7,190,Normal
2025-10-05 15:00:00,L53843,6.56,1504,47.2,193,Normal
2025-10-05 16:00:00,L53844,5.82,1538,38.4,195,Normal
2025-10-05 17:00:00,L53845,6.6,1440,41.5,197,Normal
2025-10-05 18:00:00,L53846,7.41,1414,51.4,199,Normal
2025-10-05 19:00:00,H36081,6.0,1536,39.9,201,Normal
2025-10-05 20:00:00,L53848,6.35,1476,39.2,206,Normal
2025-10-05 21:00:00,L53849,5.86,1571,33.9,208,Normal
2025-10-05 22:00:00,L53850,7.37,1998,20.2,210,Normal
2025-10-05 23:00:00,L53851,7.28,1357,42.1,212,Normal
2025-10-06 00:00:00,L53852,7.47,1424,50.5,214,Normal
2025-10-06 01:00:00,L53853,7.83,1380,51.8,216,Critical
2025-10-06 02:00:00,L53854,6.34,1618,35.5,218,Normal
2025-10-06 03:00:00,L53855,5.66,1579,28.0,220,Normal
2025-10-06 04:00:00,L53856,7.15,1423,44.0,222,Normal
2025-10-06 05:00:00,L53857,6.75,1435,38.5,224,Normal
2025-10-06 06:00:00,M21538,6.41,1336,65.6,0,Critical
2025-10-06 07:00:00,L53859,4.62,1392,42.4,3,Normal
2025-10-06 08:00:00,L53860,4.98,1417,49.7,5,Normal
2025-10-06 09:00:00,L53861,4.66,1425,45.1,7,Normal
2025-10-06 10:00:00,L53862,3.8,1512,38.9,9,Normal
2025-10-06 11:00:00,L53863,5.66,1318,50.6,11,Normal
2025-10-06 12:00:00,L53864,3.8,1538,40.4,13,Normal
2025-10-06 13:00:00,L53865,4.06,1532,43.6,15,Normal
2025-10-06 14:00:00,L53866,3.8,1715,24.8,17,Normal
2025-10-06 15:00:00,L53867,4.0,1700,28.7,19,Normal
2025-10-06 16:00:00,L53868,3.93,1548,40.3,21,Normal
2025-10-06 17:00:00,L53869,4.12,1546,43.0,23,Normal
2025-10-06 18:00:00,L53870,5.6,1343,49.2,25,Normal
2025-10-06 19:00:00,M21551,4.6,1510,47.8,27,Normal
2025-10-06 20:00:00,M21552,4.57,1839,23.6,30,Normal
2025-10-06 21:00:00,M21553,4.35,1756,26.7,33,Normal
2025-10-06 22:00:00,M21554,6.85,1300,62.7,36,Normal
2025-10-06 23:00:00,M21555,6.38,1311,55.8,39,Normal
2025-10-07 00:00:00,L53876,4.08,1636,31.3,42,Normal
2025-10-07 01:00:00,L53877,4.33,1643,34.1,44,Normal
2025-10-07 02:00:00,L53878,5.14,1418,44.7,46,Normal
2025-10-07 03:00:00,M21559,4.33,1516,40.4,48,Normal
2025-10-07 04:00:00,H36114,5.55,1419,50.2,51,Normal
2025-10-07 05:00:00,L53881,4.36,1623,34.1,56,Normal
2025-10-07 06:00:00,M21562,4.47,1664,32.0,58,Normal
2025-10-07 07:00:00,M21563,4.71,1744,28.2,61,Normal
2025-10-07 08:00:00,M21564,4.27,1510,36.0,64,Normal
2025-10-07 09:00:00,M21565,6.46,1382,58.1,67,Normal
2025-10-07 10:00:00,L53886,5.72,1381,46.1,70,Normal
2025-10-07 11:00:00,L53887,4.5,1556,39.0,72,Normal
2025-10-07 12:00:00,M21568,4.74,1464,37.4,74,Normal
2025-10-07 13:00:00,L53889,4.69,1481,37.6,77,Normal
2025-10-07 14:00:00,L53890,6.38,1323,49.7,79,Normal
2025-10-07 15:00:00,L53891,5.6,1426,46.1,81,Normal
2025-10-07 16:00:00,H36126,4.49,1516,36.4,83,Normal
2025-10-07 17:00:00,L53893,5.68,1416,45.2,88,Normal
2025-10-07 18:00:00,L53894,6.13,1440,53.8,90,Normal
2025-10-07 19:00:00,L53895,4.28,1576,30.4,92,Normal
2025-10-07 20:00:00,L53896,6.46,1387,53.6,94,Normal
2025-10-07 21:00:00,M21577,5.73,1464,48.6,96,Normal
2025-10-07 22:00:00,L53898,6.69,2137,18.0,99,Normal
2025-10-07 23:00:00,M21579,5.45,1431,40.6,101,Normal
2025-10-08 00:00:00,L53900,5.82,1458,48.0,104,Normal
2025-10-08 01:00:00,L53901,7.68,1280,61.0,106,Normal
2025-10-08 02:00:00,L53902,4.81,1657,28.7,108,Normal
2025-10-08 03:00:00,M21583,4.81,1565,36.1,110,Normal
2025-10-08 04:00:00,L53904,4.86,1560,36.8,113,Normal
2025-10-08 05:00:00,M21585,6.44,1359,47.1,115,Normal
2025-10-08 06:00:00,L53906,5.29,1500,41.0,118,Normal
2025-10-08 07:00:00,L53907,5.46,1785,25.5,120,Normal
2025-10-08 08:00:00,L53908,5.93,1891,23.2,122,Normal
2025-10-08 09:00:00,H36143,5.19,1524,40.4,124,Normal
2025-10-08 10:00:00,M21590,5.89,1431,42.3,129,Normal
2025-10-08 11:00:00,L53911,6.76,1385,51.2,132,Normal
2025-10-08 12:00:00,L53912,5.71,1503,44.8,134,Normal
2025-10-08 13:00:00,M21593,6.94,1311,46.8,136,Normal
2025-10-08 14:00:00,M21594,5.47,1575,40.1,139,Normal
2025-10-08 15:00:00,L53915,5.6,1485,40.1,142,Normal
2025-10-08 16:00:00,L53916,5.53,1527,42.2,144,Normal
2025-10-08 17:00:00,M21597,4.93,1537,33.5,146,Normal
2025-10-08 18:00:00,H36152,6.46,1463,50.1,149,Normal
2025-10-08 19:00:00,L53919,5.99,1482,43.6,154,Normal
2025-10-08 20:00:00,L53920,7.18,1417,55.9,156,Normal
2025-10-08 21:00:00,M21601,5.63,1506,39.5,158,Normal
2025-10-08 22:00:00,H36156,5.43,1639,30.0,161,Normal
2025-10-08 23:00:00,L53923,6.12,1418,38.0,166,Normal
2025-10-09 00:00:00,M21604,8.13,1298,58.1,168,Normal
2025-10-09 01:00:00,M21605,6.74,1395,44.6,171,Normal
2025-10-09 02:00:00,M21606,5.93,1578,40.5,174,Normal
2025-10-09 03:00:00,M21607,5.37,1597,29.8,177,Normal
2025-10-09 04:00:00,H36162,7.06,2016,19.3,180,Normal
2025-10-09 05:00:00,L53929,5.79,1585,35.9,185,Normal
2025-10-09 06:00:00,M21610,6.28,1505,44.0,187,Normal
2025-10-09 07:00:00,M21611,5.86,1505,37.1,190,Normal
2025-10-09 08:00:00,L53932,6.15,1706,29.5,193,Normal
2025-10-09 09:00:00,L53933,7.48,1385,50.7,195,Normal
2025-10-09 10:00:00,L53934,5.99,1495,36.9,197,Normal
2025-10-09 11:00:00,M21615,6.12,1663,31.6,199,Normal
2025-10-09 12:00:00,L53936,6.81,1840,26.6,202,Normal
2025-10-09 13:00:00,L53937,6.71,1822,26.2,204,Normal
2025-10-09 14:00:00,L53938,6.17,1644,32.8,206,Normal
2025-10-09 15:00:00,L53939,6.9,1441,44.3,208,Critical
2025-10-09 16:00:00,L53940,4.14,1451,40.6,0,Normal
2025-10-09 17:00:00,L53941,5.11,1400,50.8,2,Normal
2025-10-09 18:00:00,L53942,5.51,1362,53.2,4,Normal
2025-10-09 19:00:00,M21623,4.16,1782,26.5,6,Normal
2025-10-09 20:00:00,L53944,3.62,1536,38.3,9,Normal
2025-10-09 21:00:00,L53945,3.47,1580,32.3,11,Normal
2025-10-09 22:00:00,M21626,4.6,1427,43.2,13,Normal
2025-10-09 23:00:00,L53947,4.08,1509,41.7,16,Normal
2025-10-10 00:00:00,H36182,4.38,1434,39.5,18,Normal
2025-10-10 01:00:00,L53949,5.52,1392,52.6,23,Normal
2025-10-10 02:00:00,M21630,4.08,1509,40.1,25,Normal
2025-10-10 03:00:00,M21631,5.16,1962,22.5,28,Normal
2025-10-10 04:00:00,L53952,3.95,1536,39.3,31,Normal
2025-10-10 05:00:00,L53953,5.4,1381,47.9,33,Normal
2025-10-10 06:00:00,H36188,4.36,1747,27.3,35,Normal
2025-10-10 07:00:00,L53955,4.16,1670,30.0,40,Normal
2025-10-10 08:00:00,L53956,5.09,1451,47.5,42,Normal
2025-10-10 09:00:00,L53957,5.21,1951,21.3,44,Normal
2025-10-10 10:00:00,M21638,4.77,1819,25.5,46,Normal
2025-10-10 11:00:00,M21639,6.05,1372,54.2,49,Normal
2025-10-10 12:00:00,L53960,4.25,1560,38.5,52,Normal
2025-10-10 13:00:00,M21641,4.19,1494,35.3,54,Normal
2025-10-10 14:00:00,L53962,5.2,1531,53.4,57,Normal
2025-10-10 15:00:00,L53963,5.26,1450,46.9,59,Normal
2025-10-10 16:00:00,M21644,5.97,1391,52.5,61,Normal
2025-10-10 17:00:00,L53965,5.55,1389,45.3,64,Normal
2025-10-10 18:00:00,L53966,5.83,1409,50.9,66,Normal
2025-10-10 19:00:00,H36201,6.47,1388,58.5,68,Normal
2025-10-10 20:00:00,M21648,5.45,1410,43.9,73,Normal
2025-10-10 21:00:00,M21649,4.5,1646,30.7,76,Normal
2025-10-10 22:00:00,M21650,6.82,2219,16.7,79,Normal
2025-10-10 23:00:00,L53971,4.73,1551,41.2,82,Normal
2025-10-11 00:00:00,L53972,5.08,1811,24.0,84,Normal
2025-10-11 01:00:00,L53973,4.46,1608,31.4,86,Normal
2025-10-11 02:00:00,L53974,6.26,1428,55.2,88,Normal
2025-10-11 03:00:00,L53975,5.7,1477,50.4,90,Normal
2025-10-11 04:00:00,M21656,7.23,1300,58.3,92,Normal
2025-10-11 05:00:00,M21657,4.83,1615,34.9,95,Normal
2025-10-11 06:00:00,L53978,5.04,1676,32.4,98,Normal
2025-10-11 07:00:00,M21659,6.98,2636,12.2,100,Critical
2025-10-11 08:00:00,M21660,6.68,1310,48.8,103,Normal
2025-10-11 09:00:00,L53981,6.55,1334,48.2,106,Normal
2025-10-11 10:00:00,M21662,4.76,1621,31.0,108,Normal
2025-10-11 11:00:00,M21663,6.11,1367,43.4,111,Normal
2025-10-11 12:00:00,L53984,4.83,1588,33.7,114,Normal
2025-10-11 13:00:00,M21665,5.06,1497,37.6,116,Normal
2025-10-11 14:00:00,L53986,4.94,1608,32.9,119,Normal
2025-10-11 15:00:00,L53987,5.19,1549,41.4,121,Normal
2025-10-11 16:00:00,L53988,6.22,1391,45.0,123,Normal
2025-10-11 17:00:00,L53989,5.24,1490,38.1,125,Normal
2025-10-11 18:00:00,L53990,5.81,1727,34.5,127,Normal
2025-10-11 19:00:00,L53991,5.75,1504,46.4,129,Normal
2025-10-11 20:00:00,L53992,7.12,1350,53.8,131,Normal
2025-10-11 21:00:00,M21673,6.05,1420,43.0,133,Normal
2025-10-11 22:00:00,H36228,5.9,1465,44.1,136,Normal
2025-10-11 23:00:00,L53995,6.17,1427,44.1,141,Normal
2025-10-12 00:00:00,L53996,5.86,1477,43.2,143,Normal
2025-10-12 01:00:00,M21677,6.11,1493,48.1,145,Normal
2025-10-12 02:00:00,M21678,5.37,1657,29.9,148,Normal
2025-10-12 03:00:00,L53999,6.8,1359,46.0,151,Normal
2025-10-12 04:00:00,L54000,5.13,1551,34.5,153,Normal
2025-10-12 05:00:00,M21681,5.32,1545,37.5,155,Normal
2025-10-12 06:00:00,M21682,5.73,1709,29.2,158,Normal
2025-10-12 07:00:00,M21683,8.09,1268,56.3,161,Normal
2025-10-12 08:00:00,L54004,5.72,1740,25.3,164,Normal
2025-10-12 09:00:00,L54005,6.22,1828,25.1,166,Normal
2025-10-12 10:00:00,L54006,5.98,1822,21.6,168,Normal
2025-10-12 11:00:00,M21687,5.88,1515,41.8,170,Normal
2025-10-12 12:00:00,L54008,7.32,1392,52.9,173,Normal
2025-10-12 13:00:00,H36243,5.77,1474,35.7,175,Normal
2025-10-12 14:00:00,M21690,7.62,1359,53.4,180,Normal
2025-10-12 15:00:00,L54011,6.73,1565,52.3,183,Normal
2025-10-12 16:00:00,M21692,6.83,1384,42.5,185,Normal
2025-10-12 17:00:00,L54013,7.54,1387,53.1,188,Normal
2025-10-12 18:00:00,L54014,7.49,1378,51.1,190,Normal
2025-10-12 19:00:00,L54015,6.46,1809,25.7,192,Normal
2025-10-12 20:00:00,H36250,7.86,1339,52.8,194,Normal
2025-10-12 21:00:00,M21697,6.53,1423,38.6,199,Normal
2025-10-12 22:00:00,L54018,6.28,1570,41.6,202,Normal
2025-10-12 23:00:00,L54019,5.75,1558,34.1,204,Normal
2025-10-13 00:00:00,L54020,6.31,1799,21.7,206,Normal
2025-10-13 01:00:00,M21701,6.04,1591,35.0,208,Normal
2025-10-13 02:00:00,L54022,5.97,1635,29.6,211,Normal
2025-10-13 03:00:00,L54023,6.47,1509,42.5,213,Normal
2025-10-13 04:00:00,M21704,6.73,1838,23.2,215,Normal
2025-10-13 05:00:00,M21705,3.72,1648,32.4,0,Normal
2025-10-13 06:00:00,M21706,4.49,1498,49.5,3,Normal
2025-10-13 07:00:00,L54027,4.12,1757,28.0,6,Normal
2025-10-13 08:00:00,M21708,5.41,1389,53.3,8,Normal
2025-10-13 09:00:00,L54029,3.81,1498,37.6,11,Normal
2025-10-13 10:00:00,M21710,3.59,1521,35.8,13,Normal
2025-10-13 11:00:00,M21711,4.69,1394,41.3,16,Normal
2025-10-13 12:00:00,H36266,3.71,1602,32.7,19,Normal
2025-10-13 13:00:00,L54033,4.62,1417,40.7,24,Normal
2025-10-13 14:00:00,L54034,4.26,1511,42.9,26,Normal
2025-10-13 15:00:00,M21715,3.98,1654,30.7,28,Normal
2025-10-13 16:00:00,M21716,4.51,1836,22.8,31,Normal
2025-10-13 17:00:00,L54037,4.19,1622,35.6,34,Normal
2025-10-13 18:00:00,L54038,4.79,1467,45.4,36,Normal
2025-10-13 19:00:00,M21719,5.0,1909,22.7,38,Normal
2025-10-13 20:00:00,L54040,4.88,1910,20.2,41,Normal
2025-10-13 21:00:00,H36275,6.32,2207,16.6,43,Normal
2025-10-13 22:00:00,M21722,5.66,1384,49.4,48,Normal
2025-10-13 23:00:00,L54043,4.04,1630,29.5,51,Normal
2025-10-14 00:00:00,L54044,7.06,1268,60.0,53,Normal
2025-10-14 01:00:00,L54045,4.22,1531,38.7,55,Normal
2025-10-14 02:00:00,M21726,4.86,1454,41.5,57,Normal
2025-10-14 03:00:00,L54047,6.13,1342,50.9,60,Normal
2025-10-14 04:00:00,L54048,5.74,1363,46.3,62,Normal
2025-10-14 05:00:00,L54049,5.21,1412,42.1,64,Normal
2025-10-14 06:00:00,H36284,4.67,1597,39.2,66,Normal
2025-10-14 07:00:00,L54051,5.97,1349,47.0,71,Normal
2025-10-14 08:00:00,L54052,4.54,1472,35.3,73,Normal
2025-10-14 09:00:00,L54053,4.81,1478,39.5,75,Normal
2025-10-14 10:00:00,H36288,7.12,1295,58.9,77,Normal
2025-10-14 11:00:00,M21735,4.42,1592,32.9,82,Normal
2025-10-14 12:00:00,L54056,6.17,1430,54.4,85,Normal
2025-10-14 13:00:00,M21737,4.93,1488,40.1,87,Normal
2025-10-14 14:00:00,H36292,4.47,1518,35.0,90,Normal
2025-10-14 15:00:00,H36293,7.13,2237,17.0,95,Normal
2025-10-14 16:00:00,M21740,5.25,1801,24.6,100,Normal
2025-10-14 17:00:00,L54061,4.87,1573,37.6,103,Normal
2025-10-14 18:00:00,L54062,6.62,2073,21.4,105,Normal
2025-10-14 19:00:00,L54063,5.85,1953,19.4,107,Normal
2025-10-14 20:00:00,L54064,5.1,1492,39.0,109,Normal
2025-10-14 21:00:00,L54065,6.29,1397,48.7,111,Normal
2025-10-14 22:00:00,M21746,5.57,1465,43.2,113,Normal
2025-10-14 23:00:00,L54067,5.49,1782,26.9,116,Normal
2025-10-15 00:00:00,M21748,5.95,1434,45.4,118,Normal
2025-10-15 01:00:00,H36303,6.07,1387,42.7,121,Normal
2025-10-15 02:00:00,M21750,5.24,1532,41.5,126,Normal
2025-10-15 03:00:00,L54071,5.4,1505,41.1,129,Normal
2025-10-15 04:00:00,L54072,5.93,1440,43.3,131,Normal
2025-10-15 05:00:00,L54073,5.79,1470,43.4,133,Normal
2025-10-15 06:00:00,L54074,6.35,1408,46.3,135,Normal
2025-10-15 07:00:00,M21755,6.61,1357,45.6,137,Normal
2025-10-15 08:00:00,M21756,5.74,1454,40.0,140,Normal
2025-10-15 09:00:00,L54077,7.88,1352,63.5,143,Normal
2025-10-15 10:00:00,M21758,6.09,1448,43.9,145,Normal
2025-10-15 11:00:00,L54079,5.68,1671,33.5,148,Normal
2025-10-15 12:00:00,L54080,5.55,1670,31.3,150,Normal
2025-10-15 13:00:00,L54081,5.1,1547,34.5,152,Normal
2025-10-15 14:00:00,L54082,5.91,1461,40.6,154,Normal
2025-10-15 15:00:00,M21763,5.58,1609,35.8,156,Normal
2025-10-15 16:00:00,M21764,5.85,1704,31.3,159,Normal
2025-10-15 17:00:00,M21765,5.26,1550,34.9,162,Normal
2025-10-15 18:00:00,M21766,5.87,1530,43.9,165,Normal
2025-10-15 19:00:00,L54087,6.12,1449,40.2,168,Normal
2025-10-15 20:00:00,L54088,5.56,1613,32.7,170,Normal
2025-10-15 21:00:00,L54089,7.09,1376,48.1,172,Normal
2025-10-15 22:00:00,L54090,6.62,1434,45.6,174,Normal
2025-10-15 23:00:00,L54091,6.1,1480,41.1,176,Normal
2025-10-16 00:00:00,M21772,5.72,1634,31.9,178,Normal
2025-10-16 01:00:00,L54093,5.98,1481,38.5,181,Normal
2025-10-16 02:00:00,H36328,5.78,1668,28.9,183,Normal
2025-10-16 03:00:00,L54095,5.9,1484,36.2,188,Normal
2025-10-16 04:00:00,M21776,5.69,1603,31.8,190,Normal
2025-10-16 05:00:00,L54097,6.06,1481,37.5,193,Normal
2025-10-16 06:00:00,L54098,5.5,1559,31.8,195,Normal
2025-10-16 07:00:00,L54099,6.46,1444,39.8,197,Normal
2025-10-16 08:00:00,M21780,7.14,1423,48.0,199,Normal
2025-10-16 09:00:00,L54101,7.13,1432,48.1,202,Normal
2025-10-16 10:00:00,L54102,6.99,1463,48.3,204,Normal
2025-10-16 11:00:00,L54103,7.25,1433,49.3,206,Normal
2025-10-16 12:00:00,L54104,7.35,1461,52.9,208,Critical
2025-10-16 13:00:00,M21785,8.63,1266,55.5,210,Normal
2025-10-16 14:00:00,H36340,5.16,1417,53.4,0,Normal
2025-10-16 15:00:00,L54107,4.18,1488,43.4,5,Normal
2025-10-16 16:00:00,L54108,4.23,1816,24.5,7,Normal
2025-10-16 17:00:00,M21789,6.02,1301,55.0,9,Normal
2025-10-16 18:00:00,M21790,4.22,1836,21.8,12,Normal
2025-10-16 19:00:00,M21791,3.88,1521,39.9,15,Normal
2025-10-16 20:00:00,L54112,6.81,1322,67.2,18,Critical
2025-10-16 21:00:00,L54113,4.15,1492,40.6,20,Normal
2025-10-16 22:00:00,L54114,3.95,1536,40.9,22,Normal
2025-10-16 23:00:00,L54115,4.76,1878,24.3,24,Normal
2025-10-17 00:00:00,L54116,4.34,1471,40.7,26,Normal
2025-10-17 01:00:00,H36351,4.44,1452,40.2,28,Normal
2025-10-17 02:00:00,L54118,4.77,1452,44.4,33,Normal
2025-10-17 03:00:00,M21799,5.94,1348,53.0,35,Normal
2025-10-17 04:00:00,H36354,4.84,1453,44.6,38,Normal
2025-10-17 05:00:00,L54121,6.51,1316,57.6,43,Normal
2025-10-17 06:00:00,M21802,4.37,1732,26.9,45,Normal
2025-10-17 07:00:00,L54123,3.96,1522,35.2,48,Normal
2025-10-17 08:00:00,M21804,4.48,1487,39.8,50,Normal
2025-10-17 09:00:00,M21805,4.82,1852,22.2,53,Normal
2025-10-17 10:00:00,L54126,5.01,1486,46.8,56,Normal
2025-10-17 11:00:00,M21807,4.24,1562,37.1,58,Normal
2025-10-17 12:00:00,L54128,5.53,1457,51.4,61,Normal
2025-10-17 13:00:00,M21809,4.76,1769,26.5,63,Normal
2025-10-17 14:00:00,H36364,6.17,1374,53.1,66,Normal
2025-10-17 15:00:00,L54131,4.76,1524,43.5,71,Normal
2025-10-17 16:00:00,L54132,4.72,1498,40.2,73,Normal
2025-10-17 17:00:00,L54133,5.02,1462,41.4,75,Normal
2025-10-17 18:00:00,M21814,5.94,1429,52.3,77,Normal
2025-10-17 19:00:00,L54135,5.85,1399,47.9,80,Normal
2025-10-17 20:00:00,M21816,5.11,1434,39.1,82,Normal
2025-10-17 21:00:00,L54137,6.61,1324,52.2,85,Normal
2025-10-17 22:00:00,L54138,4.82,1563,40.7,87,Normal
2025-10-17 23:00:00,L54139,4.34,1543,34.7,89,Normal
2025-10-18 00:00:00,L54140,6.17,1413,52.0,91,Normal
2025-10-18 01:00:00,M21821,5.69,1378,41.2,93,Normal
2025-10-18 02:00:00,M21822,6.32,1373,49.9,96,Normal
2025-10-18 03:00:00,H36377,5.94,1981,19.9,99,Normal
2025-10-18 04:00:00,M21824,7.19,1263,52.3,104,Normal
2025-10-18 05:00:00,L54145,6.93,1312,52.1,107,Normal
2025-10-18 06:00:00,L54146,6.04,1969,20.7,109,Normal
2025-10-18 07:00:00,M21827,6.66,1365,51.7,111,Normal
2025-10-18 08:00:00,L54148,5.41,1789,25.5,114,Normal
2025-10-18 09:00:00,M21829,4.72,1583,32.1,116,Normal
2025-10-18 10:00:00,L54150,5.92,1436,44.9,119,Normal
2025-10-18 11:00:00,M21831,5.34,1559,42.8,121,Normal
2025-10-18 12:00:00,L54152,6.63,1377,49.9,124,Normal
2025-10-18 13:00:00,L54153,5.66,1462,41.9,126,Normal
2025-10-18 14:00:00,L54154,6.9,1318,48.2,128,Normal
2025-10-18 15:00:00,M21835,6.81,1378,51.6,130,Normal
2025-10-18 16:00:00,L54156,6.71,1344,46.7,133,Normal
2025-10-18 17:00:00,L54157,7.53,2377,14.3,135,Normal
2025-10-18 18:00:00,L54158,6.53,1427,50.3,137,Normal
2025-10-18 19:00:00,L54159,7.63,1353,60.4,139,Normal
2025-10-18 20:00:00,L54160,5.83,1505,45.5,141,Normal
2025-10-18 21:00:00,H36395,5.23,1612,32.5,143,Normal
2025-10-18 22:00:00,L54162,6.11,1440,43.0,148,Normal
2025-10-18 23:00:00,M21843,7.44,1334,53.9,150,Normal
2025-10-19 00:00:00,M21844,5.38,1706,25.0,153,Normal
2025-10-19 01:00:00,H36399,5.36,1698,24.8,156,Normal
2025-10-19 02:00:00,L54166,5.75,1688,30.7,161,Normal
2025-10-19 03:00:00,L54167,7.83,2437,13.8,163,Normal
2025-10-19 04:00:00,L54168,6.35,1478,46.8,165,Normal
2025-10-19 05:00:00,M21849,5.67,1608,35.3,167,Normal
2025-10-19 06:00:00,L54170,7.89,2478,13.4,170,Critical
2025-10-19 07:00:00,L54171,5.39,1509,33.4,172,Normal
2025-10-19 08:00:00,L54172,5.79,1596,36.9,174,Normal
2025-10-19 09:00:00,M21853,5.88,1740,25.6,176,Normal
2025-10-19 10:00:00,L54174,7.51,1375,53.2,179,Normal
2025-10-19 11:00:00,M21855,6.11,1705,31.2,181,Normal
2025-10-19 12:00:00,M21856,5.73,1621,32.0,184,Normal
2025-10-19 13:00:00,M21857,5.86,1566,38.2,187,Normal
2025-10-19 14:00:00,M21858,6.89,1388,42.9,190,Normal
2025-10-19 15:00:00,M21859,6.14,1457,36.7,193,Normal
2025-10-19 16:00:00,M21860,6.72,1463,45.5,196,Normal
2025-10-19 17:00:00,L54181,5.99,1564,38.2,199,Normal
2025-10-19 18:00:00,H36416,7.18,1411,47.2,201,Normal
2025-10-19 19:00:00,L54183,6.5,1540,46.7,206,Normal
2025-10-19 20:00:00,L54184,7.09,1950,20.3,208,Normal
2025-10-19 21:00:00,M21865,5.57,1339,52.9,0,Normal
2025-10-19 22:00:00,H36420,4.29,1419,39.6,3,Normal
2025-10-19 23:00:00,L54187,4.27,1499,45.2,8,Normal
2025-10-20 00:00:00,L54188,5.31,1368,49.6,10,Normal
2025-10-20 01:00:00,L54189,3.52,1536,36.2,12,Normal
2025-10-20 02:00:00,M21870,4.36,1469,42.9,14,Normal
2025-10-20 03:00:00,L54191,6.0,2633,12.2,17,Critical
2025-10-20 04:00:00,L54192,6.58,1298,61.4,19,Normal
2025-10-20 05:00:00,M21873,3.65,1544,36.3,21,Normal
2025-10-20 06:00:00,H36428,5.16,1403,47.7,24,Normal
2025-10-20 07:00:00,L54195,4.63,1452,42.9,29,Normal
2025-10-20 08:00:00,L54196,4.35,1509,43.1,31,Normal
2025-10-20 09:00:00,M21877,4.17,1474,37.0,33,Normal
2025-10-20 10:00:00,M21878,5.38,1377,46.7,36,Normal
2025-10-20 11:00:00,L54199,4.36,1741,27.1,39,Normal
2025-10-20 12:00:00,L54200,5.44,1460,53.8,41,Normal
2025-10-20 13:00:00,H36435,4.15,1631,32.6,43,Normal
2025-10-20 14:00:00,L54202,3.86,1561,33.2,48,Normal
2025-10-20 15:00:00,M21883,4.29,1572,38.5,50,Normal
2025-10-20 16:00:00,L54204,6.13,2127,18.7,53,Normal
2025-10-20 17:00:00,H36439,5.08,1448,44.7,55,Normal
2025-10-20 18:00:00,L54206,4.32,1543,39.6,60,Normal
2025-10-20 19:00:00,L54207,4.18,1508,34.8,62,Normal
2025-10-20 20:00:00,M21888,5.81,1403,50.4,64,Normal
2025-10-20 21:00:00,L54209,4.86,1454,39.7,67,Normal
2025-10-20 22:00:00,L54210,4.9,1772,27.3,69,Normal
2025-10-20 23:00:00,L54211,5.38,1479,49.1,71,Normal
2025-10-21 00:00:00,L54212,4.92,1723,31.0,73,Normal
2025-10-21 01:00:00,M21893,5.31,1469,46.4,75,Normal
2025-10-21 02:00:00,H36448,5.26,1830,26.2,78,Normal
2025-10-21 03:00:00,L54215,4.71,1497,38.2,83,Normal
2025-10-21 04:00:00,L54216,5.45,1540,52.7,85,Normal
2025-10-21 05:00:00,L54217,4.75,1514,39.5,87,Normal
2025-10-21 06:00:00,L54218,4.93,1654,34.2,89,Normal
2025-10-21 07:00:00,H36453,4.6,1519,37.0,91,Normal
2025-10-21 08:00:00,L54220,5.13,1720,30.3,96,Normal
2025-10-21 09:00:00,L54221,5.01,1470,37.7,98,Normal
2025-10-21 10:00:00,L54222,4.71,1642,29.9,100,Normal
2025-10-21 11:00:00,M21903,6.06,2006,19.1,102,Normal
2025-10-21 12:00:00,M21904,4.76,1505,35.6,105,Normal
2025-10-21 13:00:00,M21905,4.47,1609,27.6,108,Normal
2025-10-21 14:00:00,M21906,5.57,1863,22.2,111,Normal
2025-10-21 15:00:00,L54227,5.9,1401,42.6,114,Normal
2025-10-21 16:00:00,L54228,6.28,2007,19.8,116,Normal
2025-10-21 17:00:00,L54229,5.74,1494,47.3,118,Normal
2025-10-21 18:00:00,L54230,5.99,1457,47.7,120,Normal
2025-10-21 19:00:00,L54231,5.0,1556,37.7,122,Normal
2025-10-21 20:00:00,H36466,5.42,1510,42.8,124,Normal
2025-10-21 21:00:00,H36467,5.21,1567,38.7,129,Normal
2025-10-21 22:00:00,H36468,5.75,1476,43.1,134,Normal
2025-10-21 23:00:00,L54235,5.34,1663,30.6,139,Normal
2025-10-22 00:00:00,M21916,6.7,1409,50.6,141,Normal
2025-10-22 01:00:00,L54237,5.78,1666,36.2,144,Normal
2025-10-22 02:00:00,L54238,5.83,1520,45.9,146,Normal
2025-10-22 03:00:00,L54239,5.55,1644,33.8,148,Normal
2025-10-22 04:00:00,H36474,5.44,1479,35.6,150,Normal
2025-10-22 05:00:00,L54241,6.6,1446,49.7,155,Normal
2025-10-22 06:00:00,M21922,6.93,1407,51.1,157,Normal
2025-10-22 07:00:00,L54243,7.97,1234,51.7,160,Normal
2025-10-22 08:00:00,M21924,5.74,1696,29.7,162,Normal
2025-10-22 09:00:00,L54245,7.27,1384,52.9,165,Normal
2025-10-22 10:00:00,M21926,5.53,1572,36.2,167,Normal
2025-10-22 11:00:00,M21927,6.62,1386,42.1,170,Normal
2025-10-22 12:00:00,L54248,6.28,1461,42.8,173,Normal
2025-10-22 13:00:00,L54249,5.72,1525,39.4,175,Normal
2025-10-22 14:00:00,L54250,8.23,1333,61.0,177,Normal
2025-10-22 15:00:00,H36485,5.96,1505,40.6,179,Normal
2025-10-22 16:00:00,M21932,6.46,1439,41.7,184,Normal
2025-10-22 17:00:00,L54253,6.3,1491,43.2,187,Normal
2025-10-22 18:00:00,M21934,6.08,1488,39.2,189,Normal
2025-10-22 19:00:00,L54255,6.39,1536,47.4,192,Normal
2025-10-22 20:00:00,L54256,7.02,1960,21.0,194,Normal
2025-10-22 21:00:00,M21937,5.66,1594,31.0,196,Normal
2025-10-22 22:00:00,L54258,7.81,1357,52.6,199,Normal
2025-10-22 23:00:00,L54259,6.59,1445,41.1,201,Normal
2025-10-23 00:00:00,L54260,6.52,1543,47.3,203,Normal
2025-10-23 01:00:00,L54261,7.83,1366,52.6,205,Normal
2025-10-23 02:00:00,L54262,6.52,1458,40.0,207,Normal
2025-10-23 03:00:00,L54263,8.2,1416,61.8,209,Critical
2025-10-23 04:00:00,L54264,6.52,1794,24.4,211,Normal
2025-10-23 05:00:00,L54265,6.51,1484,41.0,213,Normal
2025-10-23 06:00:00,L54266,8.42,2514,13.4,215,Normal
2025-10-23 07:00:00,L54267,6.17,1648,30.5,217,Critical
2025-10-23 08:00:00,M21948,3.55,1614,32.7,0,Normal
2025-10-23 09:00:00,L54269,3.73,1622,34.1,3,Normal
2025-10-23 10:00:00,M21950,4.02,1478,40.1,5,Normal
2025-10-23 11:00:00,L54271,5.66,1318,51.0,8,Normal
2025-10-23 12:00:00,L54272,3.72,1493,35.9,10,Normal
2025-10-23 13:00:00,H36507,5.4,1369,50.7,12,Normal
2025-10-23 14:00:00,L54274,4.71,1447,45.9,17,Normal
2025-10-23 15:00:00,L54275,4.78,1485,49.9,19,Normal
2025-10-23 16:00:00,L54276,4.65,1489,47.8,21,Normal
2025-10-23 17:00:00,M21957,6.39,1233,52.3,23,Normal
2025-10-23 18:00:00,L54278,4.01,1642,32.6,26,Normal
2025-10-23 19:00:00,M21959,5.14,1373,44.1,28,Normal
2025-10-23 20:00:00,L54280,3.68,1569,32.8,31,Normal
2025-10-23 21:00:00,L54281,4.62,1850,22.8,33,Normal
2025-10-23 22:00:00,M21962,4.42,1494,42.2,35,Normal
2025-10-23 23:00:00,H36517,4.74,1777,30.1,38,Normal
2025-10-24 00:00:00,L54284,4.8,1454,43.1,43,Normal
2025-10-24 01:00:00,L54285,3.78,1536,34.2,45,Normal
2025-10-24 02:00:00,L54286,4.42,1482,39.0,47,Normal
2025-10-24 03:00:00,H36521,4.42,1512,41.2,49,Normal
2025-10-24 04:00:00,M21968,4.13,1511,35.8,54,Normal
2025-10-24 05:00:00,L54289,4.66,1599,40.5,57,Normal
2025-10-24 06:00:00,M21970,4.17,1518,36.0,59,Normal
2025-10-24 07:00:00,M21971,4.8,1450,39.4,62,Normal
2025-10-24 08:00:00,L54292,5.46,1427,47.0,65,Normal
2025-10-24 09:00:00,L54293,4.05,1561,32.7,67,Normal
2025-10-24 10:00:00,H36528,5.13,1457,43.8,69,Normal
2025-10-24 11:00:00,M21975,5.82,1460,53.6,74,Normal
2025-10-24 12:00:00,L54296,4.43,1601,33.2,77,Normal
2025-10-24 13:00:00,L54297,4.73,1570,40.1,79,Normal
2025-10-24 14:00:00,L54298,4.45,1565,35.9,81,Normal
2025-10-24 15:00:00,L54299,5.78,1378,44.4,83,Normal
2025-10-24 16:00:00,L54300,7.06,2288,16.1,85,Normal
2025-10-24 17:00:00,M21981,5.86,1375,44.7,87,Normal
2025-10-24 18:00:00,L54302,5.27,1788,27.8,90,Normal
2025-10-24 19:00:00,M21983,4.94,1576,40.4,92,Normal
2025-10-24 20:00:00,M21984,5.56,1868,24.5,95,Normal
2025-10-24 21:00:00,L54305,7.41,1261,56.6,98,Normal
2025-10-24 22:00:00,M21986,4.42,1542,33.9,100,Normal
2025-10-24 23:00:00,L54307,6.3,1438,53.8,103,Normal
2025-10-25 00:00:00,L54308,4.81,1511,36.9,105,Normal
2025-10-25 01:00:00,L54309,4.83,1635,31.0,107,Normal
2025-10-25 02:00:00,L54310,6.1,1428,48.8,109,Normal
2025-10-25 03:00:00,M21991,5.93,1410,44.4,111,Normal
2025-10-25 04:00:00,L54312,6.12,1423,47.9,114,Normal
2025-10-25 05:00:00,M21993,5.15,1552,41.3,116,Normal
2025-10-25 06:00:00,M21994,6.43,1406,50.2,119,Normal
2025-10-25 07:00:00,L54315,6.13,1443,48.3,122,Normal
2025-10-25 08:00:00,M21996,7.72,1343,63.7,124,Normal
2025-10-25 09:00:00,M21997,5.49,1486,41.2,127,Normal
2025-10-25 10:00:00,L54318,7.15,1297,50.0,130,Normal
2025-10-25 11:00:00,L54319,5.57,1495,42.3,132,Normal
2025-10-25 12:00:00,L54320,6.5,1382,46.5,134,Normal
2025-10-25 13:00:00,M22001,6.53,1356,44.4,136,Normal
2025-10-25 14:00:00,H36556,5.84,1452,41.5,139,Normal
2025-10-25 15:00:00,H36557,4.96,1582,30.8,144,Normal
2025-10-25 16:00:00,M22004,5.52,1517,40.3,149,Normal
2025-10-25 17:00:00,L54325,6.41,1413,44.5,152,Normal
2025-10-25 18:00:00,L54326,5.14,1496,31.8,154,Normal
2025-10-25 19:00:00,L54327,5.95,1466,41.2,156,Normal
2025-10-25 20:00:00,M22008,5.97,1617,40.8,158,Normal
2025-10-25 21:00:00,L54329,5.82,1506,41.8,161,Normal
2025-10-25 22:00:00,L54330,6.92,1401,49.3,163,Normal
2025-10-25 23:00:00,H36565,6.5,1906,22.9,165,Normal
2025-10-26 00:00:00,L54332,5.54,1566,36.4,170,Normal
2025-10-26 01:00:00,L54333,6.38,1493,47.3,172,Normal
2025-10-26 02:00:00,L54334,5.98,1483,39.9,174,Normal
2025-10-26 03:00:00,M22015,5.29,1569,31.2,176,Normal
2025-10-26 04:00:00,M22016,5.82,1664,30.7,179,Normal
2025-10-26 05:00:00,L54337,6.07,1486,40.1,182,Normal
2025-10-26 06:00:00,L54338,7.52,1389,53.6,184,Normal
2025-10-26 07:00:00,L54339,6.08,1511,41.7,186,Normal
2025-10-26 08:00:00,M22020,6.17,1485,40.5,188,Normal
2025-10-26 09:00:00,L54341,6.62,1440,42.9,191,Normal
2025-10-26 10:00:00,L54342,7.05,1378,43.9,193,Normal
2025-10-26 11:00:00,M22023,6.09,1501,39.3,195,Normal
2025-10-26 12:00:00,M22024,6.58,1474,44.0,198,Normal
2025-10-26 13:00:00,L54345,7.33,1392,47.9,201,Normal
2025-10-26 14:00:00,M22026,6.94,1429,44.7,203,Normal
2025-10-26 15:00:00,L54347,8.36,1362,60.3,206,Critical
2025-10-26 16:00:00,L54348,3.85,1704,29.5,0,Normal
2025-10-26 17:00:00,L54349,4.7,1492,52.3,2,Normal
2025-10-26 18:00:00,M22030,4.17,1442,39.5,4,Normal
2025-10-26 19:00:00,M22031,5.01,1438,51.5,7,Normal
2025-10-26 20:00:00,M22032,4.92,1402,46.6,10,Normal
2025-10-26 21:00:00,L54353,3.97,1684,30.8,13,Normal
2025-10-26 22:00:00,L54354,4.39,1530,48.5,15,Normal
2025-10-26 23:00:00,L54355,4.21,1569,43.5,17,Normal
2025-10-27 00:00:00,L54356,3.91,1650,31.6,19,Normal
2025-10-27 01:00:00,L54357,5.18,1415,49.6,21,Normal
2025-10-27 02:00:00,L54358,3.67,1600,31.5,23,Normal
2025-10-27 03:00:00,L54359,4.15,1523,42.3,25,Normal
2025-10-27 04:00:00,M22040,3.8,1628,30.3,27,Normal
2025-10-27 05:00:00,L54361,5.92,1331,52.1,30,Normal
2025-10-27 06:00:00,L54362,5.93,2158,16.8,32,Normal
2025-10-27 07:00:00,L54363,5.25,1445,50.9,34,Normal
2025-10-27 08:00:00,M22044,4.09,1593,36.1,36,Normal
2025-10-27 09:00:00,L54365,4.11,1672,29.2,39,Normal
2025-10-27 10:00:00,M22046,4.12,1644,31.4,41,Normal
2025-10-27 11:00:00,L54367,5.83,1402,54.3,44,Normal
2025-10-27 12:00:00,L54368,6.66,1286,56.8,46,Normal
2025-10-27 13:00:00,L54369,4.89,1486,46.3,48,Normal
2025-10-27 14:00:00,L54370,5.7,1345,46.3,50,Normal
2025-10-27 15:00:00,L54371,4.35,1629,34.1,52,Normal
2025-10-27 16:00:00,M22052,5.11,1429,43.8,54,Normal
2025-10-27 17:00:00,L54373,7.2,1306,64.7,57,Normal
2025-10-27 18:00:00,L54374,6.02,1380,52.6,59,Normal
2025-10-27 19:00:00,M22055,5.48,1443,49.3,61,Normal
2025-10-27 20:00:00,H36610,5.18,1426,42.7,64,Normal
2025-10-27 21:00:00,L54377,4.84,1486,41.8,69,Normal
2025-10-27 22:00:00,M22058,4.14,1530,34.5,71,Normal
2025-10-27 23:00:00,L54379,4.76,1507,41.4,74,Normal
2025-10-28 00:00:00,L54380,4.47,1608,33.4,76,Normal
2025-10-28 01:00:00,L54381,4.94,1474,40.6,78,Normal
2025-10-28 02:00:00,L54382,7.18,1326,61.9,80,Normal
2025-10-28 03:00:00,M22063,5.69,1434,48.0,82,Normal
2025-10-28 04:00:00,L54384,4.8,1526,41.7,85,Normal
2025-10-28 05:00:00,L54385,4.93,1483,39.6,87,Normal
2025-10-28 06:00:00,L54386,5.9,1457,51.9,89,Normal
2025-10-28 07:00:00,M22067,4.33,1540,34.4,91,Normal
2025-10-28 08:00:00,L54388,4.95,1707,29.1,94,Normal
2025-10-28 09:00:00,L54389,4.85,1624,34.2,96,Normal
2025-10-28 10:00:00,M22070,6.6,1331,50.2,98,Normal
2025-10-28 11:00:00,L54391,5.43,1431,40.3,101,Normal
2025-10-28 12:00:00,M22072,5.01,1705,28.5,103,Normal
2025-10-28 13:00:00,M22073,5.83,1427,45.2,106,Normal
2025-10-28 14:00:00,M22074,5.46,1625,41.2,109,Normal
2025-10-28 15:00:00,L54395,5.79,1477,47.7,112,Normal
2025-10-28 16:00:00,M22076,4.81,1651,28.1,114,Normal
2025-10-28 17:00:00,L54397,5.22,1716,28.2,117,Normal
2025-10-28 18:00:00,H36632,6.36,1400,48.7,119,Normal
2025-10-28 19:00:00,M22079,5.03,1556,37.7,124,Normal
2025-10-28 20:00:00,L54400,5.9,1429,42.6,127,Normal
2025-10-28 21:00:00,H36635,6.36,1433,49.6,129,Normal
2025-10-28 22:00:00,M22082,7.84,1320,61.7,134,Normal
2025-10-28 23:00:00,L54403,6.91,1374,51.6,137,Normal
2025-10-29 00:00:00,L54404,5.0,1598,31.0,139,Normal
2025-10-29 01:00:00,M22085,6.17,1910,21.8,141,Normal
2025-10-29 02:00:00,L54406,6.84,1399,51.3,144,Normal
2025-10-29 03:00:00,L54407,5.51,1720,27.1,146,Normal
2025-10-29 04:00:00,H36642,6.8,1368,47.4,148,Normal
2025-10-29 05:00:00,L54409,6.17,1749,33.4,153,Normal
2025-10-29 06:00:00,L54410,5.43,1542,39.4,155,Normal
2025-10-29 07:00:00,L54411,5.33,1553,36.6,157,Normal
2025-10-29 08:00:00,M22092,6.19,1639,42.1,159,Normal
2025-10-29 09:00:00,L54413,6.43,1447,45.9,162,Normal
2025-10-29 10:00:00,M22094,6.88,1397,48.1,164,Normal
2025-10-29 11:00:00,L54415,7.48,1361,53.8,167,Normal
2025-10-29 12:00:00,M22096,5.87,1460,37.1,169,Normal
2025-10-29 13:00:00,M22097,5.76,1632,33.7,172,Normal
2025-10-29 14:00:00,L54418,6.31,1697,36.0,175,Normal
2025-10-29 15:00:00,L54419,5.92,1553,42.0,177,Normal
2025-10-29 16:00:00,M22100,7.78,1362,56.3,179,Normal
2025-10-29 17:00:00,M22101,6.21,1484,42.1,182,Normal
2025-10-29 18:00:00,H36656,7.06,1447,51.4,185,Normal
2025-10-29 19:00:00,M22103,7.41,1393,51.2,190,Normal
2025-10-29 20:00:00,L54424,6.28,1760,26.9,193,Normal
2025-10-29 21:00:00,L54425,5.92,1477,34.6,195,Normal
2025-10-29 22:00:00,L54426,6.03,1681,29.1,197,Normal
2025-10-29 23:00:00,M22107,8.11,1314,53.5,199,Normal
2025-10-30 00:00:00,L54428,6.47,1762,28.0,202,Normal
2025-10-30 01:00:00,L54429,7.1,1402,44.7,204,Normal
2025-10-30 02:00:00,M22110,6.8,1429,42.0,206,Normal
2025-10-30 03:00:00,M22111,6.6,1448,40.1,209,Normal
2025-10-30 04:00:00,H36666,6.52,1501,42.9,212,Normal
2025-10-30 05:00:00,L54433,6.22,1522,39.1,217,Normal
2025-10-30 06:00:00,L54434,6.3,1493,37.5,219,Normal
2025-10-30 07:00:00,M22115,6.46,1704,29.4,221,Normal
2025-10-30 08:00:00,H36670,4.5,1408,42.5,0,Normal
2025-10-30 09:00:00,L54437,3.9,1518,41.8,5,Normal
2025-10-30 10:00:00,L54438,3.91,1742,25.9,7,Normal
2025-10-30 11:00:00,M22119,4.13,1500,43.0,9,Normal
2025-10-30 12:00:00,L54440,6.09,2424,14.5,12,Normal
2025-10-30 13:00:00,L54441,4.36,1818,25.1,14,Normal
2025-10-30 14:00:00,M22122,3.55,1545,35.6,16,Normal
2025-10-30 15:00:00,L54443,4.9,1429,46.9,19,Normal
2025-10-30 16:00:00,M22124,4.69,1448,44.9,21,Normal
2025-10-30 17:00:00,L54445,5.33,1384,48.7,24,Normal
2025-10-30 18:00:00,L54446,3.67,1578,32.8,26,Normal
2025-10-30 19:00:00,L54447,3.95,1695,26.7,28,Normal
2025-10-30 20:00:00,L54448,3.74,1543,36.2,30,Normal
2025-10-30 21:00:00,M22129,3.57,1540,33.4,32,Normal
2025-10-30 22:00:00,L54450,4.6,1808,25.8,35,Normal
2025-10-30 23:00:00,M22131,6.05,1293,49.7,37,Normal
2025-10-31 00:00:00,L54452,7.24,1202,59.5,40,Normal
2025-10-31 01:00:00,M22133,4.33,1704,29.2,42,Normal
2025-10-31 02:00:00,M22134,4.36,1478,38.1,45,Normal
2025-10-31 03:00:00,L54455,4.23,1514,38.7,48,Normal
2025-10-31 04:00:00,M22136,5.83,1350,48.8,50,Normal
2025-10-31 05:00:00,L54457,5.52,1475,54.2,53,Normal
2025-10-31 06:00:00,H36692,4.5,1714,28.7,55,Normal
2025-10-31 07:00:00,L54459,4.79,1465,40.9,60,Normal
2025-10-31 08:00:00,L54460,7.68,1288,69.6,62,Critical
2025-10-31 09:00:00,L54461,4.46,1675,29.7,64,Normal
2025-10-31 10:00:00,L54462,4.45,1486,36.4,66,Normal
2025-10-31 11:00:00,M22143,6.17,1443,58.7,68,Normal
2025-10-31 12:00:00,M22144,6.65,1345,57.1,71,Normal
2025-10-31 13:00:00,M22145,7.78,1202,61.7,74,Normal
2025-10-31 14:00:00,M22146,4.66,1480,37.1,77,Normal
2025-10-31 15:00:00,M22147,4.33,1530,35.7,80,Normal
2025-10-31 16:00:00,M22148,5.82,1983,20.8,83,Normal
2025-10-31 17:00:00,L54469,6.12,1433,53.8,86,Normal
2025-10-31 18:00:00,L54470,5.13,1806,24.4,88,Normal
2025-10-31 19:00:00,L54471,5.8,1416,46.7,90,Normal
2025-10-31 20:00:00,M22152,4.67,1556,38.1,92,Normal
2025-10-31 21:00:00,L54473,4.52,1627,29.2,95,Normal
2025-10-31 22:00:00,L54474,5.24,1809,24.3,97,Normal
2025-10-31 23:00:00,M22155,7.09,1329,57.4,99,Normal
2025-11-01 00:00:00,H36710,5.55,1881,21.9,102,Normal
2025-11-01 01:00:00,L54477,5.08,1500,39.8,107,Normal
2025-11-01 02:00:00,L54478,4.68,1532,36.0,109,Normal
2025-11-01 03:00:00,L54479,5.9,1492,50.9,111,Normal
2025-11-01 04:00:00,L54480,5.7,1431,42.3,113,Normal
2025-11-01 05:00:00,L54481,5.02,1554,39.4,115,Normal
2025-11-01 06:00:00,L54482,5.52,1494,44.2,117,Normal
2025-11-01 07:00:00,L54483,6.29,1374,45.4,119,Normal
2025-11-01 08:00:00,L54484,6.13,1394,44.3,121,Normal
2025-11-01 09:00:00,M22165,5.54,1790,25.7,123,Normal
2025-11-01 10:00:00,L54486,6.5,1356,45.8,126,Normal
2025-11-01 11:00:00,M22167,6.78,1385,52.1,128,Normal
2025-11-01 12:00:00,L54488,6.91,1333,49.1,131,Normal
2025-11-01 13:00:00,L54489,5.7,1505,44.9,133,Normal
2025-11-01 14:00:00,L54490,5.16,1606,33.5,135,Normal
2025-11-01 15:00:00,H36725,5.13,1558,36.7,137,Normal
2025-11-01 16:00:00,L54492,6.81,1412,52.4,142,Normal
2025-11-01 17:00:00,L54493,5.94,1408,38.4,144,Normal
2025-11-01 18:00:00,L54494,7.72,1268,53.3,146,Normal
2025-11-01 19:00:00,L54495,6.4,1470,50.0,148,Normal
2025-11-01 20:00:00,L54496,6.08,1497,47.0,150,Normal
2025-11-01 21:00:00,L54497,5.26,1638,29.1,152,Normal
2025-11-01 22:00:00,H36732,5.71,1535,43.9,154,Normal
2025-11-01 23:00:00,L54499,5.66,1654,32.7,159,Normal
2025-11-02 00:00:00,H36734,6.87,1411,49.7,161,Normal
2025-11-02 01:00:00,L54501,6.58,1911,23.5,166,Normal
2025-11-02 02:00:00,H36736,5.36,1573,33.3,168,Normal
2025-11-02 03:00:00,L54503,6.41,1479,46.3,173,Normal
2025-11-02 04:00:00,M22184,6.38,1820,26.6,175,Normal
2025-11-02 05:00:00,L54505,6.76,1419,45.7,178,Normal
2025-11-02 06:00:00,M22186,7.72,1335,52.9,180,Normal
2025-11-02 07:00:00,M22187,5.95,1576,39.4,183,Normal
2025-11-02 08:00:00,L54508,6.08,1517,42.2,186,Normal
2025-11-02 09:00:00,M22189,5.68,1576,34.3,188,Normal
2025-11-02 10:00:00,H36744,5.66,1537,36.6,191,Normal
2025-11-02 11:00:00,L54511,5.64,1524,34.2,196,Normal
2025-11-02 12:00:00,M22192,6.38,1805,23.7,198,Normal
2025-11-02 13:00:00,M22193,7.82,1367,53.3,201,Normal
2025-11-02 14:00:00,L54514,6.26,1694,30.3,204,Normal
2025-11-02 15:00:00,L54515,7.88,1328,49.9,206,Normal
2025-11-02 16:00:00,H36750,6.32,1549,42.8,208,Normal
2025-11-02 17:00:00,L54517,5.67,1539,32.8,213,Normal
2025-11-02 18:00:00,L54518,6.32,1496,38.8,215,Normal
2025-11-02 19:00:00,L54519,3.6,1579,36.4,0,Normal
2025-11-02 20:00:00,L54520,4.92,1386,46.6,2,Normal
2025-11-02 21:00:00,L54521,3.7,1505,37.7,4,Normal
2025-11-02 22:00:00,M22202,4.0,1661,34.5,6,Normal
2025-11-02 23:00:00,L54523,4.63,1468,48.0,9,Normal
2025-11-03 00:00:00,L54524,5.24,1384,49.8,11,Normal
2025-11-03 01:00:00,L54525,5.98,1381,60.5,13,Normal
2025-11-03 02:00:00,L54526,4.63,1469,47.0,15,Normal
2025-11-03 03:00:00,L54527,4.08,1627,36.6,17,Normal
2025-11-03 04:00:00,H36762,4.29,1462,40.4,19,Normal
2025-11-03 05:00:00,L54529,4.19,1633,36.5,24,Normal
2025-11-03 06:00:00,L54530,4.28,1469,39.5,26,Normal
2025-11-03 07:00:00,L54531,4.62,1458,43.4,28,Normal
2025-11-03 08:00:00,M22212,4.7,1440,42.8,30,Normal
2025-11-03 09:00:00,L54533,4.2,1687,30.4,33,Normal
2025-11-03 10:00:00,M22214,5.14,1429,47.7,35,Normal
2025-11-03 11:00:00,L54535,3.95,1588,34.1,38,Normal
2025-11-03 12:00:00,L54536,5.96,1333,51.2,40,Normal
2025-11-03 13:00:00,L54537,4.59,1487,42.9,42,Normal
2025-11-03 14:00:00,M22218,4.25,1659,31.5,44,Normal
2025-11-03 15:00:00,M22219,4.53,1512,43.2,47,Normal
2025-11-03 16:00:00,L54540,4.15,1585,35.2,50,Normal
2025-11-03 17:00:00,L54541,4.33,1502,38.5,52,Normal
2025-11-03 18:00:00,L54542,4.24,1594,35.1,54,Normal
2025-11-03 19:00:00,L54543,5.56,1412,48.9,56,Normal
2025-11-03 20:00:00,L54544,5.83,1402,51.7,58,Normal
2025-11-03 21:00:00,L54545,5.93,2057,20.4,60,Normal
2025-11-03 22:00:00,H36780,4.18,1531,36.8,62,Normal
2025-11-03 23:00:00,M22227,6.79,1359,61.1,67,Normal
2025-11-04 00:00:00,M22228,4.24,1620,30.0,70,Normal
2025-11-04 01:00:00,M22229,4.4,1646,29.6,73,Normal
2025-11-04 02:00:00,M22230,5.38,1455,46.1,76,Normal
2025-11-04 03:00:00,L54551,4.96,1512,44.0,79,Normal
2025-11-04 04:00:00,L54552,5.11,1473,42.7,81,Normal
2025-11-04 05:00:00,L54553,4.54,1553,38.0,83,Normal
2025-11-04 06:00:00,L54554,6.19,1379,50.4,85,Normal
2025-11-04 07:00:00,M22235,4.84,1567,40.6,87,Normal
2025-11-04 08:00:00,L54556,5.2,1481,43.1,90,Normal
2025-11-04 09:00:00,L54557,6.59,1349,52.7,92,Normal
2025-11-04 10:00:00,L54558,6.38,1388,52.4,94,Normal
2025-11-04 11:00:00,M22239,6.33,1357,48.7,96,Normal
2025-11-04 12:00:00,L54560,4.93,1743,24.8,99,Normal
2025-11-04 13:00:00,L54561,5.26,1495,43.1,101,Normal
2025-11-04 14:00:00,L54562,4.96,1698,28.3,103,Normal
2025-11-04 15:00:00,M22243,5.87,1410,44.5,105,Normal
2025-11-04 16:00:00,L54564,5.06,1614,36.2,108,Normal
2025-11-04 17:00:00,M22245,6.74,1375,53.9,110,Normal
2025-11-04 18:00:00,M22246,4.61,1574,31.8,113,Normal
2025-11-04 19:00:00,H36801,5.93,1423,44.6,116,Normal
2025-11-04 20:00:00,M22248,5.34,1694,31.3,121,Normal
2025-11-04 21:00:00,L54569,5.53,1707,32.5,124,Normal
2025-11-04 22:00:00,M22250,5.46,1490,41.2,126,Normal
2025-11-04 23:00:00,L54571,5.33,1675,31.3,129,Normal
2025-11-05 00:00:00,M22252,5.38,1492,39.3,131,Normal
2025-11-05 01:00:00,M22253,5.21,1594,35.4,134,Normal
2025-11-05 02:00:00,L54574,5.44,1479,38.0,137,Normal
2025-11-05 03:00:00,M22255,5.31,1572,38.0,139,Normal
2025-11-05 04:00:00,L54576,5.41,1616,35.1,142,Normal
2025-11-05 05:00:00,L54577,5.52,1737,26.1,144,Normal
2025-11-05 06:00:00,M22258,5.43,1498,37.8,146,Normal
2025-11-05 07:00:00,L54579,5.63,1642,35.1,149,Normal
2025-11-05 08:00:00,M22260,5.55,1633,34.2,151,Normal
2025-11-05 09:00:00,L54581,6.94,1409,51.9,154,Normal
2025-11-05 10:00:00,M22262,6.11,1463,43.5,156,Normal
2025-11-05 11:00:00,L54583,6.97,1376,48.6,159,Normal
2025-11-05 12:00:00,L54584,5.09,1553,32.2,161,Normal
2025-11-05 13:00:00,M22265,5.28,1530,35.2,163,Normal
2025-11-05 14:00:00,L54586,5.66,1545,40.7,166,Normal
2025-11-05 15:00:00,H36821,6.7,1427,47.2,168,Normal
2025-11-05 16:00:00,L54588,7.76,1292,51.1,173,Normal
2025-11-05 17:00:00,L54589,7.27,2084,17.6,175,Normal
2025-11-05 18:00:00,L54590,6.06,1747,27.6,177,Normal
2025-11-05 19:00:00,L54591,6.88,1425,47.8,179,Normal
2025-11-05 20:00:00,L54592,5.89,1637,33.6,181,Normal
2025-11-05 21:00:00,M22273,5.9,1616,35.2,183,Normal
2025-11-05 22:00:00,L54594,5.83,1619,33.4,186,Normal
2025-11-05 23:00:00,L54595,6.06,1489,39.1,188,Normal
2025-11-06 00:00:00,M22276,6.5,1452,42.4,190,Normal
2025-11-06 01:00:00,M22277,6.21,1495,41.0,193,Normal
2025-11-06 02:00:00,M22278,6.54,1427,39.7,196,Normal
2025-11-06 03:00:00,L54599,5.91,1572,36.2,199,Normal
2025-11-06 04:00:00,L54600,6.04,1547,40.0,201,Normal
2025-11-06 05:00:00,M22281,7.67,1342,48.5,203,Normal
2025-11-06 06:00:00,L54602,7.37,1351,44.1,206,Normal
2025-11-06 07:00:00,L54603,7.29,1407,47.3,208,Normal
2025-11-06 08:00:00,M22284,5.64,1575,29.8,210,Normal
2025-11-06 09:00:00,M22285,6.51,1791,24.1,213,Normal
2025-11-06 10:00:00,M22286,6.31,1692,29.0,216,Critical
2025-11-06 11:00:00,L54607,3.61,1634,31.9,0,Normal
2025-11-06 12:00:00,M22288,4.36,1864,23.3,2,Normal
2025-11-06 13:00:00,L54609,3.54,1590,33.6,5,Normal
2025-11-06 14:00:00,M22290,4.96,1384,46.1,7,Normal
2025-11-06 15:00:00,M22291,6.19,1352,61.8,10,Normal
2025-11-06 16:00:00,L54612,4.27,1484,43.1,13,Normal
2025-11-06 17:00:00,M22293,4.69,1913,21.9,15,Normal
2025-11-06 18:00:00,L54614,3.88,1508,38.2,18,Normal
2025-11-06 19:00:00,L54615,4.09,1504,40.7,20,Normal
2025-11-06 20:00:00,L54616,4.24,1487,41.2,22,Normal
2025-11-06 21:00:00,L54617,4.29,1727,30.0,24,Normal
2025-11-06 22:00:00,L54618,3.71,1647,27.5,26,Normal
2025-11-06 23:00:00,L54619,4.29,1493,41.4,28,Normal
2025-11-07 00:00:00,L54620,3.94,1655,29.6,30,Normal
2025-11-07 01:00:00,M22301,6.08,1337,54.8,32,Normal
2025-11-07 02:00:00,L54622,4.17,1601,36.9,35,Normal
2025-11-07 03:00:00,H36857,4.19,1589,37.9,37,Normal
2025-11-07 04:00:00,L54624,6.5,1286,55.1,42,Normal
2025-11-07 05:00:00,L54625,4.3,1553,41.3,44,Normal
2025-11-07 06:00:00,L54626,5.77,1379,51.0,46,Normal
2025-11-07 07:00:00,M22307,4.35,1677,30.8,48,Normal
2025-11-07 08:00:00,L54628,4.39,1488,38.4,51,Normal
2025-11-07 09:00:00,L54629,5.3,1418,45.9,53,Normal
2025-11-07 10:00:00,L54630,4.82,1451,41.0,55,Normal
2025-11-07 11:00:00,L54631,4.66,1508,43.1,57,Normal
2025-11-07 12:00:00,L54632,4.12,1579,33.6,59,Normal
2025-11-07 13:00:00,H36867,5.43,1432,47.7,61,Normal
2025-11-07 14:00:00,L54634,5.39,1446,47.3,66,Normal
2025-11-07 15:00:00,M22315,4.71,1597,39.5,68,Normal
2025-11-07 16:00:00,M22316,5.91,1397,50.2,71,Normal
2025-11-07 17:00:00,L54637,4.32,1530,36.6,74,Normal
2025-11-07 18:00:00,M22318,5.85,1433,51.4,76,Normal
2025-11-07 19:00:00,L54639,4.32,1591,32.0,79,Normal
2025-11-07 20:00:00,L54640,5.2,1445,41.6,81,Normal
2025-11-07 21:00:00,L54641,5.0,1749,28.3,83,Normal
2025-11-07 22:00:00,L54642,4.91,1703,30.4,85,Normal
2025-11-07 23:00:00,H36877,5.21,1518,46.9,87,Normal
2025-11-08 00:00:00,L54644,4.87,1535,42.3,92,Normal
2025-11-08 01:00:00,M22325,6.35,1390,52.1,94,Normal
2025-11-08 02:00:00,H36880,5.15,1801,23.6,97,Normal
2025-11-08 03:00:00,H36881,5.35,1463,41.6,102,Normal
2025-11-08 04:00:00,L54648,4.85,1560,37.7,107,Normal
2025-11-08 05:00:00,L54649,4.86,1607,33.5,109,Normal
2025-11-08 06:00:00,L54650,7.03,1332,54.6,111,Normal
2025-11-08 07:00:00,L54651,6.79,1365,53.3,113,Normal
2025-11-08 08:00:00,M22332,4.92,1617,32.5,115,Normal
2025-11-08 09:00:00,M22333,7.81,1304,62.8,118,Normal
2025-11-08 10:00:00,L54654,6.4,1989,22.3,121,Normal
2025-11-08 11:00:00,H36889,7.06,1339,53.4,123,Normal
2025-11-08 12:00:00,L54656,5.51,1492,41.8,128,Normal
2025-11-08 13:00:00,M22337,5.28,1518,40.2,130,Normal
2025-11-08 14:00:00,L54658,5.49,1479,39.5,133,Normal
2025-11-08 15:00:00,M22339,4.91,1523,34.1,135,Normal
2025-11-08 16:00:00,M22340,5.11,1570,35.3,138,Normal
2025-11-08 17:00:00,H36895,5.21,1506,36.1,141,Normal
2025-11-08 18:00:00,M22342,5.99,1510,47.5,146,Normal
2025-11-08 19:00:00,L54663,5.38,1671,28.8,149,Normal
2025-11-08 20:00:00,M22344,7.54,1312,53.4,151,Normal
2025-11-08 21:00:00,L54665,5.67,1595,38.8,154,Normal
2025-11-08 22:00:00,L54666,5.46,1635,31.8,156,Normal
2025-11-08 23:00:00,L54667,6.01,1707,33.6,158,Normal
2025-11-09 00:00:00,L54668,5.77,1545,43.5,160,Normal
2025-11-09 01:00:00,M22349,5.93,1751,28.0,162,Normal
2025-11-09 02:00:00,M22350,5.85,1707,30.0,165,Normal
2025-11-09 03:00:00,L54671,7.99,1320,57.9,168,Normal
2025-11-09 04:00:00,M22352,7.6,1319,51.4,170,Normal
2025-11-09 05:00:00,L54673,7.1,1448,54.2,173,Normal
2025-11-09 06:00:00,L54674,6.79,1436,48.2,175,Normal
2025-11-09 07:00:00,L54675,5.71,1609,34.0,177,Normal
2025-11-09 08:00:00,L54676,6.44,1464,44.5,179,Normal
2025-11-09 09:00:00,M22357,6.4,1483,45.1,181,Normal
2025-11-09 10:00:00,M22358,6.21,1748,28.5,184,Normal
2025-11-09 11:00:00,L54679,6.09,1746,26.3,187,Normal
2025-11-09 12:00:00,L54680,7.31,1410,51.4,189,Normal
2025-11-09 13:00:00,L54681,5.84,1640,30.8,191,Normal
2025-11-09 14:00:00,H36916,5.89,1655,29.9,193,Normal
2025-11-09 15:00:00,M22363,5.83,1646,28.9,198,Normal
2025-11-09 16:00:00,L54684,6.41,1589,42.0,201,Normal
2025-11-09 17:00:00,L54685,6.02,1546,39.4,203,Normal
2025-11-09 18:00:00,L54686,6.31,1511,41.8,205,Normal
2025-11-09 19:00:00,L54687,6.48,1750,28.3,207,Normal
2025-11-09 20:00:00,M22368,6.34,1730,27.5,209,Normal
2025-11-09 21:00:00,L54689,8.37,1372,60.1,212,Critical
2025-11-09 22:00:00,L54690,6.16,1524,38.9,214,Critical
2025-11-09 23:00:00,L54691,3.7,1601,36.1,0,Normal
2025-11-10 00:00:00,M22372,3.81,1636,34.4,2,Normal
2025-11-10 01:00:00,L54693,6.03,2261,14.9,5,Normal
2025-11-10 02:00:00,L54694,3.73,1636,32.3,7,Normal
2025-11-10 03:00:00,M22375,6.05,1335,58.3,9,Normal
2025-11-10 04:00:00,M22376,6.58,1236,57.5,12,Normal
2025-11-10 05:00:00,L54697,4.79,1445,47.3,15,Normal
2025-11-10 06:00:00,L54698,4.08,1500,40.8,17,Normal
2025-11-10 07:00:00,L54699,5.16,1999,21.0,19,Normal
2025-11-10 08:00:00,L54700,3.62,1529,35.5,21,Normal
2025-11-10 09:00:00,M22381,4.33,1467,40.7,23,Normal
2025-11-10 10:00:00,L54702,5.98,1334,54.0,26,Normal
2025-11-10 11:00:00,M22383,5.44,1343,46.2,28,Normal
2025-11-10 12:00:00,L54704,3.96,1639,31.1,31,Normal
2025-11-10 13:00:00,H36939,5.47,1383,49.1,33,Normal
2025-11-10 14:00:00,L54706,4.18,1660,31.4,38,Normal
2025-11-10 15:00:00,L54707,4.81,1470,45.2,40,Normal
2025-11-10 16:00:00,M22388,4.4,1748,26.6,42,Normal
2025-11-10 17:00:00,L54709,4.26,1467,35.7,45,Normal
2025-11-10 18:00:00,M22390,4.56,1617,39.3,47,Normal
2025-11-10 19:00:00,H36945,6.2,1377,56.7,50,Normal
2025-11-10 20:00:00,M22392,4.25,1629,32.1,55,Normal
2025-11-10 21:00:00,L54713,4.36,1504,37.9,58,Normal
2025-11-10 22:00:00,L54714,5.47,1418,47.3,60,Normal
2025-11-10 23:00:00,L54715,4.31,1629,31.7,62,Normal
2025-11-11 00:00:00,L54716,6.57,2579,12.5,64,Critical
2025-11-11 01:00:00,L54717,7.31,1305,64.7,66,Normal
2025-11-11 02:00:00,M22398,4.81,1450,38.5,68,Normal
2025-11-11 03:00:00,L54719,4.54,1487,36.9,71,Normal
2025-11-11 04:00:00,M22400,4.17,1587,31.2,73,Normal
2025-11-11 05:00:00,M22401,4.63,1528,40.9,76,Normal
2025-11-11 06:00:00,M22402,5.96,1401,49.9,79,Normal
2025-11-11 07:00:00,L54723,5.43,1446,45.0,82,Normal
2025-11-11 08:00:00,L54724,5.52,1425,44.2,84,Normal
2025-11-11 09:00:00,L54725,5.46,1891,22.6,86,Normal
2025-11-11 10:00:00,H36960,5.31,1454,42.8,88,Normal
2025-11-11 11:00:00,L54727,5.38,1430,40.9,93,Normal
2025-11-11 12:00:00,L54728,5.22,1495,43.6,95,Normal
2025-11-11 13:00:00,L54729,4.89,1544,41.6,97,Normal
2025-11-11 14:00:00,M22410,4.5,1554,34.3,99,Normal
2025-11-11 15:00:00,M22411,4.91,1491,37.3,102,Normal
2025-11-11 16:00:00,L54732,4.98,1525,40.7,105,Normal
2025-11-11 17:00:00,L54733,5.04,1505,39.6,107,Normal
2025-11-11 18:00:00,M22414,6.51,1371,50.2,109,Normal
2025-11-11 19:00:00,L54735,7.43,1332,60.5,112,Normal
2025-11-11 20:00:00,L54736,5.14,1471,37.0,114,Normal
2025-11-11 21:00:00,M22417,5.34,1750,27.3,116,Normal
2025-11-11 22:00:00,M22418,6.4,1386,48.1,119,Normal
2025-11-11 23:00:00,M22419,7.14,1355,56.2,122,Normal
2025-11-12 00:00:00,M22420,6.9,1377,53.8,125,Normal
2025-11-12 01:00:00,L54741,6.58,1388,49.4,128,Normal
2025-11-12 02:00:00,M22422,7.43,1350,58.7,130,Normal
2025-11-12 03:00:00,M22423,5.73,1831,23.4,133,Normal
2025-11-12 04:00:00,M22424,7.75,1381,65.2,136,Critical
2025-11-12 05:00:00,M22425,5.68,1783,25.6,139,Normal
2025-11-12 06:00:00,L54746,5.36,1613,34.7,142,Normal
2025-11-12 07:00:00,M22427,7.67,2370,14.7,144,Normal
2025-11-12 08:00:00,L54748,5.43,1627,33.7,147,Normal
2025-11-12 09:00:00,L54749,9.04,1255,71.8,149,Critical
2025-11-12 10:00:00,H36984,5.91,1777,27.5,151,Normal
2025-11-12 11:00:00,L54751,5.24,1606,30.9,156,Normal
2025-11-12 12:00:00,L54752,5.51,1676,28.6,158,Normal
2025-11-12 13:00:00,L54753,5.69,1605,37.1,160,Normal
2025-11-12 14:00:00,L54754,5.65,1487,37.4,162,Normal
2025-11-12 15:00:00,L54755,6.36,1471,46.5,164,Normal
2025-11-12 16:00:00,M22436,6.2,1477,44.2,166,Normal
2025-11-12 17:00:00,L54757,5.14,1530,32.0,169,Normal
2025-11-12 18:00:00,L54758,5.66,1673,28.9,171,Normal
2025-11-12 19:00:00,L54759,7.33,1436,56.8,173,Normal
2025-11-12 20:00:00,L54760,6.66,1495,51.2,175,Normal
2025-11-12 21:00:00,M22441,7.72,1366,56.1,177,Normal
2025-11-12 22:00:00,H36996,6.37,1489,45.3,180,Normal
2025-11-12 23:00:00,L54763,6.56,1480,46.6,185,Normal
2025-11-13 00:00:00,L54764,6.02,1472,37.3,187,Normal
2025-11-13 01:00:00,L54765,7.35,1397,50.8,189,Normal
2025-11-13 02:00:00,L54766,5.86,1589,35.5,191,Normal
2025-11-13 03:00:00,L54767,7.57,1405,54.1,193,Normal
2025-11-13 04:00:00,L54768,7.27,2013,20.1,195,Normal
2025-11-13 05:00:00,L54769,6.5,1802,26.0,197,Normal
2025-11-13 06:00:00,M22450,6.96,1433,46.1,199,Normal
2025-11-13 07:00:00,M22451,8.75,1296,61.3,202,Critical
2025-11-13 08:00:00,M22452,5.89,1551,36.6,205,Normal
2025-11-13 09:00:00,L54773,9.37,1270,67.5,208,Critical
2025-11-13 10:00:00,L54774,3.56,1531,38.5,0,Normal
2025-11-13 11:00:00,H37009,4.76,1397,45.2,2,Normal
2025-11-13 12:00:00,L54776,3.56,1547,37.2,7,Normal
2025-11-13 13:00:00,L54777,5.33,2074,18.9,9,Normal
2025-11-13 14:00:00,L54778,4.18,1491,42.6,11,Normal
2025-11-13 15:00:00,L54779,4.23,1759,28.3,13,Normal
2025-11-13 16:00:00,M22460,3.8,1595,35.4,15,Normal
2025-11-13 17:00:00,L54781,6.31,1351,62.0,18,Normal
2025-11-13 18:00:00,L54782,4.04,1705,28.7,20,Normal
2025-11-13 19:00:00,L54783,4.85,1406,43.6,22,Normal
2025-11-13 20:00:00,L54784,4.1,1639,34.6,24,Normal
2025-11-13 21:00:00,H37019,5.35,2026,20.3,26,Normal
2025-11-13 22:00:00,M22466,6.11,1350,56.5,31,Normal
2025-11-13 23:00:00,M22467,4.48,1468,41.1,34,Normal
2025-11-14 00:00:00,L54788,3.78,1642,27.1,37,Normal
2025-11-14 01:00:00,L54789,4.46,1490,41.8,39,Normal
2025-11-14 02:00:00,M22470,4.5,1507,43.4,41,Normal
2025-11-14 03:00:00,L54791,4.06,1611,32.7,44,Normal
2025-11-14 04:00:00,M22472,4.49,1743,27.6,46,Normal
2025-11-14 05:00:00,L54793,4.96,1475,46.3,49,Normal
2025-11-14 06:00:00,L54794,5.3,1432,47.5,51,Normal
2025-11-14 07:00:00,L54795,5.24,1442,47.0,53,Normal
2025-11-14 08:00:00,M22476,4.68,1468,40.4,55,Normal
2025-11-14 09:00:00,L54797,4.74,1556,45.3,58,Normal
2025-11-14 10:00:00,M22478,6.33,1312,51.4,60,Normal
2025-11-14 11:00:00,L54799,5.26,1459,47.0,63,Normal
2025-11-14 12:00:00,L54800,4.81,1651,36.9,65,Normal
2025-11-14 13:00:00,L54801,4.57,1490,38.4,67,Normal
2025-11-14 14:00:00,M22482,4.24,1473,31.5,69,Normal
2025-11-14 15:00:00,L54803,4.89,1734,29.9,72,Normal
2025-11-14 16:00:00,L54804,5.02,1507,45.5,74,Normal
2025-11-14 17:00:00,L54805,4.28,1556,34.9,76,Normal
2025-11-14 18:00:00,H37040,6.46,1351,53.5,78,Normal
2025-11-14 19:00:00,L54807,5.43,1445,44.8,83,Normal
2025-11-14 20:00:00,L54808,4.59,1619,32.7,85,Normal
2025-11-14 21:00:00,M22489,7.71,1269,64.0,87,Normal
2025-11-14 22:00:00,L54810,4.55,1534,37.7,90,Normal
2025-11-14 23:00:00,L54811,5.84,1444,49.3,92,Normal
2025-11-15 00:00:00,L54812,5.01,1744,26.8,94,Normal
2025-11-15 01:00:00,L54813,5.59,1441,44.6,96,Normal
2025-11-15 02:00:00,M22494,5.0,1506,40.7,98,Normal
2025-11-15 03:00:00,L54815,4.78,1526,38.5,101,Normal
2025-11-15 04:00:00,L54816,5.08,1704,29.7,103,Normal
2025-11-15 05:00:00,H37051,6.19,1445,52.4,105,Normal
2025-11-15 06:00:00,L54818,5.33,1661,35.9,110,Normal
2025-11-15 07:00:00,L54819,5.46,1466,41.8,112,Normal
2025-11-15 08:00:00,L54820,5.03,1608,35.1,114,Normal
2025-11-15 09:00:00,M22501,7.16,1352,57.3,116,Normal
2025-11-15 10:00:00,M22502,4.84,1604,31.7,119,Normal
2025-11-15 11:00:00,H37057,6.38,1427,50.7,122,Normal
2025-11-15 12:00:00,L54824,6.06,1424,44.6,127,Normal
2025-11-15 13:00:00,L54825,5.13,1662,29.3,129,Normal
2025-11-15 14:00:00,L54826,6.33,1936,23.9,131,Normal
2025-11-15 15:00:00,L54827,5.7,1728,31.7,133,Normal
2025-11-15 16:00:00,L54828,4.55,1552,28.8,135,Normal
2025-11-15 17:00:00,H37063,5.2,1662,29.0,137,Normal
2025-11-15 18:00:00,L54830,7.54,1343,57.7,142,Normal
2025-11-15 19:00:00,M22511,5.19,1476,32.6,144,Normal
2025-11-15 20:00:00,L54832,7.15,1346,51.1,147,Normal
2025-11-15 21:00:00,L54833,5.94,1492,44.6,149,Normal
2025-11-15 22:00:00,M22514,5.51,1540,41.5,151,Normal
2025-11-15 23:00:00,L54835,5.27,1596,32.5,154,Normal
2025-11-16 00:00:00,L54836,5.98,1541,47.8,156,Normal
2025-11-16 01:00:00,L54837,5.51,1661,30.0,158,Normal
2025-11-16 02:00:00,M22518,7.52,1359,55.4,160,Normal
2025-11-16 03:00:00,L54839,5.76,1528,42.4,163,Normal
2025-11-16 04:00:00,M22520,8.04,1246,52.9,165,Normal
2025-11-16 05:00:00,L54841,5.32,1575,32.5,168,Normal
2025-11-16 06:00:00,M22522,5.67,1658,30.4,170,Normal
2025-11-16 07:00:00,L54843,7.49,1385,54.8,173,Normal
2025-11-16 08:00:00,H37078,6.83,1454,50.3,175,Normal
2025-11-16 09:00:00,L54845,6.01,1497,40.5,180,Normal
2025-11-16 10:00:00,M22526,7.11,1424,50.8,182,Normal
2025-11-16 11:00:00,L54847,6.12,1528,43.9,185,Normal
2025-11-16 12:00:00,L54848,5.63,1539,37.0,187,Normal
2025-11-16 13:00:00,L54849,8.18,1336,58.4,189,Critical
2025-11-16 14:00:00,L54850,5.8,1525,37.6,191,Normal
2025-11-16 15:00:00,M22531,7.09,1456,51.1,193,Normal
2025-11-16 16:00:00,M22532,7.81,2141,17.2,196,Normal
2025-11-16 17:00:00,M22533,6.26,1476,39.1,199,Normal
2025-11-16 18:00:00,L54854,6.64,1509,47.2,202,Normal
2025-11-16 19:00:00,L54855,6.89,1447,45.4,204,Normal
2025-11-16 20:00:00,L54856,7.15,1448,49.1,206,Normal
2025-11-16 21:00:00,L54857,7.52,1428,52.6,208,Normal
2025-11-16 22:00:00,M22538,7.73,1389,52.1,210,Normal
2025-11-16 23:00:00,L54859,6.18,1635,32.4,213,Normal
2025-11-17 00:00:00,L54860,7.2,1395,43.7,215,Normal
2025-11-17 01:00:00,L54861,6.96,1443,43.7,217,Normal
2025-11-17 02:00:00,M22542,7.51,1412,49.1,219,Normal
2025-11-17 03:00:00,L54863,6.55,1524,43.5,222,Normal
2025-11-17 04:00:00,M22544,7.16,1407,42.4,224,Normal
2025-11-17 05:00:00,L54865,7.32,1397,43.5,227,Normal
2025-11-17 06:00:00,M22546,6.32,1504,36.9,229,Normal
2025-11-17 07:00:00,M22547,8.1,2097,18.9,232,Critical
2025-11-17 08:00:00,L54868,3.68,1553,39.8,0,Normal
2025-11-17 09:00:00,L54869,4.18,1432,39.2,2,Normal
2025-11-17 10:00:00,M22550,3.64,1577,36.5,4,Normal
2025-11-17 11:00:00,M22551,5.69,1370,56.1,7,Normal
2025-11-17 12:00:00,H37106,3.66,1506,36.2,10,Normal
2025-11-17 13:00:00,L54873,4.95,1964,21.4,15,Normal
2025-11-17 14:00:00,H37108,3.81,1500,36.7,17,Normal
2025-11-17 15:00:00,L54875,4.66,1488,47.7,22,Normal
2025-11-17 16:00:00,H37110,6.65,1282,60.2,24,Normal
2025-11-17 17:00:00,L54877,5.06,1400,45.1,29,Normal
2025-11-17 18:00:00,L54878,4.56,1419,38.6,31,Normal
2025-11-17 19:00:00,M22559,4.59,1441,40.6,33,Normal
2025-11-17 20:00:00,M22560,6.57,1348,62.5,36,Normal
2025-11-17 21:00:00,H37115,4.38,1468,38.7,39,Normal
2025-11-17 22:00:00,M22562,4.44,1701,30.8,44,Normal
2025-11-17 23:00:00,H37117,4.91,1864,23.6,47,Normal
2025-11-18 00:00:00,M22564,4.2,1630,31.8,52,Normal
2025-11-18 01:00:00,L54885,6.14,1316,49.7,55,Normal
2025-11-18 02:00:00,L54886,4.66,1708,31.2,57,Normal
2025-11-18 03:00:00,H37121,4.28,1679,27.5,59,Normal
2025-11-18 04:00:00,L54888,4.82,1709,32.3,64,Normal
2025-11-18 05:00:00,L54889,5.01,1445,41.5,66,Normal
2025-11-18 06:00:00,M22570,6.02,1390,51.9,68,Normal
2025-11-18 07:00:00,L54891,6.75,1309,55.5,71,Normal
2025-11-18 08:00:00,L54892,4.54,1499,37.6,73,Normal
2025-11-18 09:00:00,M22573,6.09,2072,18.8,75,Normal
2025-11-18 10:00:00,L54894,5.02,1487,43.0,78,Normal
2025-11-18 11:00:00,L54895,6.51,1302,49.6,80,Normal
2025-11-18 12:00:00,M22576,6.02,1378,48.2,82,Normal
2025-11-18 13:00:00,L54897,6.44,1365,53.0,85,Normal
2025-11-18 14:00:00,H37132,5.57,1427,44.6,87,Normal
2025-11-18 15:00:00,H37133,4.29,1535,33.3,92,Normal
2025-11-18 16:00:00,H37134,5.22,1476,41.7,97,Normal
2025-11-18 17:00:00,L54901,5.61,1425,42.4,102,Normal
2025-11-18 18:00:00,L54902,6.53,1409,54.7,104,Normal
2025-11-18 19:00:00,L54903,5.29,1730,30.2,106,Normal
2025-11-18 20:00:00,M22584,5.46,1454,41.4,108,Normal
2025-11-18 21:00:00,L54905,5.22,1744,26.9,111,Normal
2025-11-18 22:00:00,M22586,5.47,1761,29.0,113,Normal
2025-11-18 23:00:00,M22587,5.05,1657,30.9,116,Normal
2025-11-19 00:00:00,L54908,6.14,1420,47.0,119,Normal
2025-11-19 01:00:00,H37143,7.47,1329,59.2,121,Normal
2025-11-19 02:00:00,L54910,5.75,1472,44.2,126,Normal
2025-11-19 03:00:00,L54911,4.63,1566,30.1,128,Normal
2025-11-19 04:00:00,L54912,5.94,1430,42.7,130,Normal
2025-11-19 05:00:00,L54913,5.56,1481,40.9,132,Normal
2025-11-19 06:00:00,L54914,5.24,1670,29.4,134,Normal
2025-11-19 07:00:00,L54915,6.95,1406,55.1,136,Normal
2025-11-19 08:00:00,H37150,6.73,1354,46.9,138,Normal
2025-11-19 09:00:00,M22597,6.44,1985,19.3,143,Normal
2025-11-19 10:00:00,M22598,8.24,1263,60.8,146,Normal
2025-11-19 11:00:00,L54919,5.0,1576,31.1,149,Normal
2025-11-19 12:00:00,L54920,6.21,1453,45.1,151,Normal
2025-11-19 13:00:00,L54921,5.7,1478,39.0,153,Normal
2025-11-19 14:00:00,M22602,7.82,1323,57.9,155,Normal
2025-11-19 15:00:00,L54923,5.68,1710,28.4,158,Normal
2025-11-19 16:00:00,L54924,8.03,1314,59.5,160,Normal
2025-11-19 17:00:00,L54925,5.95,1460,39.6,162,Normal
2025-11-19 18:00:00,M22606,6.08,1508,45.4,164,Normal
2025-11-19 19:00:00,M22607,7.75,1331,55.3,167,Normal
2025-11-19 20:00:00,L54928,6.24,1515,47.4,170,Normal
2025-11-19 21:00:00,L54929,5.95,1674,33.0,172,Normal
2025-11-19 22:00:00,L54930,6.93,1444,51.2,174,Normal
2025-11-19 23:00:00,M22611,6.65,1398,42.6,176,Normal
2025-11-20 00:00:00,M22612,6.34,1832,24.2,179,Normal
2025-11-20 01:00:00,M22613,6.19,1591,42.0,182,Normal
2025-11-20 02:00:00,M22614,6.14,1478,39.9,185,Normal
2025-11-20 03:00:00,M22615,7.32,1362,47.6,188,Normal
2025-11-20 04:00:00,L54936,8.0,1368,57.9,191,Critical
2025-11-20 05:00:00,M22617,6.16,1723,28.3,193,Normal
2025-11-20 06:00:00,L54938,6.17,1689,30.8,196,Normal
2025-11-20 07:00:00,L54939,8.7,1272,59.2,198,Critical
2025-11-20 08:00:00,M22620,5.68,1511,33.0,200,Normal
2025-11-20 09:00:00,H37175,6.4,1715,30.8,203,Normal
2025-11-20 10:00:00,M22622,4.63,1400,43.8,0,Normal
2025-11-20 11:00:00,L54943,7.93,1200,76.6,3,Critical
2025-11-20 12:00:00,M22624,3.68,1555,38.7,5,Normal
2025-11-20 13:00:00,H37179,5.39,1427,56.2,8,Normal
2025-11-20 14:00:00,L54946,5.83,1318,52.7,13,Normal
2025-11-20 15:00:00,H37181,5.97,1319,54.6,15,Normal
2025-11-20 16:00:00,M22628,4.95,1960,20.9,20,Normal
2025-11-20 17:00:00,L54949,3.89,1552,38.9,23,Normal
2025-11-20 18:00:00,L54950,3.45,1548,32.2,25,Normal
2025-11-20 19:00:00,L54951,4.2,1709,29.5,27,Normal
2025-11-20 20:00:00,H37186,4.44,1464,41.0,29,Normal
2025-11-20 21:00:00,L54953,4.25,1759,24.8,34,Normal
2025-11-20 22:00:00,L54954,4.04,1634,31.9,36,Normal
2025-11-20 23:00:00,L54955,4.34,1663,33.6,38,Normal
2025-11-21 00:00:00,M22636,5.08,1445,47.3,40,Normal
2025-11-21 01:00:00,L54957,4.05,1695,25.6,43,Normal
2025-11-21 02:00:00,L54958,4.2,1517,39.0,45,Normal
2025-11-21 03:00:00,L54959,4.83,1811,26.8,47,Normal
2025-11-21 04:00:00,L54960,4.66,1815,23.5,49,Normal
2025-11-21 05:00:00,L54961,4.36,1513,40.0,51,Normal
2025-11-21 06:00:00,M22642,4.12,1518,36.4,53,Normal
2025-11-21 07:00:00,L54963,4.26,1667,28.8,56,Normal
2025-11-21 08:00:00,L54964,6.37,1403,60.1,58,Normal
2025-11-21 09:00:00,L54965,5.33,1383,42.1,60,Normal
2025-11-21 10:00:00,L54966,5.16,1466,46.2,62,Normal
2025-11-21 11:00:00,L54967,5.76,1378,47.5,64,Normal
2025-11-21 12:00:00,M22648,4.5,1547,40.9,66,Normal
2025-11-21 13:00:00,L54969,4.58,1495,38.5,69,Normal
2025-11-21 14:00:00,L54970,4.82,1729,29.3,71,Normal
2025-11-21 15:00:00,L54971,5.65,1418,47.7,73,Normal
2025-11-21 16:00:00,H37206,4.83,1485,40.4,75,Normal
2025-11-21 17:00:00,L54973,5.2,1434,40.8,80,Normal
2025-11-21 18:00:00,M22654,6.31,1415,55.8,82,Normal
2025-11-21 19:00:00,H37209,4.69,1674,29.6,85,Normal
2025-11-21 20:00:00,L54976,5.96,1454,52.4,90,Normal
2025-11-21 21:00:00,L54977,4.99,1476,39.0,92,Normal
2025-11-21 22:00:00,L54978,5.49,1812,28.3,94,Normal
2025-11-21 23:00:00,L54979,5.79,1374,41.9,96,Normal
2025-11-22 00:00:00,M22660,4.89,1524,40.6,98,Normal
2025-11-22 01:00:00,L54981,6.3,1383,49.6,101,Normal
2025-11-22 02:00:00,L54982,6.63,1429,58.2,103,Normal
2025-11-22 03:00:00,M22663,5.06,1517,41.2,105,Normal
2025-11-22 04:00:00,M22664,5.54,1480,44.9,108,Normal
2025-11-22 05:00:00,L54985,5.13,1706,28.8,111,Normal
2025-11-22 06:00:00,L54986,6.57,1349,48.6,113,Normal
2025-11-22 07:00:00,M22667,6.05,1451,49.0,115,Normal
2025-11-22 08:00:00,L54988,5.29,1627,36.7,118,Normal
2025-11-22 09:00:00,M22669,4.74,1537,35.4,120,Normal
2025-11-22 10:00:00,L54990,7.36,2218,17.0,123,Normal
2025-11-22 11:00:00,M22671,5.43,1466,39.0,125,Normal
2025-11-22 12:00:00,L54992,5.32,1666,32.0,128,Normal
2025-11-22 13:00:00,L54993,5.73,1455,41.7,130,Normal
2025-11-22 14:00:00,L54994,6.34,1927,24.6,132,Normal
2025-11-22 15:00:00,M22675,5.36,1703,28.4,134,Normal
2025-11-22 16:00:00,L54996,5.0,1533,35.9,137,Normal
2025-11-22 17:00:00,H37231,5.68,1785,25.4,139,Normal
2025-11-22 18:00:00,L54998,7.16,2142,16.6,144,Normal
2025-11-22 19:00:00,L54999,6.69,1369,46.2,146,Normal
2025-11-22 20:00:00,M22680,5.59,1706,29.2,148,Normal
2025-11-22 21:00:00,L55001,5.85,1802,24.4,151,Normal
2025-11-22 22:00:00,H37236,6.24,1413,41.8,153,Normal
2025-11-22 23:00:00,L55003,6.65,1484,53.2,158,Normal
2025-11-23 00:00:00,L55004,5.41,1535,38.1,160,Normal
2025-11-23 01:00:00,M22685,5.46,1579,35.5,162,Normal
2025-11-23 02:00:00,L55006,8.48,1300,64.2,165,Normal
2025-11-23 03:00:00,M22687,6.36,1452,44.3,167,Normal
2025-11-23 04:00:00,M22688,5.48,1562,35.7,170,Normal
2025-11-23 05:00:00,L55009,5.6,1664,28.3,173,Normal
2025-11-23 06:00:00,H37244,5.66,1495,35.8,175,Normal
2025-11-23 07:00:00,M22691,5.95,1533,42.6,180,Normal
2025-11-23 08:00:00,L55012,5.89,1484,37.0,183,Normal
2025-11-23 09:00:00,L55013,6.08,1604,38.7,185,Normal
2025-11-23 10:00:00,L55014,6.5,1483,45.6,187,Normal
2025-11-23 11:00:00,L55015,5.56,1549,34.7,189,Normal
2025-11-23 12:00:00,L55016,5.91,1604,35.0,191,Normal
2025-11-23 13:00:00,L55017,6.13,1685,31.0,193,Normal
2025-11-23 14:00:00,L55018,7.45,1372,49.2,195,Normal
2025-11-23 15:00:00,L55019,7.35,1374,47.4,197,Normal
2025-11-23 16:00:00,L55020,5.76,1606,31.0,199,Normal
2025-11-23 17:00:00,L55021,6.84,1471,47.2,201,Normal
2025-11-23 18:00:00,L55022,6.11,1659,31.1,203,Normal
2025-11-23 19:00:00,M22703,7.37,1400,48.5,205,Normal
2025-11-23 20:00:00,L55024,6.45,1503,42.6,208,Normal
2025-11-23 21:00:00,L55025,6.45,1798,23.2,210,Normal
2025-11-23 22:00:00,M22706,6.18,1608,35.0,212,Normal
2025-11-23 23:00:00,L55027,8.08,1322,50.9,215,Normal
2025-11-24 00:00:00,H37262,6.08,1547,37.7,217,Normal
2025-11-24 01:00:00,M22709,7.68,1374,47.9,222,Critical
2025-11-24 02:00:00,M22710,3.91,1447,36.8,0,Normal
2025-11-24 03:00:00,L55031,5.04,1373,47.2,3,Normal
2025-11-24 04:00:00,L55032,3.64,1515,37.5,5,Normal
2025-11-24 05:00:00,L55033,6.01,1317,56.5,7,Normal
2025-11-24 06:00:00,L55034,3.6,1551,37.2,9,Normal
2025-11-24 07:00:00,M22715,3.52,1592,32.1,11,Normal
2025-11-24 08:00:00,L55036,4.51,1433,42.2,14,Normal
2025-11-24 09:00:00,L55037,4.6,1432,43.1,16,Normal
2025-11-24 10:00:00,L55038,5.64,1350,51.7,18,Normal
2025-11-24 11:00:00,M22719,5.1,1370,44.8,20,Normal
2025-11-24 12:00:00,L55040,4.87,1415,44.6,23,Normal
2025-11-24 13:00:00,L55041,4.32,1498,42.9,25,Normal
2025-11-24 14:00:00,M22722,5.73,1382,54.1,27,Normal
2025-11-24 15:00:00,M22723,4.42,1511,44.5,30,Normal
2025-11-24 16:00:00,L55044,6.44,1330,59.5,33,Normal
2025-11-24 17:00:00,L55045,5.58,1383,50.5,35,Normal
2025-11-24 18:00:00,L55046,5.26,1431,49.4,37,Normal
2025-11-24 19:00:00,L55047,4.38,1461,38.1,39,Normal
2025-11-24 20:00:00,H37282,5.1,1438,46.7,41,Normal
2025-11-24 21:00:00,M22729,4.69,1779,27.7,46,Normal
2025-11-24 22:00:00,M22730,6.37,1293,52.3,49,Normal
2025-11-24 23:00:00,L55051,6.47,1308,54.7,52,Normal
2025-11-25 00:00:00,L55052,4.11,1532,37.2,54,Normal
2025-11-25 01:00:00,L55053,4.57,1470,38.6,56,Normal
2025-11-25 02:00:00,L55054,4.21,1548,37.9,58,Normal
2025-11-25 03:00:00,L55055,5.28,1898,24.0,60,Normal
2025-11-25 04:00:00,H37290,6.07,1335,49.0,62,Normal
2025-11-25 05:00:00,L55057,5.97,1420,53.8,67,Normal
2025-11-25 06:00:00,L55058,5.69,1418,49.0,69,Normal
2025-11-25 07:00:00,M22739,4.49,1535,40.3,71,Normal
2025-11-25 08:00:00,H37294,5.41,1457,47.2,74,Normal
2025-11-25 09:00:00,L55061,4.74,1493,39.1,79,Normal
2025-11-25 10:00:00,H37296,4.47,1670,27.3,81,Normal
2025-11-25 11:00:00,H37297,5.5,1446,45.4,86,Normal
2025-11-25 12:00:00,L55064,6.35,1465,59.1,91,Critical
2025-11-25 13:00:00,L55065,4.76,1590,36.3,93,Normal
2025-11-25 14:00:00,M22746,6.88,2174,18.5,95,Normal
2025-11-25 15:00:00,L55067,4.92,1590,37.9,98,Normal
2025-11-25 16:00:00,L55068,4.57,1577,33.2,100,Normal
2025-11-25 17:00:00,M22749,7.17,1371,61.7,102,Normal
2025-11-25 18:00:00,L55070,5.19,1767,25.6,105,Normal
2025-11-25 19:00:00,L55071,4.95,1517,39.2,107,Normal
2025-11-25 20:00:00,M22752,5.03,1555,40.6,109,Normal
2025-11-25 21:00:00,L55073,5.87,1416,43.8,112,Normal
2025-11-25 22:00:00,M22754,4.95,1588,35.6,114,Normal
2025-11-25 23:00:00,L55075,6.3,1422,50.0,117,Normal
2025-11-26 00:00:00,L55076,6.82,1376,53.6,119,Normal
2025-11-26 01:00:00,L55077,6.33,1434,50.7,121,Normal
2025-11-26 02:00:00,L55078,6.19,1423,47.3,123,Normal
2025-11-26 03:00:00,L55079,6.88,1364,52.5,125,Normal
2025-11-26 04:00:00,L55080,5.66,1825,23.8,127,Normal
2025-11-26 05:00:00,L55081,6.4,1365,44.5,129,Normal
2025-11-26 06:00:00,M22762,6.24,1430,47.2,131,Normal
2025-11-26 07:00:00,L55083,6.09,1435,44.8,134,Normal
2025-11-26 08:00:00,M22764,5.77,1811,25.1,136,Normal
2025-11-26 09:00:00,M22765,5.91,1465,43.7,139,Normal
2025-11-26 10:00:00,L55086,6.94,1372,51.0,142,Normal
2025-11-26 11:00:00,L55087,6.2,1858,26.3,144,Normal
2025-11-26 12:00:00,L55088,5.46,1715,26.8,146,Normal
2025-11-26 13:00:00,L55089,5.55,1590,38.5,148,Normal
2025-11-26 14:00:00,M22770,5.15,1664,25.7,150,Normal
2025-11-26 15:00:00,L55091,5.37,1512,36.9,153,Normal
2025-11-26 16:00:00,L55092,5.94,1498,44.0,155,Normal
2025-11-26 17:00:00,L55093,6.4,1395,41.9,157,Normal
2025-11-26 18:00:00,H37328,5.97,1490,43.1,159,Normal
2025-11-26 19:00:00,H37329,5.3,1527,35.1,164,Normal
2025-11-26 20:00:00,L55096,5.57,1512,37.1,169,Normal
2025-11-26 21:00:00,L55097,6.16,1474,42.4,171,Normal
2025-11-26 22:00:00,L55098,5.94,1505,41.3,173,Normal
2025-11-26 23:00:00,L55099,5.92,1496,40.0,175,Normal
2025-11-27 00:00:00,L55100,7.19,1382,49.3,177,Normal
2025-11-27 01:00:00,L55101,6.9,1419,47.7,179,Normal
2025-11-27 02:00:00,L55102,6.17,1462,39.7,181,Normal
2025-11-27 03:00:00,M22783,6.6,1450,45.0,183,Normal
2025-11-27 04:00:00,H37338,7.08,1389,46.5,186,Normal
2025-11-27 05:00:00,M22785,5.99,1697,28.2,191,Normal
2025-11-27 06:00:00,L55106,8.16,1335,57.1,194,Critical
2025-11-27 07:00:00,L55107,6.42,1476,42.0,196,Normal
2025-11-27 08:00:00,L55108,6.43,1497,43.6,198,Normal
2025-11-27 09:00:00,M22789,6.0,1669,29.2,200,Normal
2025-11-27 10:00:00,L55110,7.01,1455,48.0,203,Normal
2025-11-27 11:00:00,L55111,6.16,1499,38.4,205,Normal
2025-11-27 12:00:00,L55112,6.53,1478,41.9,207,Normal
2025-11-27 13:00:00,L55113,7.07,1928,21.8,209,Normal
2025-11-27 14:00:00,M22794,5.81,1621,28.3,211,Normal
2025-11-27 15:00:00,M22795,7.45,1356,44.3,214,Normal
2025-11-27 16:00:00,L55116,6.87,1490,46.4,217,Normal
2025-11-27 17:00:00,L55117,5.87,1578,31.4,219,Normal
2025-11-27 18:00:00,L55118,6.46,1681,31.3,221,Normal
2025-11-27 19:00:00,L55119,7.16,1417,43.4,223,Normal
2025-11-27 20:00:00,M22800,3.65,1532,40.0,0,Normal
2025-11-27 21:00:00,M22801,3.8,1499,38.9,3,Normal
2025-11-27 22:00:00,L55122,4.66,1432,45.8,6,Normal
2025-11-27 23:00:00,L55123,4.18,1753,29.0,8,Normal
2025-11-28 00:00:00,L55124,5.01,1414,49.0,10,Normal
2025-11-28 01:00:00,L55125,3.89,1655,32.2,12,Normal
2025-11-28 02:00:00,L55126,3.62,1516,35.6,14,Normal
2025-11-28 03:00:00,L55127,4.79,1426,45.5,16,Normal
2025-11-28 04:00:00,L55128,4.12,1479,39.4,18,Normal
2025-11-28 05:00:00,M22809,3.78,1569,36.4,20,Normal
2025-11-28 06:00:00,L55130,3.79,1568,36.0,23,Normal
2025-11-28 07:00:00,M22811,4.59,1843,24.5,25,Normal
2025-11-28 08:00:00,M22812,4.33,1480,40.9,28,Normal
2025-11-28 09:00:00,L55133,4.28,1447,36.8,31,Normal
2025-11-28 10:00:00,L55134,4.6,1454,41.9,33,Normal
2025-11-28 11:00:00,M22815,6.35,1310,56.1,35,Normal
2025-11-28 12:00:00,H37370,4.07,1513,38.0,38,Normal
2025-11-28 13:00:00,H37371,5.94,2140,16.5,43,Normal
2025-11-28 14:00:00,L55138,5.73,1377,49.9,48,Normal
2025-11-28 15:00:00,L55139,3.96,1585,32.3,50,Normal
2025-11-28 16:00:00,H37374,4.66,1491,42.6,52,Normal
2025-11-28 17:00:00,L55141,7.06,1264,59.0,57,Normal
2025-11-28 18:00:00,L55142,5.7,1372,47.0,59,Normal
2025-11-28 19:00:00,L55143,4.49,1510,39.9,61,Normal
2025-11-28 20:00:00,L55144,5.02,1423,40.2,63,Normal
2025-11-28 21:00:00,L55145,4.49,1464,35.3,65,Normal
2025-11-28 22:00:00,L55146,4.49,1602,35.9,67,Normal
2025-11-28 23:00:00,M22827,4.45,1629,32.6,69,Normal
2025-11-29 00:00:00,L55148,4.89,1811,23.2,72,Normal
2025-11-29 01:00:00,L55149,4.72,1711,28.8,74,Normal
2025-11-29 02:00:00,M22830,6.42,1297,48.6,76,Normal
2025-11-29 03:00:00,L55151,5.69,1405,46.1,79,Normal
2025-11-29 04:00:00,L55152,6.33,1397,54.9,81,Normal
2025-11-29 05:00:00,L55153,4.72,1682,29.7,83,Normal
2025-11-29 06:00:00,L55154,4.57,1528,38.4,85,Normal
2025-11-29 07:00:00,M22835,4.58,1548,38.3,87,Normal
2025-11-29 08:00:00,H37390,5.99,1395,47.8,90,Normal
2025-11-29 09:00:00,L55157,6.87,1378,59.0,95,Normal
2025-11-29 10:00:00,L55158,5.97,1480,53.5,97,Normal
2025-11-29 11:00:00,M22839,5.18,1428,36.6,99,Normal
2025-11-29 12:00:00,M22840,4.98,1505,39.6,102,Normal
2025-11-29 13:00:00,L55161,5.14,1445,36.4,105,Normal
2025-11-29 14:00:00,L55162,5.33,1488,42.6,107,Normal
2025-11-29 15:00:00,L55163,4.79,1601,33.0,109,Normal
2025-11-29 16:00:00,L55164,4.66,1550,34.9,111,Normal
2025-11-29 17:00:00,L55165,4.57,1540,34.1,113,Normal
2025-11-29 18:00:00,L55166,4.88,1587,34.5,115,Normal
2025-11-29 19:00:00,H37401,5.3,1489,40.3,117,Normal
2025-11-29 20:00:00,L55168,5.02,1486,34.9,122,Normal
2025-11-29 21:00:00,L55169,5.55,1430,37.9,124,Normal
2025-11-29 22:00:00,M22850,5.64,1809,25.1,126,Normal
2025-11-29 23:00:00,L55171,5.1,1534,39.0,129,Normal
2025-11-30 00:00:00,M22852,5.99,1852,25.9,131,Normal
2025-11-30 01:00:00,L55173,4.98,1595,31.9,134,Normal
2025-11-30 02:00:00,L55174,6.09,1424,43.5,136,Normal
2025-11-30 03:00:00,L55175,5.84,1776,28.8,138,Normal
2025-11-30 04:00:00,M22856,5.59,1499,41.5,140,Normal
2025-11-30 05:00:00,M22857,7.33,2710,9.7,143,Critical
2025-11-30 06:00:00,L55178,7.11,1359,51.7,146,Normal
2025-11-30 07:00:00,M22859,5.21,1617,31.0,148,Normal
2025-11-30 08:00:00,M22860,6.8,1443,53.3,151,Normal
2025-11-30 09:00:00,L55181,7.02,1374,50.2,154,Normal
2025-11-30 10:00:00,M22862,6.09,1851,23.0,156,Normal
2025-11-30 11:00:00,M22863,8.76,1274,67.3,159,Normal
2025-11-30 12:00:00,L55184,5.83,1533,44.0,162,Normal
2025-11-30 13:00:00,L55185,5.72,1477,37.3,164,Normal
2025-11-30 14:00:00,L55186,6.4,1462,46.0,166,Normal
2025-11-30 15:00:00,M22867,5.54,1664,28.4,168,Normal
2025-11-30 16:00:00,L55188,6.41,1414,41.1,171,Normal
2025-11-30 17:00:00,H37423,7.51,2129,17.8,173,Normal
2025-11-30 18:00:00,L55190,8.3,1323,61.1,178,Normal
2025-11-30 19:00:00,L55191,6.58,1427,43.3,180,Normal
2025-11-30 20:00:00,M22872,7.73,1375,56.1,182,Normal
2025-11-30 21:00:00,M22873,7.27,1402,50.7,185,Normal
2025-11-30 22:00:00,L55194,6.33,1500,44.2,188,Normal
2025-11-30 23:00:00,M22875,5.81,1558,37.5,190,Normal
2025-12-01 00:00:00,M22876,6.5,1447,41.4,193,Normal
2025-12-01 01:00:00,L55197,6.01,1518,39.3,196,Normal
2025-12-01 02:00:00,L55198,6.84,1889,23.5,198,Normal
2025-12-01 03:00:00,L55199,6.14,1675,30.7,200,Normal
2025-12-01 04:00:00,H37434,6.23,1720,27.9,202,Normal
2025-12-01 05:00:00,M22881,5.93,1499,34.6,207,Normal
2025-12-01 06:00:00,L55202,6.89,1441,43.8,210,Normal
2025-12-01 07:00:00,H37437,7.09,1397,42.7,212,Normal
2025-12-01 08:00:00,L55204,6.35,1493,38.7,217,Normal
2025-12-01 09:00:00,M22885,7.56,1422,50.7,219,Normal
2025-12-01 10:00:00,L55206,7.69,1399,50.2,222,Critical
2025-12-01 11:00:00,L55207,7.22,1425,44.9,224,Normal
2025-12-01 12:00:00,L55208,6.81,1501,44.8,226,Normal
2025-12-01 13:00:00,M22889,3.81,1629,35.3,0,Normal
2025-12-01 14:00:00,L55210,4.06,1490,42.2,3,Normal
2025-12-01 15:00:00,L55211,3.24,1550,32.4,5,Normal
2025-12-01 16:00:00,L55212,4.8,1416,46.5,7,Normal
2025-12-01 17:00:00,L55213,3.94,1485,38.8,9,Normal
2025-12-01 18:00:00,L55214,3.67,1564,36.8,11,Normal
2025-12-01 19:00:00,L55215,4.51,1910,19.7,13,Normal
2025-12-01 20:00:00,L55216,4.63,1460,46.1,15,Normal
2025-12-01 21:00:00,L55217,3.79,1603,34.1,17,Normal
2025-12-01 22:00:00,L55218,4.61,1486,47.3,19,Normal
2025-12-01 23:00:00,L55219,3.44,1560,31.8,21,Normal
2025-12-02 00:00:00,L55220,4.07,1498,39.3,23,Normal
2025-12-02 01:00:00,H37455,5.06,1431,48.5,25,Normal
2025-12-02 02:00:00,L55222,4.59,1486,45.1,30,Normal
2025-12-02 03:00:00,L55223,4.01,1486,35.8,32,Normal
2025-12-02 04:00:00,L55224,4.44,1441,38.1,34,Normal
2025-12-02 05:00:00,M22905,5.99,1366,55.1,36,Normal
2025-12-02 06:00:00,L55226,4.54,1471,41.4,39,Normal
2025-12-02 07:00:00,L55227,4.4,1463,38.2,41,Normal
2025-12-02 08:00:00,L55228,4.91,1413,41.3,43,Normal
2025-12-02 09:00:00,H37463,3.89,1604,30.5,45,Normal
2025-12-02 10:00:00,L55230,5.7,1401,51.1,50,Normal
2025-12-02 11:00:00,L55231,4.02,1652,27.2,52,Normal
2025-12-02 12:00:00,L55232,5.38,1403,45.7,54,Normal
2025-12-02 13:00:00,L55233,5.02,1887,21.7,56,Normal
2025-12-02 14:00:00,L55234,5.56,1405,47.9,58,Normal
2025-12-02 15:00:00,H37469,4.63,1496,41.1,60,Normal
2025-12-02 16:00:00,L55236,4.83,1499,43.4,65,Normal
2025-12-02 17:00:00,L55237,4.28,1549,37.2,67,Normal
2025-12-02 18:00:00,L55238,4.88,1515,44.9,69,Normal
2025-12-02 19:00:00,L55239,4.31,1540,37.7,71,Normal
2025-12-02 20:00:00,H37474,5.39,1426,44.3,73,Normal
2025-12-02 21:00:00,M22921,5.04,1465,41.4,78,Normal
2025-12-02 22:00:00,M22922,6.49,1359,54.1,81,Normal
2025-12-02 23:00:00,M22923,4.44,1551,36.4,84,Normal
2025-12-03 00:00:00,L55244,4.62,1596,34.8,87,Normal
2025-12-03 01:00:00,M22925,4.5,1670,26.3,89,Normal
2025-12-03 02:00:00,L55246,5.32,1868,21.3,92,Normal
2025-12-03 03:00:00,M22927,4.98,1490,39.8,94,Normal
2025-12-03 04:00:00,M22928,5.21,1676,35.2,97,Normal
2025-12-03 05:00:00,M22929,5.5,1875,22.1,100,Normal
2025-12-03 06:00:00,M22930,5.55,1867,23.0,103,Normal
2025-12-03 07:00:00,L55251,4.78,1646,29.5,106,Normal
2025-12-03 08:00:00,H37486,6.01,1375,43.2,108,Normal
2025-12-03 09:00:00,L55253,4.84,1558,36.7,113,Normal
2025-12-03 10:00:00,L55254,5.16,1631,34.9,115,Normal
2025-12-03 11:00:00,L55255,6.16,1366,43.0,117,Normal
2025-12-03 12:00:00,L55256,6.54,1360,48.0,119,Normal
2025-12-03 13:00:00,L55257,5.07,1547,39.7,121,Normal
2025-12-03 14:00:00,L55258,4.67,1571,31.2,123,Normal
2025-12-03 15:00:00,L55259,4.9,1528,36.1,125,Normal
2025-12-03 16:00:00,H37494,5.95,1432,43.6,127,Normal
2025-12-03 17:00:00,L55261,7.08,1356,53.5,132,Normal
2025-12-03 18:00:00,H37496,6.26,1422,46.2,134,Normal
2025-12-03 19:00:00,L55263,5.96,1438,42.2,139,Normal
2025-12-03 20:00:00,L55264,5.88,1483,44.4,141,Normal
2025-12-03 21:00:00,L55265,7.11,1331,49.8,143,Normal
2025-12-03 22:00:00,L55266,5.59,1463,37.5,145,Normal
2025-12-03 23:00:00,L55267,5.91,1446,40.6,147,Normal
2025-12-04 00:00:00,L55268,6.77,1356,45.7,149,Normal
2025-12-04 01:00:00,L55269,5.53,1676,30.3,151,Normal
2025-12-04 02:00:00,L55270,6.39,1910,23.0,153,Normal
2025-12-04 03:00:00,L55271,7.47,1375,56.9,155,Normal
2025-12-04 04:00:00,M22952,5.67,1513,40.8,157,Normal
2025-12-04 05:00:00,L55273,5.38,1511,35.7,160,Normal
2025-12-04 06:00:00,H37508,5.49,1662,28.8,162,Normal
2025-12-04 07:00:00,L55275,6.39,1493,48.3,167,Normal
2025-12-04 08:00:00,M22956,5.54,1555,37.4,169,Normal
2025-12-04 09:00:00,L55277,6.23,1452,41.5,172,Normal
2025-12-04 10:00:00,L55278,5.83,1500,39.0,174,Normal
2025-12-04 11:00:00,L55279,5.44,1603,30.5,176,Normal
2025-12-04 12:00:00,L55280,5.72,1682,27.8,178,Normal
2025-12-04 13:00:00,L55281,5.75,1567,37.7,180,Normal
2025-12-04 14:00:00,L55282,6.86,1413,46.0,182,Normal
2025-12-04 15:00:00,M22963,6.51,1429,41.6,184,Normal
2025-12-04 16:00:00,L55284,6.13,1692,31.5,187,Normal
2025-12-04 17:00:00,L55285,6.77,1476,48.7,189,Normal
2025-12-04 18:00:00,M22966,5.57,1596,30.4,191,Normal
2025-12-04 19:00:00,H37521,7.33,1390,49.0,194,Normal
2025-12-04 20:00:00,M22968,5.94,1607,33.7,199,Normal
2025-12-04 21:00:00,L55289,6.69,1821,26.3,202,Normal
2025-12-04 22:00:00,H37524,7.99,2141,18.5,204,Normal
2025-12-04 23:00:00,M22971,5.72,1553,33.1,209,Critical
2025-12-05 00:00:00,M22972,4.48,1442,45.1,0,Normal
2025-12-05 01:00:00,L55293,4.46,1459,45.6,3,Normal
2025-12-05 02:00:00,H37528,5.94,2496,13.5,5,Normal
2025-12-05 03:00:00,L55295,5.81,1367,57.2,10,Normal
2025-12-05 04:00:00,L55296,5.02,2004,19.6,12,Normal
2025-12-05 05:00:00,L55297,5.01,1406,47.5,14,Normal
2025-12-05 06:00:00,L55298,3.4,1548,33.0,16,Normal
2025-12-05 07:00:00,L55299,5.96,1333,55.2,18,Normal
2025-12-05 08:00:00,L55300,4.23,1767,26.4,20,Normal
2025-12-05 09:00:00,L55301,4.63,1827,27.0,22,Normal
2025-12-05 10:00:00,M22982,4.35,1533,46.4,24,Normal
2025-12-05 11:00:00,H37537,3.85,1515,36.8,27,Normal
2025-12-05 12:00:00,L55304,4.22,1568,41.0,32,Normal
2025-12-05 13:00:00,L55305,5.01,1452,47.8,34,Normal
2025-12-05 14:00:00,L55306,4.49,1433,37.9,36,Normal
2025-12-05 15:00:00,M22987,4.28,1650,33.8,38,Normal
2025-12-05 16:00:00,L55308,4.03,1629,31.3,41,Normal
2025-12-05 17:00:00,L55309,4.17,1520,39.2,43,Normal
2025-12-05 18:00:00,H37544,5.16,1393,43.1,45,Normal
2025-12-05 19:00:00,H37545,5.81,1364,49.6,50,Normal
2025-12-05 20:00:00,M22992,5.75,1389,50.0,55,Normal
2025-12-05 21:00:00,L55313,5.1,1466,46.1,58,Normal
2025-12-05 22:00:00,L55314,4.45,1650,32.4,60,Normal
2025-12-05 23:00:00,L55315,4.19,1554,36.3,62,Normal
2025-12-06 00:00:00,M22996,4.71,1474,39.7,64,Normal
2025-12-06 01:00:00,H37551,4.25,1600,32.4,67,Normal
2025-12-06 02:00:00,L55318,6.46,1356,54.9,72,Normal
2025-12-06 03:00:00,L55319,4.55,1571,38.2,74,Normal
2025-12-06 04:00:00,L55320,4.39,1658,28.0,76,Normal
2025-12-06 05:00:00,L55321,6.0,1393,49.9,78,Normal
2025-12-06 06:00:00,M23002,5.71,1448,49.8,80,Normal
2025-12-06 07:00:00,L55323,4.97,1477,40.4,83,Normal
2025-12-06 08:00:00,M23004,4.98,1506,42.7,85,Normal
2025-12-06 09:00:00,M23005,4.95,1685,32.1,88,Normal
2025-12-06 10:00:00,L55326,4.19,1533,31.8,91,Normal
2025-12-06 11:00:00,L55327,5.29,1447,41.0,93,Normal
2025-12-06 12:00:00,M23008,4.99,1488,39.5,95,Normal
2025-12-06 13:00:00,M23009,6.08,1427,50.4,98,Normal
2025-12-06 14:00:00,M23010,5.53,1424,41.3,101,Normal
2025-12-06 15:00:00,L55331,5.28,1472,40.9,104,Normal
2025-12-06 16:00:00,L55332,5.8,1438,45.7,106,Normal
2025-12-06 17:00:00,L55333,5.23,1507,42.4,108,Normal
2025-12-06 18:00:00,L55334,6.52,1393,52.1,110,Normal
2025-12-06 19:00:00,L55335,7.18,1283,52.4,112,Normal
2025-12-06 20:00:00,L55336,4.96,1644,30.9,114,Normal
2025-12-06 21:00:00,L55337,5.66,1498,46.9,116,Normal
2025-12-06 22:00:00,L55338,5.84,1400,40.8,118,Normal
2025-12-06 23:00:00,H37573,5.24,1679,31.2,120,Normal
2025-12-07 00:00:00,M23020,4.9,1618,30.3,125,Normal
2025-12-07 01:00:00,H37575,5.47,1714,30.2,128,Normal
2025-12-07 02:00:00,L55342,5.06,1574,35.0,133,Normal
2025-12-07 03:00:00,L55343,5.17,1574,36.4,135,Normal
2025-12-07 04:00:00,L55344,5.67,1472,40.9,137,Normal
2025-12-07 05:00:00,L55345,4.89,1552,33.2,139,Normal
2025-12-07 06:00:00,L55346,5.08,1603,31.4,141,Normal
2025-12-07 07:00:00,H37581,6.81,1353,47.1,143,Normal
2025-12-07 08:00:00,L55348,5.6,1690,30.6,148,Normal
2025-12-07 09:00:00,M23029,5.65,1745,26.3,150,Normal
2025-12-07 10:00:00,L55350,5.89,1522,45.7,153,Normal
2025-12-07 11:00:00,H37585,5.66,1641,34.5,155,Normal
2025-12-07 12:00:00,L55352,5.1,1596,28.9,160,Normal
2025-12-07 13:00:00,H37587,5.57,1497,37.0,162,Normal
2025-12-07 14:00:00,L55354,7.33,1371,52.3,167,Normal
2025-12-07 15:00:00,M23035,6.22,1445,41.2,169,Normal
2025-12-07 16:00:00,L55356,5.79,1564,40.0,172,Normal
2025-12-07 17:00:00,L55357,6.55,1439,44.9,174,Normal
2025-12-07 18:00:00,L55358,7.53,1352,52.1,176,Normal
2025-12-07 19:00:00,L55359,5.54,1560,35.4,178,Normal
2025-12-07 20:00:00,M23040,6.33,1616,42.3,180,Normal
2025-12-07 21:00:00,L55361,6.37,1835,23.7,183,Normal
2025-12-07 22:00:00,M23042,5.94,1649,32.7,185,Normal
2025-12-07 23:00:00,L55363,6.8,1452,47.3,188,Normal
2025-12-08 00:00:00,L55364,7.78,2144,17.7,190,Normal
2025-12-08 01:00:00,L55365,6.04,1554,41.0,192,Normal
2025-12-08 02:00:00,L55366,6.57,1827,25.4,194,Normal
2025-12-08 03:00:00,L55367,6.85,1448,46.3,196,Normal
2025-12-08 04:00:00,M23048,5.93,1530,38.8,198,Normal
2025-12-08 05:00:00,L55369,7.23,1983,21.0,201,Normal
2025-12-08 06:00:00,M23050,6.29,1620,37.2,203,Normal
2025-12-08 07:00:00,M23051,5.9,1630,29.8,206,Normal
2025-12-08 08:00:00,L55372,9.46,1229,65.2,209,Critical
2025-12-08 09:00:00,L55373,6.82,1873,22.3,211,Normal
2025-12-08 10:00:00,L55374,7.14,1426,45.7,213,Normal
2025-12-08 11:00:00,L55375,7.98,1376,53.9,215,Critical
2025-12-08 12:00:00,L55376,6.23,1622,33.6,217,Normal
2025-12-08 13:00:00,M23057,6.84,1492,45.7,219,Normal
2025-12-08 14:00:00,M23058,7.74,1374,48.9,222,Normal
2025-12-08 15:00:00,L55379,6.54,1737,27.0,225,Critical
2025-12-08 16:00:00,L55380,4.4,1426,42.4,0,Normal
2025-12-08 17:00:00,M23061,4.26,1826,25.1,2,Normal
2025-12-08 18:00:00,L55382,3.9,1669,32.4,5,Normal
2025-12-08 19:00:00,M23063,4.07,1473,40.1,7,Normal
2025-12-08 20:00:00,L55384,4.12,1751,27.8,10,Normal
2025-12-08 21:00:00,M23065,4.75,1446,47.3,12,Normal
2025-12-08 22:00:00,L55386,4.33,1483,43.5,15,Normal
2025-12-08 23:00:00,L55387,4.0,1535,42.6,17,Normal
2025-12-09 00:00:00,L55388,4.44,1477,44.0,19,Normal
2025-12-09 01:00:00,L55389,5.13,1391,46.9,21,Normal
2025-12-09 02:00:00,H37624,3.73,1636,29.4,23,Normal
2025-12-09 03:00:00,L55391,4.27,1675,33.3,28,Normal
2025-12-09 04:00:00,H37626,5.72,1329,48.9,30,Normal
2025-12-09 05:00:00,M23073,3.65,1548,33.5,35,Normal
2025-12-09 06:00:00,L55394,5.26,1391,45.8,38,Normal
2025-12-09 07:00:00,L55395,4.86,1437,43.1,40,Normal
2025-12-09 08:00:00,L55396,6.48,1370,61.9,42,Normal
2025-12-09 09:00:00,L55397,4.16,1577,37.1,44,Normal
2025-12-09 10:00:00,L55398,4.31,1485,37.8,46,Normal
2025-12-09 11:00:00,L55399,4.0,1504,34.3,48,Normal
2025-12-09 12:00:00,M23080,3.96,1551,35.2,50,Normal
2025-12-09 13:00:00,M23081,5.05,1428,43.0,53,Normal
2025-12-09 14:00:00,L55402,4.69,1755,27.9,56,Normal
2025-12-09 15:00:00,L55403,6.44,1329,54.9,58,Normal
2025-12-09 16:00:00,L55404,4.25,1496,35.2,60,Normal
2025-12-09 17:00:00,L55405,4.16,1532,36.6,62,Normal
2025-12-09 18:00:00,L55406,6.6,1389,61.4,64,Normal
2025-12-09 19:00:00,M23087,5.22,1524,51.4,66,Normal
2025-12-09 20:00:00,M23088,5.69,1422,49.3,69,Normal
2025-12-09 21:00:00,L55409,4.76,1739,27.4,72,Normal
2025-12-09 22:00:00,L55410,4.73,1736,26.9,74,Normal
2025-12-09 23:00:00,L55411,5.75,1419,48.8,76,Normal
2025-12-10 00:00:00,L55412,6.36,1326,49.7,78,Normal
2025-12-10 01:00:00,M23093,5.27,1449,43.2,80,Normal
2025-12-10 02:00:00,L55414,4.6,1534,39.7,83,Normal
2025-12-10 03:00:00,M23095,5.86,1443,50.9,85,Normal
2025-12-10 04:00:00,L55416,4.95,1498,41.1,88,Normal
2025-12-10 05:00:00,L55417,5.2,1796,26.0,90,Normal
2025-12-10 06:00:00,L55418,5.16,1519,45.3,92,Normal
2025-12-10 07:00:00,L55419,6.47,1339,49.6,94,Normal
2025-12-10 08:00:00,L55420,5.16,1483,41.5,96,Normal
2025-12-10 09:00:00,M23101,6.59,2099,20.0,98,Normal
2025-12-10 10:00:00,M23102,4.97,1689,29.7,101,Normal
2025-12-10 11:00:00,H37657,6.74,1369,54.5,104,Normal
2025-12-10 12:00:00,L55424,4.97,1512,38.8,109,Normal
2025-12-10 13:00:00,M23105,8.11,1303,68.6,111,Critical
2025-12-10 14:00:00,L55426,5.03,1552,39.9,114,Normal
2025-12-10 15:00:00,L55427,5.17,1713,28.0,116,Normal
2025-12-10 16:00:00,L55428,5.74,1456,44.1,118,Normal
2025-12-10 17:00:00,L55429,5.1,1524,39.8,120,Normal
2025-12-10 18:00:00,M23110,6.2,1394,45.2,122,Normal
2025-12-10 19:00:00,L55431,6.33,1981,21.2,125,Normal
2025-12-10 20:00:00,L55432,5.01,1565,36.1,127,Normal
2025-12-10 21:00:00,L55433,5.21,1657,31.0,129,Normal
2025-12-10 22:00:00,M23114,5.46,1625,37.1,131,Normal
2025-12-10 23:00:00,L55435,4.99,1606,31.1,134,Normal
2025-12-11 00:00:00,H37670,7.45,1336,56.8,136,Normal
2025-12-11 01:00:00,M23117,5.17,1587,34.2,141,Normal
2025-12-11 02:00:00,L55438,5.65,1602,39.7,144,Normal
2025-12-11 03:00:00,L55439,5.62,1471,38.4,146,Normal
2025-12-11 04:00:00,H37674,7.04,1332,48.0,148,Normal
2025-12-11 05:00:00,H37675,6.56,1434,48.4,153,Normal
2025-12-11 06:00:00,L55442,6.57,1921,23.9,158,Normal
2025-12-11 07:00:00,H37677,5.82,1704,30.6,160,Normal
2025-12-11 08:00:00,M23124,6.98,1397,49.5,165,Normal
2025-12-11 09:00:00,H37679,6.23,1791,28.0,168,Normal
2025-12-11 10:00:00,L55446,6.18,1818,24.1,173,Normal
2025-12-11 11:00:00,L55447,5.45,1540,36.3,175,Normal
2025-12-11 12:00:00,M23128,5.9,1502,39.8,177,Normal
2025-12-11 13:00:00,H37683,6.36,1761,30.4,180,Normal
2025-12-11 14:00:00,M23130,5.82,1517,38.4,185,Normal
2025-12-11 15:00:00,L55451,7.85,1309,51.1,188,Normal
2025-12-11 16:00:00,L55452,7.67,1363,52.6,190,Normal
2025-12-11 17:00:00,M23133,6.11,1787,22.2,192,Normal
2025-12-11 18:00:00,L55454,5.78,1640,29.2,195,Normal
2025-12-11 19:00:00,M23135,6.0,1720,25.3,197,Normal
2025-12-11 20:00:00,L55456,7.68,1384,52.8,200,Normal
2025-12-11 21:00:00,H37691,8.4,1294,55.8,202,Normal
2025-12-11 22:00:00,L55458,6.9,1464,46.4,207,Normal
2025-12-11 23:00:00,L55459,6.61,1803,25.4,209,Normal
2025-12-12 00:00:00,L55460,6.41,1602,39.1,211,Normal
2025-12-12 01:00:00,H37695,6.17,1519,38.8,213,Normal
2025-12-12 02:00:00,M23142,6.33,1638,33.6,218,Normal
2025-12-12 03:00:00,H37697,6.2,1615,33.0,221,Normal
2025-12-12 04:00:00,L55464,3.8,1651,33.3,0,Normal
2025-12-12 05:00:00,L55465,5.31,1387,52.7,2,Normal
2025-12-12 06:00:00,M23146,3.96,1678,32.8,4,Normal
2025-12-12 07:00:00,L55467,3.83,1585,38.1,7,Normal
2025-12-12 08:00:00,M23148,3.88,1640,33.8,9,Normal
2025-12-12 09:00:00,L55469,4.74,1406,43.8,12,Normal
2025-12-12 10:00:00,M23150,4.28,1679,35.8,14,Normal
2025-12-12 11:00:00,L55471,3.95,1717,26.9,17,Normal
2025-12-12 12:00:00,H37706,4.44,1429,39.9,19,Normal
2025-12-12 13:00:00,M23153,4.21,1533,44.4,24,Normal
2025-12-12 14:00:00,M23154,3.91,1525,38.5,27,Normal
2025-12-12 15:00:00,L55475,4.19,1739,26.3,30,Normal
2025-12-12 16:00:00,L55476,4.5,1436,39.0,32,Normal
2025-12-12 17:00:00,M23157,3.88,1595,33.1,34,Normal
2025-12-12 18:00:00,H37712,4.99,1435,45.6,37,Normal
2025-12-12 19:00:00,L55479,4.12,1637,31.8,42,Normal
2025-12-12 20:00:00,L55480,4.08,1558,37.6,44,Normal
2025-12-12 21:00:00,M23161,4.36,1644,34.1,46,Normal
2025-12-12 22:00:00,L55482,4.18,1641,31.1,49,Normal
2025-12-12 23:00:00,L55483,4.47,1504,41.0,51,Normal
2025-12-13 00:00:00,M23164,5.12,1506,50.7,53,Normal
2025-12-13 01:00:00,H37719,5.42,1380,44.0,56,Normal
2025-12-13 02:00:00,M23166,4.55,1549,42.5,61,Normal
2025-12-13 03:00:00,M23167,7.07,1402,69.7,64,Critical
2025-12-13 04:00:00,L55488,5.52,1401,45.3,67,Normal
2025-12-13 05:00:00,M23169,4.89,1459,40.2,69,Normal
2025-12-13 06:00:00,L55490,4.86,1465,39.7,72,Normal
2025-12-13 07:00:00,M23171,6.68,1295,52.7,74,Normal
2025-12-13 08:00:00,M23172,4.48,1529,38.5,77,Normal
2025-12-13 09:00:00,M23173,5.18,1484,44.9,80,Normal
2025-12-13 10:00:00,L55494,5.1,1739,30.6,83,Normal
2025-12-13 11:00:00,H37729,5.32,1422,40.7,85,Normal
2025-12-13 12:00:00,L55496,5.1,1463,40.0,90,Normal
2025-12-13 13:00:00,L55497,4.79,1667,30.4,92,Normal
2025-12-13 14:00:00,H37732,4.83,1565,39.3,94,Normal
2025-12-13 15:00:00,L55499,5.97,1393,45.7,99,Normal
2025-12-13 16:00:00,M23180,5.79,1453,47.7,101,Normal
2025-12-13 17:00:00,L55501,6.04,1442,50.0,104,Normal
2025-12-13 18:00:00,L55502,6.16,1364,44.9,106,Normal
2025-12-13 19:00:00,H37737,5.4,1453,40.4,108,Normal
2025-12-13 20:00:00,M23184,6.15,1394,46.0,113,Normal
2025-12-13 21:00:00,M23185,5.12,1500,38.8,116,Normal
2025-12-13 22:00:00,H37740,4.73,1523,34.2,119,Normal
2025-12-13 23:00:00,M23187,7.79,1254,57.1,124,Normal
2025-12-14 00:00:00,L55508,7.11,1325,52.2,127,Normal
2025-12-14 01:00:00,L55509,6.41,1424,49.6,129,Normal
2025-12-14 02:00:00,L55510,5.29,1505,39.0,131,Normal
2025-12-14 03:00:00,M23191,6.57,1392,48.7,133,Normal
2025-12-14 04:00:00,L55512,5.54,1529,44.0,136,Normal
2025-12-14 05:00:00,M23193,6.15,1477,48.5,138,Normal
2025-12-14 06:00:00,M23194,6.2,1459,47.3,141,Normal
2025-12-14 07:00:00,M23195,7.66,2240,15.9,144,Normal
2025-12-14 08:00:00,L55516,6.43,1449,48.8,147,Normal
2025-12-14 09:00:00,M23197,5.35,1589,35.3,149,Normal
2025-12-14 10:00:00,L55518,5.79,1740,28.5,152,Normal
2025-12-14 11:00:00,M23199,5.68,1499,40.3,154,Normal
2025-12-14 12:00:00,M23200,5.68,1480,38.1,157,Normal
2025-12-14 13:00:00,L55521,6.01,1751,29.6,160,Normal
2025-12-14 14:00:00,L55522,5.73,1510,40.6,162,Normal
2025-12-14 15:00:00,H37757,6.66,1437,48.2,164,Normal
2025-12-14 16:00:00,L55524,6.03,1609,40.4,169,Normal
2025-12-14 17:00:00,H37759,5.64,1490,35.9,171,Normal
2025-12-14 18:00:00,L55526,5.76,1601,35.7,176,Normal
2025-12-14 19:00:00,L55527,5.84,1665,31.1,178,Normal
2025-12-14 20:00:00,M23208,6.41,1452,42.7,180,Normal
2025-12-14 21:00:00,M23209,5.65,1487,33.6,183,Normal
2025-12-14 22:00:00,M23210,7.22,1382,48.1,186,Normal
2025-12-14 23:00:00,M23211,5.77,1686,26.2,189,Normal
2025-12-15 00:00:00,L55532,5.95,1491,36.9,192,Normal
2025-12-15 01:00:00,L55533,7.47,1442,55.6,194,Normal
2025-12-15 02:00:00,L55534,7.44,1390,50.3,196,Normal
2025-12-15 03:00:00,L55535,6.6,1502,46.7,198,Normal
2025-12-15 04:00:00,M23216,8.34,1344,59.4,200,Normal
2025-12-15 05:00:00,L55537,7.29,1385,46.3,203,Critical
2025-12-15 06:00:00,L55538,3.49,1547,37.4,0,Normal
2025-12-15 07:00:00,M23219,3.87,1525,42.4,2,Normal
2025-12-15 08:00:00,L55540,3.4,1540,35.8,5,Normal
2025-12-15 09:00:00,L55541,4.47,1450,44.3,7,Normal
2025-12-15 10:00:00,L55542,6.22,1353,62.5,9,Normal
2025-12-15 11:00:00,L55543,4.31,1582,45.0,11,Normal
2025-12-15 12:00:00,L55544,5.15,1396,49.0,13,Normal
2025-12-15 13:00:00,M23225,3.64,1551,36.6,15,Normal
2025-12-15 14:00:00,M23226,4.36,1836,22.8,18,Normal
2025-12-15 15:00:00,L55547,5.34,1390,49.9,21,Normal
2025-12-15 16:00:00,L55548,4.05,1534,42.1,23,Normal
2025-12-15 17:00:00,L55549,4.95,1953,20.6,25,Normal
2025-12-15 18:00:00,L55550,4.04,1634,33.6,27,Normal
2025-12-15 19:00:00,L55551,4.67,1881,21.7,29,Normal
2025-12-15 20:00:00,M23232,4.8,1448,44.8,31,Normal
2025-12-15 21:00:00,M23233,5.69,1362,50.5,34,Normal
2025-12-15 22:00:00,L55554,7.33,1225,63.4,37,Normal
2025-12-15 23:00:00,M23235,5.47,1384,48.2,39,Normal
2025-12-16 00:00:00,L55556,5.86,1334,49.3,42,Normal
2025-12-16 01:00:00,L55557,5.94,1336,50.3,44,Normal
2025-12-16 02:00:00,M23238,6.73,1331,61.6,46,Normal
2025-12-16 03:00:00,L55559,4.17,1629,31.9,49,Normal
2025-12-16 04:00:00,L55560,4.61,1776,25.7,51,Normal
2025-12-16 05:00:00,H37795,4.18,1530,38.3,53,Normal
2025-12-16 06:00:00,L55562,4.47,1719,27.3,58,Normal
2025-12-16 07:00:00,M23243,4.25,1495,35.2,60,Normal
2025-12-16 08:00:00,L55564,5.06,1450,43.1,63,Normal
2025-12-16 09:00:00,H37799,4.44,1563,38.8,65,Normal
2025-12-16 10:00:00,M23246,4.46,1501,37.1,70,Normal
2025-12-16 11:00:00,L55567,5.99,1351,47.2,73,Normal
2025-12-16 12:00:00,L55568,5.89,1365,46.5,75,Normal
2025-12-16 13:00:00,L55569,4.58,1525,39.7,77,Normal
2025-12-16 14:00:00,M23250,7.38,1288,61.9,79,Normal
2025-12-16 15:00:00,L55571,5.41,1423,42.7,82,Normal
2025-12-16 16:00:00,M23252,4.77,1502,39.4,84,Normal
2025-12-16 17:00:00,L55573,5.49,1428,43.5,87,Normal
2025-12-16 18:00:00,M23254,4.69,1566,38.1,89,Normal
2025-12-16 19:00:00,M23255,5.33,1483,44.8,92,Normal
2025-12-16 20:00:00,H37810,4.6,1593,33.3,95,Normal
2025-12-16 21:00:00,L55577,4.94,1724,26.4,100,Normal
2025-12-16 22:00:00,L55578,7.0,2617,12.1,102,Critical
2025-12-16 23:00:00,L55579,7.48,1294,59.4,104,Normal
2025-12-17 00:00:00,L55580,4.95,1533,40.7,106,Normal
2025-12-17 01:00:00,H37815,5.09,1671,31.8,108,Normal
2025-12-17 02:00:00,L55582,6.7,1370,52.4,113,Normal
2025-12-17 03:00:00,L55583,5.74,1462,45.1,115,Normal
2025-12-17 04:00:00,L55584,4.81,1545,36.6,117,Normal
2025-12-17 05:00:00,M23265,5.44,1484,41.7,119,Normal
2025-12-17 06:00:00,M23266,6.49,1344,45.3,122,Normal
2025-12-17 07:00:00,L55587,6.77,1357,50.1,125,Normal
2025-12-17 08:00:00,M23268,4.85,1572,33.0,127,Normal
2025-12-17 09:00:00,L55589,6.09,1861,26.9,130,Normal
2025-12-17 10:00:00,L55590,5.52,1548,44.5,132,Normal
2025-12-17 11:00:00,L55591,5.29,1496,37.7,134,Normal
2025-12-17 12:00:00,M23272,7.11,1314,49.7,136,Normal
2025-12-17 13:00:00,M23273,6.54,1422,49.7,139,Normal
2025-12-17 14:00:00,L55594,5.69,1842,20.1,142,Normal
2025-12-17 15:00:00,M23275,6.75,1434,53.0,144,Normal
2025-12-17 16:00:00,M23276,5.04,1585,31.3,147,Normal
2025-12-17 17:00:00,H37831,5.7,1704,30.7,150,Normal
2025-12-17 18:00:00,L55598,6.76,1971,23.2,155,Normal
2025-12-17 19:00:00,L55599,6.07,1431,39.9,157,Normal
2025-12-17 20:00:00,L55600,5.39,1546,37.7,159,Normal
2025-12-17 21:00:00,L55601,5.52,1496,36.3,161,Normal
2025-12-17 22:00:00,H37836,8.69,1243,63.0,163,Normal
2025-12-17 23:00:00,L55603,6.49,1452,46.2,168,Normal
2025-12-18 00:00:00,L55604,6.82,1380,44.7,170,Normal
2025-12-18 01:00:00,L55605,5.7,1567,38.4,172,Normal
2025-12-18 02:00:00,L55606,5.9,1628,35.9,174,Normal
2025-12-18 03:00:00,L55607,6.28,1505,46.1,176,Normal
2025-12-18 04:00:00,M23288,6.55,1827,28.0,178,Normal
2025-12-18 05:00:00,L55609,5.97,1577,40.0,181,Normal
2025-12-18 06:00:00,L55610,8.21,1304,57.2,183,Normal
2025-12-18 07:00:00,H37845,7.96,1324,54.6,185,Normal
2025-12-18 08:00:00,L55612,5.87,1537,39.9,190,Normal
2025-12-18 09:00:00,M23293,6.67,1501,48.7,192,Normal
2025-12-18 10:00:00,M23294,5.85,1654,29.1,195,Normal
2025-12-18 11:00:00,M23295,5.95,1519,38.1,198,Normal
2025-12-18 12:00:00,L55616,7.67,1371,51.3,201,Normal
2025-12-18 13:00:00,L55617,9.7,1181,65.9,203,Critical
2025-12-18 14:00:00,L55618,6.61,1469,42.8,205,Normal
2025-12-18 15:00:00,L55619,6.26,1637,34.6,207,Normal
2025-12-18 16:00:00,L55620,5.6,1370,56.0,0,Normal
2025-12-18 17:00:00,L55621,3.53,1630,30.6,2,Normal
2025-12-18 18:00:00,L55622,3.71,1517,39.0,4,Normal
2025-12-18 19:00:00,M23303,3.9,1668,32.3,6,Normal
2025-12-18 20:00:00,M23304,4.29,1818,24.9,9,Normal
2025-12-18 21:00:00,M23305,3.56,1541,36.9,12,Normal
2025-12-18 22:00:00,L55626,4.24,1482,42.1,15,Normal
2025-12-18 23:00:00,L55627,5.02,1439,49.9,17,Normal
2025-12-19 00:00:00,L55628,4.18,1492,41.2,19,Normal
2025-12-19 01:00:00,L55629,4.1,1725,27.8,21,Normal
2025-12-19 02:00:00,L55630,4.27,1559,44.2,23,Normal
2025-12-19 03:00:00,L55631,4.65,1435,42.5,25,Normal
2025-12-19 04:00:00,M23312,3.92,1512,37.5,27,Normal
2025-12-19 05:00:00,L55633,3.92,1564,37.1,30,Normal
2025-12-19 06:00:00,L55634,4.1,1522,40.3,32,Normal
2025-12-19 07:00:00,L55635,6.31,1356,59.5,34,Normal
2025-12-19 08:00:00,L55636,4.04,1556,38.6,36,Normal
2025-12-19 09:00:00,L55637,5.23,1393,45.5,38,Normal
2025-12-19 10:00:00,L55638,4.42,1753,26.8,40,Normal
2025-12-19 11:00:00,L55639,4.05,1651,29.5,42,Normal
2025-12-19 12:00:00,L55640,6.02,1372,54.7,44,Normal
2025-12-19 13:00:00,L55641,4.89,1446,43.3,46,Normal
2025-12-19 14:00:00,M23322,4.7,1501,44.7,48,Normal
2025-12-19 15:00:00,M23323,5.26,1411,45.1,51,Normal
2025-12-19 16:00:00,H37878,4.18,1672,27.5,54,Normal
2025-12-19 17:00:00,M23325,4.7,1475,40.5,59,Normal
2025-12-19 18:00:00,L55646,4.63,1469,38.4,62,Normal
2025-12-19 19:00:00,L55647,4.53,1704,28.3,64,Normal
2025-12-19 20:00:00,H37882,4.76,1463,39.1,66,Normal
2025-12-19 21:00:00,M23329,7.47,1280,64.1,71,Normal
2025-12-19 22:00:00,L55650,4.77,1464,38.0,74,Normal
2025-12-19 23:00:00,L55651,6.08,1332,46.4,76,Normal
2025-12-20 00:00:00,L55652,4.92,1634,37.8,78,Normal
2025-12-20 01:00:00,M23333,5.37,1430,43.1,80,Normal
2025-12-20 02:00:00,M23334,4.98,1523,44.6,83,Normal
2025-12-20 03:00:00,M23335,4.58,1557,37.7,86,Normal
2025-12-20 04:00:00,L55656,4.41,1585,32.2,89,Normal
2025-12-20 05:00:00,H37891,4.49,1579,33.5,91,Normal
2025-12-20 06:00:00,M23338,7.14,1354,60.8,96,Normal
2025-12-20 07:00:00,L55659,4.85,1627,33.4,99,Normal
2025-12-20 08:00:00,L55660,4.87,1477,35.6,101,Normal
2025-12-20 09:00:00,M23341,4.43,1595,29.0,103,Normal
2025-12-20 10:00:00,L55662,4.85,1520,38.1,106,Normal
2025-12-20 11:00:00,L55663,4.78,1618,31.5,108,Normal
2025-12-20 12:00:00,L55664,6.38,1397,50.3,110,Normal
2025-12-20 13:00:00,L55665,5.95,1450,47.9,112,Normal
2025-12-20 14:00:00,M23346,5.19,1501,40.2,114,Normal
2025-12-20 15:00:00,L55667,6.48,1392,50.1,117,Normal
2025-12-20 16:00:00,L55668,6.09,1385,43.2,119,Normal
2025-12-20 17:00:00,L55669,5.89,1461,46.3,121,Normal
2025-12-20 18:00:00,M23350,7.26,1364,58.7,123,Normal
2025-12-20 19:00:00,L55671,5.24,1579,38.6,126,Normal
2025-12-20 20:00:00,M23352,5.19,1514,38.8,128,Normal
2025-12-20 21:00:00,M23353,5.08,1560,36.9,131,Normal
2025-12-20 22:00:00,L55674,5.0,1542,36.7,134,Normal
2025-12-20 23:00:00,L55675,5.1,1668,27.1,136,Normal
2025-12-21 00:00:00,M23356,5.66,1816,22.6,138,Normal
2025-12-21 01:00:00,M23357,5.07,1509,34.2,141,Normal
2025-12-21 02:00:00,L55678,5.51,1479,37.8,144,Normal
2025-12-21 03:00:00,L55679,5.35,1655,30.2,146,Normal
2025-12-21 04:00:00,L55680,5.69,1711,30.3,148,Normal
2025-12-21 05:00:00,L55681,5.27,1581,34.6,150,Normal
2025-12-21 06:00:00,H37916,7.9,1279,55.9,152,Normal
2025-12-21 07:00:00,L55683,5.93,1468,40.9,157,Normal
2025-12-21 08:00:00,L55684,6.25,1419,41.3,159,Normal
2025-12-21 09:00:00,L55685,5.48,1530,38.6,161,Normal
2025-12-21 10:00:00,L55686,5.67,1710,27.3,163,Critical
2025-12-21 11:00:00,L55687,5.67,1518,39.8,165,Normal
2025-12-21 12:00:00,M23368,5.94,1679,33.3,167,Normal
2025-12-21 13:00:00,M23369,6.33,1870,22.5,170,Normal
2025-12-21 14:00:00,L55690,6.25,1484,44.3,173,Normal
2025-12-21 15:00:00,L55691,6.42,1457,44.2,175,Normal
2025-12-21 16:00:00,H37926,5.5,1546,36.2,177,Normal
2025-12-21 17:00:00,M23373,5.88,1478,36.5,182,Normal
2025-12-21 18:00:00,L55694,6.78,1447,47.1,185,Normal
2025-12-21 19:00:00,L55695,6.72,1443,45.4,187,Normal
2025-12-21 20:00:00,L55696,5.32,1527,30.9,189,Normal
2025-12-21 21:00:00,M23377,7.23,1469,54.8,191,Normal
2025-12-21 22:00:00,M23378,5.86,1681,27.1,194,Normal
2025-12-21 23:00:00,L55699,6.88,1420,44.1,197,Normal
2025-12-22 00:00:00,M23380,6.64,1543,49.9,199,Normal
2025-12-22 01:00:00,L55701,7.59,1376,50.4,202,Normal
2025-12-22 02:00:00,H37936,3.46,1631,29.8,0,Normal
2025-12-22 03:00:00,H37937,3.84,1529,41.7,5,Normal
2025-12-22 04:00:00,L55704,4.53,1468,46.2,10,Normal
2025-12-22 05:00:00,L55705,5.45,1378,52.3,12,Normal
2025-12-22 06:00:00,L55706,5.32,1401,51.9,14,Normal
2025-12-22 07:00:00,L55707,3.67,1531,37.4,16,Normal
2025-12-22 08:00:00,L55708,3.7,1512,35.8,18,Normal
2025-12-22 09:00:00,M23389,4.42,1522,47.4,20,Normal
2025-12-22 10:00:00,M23390,3.77,1615,31.8,23,Normal
2025-12-22 11:00:00,L55711,4.84,1449,46.5,26,Normal
2025-12-22 12:00:00,L55712,6.2,1315,55.5,28,Normal
2025-12-22 13:00:00,M23393,4.45,1465,41.1,30,Normal
2025-12-22 14:00:00,M23394,4.97,1404,43.3,33,Normal
2025-12-22 15:00:00,L55715,4.4,1547,44.8,36,Normal
2025-12-22 16:00:00,M23396,5.04,1426,45.4,38,Normal
2025-12-22 17:00:00,L55717,4.52,1730,30.2,41,Normal
2025-12-22 18:00:00,L55718,4.02,1548,37.7,43,Normal
2025-12-22 19:00:00,L55719,4.28,1517,40.2,45,Normal
2025-12-22 20:00:00,L55720,4.3,1687,29.3,47,Normal
2025-12-22 21:00:00,L55721,4.34,1738,25.2,49,Normal
2025-12-22 22:00:00,H37956,4.06,1512,35.3,51,Normal
2025-12-22 23:00:00,M23403,5.81,1365,48.7,56,Normal
2025-12-23 00:00:00,H37958,5.7,2011,21.0,59,Normal
2025-12-23 01:00:00,L55725,5.05,1806,27.6,64,Normal
2025-12-23 02:00:00,L55726,4.62,1716,28.4,66,Normal
2025-12-23 03:00:00,M23407,4.1,1666,24.3,68,Normal
2025-12-23 04:00:00,L55728,4.43,1578,36.3,71,Normal
2025-12-23 05:00:00,L55729,4.4,1558,37.2,73,Normal
2025-12-23 06:00:00,L55730,5.32,1456,45.5,75,Normal
2025-12-23 07:00:00,M23411,5.57,1457,49.0,77,Normal
2025-12-23 08:00:00,L55732,5.25,1467,44.5,80,Normal
2025-12-23 09:00:00,M23413,5.15,1661,38.2,82,Normal
2025-12-23 10:00:00,L55734,4.52,1592,33.9,85,Normal
2025-12-23 11:00:00,L55735,4.78,1596,37.2,87,Normal
2025-12-23 12:00:00,L55736,4.98,1489,40.6,89,Normal
2025-12-23 13:00:00,L55737,5.61,1471,48.3,91,Normal
2025-12-23 14:00:00,M23418,4.99,1505,41.3,93,Normal
2025-12-23 15:00:00,L55739,4.86,1519,40.0,96,Normal
2025-12-23 16:00:00,L55740,5.85,1408,45.4,98,Normal
2025-12-23 17:00:00,L55741,6.24,1332,44.4,100,Normal
2025-12-23 18:00:00,L55742,6.68,1351,52.4,102,Normal
2025-12-23 19:00:00,L55743,4.85,1500,36.7,104,Normal
2025-12-23 20:00:00,M23424,4.68,1614,30.7,106,Normal
2025-12-23 21:00:00,L55745,4.95,1489,36.5,109,Normal
2025-12-23 22:00:00,M23426,5.24,1751,26.6,111,Normal
2025-12-23 23:00:00,L55747,5.5,1511,45.8,114,Normal
2025-12-24 00:00:00,L55748,5.16,1691,29.6,116,Normal
2025-12-24 01:00:00,L55749,5.41,1757,27.5,118,Normal
2025-12-24 02:00:00,H37984,4.8,1545,35.9,120,Normal
2025-12-24 03:00:00,L55751,7.51,2262,15.7,125,Normal
2025-12-24 04:00:00,M23432,4.92,1559,35.2,127,Normal
2025-12-24 05:00:00,L55753,5.14,1626,32.4,130,Normal
2025-12-24 06:00:00,L55754,6.72,1424,53.9,132,Normal
2025-12-24 07:00:00,M23435,5.1,1648,29.1,134,Normal
2025-12-24 08:00:00,L55756,5.29,1523,39.5,137,Normal
2025-12-24 09:00:00,L55757,5.67,1502,43.2,139,Normal
2025-12-24 10:00:00,L55758,5.61,1489,40.7,141,Normal
2025-12-24 11:00:00,M23439,5.19,1620,31.2,143,Normal
2025-12-24 12:00:00,L55760,5.24,1631,30.6,146,Normal
2025-12-24 13:00:00,M23441,6.36,1429,45.8,148,Normal
2025-12-24 14:00:00,M23442,8.63,1334,72.0,151,Critical
2025-12-24 15:00:00,L55763,5.95,1423,38.0,154,Normal
2025-12-24 16:00:00,L55764,6.79,1390,47.7,156,Normal
2025-12-24 17:00:00,M23445,7.16,1338,48.5,158,Normal
2025-12-24 18:00:00,H38000,5.79,1461,37.5,161,Normal
2025-12-24 19:00:00,M23447,5.7,1627,34.3,166,Normal
2025-12-24 20:00:00,L55768,6.76,1385,44.4,169,Normal
2025-12-24 21:00:00,M23449,6.17,1538,48.0,171,Normal
2025-12-24 22:00:00,L55770,5.48,1557,35.5,174,Normal
2025-12-24 23:00:00,L55771,5.64,1606,33.4,176,Normal
2025-12-25 00:00:00,M23452,6.62,1430,44.5,178,Normal
2025-12-25 01:00:00,M23453,5.75,1601,34.6,181,Normal
2025-12-25 02:00:00,L55774,7.59,1356,51.9,184,Normal
2025-12-25 03:00:00,M23455,5.7,1624,30.9,186,Normal
2025-12-25 04:00:00,L55776,8.11,1327,56.5,189,Normal
2025-12-25 05:00:00,L55777,7.05,1410,47.0,191,Normal
2025-12-25 06:00:00,L55778,6.39,1478,42.3,193,Normal
2025-12-25 07:00:00,L55779,6.38,1460,40.3,195,Normal
2025-12-25 08:00:00,L55780,6.55,1435,40.3,197,Normal
2025-12-25 09:00:00,H38015,7.42,1359,46.9,199,Normal
2025-12-25 10:00:00,L55782,6.55,1729,31.7,204,Normal
2025-12-25 11:00:00,H38017,7.51,1384,49.1,206,Normal
2025-12-25 12:00:00,L55784,8.25,1297,52.1,211,Normal
2025-12-25 13:00:00,L55785,6.22,1633,33.3,213,Normal
2025-12-25 14:00:00,M23466,6.17,1505,37.2,215,Normal
2025-12-25 15:00:00,L55787,7.44,1433,50.0,218,Normal
2025-12-25 16:00:00,L55788,7.86,1369,50.6,220,Critical
2025-12-25 17:00:00,L55789,6.63,1475,40.5,222,Critical
2025-12-25 18:00:00,L55790,3.62,1561,38.3,0,Normal
2025-12-25 19:00:00,L55791,4.37,1472,45.5,2,Normal
2025-12-25 20:00:00,L55792,4.5,1441,44.5,4,Normal
2025-12-25 21:00:00,M23473,5.14,1401,50.5,6,Normal
2025-12-25 22:00:00,L55794,4.12,1691,33.1,9,Normal
2025-12-25 23:00:00,L55795,5.08,1382,47.1,11,Normal
2025-12-26 00:00:00,L55796,5.21,1355,46.4,13,Normal
2025-12-26 01:00:00,L55797,4.19,1529,45.3,15,Normal
2025-12-26 02:00:00,L55798,4.45,1829,24.9,17,Normal
2025-12-26 03:00:00,H38033,4.15,1480,39.8,19,Normal
2025-12-26 04:00:00,L55800,4.41,1475,42.4,24,Normal
2025-12-26 05:00:00,M23481,5.34,1431,52.6,26,Normal
2025-12-26 06:00:00,L55802,4.67,1437,42.3,29,Normal
2025-12-26 07:00:00,M23483,4.69,1476,45.6,31,Normal
2025-12-26 08:00:00,H38038,4.27,1490,39.7,34,Normal
2025-12-26 09:00:00,L55805,4.17,1632,33.5,39,Normal
2025-12-26 10:00:00,L55806,5.49,1402,49.7,41,Normal
2025-12-26 11:00:00,L55807,5.57,1347,45.8,43,Normal
2025-12-26 12:00:00,L55808,4.72,1747,31.0,45,Normal
2025-12-26 13:00:00,H38043,4.21,1557,39.1,47,Normal
2025-12-26 14:00:00,L55810,6.3,1371,57.4,52,Normal
2025-12-26 15:00:00,H38045,4.24,1506,37.0,54,Normal
2025-12-26 16:00:00,L55812,4.3,1590,35.5,59,Normal
2025-12-26 17:00:00,L55813,6.36,1336,53.7,61,Normal
2025-12-26 18:00:00,L55814,5.28,1411,43.2,63,Normal
2025-12-26 19:00:00,L55815,4.47,1704,27.3,65,Normal
2025-12-26 20:00:00,L55816,4.6,1723,27.3,67,Normal
2025-12-26 21:00:00,L55817,4.85,1459,39.7,69,Normal
2025-12-26 22:00:00,L55818,4.37,1572,35.9,71,Normal
2025-12-26 23:00:00,L55819,6.38,1384,56.0,73,Normal
2025-12-27 00:00:00,L55820,5.86,1383,47.5,75,Normal
2025-12-27 01:00:00,M23501,6.08,1360,48.6,77,Normal
2025-12-27 02:00:00,M23502,4.66,1596,36.6,80,Normal
2025-12-27 03:00:00,L55823,6.03,1448,54.3,83,Normal
2025-12-27 04:00:00,M23504,5.04,1443,38.2,85,Normal
2025-12-27 05:00:00,M23505,4.62,1492,35.5,88,Normal
2025-12-27 06:00:00,L55826,5.18,1497,43.9,91,Normal
2025-12-27 07:00:00,L55827,4.66,1530,38.5,93,Normal
2025-12-27 08:00:00,M23508,5.48,1478,46.2,95,Normal
2025-12-27 09:00:00,L55829,7.37,1328,61.8,98,Normal
2025-12-27 10:00:00,H38064,5.27,1771,27.4,100,Normal
2025-12-27 11:00:00,M23511,4.67,1564,35.0,105,Normal
2025-12-27 12:00:00,H38066,5.42,1461,41.5,108,Normal
2025-12-27 13:00:00,M23513,7.26,1335,57.9,113,Normal
2025-12-27 14:00:00,M23514,5.98,1441,46.8,116,Normal
2025-12-27 15:00:00,L55835,7.88,1268,60.6,119,Normal
2025-12-27 16:00:00,M23516,5.11,1697,27.4,121,Normal
2025-12-27 17:00:00,L55837,6.13,1421,46.0,124,Normal
2025-12-27 18:00:00,L55838,5.11,1496,36.4,126,Normal
2025-12-27 19:00:00,L55839,7.06,1375,55.6,128,Normal
2025-12-27 20:00:00,L55840,7.3,1295,52.1,130,Normal
2025-12-27 21:00:00,L55841,5.35,1643,33.8,132,Normal
2025-12-27 22:00:00,L55842,5.14,1514,36.9,134,Normal
2025-12-27 23:00:00,L55843,5.27,1671,29.4,136,Normal
2025-12-28 00:00:00,H38078,7.51,1355,58.9,138,Normal
2025-12-28 01:00:00,L55845,6.97,1365,50.6,143,Normal
2025-12-28 02:00:00,L55846,6.23,1407,42.5,145,Normal
2025-12-28 03:00:00,M23527,6.22,1455,46.1,147,Normal
2025-12-28 04:00:00,L55848,5.98,1502,45.9,150,Normal
2025-12-28 05:00:00,M23529,6.59,1471,52.3,152,Normal
2025-12-28 06:00:00,L55850,5.06,1581,30.4,155,Normal
2025-12-28 07:00:00,L55851,5.38,1530,37.8,157,Normal
2025-12-28 08:00:00,L55852,7.43,1312,50.3,159,Normal
2025-12-28 09:00:00,L55853,5.94,1494,42.6,161,Normal
2025-12-28 10:00:00,M23534,4.89,1528,29.1,163,Normal
2025-12-28 11:00:00,H38089,5.72,1688,29.4,166,Normal
2025-12-28 12:00:00,M23536,5.9,1520,42.4,171,Normal
2025-12-28 13:00:00,M23537,5.65,1664,28.9,174,Normal
2025-12-28 14:00:00,L55858,6.14,1514,44.5,177,Normal
2025-12-28 15:00:00,L55859,7.12,1456,54.2,179,Normal
2025-12-28 16:00:00,L55860,5.98,1494,39.6,181,Normal
2025-12-28 17:00:00,L55861,5.5,1605,30.0,183,Normal
2025-12-28 18:00:00,M23542,7.27,1353,46.5,185,Normal
2025-12-28 19:00:00,L55863,6.87,1447,47.9,188,Normal
2025-12-28 20:00:00,L55864,6.16,1588,40.4,190,Normal
2025-12-28 21:00:00,H38099,6.06,1524,41.4,192,Normal
2025-12-28 22:00:00,M23546,5.8,1611,31.6,197,Normal
2025-12-28 23:00:00,M23547,6.01,1604,34.9,200,Normal
2025-12-29 00:00:00,L55868,6.78,1483,46.9,203,Normal
2025-12-29 01:00:00,L55869,6.04,1543,39.6,205,Normal
2025-12-29 02:00:00,L55870,7.56,1323,44.4,207,Critical
2025-12-29 03:00:00,L55871,3.45,1555,36.2,0,Normal
2025-12-29 04:00:00,L55872,3.35,1583,31.9,2,Normal
2025-12-29 05:00:00,M23553,3.91,1584,40.0,4,Normal
2025-12-29 06:00:00,L55874,4.03,1766,25.8,7,Normal
2025-12-29 07:00:00,M23555,4.23,1498,44.4,9,Normal
2025-12-29 08:00:00,L55876,5.09,1413,49.8,12,Normal
2025-12-29 09:00:00,L55877,3.54,1505,33.5,14,Normal
2025-12-29 10:00:00,H38112,4.77,1438,46.2,16,Normal
2025-12-29 11:00:00,M23559,4.12,1655,34.1,21,Normal
2025-12-29 12:00:00,M23560,4.63,1451,43.8,24,Normal
2025-12-29 13:00:00,M23561,4.23,1466,38.4,27,Normal
2025-12-29 14:00:00,L55882,4.17,1774,23.0,30,Normal
2025-12-29 15:00:00,M23563,6.15,1284,51.3,32,Normal
2025-12-29 16:00:00,L55884,4.66,1425,40.0,35,Normal
2025-12-29 17:00:00,L55885,5.43,1437,52.4,37,Normal
2025-12-29 18:00:00,L55886,6.06,1335,53.0,39,Normal
2025-12-29 19:00:00,L55887,4.59,1471,41.7,41,Normal
2025-12-29 20:00:00,M23568,6.01,1364,54.0,43,Normal
2025-12-29 21:00:00,L55889,4.09,1578,35.6,46,Normal
2025-12-29 22:00:00,L55890,4.63,1712,32.1,48,Normal
2025-12-29 23:00:00,L55891,4.55,1733,28.7,50,Normal
2025-12-30 00:00:00,L55892,4.34,1652,32.1,52,Normal
2025-12-30 01:00:00,L55893,5.32,1917,24.1,54,Normal
2025-12-30 02:00:00,M23574,4.88,1444,41.1,56,Normal
2025-12-30 03:00:00,L55895,4.66,1442,37.1,59,Normal
2025-12-30 04:00:00,M23576,4.76,1717,31.3,61,Normal
2025-12-30 05:00:00,L55897,4.88,1474,42.3,64,Normal
2025-12-30 06:00:00,L55898,4.51,1509,39.3,66,Normal
2025-12-30 07:00:00,L55899,5.11,1451,43.1,68,Normal
2025-12-30 08:00:00,L55900,4.27,1554,36.1,70,Normal
2025-12-30 09:00:00,L55901,4.58,1669,30.7,72,Normal
2025-12-30 10:00:00,L55902,6.13,1366,50.4,74,Normal
2025-12-30 11:00:00,L55903,4.37,1578,34.4,76,Normal
2025-12-30 12:00:00,M23584,4.61,1513,39.0,78,Normal
2025-12-30 13:00:00,M23585,4.84,1515,42.1,81,Normal
2025-12-30 14:00:00,L55906,4.28,1562,33.0,84,Normal
2025-12-30 15:00:00,L55907,4.74,1501,38.5,86,Normal
2025-12-30 16:00:00,M23588,5.32,1398,38.1,88,Normal
2025-12-30 17:00:00,L55909,6.63,1352,53.8,91,Normal
2025-12-30 18:00:00,H38144,4.48,1569,33.9,93,Normal
2025-12-30 19:00:00,H38145,5.5,1486,46.6,98,Normal
2025-12-30 20:00:00,L55912,5.58,1864,23.6,103,Normal
2025-12-30 21:00:00,M23593,5.66,1447,44.5,105,Normal
2025-12-30 22:00:00,L55914,5.81,1392,41.5,108,Normal
2025-12-30 23:00:00,L55915,6.42,1358,47.6,110,Normal
2025-12-31 00:00:00,L55916,5.22,1491,40.2,112,Normal
2025-12-31 01:00:00,L55917,4.84,1556,36.7,114,Normal
2025-12-31 02:00:00,L55918,4.81,1531,36.7,116,Normal
2025-12-31 03:00:00,H38153,5.47,1429,37.6,118,Normal
2025-12-31 04:00:00,M23600,4.86,1573,33.9,123,Normal
2025-12-31 05:00:00,L55921,5.19,1538,41.2,126,Normal
2025-12-31 06:00:00,L55922,5.46,1467,39.0,128,Normal
2025-12-31 07:00:00,H38157,7.08,1323,51.1,130,Normal
2025-12-31 08:00:00,M23604,5.55,1798,23.0,135,Normal
2025-12-31 09:00:00,L55925,6.37,1411,46.3,138,Normal
2025-12-31 10:00:00,L55926,5.62,1528,44.5,140,Normal
2025-12-31 11:00:00,L55927,5.62,1504,42.0,142,Normal
2025-12-31 12:00:00,L55928,6.16,1384,39.6,144,Normal
2025-12-31 13:00:00,L55929,5.23,1677,26.4,146,Normal
2025-12-31 14:00:00,L55930,6.02,1764,30.8,148,Normal
2025-12-31 15:00:00,M23611,5.89,1472,42.0,150,Normal
2025-12-31 16:00:00,M23612,6.87,1465,55.9,153,Normal
2025-12-31 17:00:00,M23613,5.67,1657,33.1,156,Normal
2025-12-31 18:00:00,L55934,5.41,1635,30.5,159,Normal
2025-12-31 19:00:00,M23615,5.23,1582,31.9,161,Normal
2025-12-31 20:00:00,L55936,5.89,1761,26.2,164,Normal
2025-12-31 21:00:00,L55937,5.52,1587,34.9,166,Normal
2025-12-31 22:00:00,M23618,6.97,1446,53.0,168,Normal
2025-12-31 23:00:00,M23619,7.53,1352,53.0,171,Normal
2026-01-01 00:00:00,M23620,6.91,1392,46.4,174,Normal
2026-01-01 01:00:00,L55941,7.03,1417,49.8,177,Normal
2026-01-01 02:00:00,H38176,6.28,1824,24.0,179,Normal
2026-01-01 03:00:00,L55943,5.94,1603,36.7,184,Normal
2026-01-01 04:00:00,L55944,5.84,1620,33.4,186,Normal
2026-01-01 05:00:00,L55945,7.49,1353,49.4,188,Normal
2026-01-01 06:00:00,L55946,7.56,1360,50.7,190,Normal
2026-01-01 07:00:00,L55947,7.65,1380,53.5,192,Normal
2026-01-01 08:00:00,M23628,7.78,1363,53.6,194,Normal
2026-01-01 09:00:00,M23629,6.51,1452,41.2,197,Normal
2026-01-01 10:00:00,L55950,6.3,1680,32.8,200,Normal
2026-01-01 11:00:00,L55951,5.96,1536,39.0,202,Normal
2026-01-01 12:00:00,L55952,3.35,1621,28.9,0,Normal
2026-01-01 13:00:00,L55953,3.74,1585,37.6,2,Normal
2026-01-01 14:00:00,M23634,5.14,1408,51.5,4,Normal
2026-01-01 15:00:00,H38189,3.62,1536,38.7,7,Normal
2026-01-01 16:00:00,L55956,5.62,1352,52.6,12,Normal
2026-01-01 17:00:00,H38191,4.02,1481,38.8,14,Normal
2026-01-01 18:00:00,L55958,4.64,1454,45.0,19,Normal
2026-01-01 19:00:00,M23639,5.67,1349,51.5,21,Normal
2026-01-01 20:00:00,M23640,5.87,1327,52.1,24,Normal
2026-01-01 21:00:00,L55961,4.16,1552,42.3,27,Normal
2026-01-01 22:00:00,L55962,4.72,1456,44.7,29,Normal
2026-01-01 23:00:00,M23643,5.95,1254,45.8,31,Normal
2026-01-02 00:00:00,L55964,4.8,1437,43.3,34,Normal
2026-01-02 01:00:00,L55965,4.06,1694,27.1,36,Normal
2026-01-02 02:00:00,L55966,6.06,1306,50.7,38,Normal
2026-01-02 03:00:00,M23647,4.33,1699,30.1,40,Normal
2026-01-02 04:00:00,L55968,5.93,1369,53.2,43,Normal
2026-01-02 05:00:00,L55969,4.78,1471,43.9,45,Normal
2026-01-02 06:00:00,L55970,5.14,1410,43.9,47,Normal
2026-01-02 07:00:00,M23651,5.26,1412,45.5,49,Normal
2026-01-02 08:00:00,L55972,5.63,1418,51.2,52,Normal
2026-01-02 09:00:00,L55973,4.69,1782,25.9,54,Normal
2026-01-02 10:00:00,M23654,4.27,1497,36.4,56,Normal
2026-01-02 11:00:00,L55975,4.72,1459,39.4,59,Normal
2026-01-02 12:00:00,L55976,4.71,1796,23.8,61,Normal
2026-01-02 13:00:00,L55977,3.95,1569,31.2,63,Normal
2026-01-02 14:00:00,L55978,5.21,1469,46.7,65,Normal
2026-01-02 15:00:00,L55979,4.86,1472,41.3,67,Normal
2026-01-02 16:00:00,L55980,5.25,1475,47.2,69,Normal
2026-01-02 17:00:00,L55981,4.5,1488,36.4,71,Normal
2026-01-02 18:00:00,L55982,4.76,1524,43.1,73,Normal
2026-01-02 19:00:00,L55983,5.36,1486,48.6,75,Normal
2026-01-02 20:00:00,M23664,7.46,1255,60.7,77,Normal
2026-01-02 21:00:00,M23665,5.12,1469,42.6,80,Normal
2026-01-02 22:00:00,L55986,5.08,1692,34.3,83,Normal
2026-01-02 23:00:00,M23667,4.51,1604,32.8,85,Normal
2026-01-03 00:00:00,L55988,5.7,1446,48.1,88,Normal
2026-01-03 01:00:00,L55989,5.09,1503,43.3,90,Normal
2026-01-03 02:00:00,M23670,4.71,1625,32.8,92,Normal
2026-01-03 03:00:00,L55991,4.66,1574,35.8,95,Normal
2026-01-03 04:00:00,M23672,5.78,1378,41.9,97,Normal
2026-01-03 05:00:00,L55993,4.97,1693,29.5,100,Normal
2026-01-03 06:00:00,L55994,5.98,1462,51.2,102,Normal
2026-01-03 07:00:00,H38229,6.4,1435,55.0,104,Normal
2026-01-03 08:00:00,M23676,5.92,1425,45.8,109,Normal
2026-01-03 09:00:00,H38231,6.73,1376,53.5,112,Normal
2026-01-03 10:00:00,M23678,5.84,1481,48.0,117,Normal
2026-01-03 11:00:00,H38233,6.67,1349,48.9,120,Normal
2026-01-03 12:00:00,L56000,5.16,1551,40.0,125,Normal
2026-01-03 13:00:00,H38235,5.18,1623,33.8,127,Normal
2026-01-03 14:00:00,L56002,6.24,1462,49.7,132,Normal
2026-01-03 15:00:00,M23683,6.85,1447,57.4,134,Normal
2026-01-03 16:00:00,M23684,5.68,1799,24.5,137,Normal
2026-01-03 17:00:00,M23685,5.41,1548,41.3,140,Normal
2026-01-03 18:00:00,M23686,6.12,1485,47.9,143,Normal
2026-01-03 19:00:00,L56007,6.41,1463,49.9,146,Normal
2026-01-03 20:00:00,L56008,5.36,1587,35.8,148,Normal
2026-01-03 21:00:00,M23689,6.05,1469,44.1,150,Normal
2026-01-03 22:00:00,H38244,6.21,1430,42.8,153,Normal
2026-01-03 23:00:00,H38245,5.67,1726,26.8,158,Normal
2026-01-04 00:00:00,L56012,5.78,1651,34.1,163,Normal
2026-01-04 01:00:00,L56013,5.71,1529,41.3,165,Normal
2026-01-04 02:00:00,L56014,6.36,1473,46.2,167,Normal
2026-01-04 03:00:00,H38249,7.69,1324,53.5,169,Normal
2026-01-04 04:00:00,L56016,5.89,1708,28.8,174,Normal
2026-01-04 05:00:00,M23697,5.61,1540,38.5,176,Normal
2026-01-04 06:00:00,L56018,7.91,1320,54.7,179,Normal
2026-01-04 07:00:00,M23699,6.6,1376,39.0,181,Normal
2026-01-04 08:00:00,M23700,5.61,1542,37.0,184,Normal
2026-01-04 09:00:00,L56021,5.97,1506,39.3,187,Normal
2026-01-04 10:00:00,L56022,6.35,1492,43.6,189,Normal
2026-01-04 11:00:00,H38257,5.89,1564,38.0,191,Normal
2026-01-04 12:00:00,H38258,5.93,1645,30.8,196,Normal
2026-01-04 13:00:00,M23705,8.31,1348,59.1,201,Normal
2026-01-04 14:00:00,M23706,8.68,1325,62.4,204,Critical
2026-01-04 15:00:00,L56027,4.37,1443,43.5,0,Normal
2026-01-04 16:00:00,M23708,4.52,1436,44.8,2,Normal
2026-01-04 17:00:00,L56029,3.38,1596,30.7,5,Normal
2026-01-04 18:00:00,L56030,4.17,1491,43.2,7,Normal
2026-01-04 19:00:00,M23711,3.59,1573,35.1,9,Normal
2026-01-04 20:00:00,L56032,3.95,1575,39.9,12,Normal
2026-01-04 21:00:00,L56033,4.3,1458,41.1,14,Normal
2026-01-04 22:00:00,M23714,4.51,1433,41.8,16,Normal
2026-01-04 23:00:00,L56035,3.75,1662,28.1,19,Normal
2026-01-05 00:00:00,M23716,6.59,1327,63.7,21,Normal
2026-01-05 01:00:00,L56037,4.13,1742,26.3,24,Normal
2026-01-05 02:00:00,L56038,3.68,1506,33.5,26,Normal
2026-01-05 03:00:00,L56039,4.69,1457,44.4,28,Normal
2026-01-05 04:00:00,M23720,4.07,1488,37.3,30,Normal
2026-01-05 05:00:00,L56041,4.1,1619,34.7,33,Normal
2026-01-05 06:00:00,M23722,4.24,1558,41.7,35,Normal
2026-01-05 07:00:00,L56043,4.4,1731,28.7,38,Normal
2026-01-05 08:00:00,M23724,3.94,1574,34.8,40,Normal
2026-01-05 09:00:00,L56045,6.15,1290,49.8,43,Normal
2026-01-05 10:00:00,H38280,4.8,1416,39.6,45,Normal
2026-01-05 11:00:00,L56047,4.48,1566,41.9,50,Normal
2026-01-05 12:00:00,L56048,5.11,1456,46.5,52,Normal
2026-01-05 13:00:00,L56049,4.15,1528,37.5,54,Normal
2026-01-05 14:00:00,M23730,6.02,1338,49.6,56,Normal
2026-01-05 15:00:00,M23731,4.37,1558,39.2,59,Normal
2026-01-05 16:00:00,M23732,4.64,1614,38.1,62,Normal
2026-01-05 17:00:00,H38287,4.25,1557,36.4,65,Normal
2026-01-05 18:00:00,L56054,5.32,1443,45.3,70,Normal
2026-01-05 19:00:00,H38289,6.34,1332,51.0,72,Normal
2026-01-05 20:00:00,M23736,4.75,1752,25.2,77,Normal
2026-01-05 21:00:00,M23737,5.38,1460,45.8,80,Normal
2026-01-05 22:00:00,L56058,5.21,1802,26.9,83,Normal
2026-01-05 23:00:00,L56059,4.65,1527,39.5,85,Normal
2026-01-06 00:00:00,L56060,5.08,1458,39.8,87,Normal
2026-01-06 01:00:00,H38295,4.63,1520,37.9,89,Normal
2026-01-06 02:00:00,L56062,6.26,1378,49.7,94,Normal
2026-01-06 03:00:00,M23743,4.68,1529,38.1,96,Normal
2026-01-06 04:00:00,L56064,4.35,1527,32.4,99,Normal
2026-01-06 05:00:00,M23745,5.56,1438,42.9,101,Normal
2026-01-06 06:00:00,L56066,4.88,1583,36.7,104,Normal
2026-01-06 07:00:00,L56067,4.76,1530,37.6,106,Normal
2026-01-06 08:00:00,M23748,4.88,1530,39.1,108,Normal
2026-01-06 09:00:00,M23749,6.63,2089,19.1,111,Normal
2026-01-06 10:00:00,L56070,5.01,1616,34.2,114,Normal
2026-01-06 11:00:00,M23751,5.02,1681,28.3,116,Normal
2026-01-06 12:00:00,L56072,5.57,1475,43.0,119,Normal
2026-01-06 13:00:00,L56073,6.41,1371,46.5,121,Normal
2026-01-06 14:00:00,M23754,4.98,1546,38.0,123,Normal
2026-01-06 15:00:00,H38309,5.55,1461,40.1,126,Normal
2026-01-06 16:00:00,L56076,5.19,1638,31.9,131,Normal
2026-01-06 17:00:00,M23757,5.11,1577,35.6,133,Normal
2026-01-06 18:00:00,L56078,5.18,1532,38.7,136,Normal
2026-01-06 19:00:00,M23759,5.4,1710,27.7,138,Normal
2026-01-06 20:00:00,M23760,4.84,1584,29.4,141,Normal
2026-01-06 21:00:00,L56081,6.5,1446,50.1,144,Normal
2026-01-06 22:00:00,H38316,5.85,1522,46.3,146,Normal
2026-01-06 23:00:00,M23763,6.92,1382,49.9,151,Normal
2026-01-07 00:00:00,L56084,5.57,1584,38.2,154,Normal
2026-01-07 01:00:00,L56085,7.31,1385,55.2,156,Normal
2026-01-07 02:00:00,L56086,5.42,1592,34.4,158,Normal
2026-01-07 03:00:00,M23767,6.5,1404,43.7,160,Normal
2026-01-07 04:00:00,L56088,5.94,1518,44.3,163,Normal
2026-01-07 05:00:00,L56089,5.65,1529,40.4,165,Normal
2026-01-07 06:00:00,L56090,5.46,1550,37.0,167,Normal
2026-01-07 07:00:00,L56091,5.86,1773,23.8,169,Normal
2026-01-07 08:00:00,L56092,6.4,1446,43.7,171,Normal
2026-01-07 09:00:00,M23773,6.4,1487,46.9,173,Normal
2026-01-07 10:00:00,M23774,6.39,1524,49.3,176,Normal
2026-01-07 11:00:00,L56095,7.41,1403,54.1,179,Normal
2026-01-07 12:00:00,L56096,8.17,2267,15.7,181,Normal
2026-01-07 13:00:00,M23777,5.7,1529,37.9,183,Normal
2026-01-07 14:00:00,L56098,7.31,1402,51.2,186,Normal
2026-01-07 15:00:00,L56099,5.92,1693,28.0,188,Normal
2026-01-07 16:00:00,L56100,6.48,1496,45.8,190,Normal
2026-01-07 17:00:00,L56101,5.98,1633,33.3,192,Normal
2026-01-07 18:00:00,L56102,6.86,1399,42.6,194,Normal
2026-01-07 19:00:00,M23783,7.26,1363,45.3,196,Normal
2026-01-07 20:00:00,H38338,6.18,1527,42.2,199,Normal
2026-01-07 21:00:00,M23785,6.94,1405,42.5,204,Normal
2026-01-07 22:00:00,M23786,7.79,1459,59.6,207,Critical
2026-01-07 23:00:00,M23787,6.52,1789,25.0,210,Normal
2026-01-08 00:00:00,L56108,6.28,1531,41.5,213,Normal
2026-01-08 01:00:00,M23789,6.34,1620,35.8,215,Normal
2026-01-08 02:00:00,L56110,3.75,1571,39.4,0,Normal
2026-01-08 03:00:00,L56111,4.21,1434,39.9,2,Normal
2026-01-08 04:00:00,L56112,4.25,1474,43.6,4,Normal
2026-01-08 05:00:00,M23793,3.82,1544,41.7,6,Normal
2026-01-08 06:00:00,L56114,3.78,1601,35.7,9,Normal
2026-01-08 07:00:00,L56115,4.35,1801,26.9,11,Normal
2026-01-08 08:00:00,L56116,4.31,1465,42.0,13,Normal
2026-01-08 09:00:00,M23797,5.72,1340,52.6,15,Normal
2026-01-08 10:00:00,M23798,4.01,1517,41.0,18,Normal
2026-01-08 11:00:00,M23799,4.76,1434,44.8,21,Normal
2026-01-08 12:00:00,H38354,4.75,1935,19.3,24,Normal
2026-01-08 13:00:00,M23801,3.76,1595,32.2,29,Normal
2026-01-08 14:00:00,L56122,6.11,2188,17.0,32,Normal
2026-01-08 15:00:00,M23803,4.8,1449,44.4,34,Normal
2026-01-08 16:00:00,L56124,4.31,1471,38.2,37,Normal
2026-01-08 17:00:00,L56125,4.23,1639,33.8,39,Normal
2026-01-08 18:00:00,M23806,4.8,1846,24.5,41,Normal
2026-01-08 19:00:00,M23807,4.5,1452,38.2,44,Normal
2026-01-08 20:00:00,M23808,4.6,1483,41.9,47,Normal
2026-01-08 21:00:00,L56129,6.95,1284,60.3,50,Normal
2026-01-08 22:00:00,L56130,5.55,1419,50.0,52,Normal
2026-01-08 23:00:00,L56131,4.74,1763,28.4,54,Normal
2026-01-09 00:00:00,M23812,4.78,1478,42.5,56,Normal
2026-01-09 01:00:00,L56133,4.17,1518,36.0,59,Normal
2026-01-09 02:00:00,L56134,5.43,1447,49.0,61,Normal
2026-01-09 03:00:00,M23815,6.37,1355,55.1,63,Normal
2026-01-09 04:00:00,L56136,6.59,1348,57.4,66,Normal
2026-01-09 05:00:00,L56137,6.38,1348,53.7,68,Normal
2026-01-09 06:00:00,M23818,4.73,1734,27.7,70,Normal
2026-01-09 07:00:00,L56139,5.56,1420,46.5,73,Normal
2026-01-09 08:00:00,L56140,4.94,1797,24.7,75,Normal
2026-01-09 09:00:00,M23821,5.61,1403,45.0,77,Normal
2026-01-09 10:00:00,L56142,4.42,1628,30.2,80,Normal
2026-01-09 11:00:00,M23823,4.78,1687,30.4,82,Normal
2026-01-09 12:00:00,M23824,5.4,1456,44.9,85,Normal
2026-01-09 13:00:00,L56145,5.2,1496,44.7,88,Normal
2026-01-09 14:00:00,L56146,4.59,1636,30.3,90,Normal
2026-01-09 15:00:00,L56147,4.74,1536,40.4,92,Normal
2026-01-09 16:00:00,L56148,5.89,1454,50.6,94,Normal
2026-01-09 17:00:00,L56149,6.2,1396,50.0,96,Normal
2026-01-09 18:00:00,L56150,4.81,1575,37.4,98,Normal
2026-01-09 19:00:00,L56151,4.65,1514,35.7,100,Normal
2026-01-09 20:00:00,M23832,5.93,1455,49.9,102,Normal
2026-01-09 21:00:00,L56153,5.45,1549,48.3,105,Normal
2026-01-09 22:00:00,L56154,5.4,1474,42.4,107,Normal
2026-01-09 23:00:00,H38389,5.21,1661,34.2,109,Normal
2026-01-10 00:00:00,L56156,4.63,1535,34.6,114,Normal
2026-01-10 01:00:00,M23837,4.51,1556,31.2,116,Normal
2026-01-10 02:00:00,L56158,5.93,1435,45.0,119,Normal
2026-01-10 03:00:00,M23839,6.92,1332,51.1,121,Normal
2026-01-10 04:00:00,L56160,5.38,1513,42.4,124,Normal
2026-01-10 05:00:00,L56161,5.27,1502,39.4,126,Normal
2026-01-10 06:00:00,L56162,7.69,1315,60.1,128,Normal
2026-01-10 07:00:00,M23843,7.43,1261,51.1,130,Normal
2026-01-10 08:00:00,L56164,7.26,1406,60.4,133,Normal
2026-01-10 09:00:00,L56165,5.61,1584,42.3,135,Normal
2026-01-10 10:00:00,M23846,6.02,1443,43.9,137,Normal
2026-01-10 11:00:00,L56167,5.23,1580,35.8,140,Normal
2026-01-10 12:00:00,L56168,5.89,1825,24.6,142,Normal
2026-01-10 13:00:00,L56169,6.24,1469,48.2,144,Normal
2026-01-10 14:00:00,L56170,5.49,1493,38.4,146,Normal
2026-01-10 15:00:00,M23851,5.0,1598,29.4,148,Normal
2026-01-10 16:00:00,H38406,5.71,1450,37.2,151,Normal
2026-01-10 17:00:00,M23853,5.82,1632,37.5,156,Normal
2026-01-10 18:00:00,M23854,6.67,1980,20.3,159,Normal
2026-01-10 19:00:00,L56175,6.13,1474,43.7,162,Normal
2026-01-10 20:00:00,L56176,5.37,1540,37.1,164,Normal
2026-01-10 21:00:00,M23857,5.9,1609,38.9,166,Normal
2026-01-10 22:00:00,L56178,6.2,1467,42.8,169,Normal
2026-01-10 23:00:00,L56179,5.86,1492,39.4,171,Normal
2026-01-11 00:00:00,L56180,6.32,1493,46.1,173,Normal
2026-01-11 01:00:00,L56181,5.9,1500,39.9,175,Normal
2026-01-11 02:00:00,L56182,5.83,1477,36.6,177,Normal
2026-01-11 03:00:00,L56183,7.43,1342,49.1,179,Normal
2026-01-11 04:00:00,M23864,5.39,1538,34.3,181,Normal
2026-01-11 05:00:00,L56185,8.1,1337,58.1,184,Normal
2026-01-11 06:00:00,L56186,6.61,1417,41.8,186,Normal
2026-01-11 07:00:00,L56187,7.11,1383,46.2,188,Normal
2026-01-11 08:00:00,M23868,6.57,1440,42.4,190,Normal
2026-01-11 09:00:00,L56189,5.76,1579,34.4,193,Normal
2026-01-11 10:00:00,L56190,6.47,1441,40.0,195,Normal
2026-01-11 11:00:00,M23871,5.73,1530,35.9,197,Normal
2026-01-11 12:00:00,L56192,6.0,1705,26.0,200,Normal
2026-01-11 13:00:00,H38427,6.78,1435,43.0,202,Normal
2026-01-11 14:00:00,M23874,8.56,1340,61.3,207,Critical
2026-01-11 15:00:00,L56195,7.34,1431,49.7,210,Critical
2026-01-11 16:00:00,L56196,7.75,1396,52.7,212,Critical
2026-01-11 17:00:00,M23877,7.88,1369,52.0,214,Normal
2026-01-11 18:00:00,L56198,6.31,1615,35.4,217,Critical
2026-01-11 19:00:00,L56199,3.73,1662,31.3,0,Normal
2026-01-11 20:00:00,L56200,3.29,1553,33.5,2,Normal
2026-01-11 21:00:00,M23881,3.32,1536,34.6,4,Normal
2026-01-11 22:00:00,L56202,4.18,1548,46.6,7,Normal
2026-01-11 23:00:00,L56203,4.06,1706,30.9,9,Normal
2026-01-12 00:00:00,L56204,5.06,1366,45.5,11,Normal
2026-01-12 01:00:00,L56205,4.05,1440,35.9,13,Normal
2026-01-12 02:00:00,M23886,3.83,1685,28.1,15,Normal
2026-01-12 03:00:00,M23887,4.61,1444,44.0,18,Normal
2026-01-12 04:00:00,L56208,5.23,1395,48.7,21,Normal
2026-01-12 05:00:00,L56209,4.12,1483,38.8,23,Normal
2026-01-12 06:00:00,M23890,4.95,1403,44.3,25,Normal
2026-01-12 07:00:00,H38445,4.31,1793,23.9,28,Normal
2026-01-12 08:00:00,L56212,4.3,1723,28.8,33,Normal
2026-01-12 09:00:00,L56213,4.94,1386,41.0,35,Normal
2026-01-12 10:00:00,H38448,4.71,1585,46.2,37,Normal
2026-01-12 11:00:00,M23895,4.38,1731,27.7,42,Normal
2026-01-12 12:00:00,L56216,4.1,1519,37.7,45,Normal
2026-01-12 13:00:00,L56217,5.14,1896,24.4,47,Normal
2026-01-12 14:00:00,L56218,6.55,2358,14.9,49,Normal
2026-01-12 15:00:00,M23899,6.1,1341,51.9,51,Normal
2026-01-12 16:00:00,L56220,4.12,1550,37.0,54,Normal
2026-01-12 17:00:00,L56221,6.96,1309,61.5,56,Normal
2026-01-12 18:00:00,M23902,4.17,1599,32.9,58,Normal
2026-01-12 19:00:00,L56223,5.43,1343,40.0,61,Normal
2026-01-12 20:00:00,L56224,5.25,1378,39.9,63,Normal
2026-01-12 21:00:00,L56225,4.39,1603,34.6,65,Normal
2026-01-12 22:00:00,L56226,4.33,1664,28.1,67,Normal
2026-01-12 23:00:00,L56227,4.54,1488,37.4,69,Normal
2026-01-13 00:00:00,M23908,6.08,1370,50.5,71,Normal
2026-01-13 01:00:00,L56229,4.15,1545,34.3,74,Normal
2026-01-13 02:00:00,M23910,4.1,1566,31.4,76,Normal
2026-01-13 03:00:00,L56231,5.11,1820,24.6,79,Normal
2026-01-13 04:00:00,M23912,5.42,1901,22.1,81,Normal
2026-01-13 05:00:00,M23913,4.65,1638,32.2,84,Normal
2026-01-13 06:00:00,M23914,4.62,1521,38.2,87,Normal
2026-01-13 07:00:00,H38469,5.39,1864,23.1,90,Normal
2026-01-13 08:00:00,L56236,5.47,1430,41.9,95,Normal
2026-01-13 09:00:00,M23917,5.22,1686,34.5,97,Normal
2026-01-13 10:00:00,M23918,7.11,1326,57.2,100,Normal
2026-01-13 11:00:00,L56239,5.38,1805,25.6,103,Normal
2026-01-13 12:00:00,H38474,5.71,1453,45.8,105,Normal
2026-01-13 13:00:00,M23921,5.81,1863,26.0,110,Normal
2026-01-13 14:00:00,L56242,4.85,1576,35.3,113,Normal
2026-01-13 15:00:00,L56243,5.62,1419,39.7,115,Normal
2026-01-13 16:00:00,L56244,5.67,1833,25.2,117,Normal
2026-01-13 17:00:00,H38479,7.13,2182,17.3,119,Normal
2026-01-13 18:00:00,L56246,5.1,1656,30.3,124,Normal
2026-01-13 19:00:00,L56247,7.24,1351,56.6,126,Normal
2026-01-13 20:00:00,H38482,5.9,1790,30.3,128,Normal
2026-01-13 21:00:00,M23929,5.19,1678,28.1,133,Normal
2026-01-13 22:00:00,L56250,6.19,1427,45.2,136,Normal
2026-01-13 23:00:00,L56251,6.77,1429,54.0,138,Normal
2026-01-14 00:00:00,H38486,5.73,1770,27.2,140,Normal
2026-01-14 01:00:00,L56253,5.59,1689,31.2,145,Normal
2026-01-14 02:00:00,M23934,5.52,1554,41.3,147,Normal
2026-01-14 03:00:00,L56255,5.31,1506,36.0,150,Normal
2026-01-14 04:00:00,L56256,6.06,1474,44.3,152,Normal
2026-01-14 05:00:00,L56257,5.77,1762,26.1,154,Normal
2026-01-14 06:00:00,L56258,5.33,1566,35.7,156,Normal
2026-01-14 07:00:00,H38493,5.73,1554,42.4,158,Normal
2026-01-14 08:00:00,L56260,6.43,1869,25.4,163,Normal
2026-01-14 09:00:00,L56261,5.31,1527,35.1,165,Normal
2026-01-14 10:00:00,L56262,7.5,1309,49.6,167,Normal
2026-01-14 11:00:00,M23943,5.35,1541,35.7,169,Normal
2026-01-14 12:00:00,L56264,9.15,1326,75.4,172,Critical
2026-01-14 13:00:00,H38499,7.56,1365,54.0,174,Normal
2026-01-14 14:00:00,L56266,6.59,1428,43.7,179,Normal
2026-01-14 15:00:00,L56267,5.74,1681,27.6,181,Normal
2026-01-14 16:00:00,M23948,5.61,1662,26.9,183,Normal
2026-01-14 17:00:00,L56269,7.04,1989,20.3,186,Normal
2026-01-14 18:00:00,M23950,6.28,1747,29.0,188,Normal
2026-01-14 19:00:00,M23951,6.56,1765,31.1,191,Normal
2026-01-14 20:00:00,L56272,5.71,1568,34.4,194,Normal
2026-01-14 21:00:00,M23953,6.27,1709,30.6,196,Normal
2026-01-14 22:00:00,M23954,8.14,1370,58.8,199,Normal
2026-01-14 23:00:00,L56275,6.83,1458,45.7,202,Normal
2026-01-15 00:00:00,L56276,6.4,1712,30.9,204,Normal
2026-01-15 01:00:00,L56277,6.43,1642,36.9,206,Normal
2026-01-15 02:00:00,L56278,4.65,1468,49.8,0,Normal
2026-01-15 03:00:00,H38513,4.78,1477,52.3,2,Normal
2026-01-15 04:00:00,L56280,5.09,1446,53.5,7,Normal
2026-01-15 05:00:00,H38515,3.79,1653,31.4,9,Normal
2026-01-15 06:00:00,L56282,3.91,1494,38.2,14,Normal
2026-01-15 07:00:00,L56283,4.14,1490,41.0,16,Normal
2026-01-15 08:00:00,M23964,4.4,1550,47.8,18,Normal
2026-01-15 09:00:00,M23965,4.3,1677,34.9,21,Normal
2026-01-15 10:00:00,L56286,4.47,1854,21.8,24,Normal
2026-01-15 11:00:00,M23967,3.97,1662,30.3,26,Normal
2026-01-15 12:00:00,M23968,4.43,1440,38.8,29,Normal
2026-01-15 13:00:00,L56289,4.11,1513,39.7,32,Normal
2026-01-15 14:00:00,M23970,5.44,1389,49.0,34,Normal
2026-01-15 15:00:00,L56291,5.82,1351,51.0,37,Normal
2026-01-15 16:00:00,M23972,4.28,1482,38.3,39,Normal
2026-01-15 17:00:00,L56293,4.5,1744,28.5,42,Normal
2026-01-15 18:00:00,L56294,4.42,1476,39.0,44,Normal
2026-01-15 19:00:00,M23975,5.22,1444,48.2,46,Normal
2026-01-15 20:00:00,H38530,4.35,1659,32.1,49,Normal
2026-01-15 21:00:00,M23977,5.04,1475,46.6,54,Normal
2026-01-15 22:00:00,L56298,4.5,1526,42.1,57,Normal
2026-01-15 23:00:00,M23979,4.39,1675,29.5,59,Normal
2026-01-16 00:00:00,L56300,4.34,1525,38.7,62,Normal
2026-01-16 01:00:00,L56301,5.55,1396,45.9,64,Normal
2026-01-16 02:00:00,L56302,4.7,1580,41.2,66,Normal
2026-01-16 03:00:00,L56303,5.03,1462,42.8,68,Normal
2026-01-16 04:00:00,L56304,5.75,1426,50.4,70,Normal
2026-01-16 05:00:00,L56305,4.25,1569,34.2,72,Normal
2026-01-16 06:00:00,L56306,4.88,1477,40.7,74,Normal
2026-01-16 07:00:00,L56307,4.92,1761,27.2,76,Normal
2026-01-16 08:00:00,M23988,5.22,1486,45.9,78,Normal
2026-01-16 09:00:00,L56309,4.62,1664,30.1,81,Normal
2026-01-16 10:00:00,L56310,4.33,1576,32.7,83,Normal
2026-01-16 11:00:00,H38545,5.48,1463,46.7,85,Normal
2026-01-16 12:00:00,M23992,5.07,1585,42.0,90,Normal
2026-01-16 13:00:00,L56313,5.42,1479,45.7,93,Normal
2026-01-16 14:00:00,L56314,5.25,1449,40.2,95,Normal
2026-01-16 15:00:00,H38549,6.19,1404,50.3,97,Normal
2026-01-16 16:00:00,L56316,4.97,1694,29.1,102,Normal
2026-01-16 17:00:00,L56317,5.16,1731,28.4,104,Normal
2026-01-16 18:00:00,L56318,4.77,1522,37.0,106,Normal
2026-01-16 19:00:00,L56319,4.7,1536,36.9,108,Normal
2026-01-16 20:00:00,L56320,5.83,1373,39.9,110,Normal
2026-01-16 21:00:00,L56321,5.03,1597,36.4,112,Normal
2026-01-16 22:00:00,L56322,5.36,1678,34.2,114,Normal
2026-01-16 23:00:00,L56323,5.64,1452,42.6,116,Normal
2026-01-17 00:00:00,M24004,5.63,1447,41.6,118,Normal
2026-01-17 01:00:00,L56325,5.05,1574,37.1,121,Normal
2026-01-17 02:00:00,L56326,5.13,1528,40.0,123,Normal
2026-01-17 03:00:00,L56327,5.09,1688,27.2,125,Normal
2026-01-17 04:00:00,L56328,5.96,1393,40.4,127,Normal
2026-01-17 05:00:00,M24009,6.44,1429,50.5,129,Normal
2026-01-17 06:00:00,M24010,7.36,1347,57.0,132,Normal
2026-01-17 07:00:00,L56331,5.32,1553,40.5,135,Normal
2026-01-17 08:00:00,L56332,7.68,1260,53.6,137,Normal
2026-01-17 09:00:00,L56333,4.89,1546,33.8,139,Normal
2026-01-17 10:00:00,L56334,5.34,1596,36.0,141,Normal
2026-01-17 11:00:00,L56335,7.55,1340,57.4,143,Normal
2026-01-17 12:00:00,M24016,7.24,1369,54.8,145,Normal
2026-01-17 13:00:00,L56337,6.6,1462,52.3,148,Normal
2026-01-17 14:00:00,H38572,6.08,1487,46.2,150,Normal
2026-01-17 15:00:00,M24019,5.32,1510,35.5,155,Normal
2026-01-17 16:00:00,H38574,5.44,1671,28.0,158,Normal
2026-01-17 17:00:00,M24021,5.3,1612,30.0,163,Normal
2026-01-17 18:00:00,M24022,5.73,1509,39.7,166,Normal
2026-01-17 19:00:00,L56343,6.78,1415,47.3,169,Normal
2026-01-17 20:00:00,L56344,7.97,2384,14.4,171,Normal
2026-01-17 21:00:00,L56345,8.31,1326,62.4,173,Normal
2026-01-17 22:00:00,M24026,7.39,1390,53.4,175,Normal
2026-01-17 23:00:00,M24027,6.62,1392,41.2,178,Normal
2026-01-18 00:00:00,H38582,6.9,1385,44.4,181,Normal
2026-01-18 01:00:00,L56349,6.8,1896,24.5,186,Normal
2026-01-18 02:00:00,L56350,6.65,1474,46.8,188,Normal
2026-01-18 03:00:00,M24031,7.07,1388,45.6,190,Normal
2026-01-18 04:00:00,L56352,6.05,1715,27.2,193,Normal
2026-01-18 05:00:00,H38587,6.03,1650,32.2,195,Normal
2026-01-18 06:00:00,L56354,6.9,1871,25.6,200,Critical
2026-01-18 07:00:00,L56355,5.95,1403,64.2,0,Critical
2026-01-18 08:00:00,L56356,3.78,1518,40.4,2,Normal
2026-01-18 09:00:00,L56357,4.05,1504,43.0,4,Normal
2026-01-18 10:00:00,L56358,5.89,1340,56.9,6,Normal
2026-01-18 11:00:00,H38593,4.59,1435,44.7,8,Normal
2026-01-18 12:00:00,L56360,3.74,1507,36.9,13,Normal
2026-01-18 13:00:00,L56361,3.63,1521,36.1,15,Normal
2026-01-18 14:00:00,M24042,4.35,1576,45.0,17,Normal
2026-01-18 15:00:00,L56363,3.65,1543,36.6,20,Normal
2026-01-18 16:00:00,L56364,4.35,1665,36.6,22,Normal
2026-01-18 17:00:00,L56365,5.11,1442,50.3,24,Normal
2026-01-18 18:00:00,L56366,3.7,1629,29.0,26,Normal
2026-01-18 19:00:00,L56367,5.31,1379,47.3,28,Normal
2026-01-18 20:00:00,L56368,4.18,1502,40.2,30,Normal
2026-01-18 21:00:00,L56369,3.78,1595,32.0,32,Normal
2026-01-18 22:00:00,M24050,4.47,1439,38.5,34,Normal
2026-01-18 23:00:00,M24051,5.25,1970,21.6,37,Normal
2026-01-19 00:00:00,L56372,3.94,1562,35.8,40,Normal
2026-01-19 01:00:00,M24053,4.22,1530,40.9,42,Normal
2026-01-19 02:00:00,L56374,5.0,1393,40.6,45,Normal
2026-01-19 03:00:00,L56375,4.05,1532,37.6,47,Normal
2026-01-19 04:00:00,L56376,4.42,1607,37.7,49,Normal
2026-01-19 05:00:00,M24057,5.19,1469,49.0,51,Normal
2026-01-19 06:00:00,M24058,4.1,1538,37.6,54,Normal
2026-01-19 07:00:00,L56379,4.14,1613,31.4,57,Normal
2026-01-19 08:00:00,M24060,4.15,1602,32.1,59,Normal
2026-01-19 09:00:00,L56381,5.37,1404,44.2,62,Normal
2026-01-19 10:00:00,L56382,4.22,1548,36.9,64,Normal
2026-01-19 11:00:00,L56383,4.19,1559,35.2,66,Normal
2026-01-19 12:00:00,L56384,4.62,1621,36.1,68,Normal
2026-01-19 13:00:00,L56385,4.2,1579,32.9,70,Normal
2026-01-19 14:00:00,M24066,4.77,1547,44.0,72,Normal
2026-01-19 15:00:00,L56387,5.91,1386,48.6,75,Normal
2026-01-19 16:00:00,L56388,5.32,1406,40.9,77,Normal
2026-01-19 17:00:00,M24069,6.4,1393,55.9,79,Normal
2026-01-19 18:00:00,M24070,6.88,2456,13.9,82,Normal
2026-01-19 19:00:00,M24071,5.94,1409,49.1,85,Normal
2026-01-19 20:00:00,L56392,6.39,1390,53.9,88,Normal
2026-01-19 21:00:00,L56393,4.96,1679,32.4,90,Normal
2026-01-19 22:00:00,L56394,4.68,1508,37.1,92,Normal
2026-01-19 23:00:00,L56395,4.98,1681,31.7,94,Normal
2026-01-20 00:00:00,H38630,5.38,1469,43.7,96,Normal
2026-01-20 01:00:00,L56397,6.09,1421,49.6,101,Normal
2026-01-20 02:00:00,L56398,6.53,1354,50.2,103,Normal
2026-01-20 03:00:00,M24079,7.02,1350,57.0,105,Normal
2026-01-20 04:00:00,L56400,7.51,1282,58.1,108,Normal
2026-01-20 05:00:00,M24081,5.02,1675,30.0,110,Normal
2026-01-20 06:00:00,M24082,4.93,1525,38.5,113,Normal
2026-01-20 07:00:00,L56403,6.12,1382,43.9,116,Normal
2026-01-20 08:00:00,L56404,5.95,1450,46.8,118,Normal
2026-01-20 09:00:00,L56405,5.53,1820,23.6,120,Normal
2026-01-20 10:00:00,L56406,5.56,1822,23.5,122,Normal
2026-01-20 11:00:00,L56407,5.73,1473,44.3,124,Normal
2026-01-20 12:00:00,M24088,5.13,1572,37.5,126,Normal
2026-01-20 13:00:00,M24089,6.5,2042,17.8,129,Normal
2026-01-20 14:00:00,L56410,6.18,1922,22.6,132,Normal
2026-01-20 15:00:00,L56411,4.97,1539,36.5,134,Normal
2026-01-20 16:00:00,L56412,7.06,1350,52.0,136,Normal
2026-01-20 17:00:00,L56413,6.34,1403,45.1,138,Normal
2026-01-20 18:00:00,L56414,6.02,1904,20.3,140,Normal
2026-01-20 19:00:00,M24095,5.28,1592,35.2,142,Normal
2026-01-20 20:00:00,L56416,4.88,1556,31.6,145,Normal
2026-01-20 21:00:00,M24097,5.92,1811,25.4,147,Normal
2026-01-20 22:00:00,M24098,5.93,1456,41.2,150,Normal
2026-01-20 23:00:00,H38653,6.78,1436,51.9,153,Normal
2026-01-21 00:00:00,M24100,7.1,1362,49.6,158,Normal
2026-01-21 01:00:00,L56421,5.61,1683,29.1,161,Normal
2026-01-21 02:00:00,M24102,8.41,1269,60.9,163,Normal
2026-01-21 03:00:00,L56423,6.64,1454,49.0,166,Normal
2026-01-21 04:00:00,L56424,6.05,1767,27.3,168,Normal
2026-01-21 05:00:00,L56425,5.74,1708,27.3,170,Normal
2026-01-21 06:00:00,L56426,6.6,1862,27.0,172,Normal
2026-01-21 07:00:00,L56427,5.94,1695,30.7,174,Normal
2026-01-21 08:00:00,M24108,6.02,1488,40.6,176,Normal
2026-01-21 09:00:00,L56429,5.88,1657,32.2,179,Normal
2026-01-21 10:00:00,H38664,6.42,1823,25.9,181,Normal
2026-01-21 11:00:00,M24111,5.71,1651,28.8,186,Normal
2026-01-21 12:00:00,M24112,5.63,1533,36.1,189,Normal
2026-01-21 13:00:00,M24113,6.09,1508,40.5,192,Normal
2026-01-21 14:00:00,L56434,5.77,1616,31.1,195,Normal
2026-01-21 15:00:00,L56435,6.02,1651,31.5,197,Normal
2026-01-21 16:00:00,L56436,5.83,1569,35.2,199,Normal
2026-01-21 17:00:00,M24117,8.57,1296,58.7,201,Normal
2026-01-21 18:00:00,H38672,4.71,1379,43.2,0,Normal
2026-01-21 19:00:00,M24119,3.75,1694,28.0,5,Normal
2026-01-21 20:00:00,L56440,5.77,1377,57.8,8,Normal
2026-01-21 21:00:00,H38675,4.01,1470,38.4,10,Normal
2026-01-21 22:00:00,M24122,5.0,1404,47.0,15,Normal
2026-01-21 23:00:00,L56443,4.13,1593,40.1,18,Normal
2026-01-22 00:00:00,M24124,3.72,1526,36.9,20,Normal
2026-01-22 01:00:00,M24125,5.35,1390,49.7,23,Normal
2026-01-22 02:00:00,L56446,4.08,1737,25.5,26,Normal
2026-01-22 03:00:00,L56447,6.06,1362,57.3,28,Normal
2026-01-22 04:00:00,L56448,4.12,1666,31.5,30,Normal
2026-01-22 05:00:00,L56449,6.39,1354,60.9,32,Normal
2026-01-22 06:00:00,L56450,6.67,1302,60.4,34,Normal
2026-01-22 07:00:00,L56451,5.29,1991,20.5,36,Normal
2026-01-22 08:00:00,L56452,6.02,1353,54.1,38,Normal
2026-01-22 09:00:00,H38687,3.91,1520,35.7,40,Normal
2026-01-22 10:00:00,L56454,5.74,1428,54.9,45,Normal
2026-01-22 11:00:00,L56455,3.85,1605,29.4,47,Normal
2026-01-22 12:00:00,L56456,4.41,1691,30.3,49,Normal
2026-01-22 13:00:00,L56457,5.28,1447,48.4,51,Normal
2026-01-22 14:00:00,H38692,4.61,1606,39.9,53,Normal
2026-01-22 15:00:00,M24139,4.12,1645,28.2,58,Normal
2026-01-22 16:00:00,H38694,4.93,1470,43.3,61,Normal
2026-01-22 17:00:00,L56461,5.85,1336,45.0,66,Normal
2026-01-22 18:00:00,M24142,5.39,1414,44.3,68,Normal
2026-01-22 19:00:00,M24143,5.11,1802,27.5,71,Normal
2026-01-22 20:00:00,L56464,4.75,1683,31.7,74,Normal
2026-01-22 21:00:00,M24145,5.73,1410,47.6,76,Normal
2026-01-22 22:00:00,L56466,4.39,1605,32.0,79,Normal
2026-01-22 23:00:00,L56467,4.74,1709,28.1,81,Normal
2026-01-23 00:00:00,L56468,5.98,1444,53.1,83,Normal
2026-01-23 01:00:00,L56469,5.9,1367,45.0,85,Normal
2026-01-23 02:00:00,L56470,5.59,1418,44.2,87,Normal
2026-01-23 03:00:00,L56471,6.86,1353,57.8,89,Normal
2026-01-23 04:00:00,L56472,4.89,1643,34.1,91,Normal
2026-01-23 05:00:00,L56473,5.15,1437,38.0,93,Normal
2026-01-23 06:00:00,L56474,5.06,1437,36.2,95,Normal
2026-01-23 07:00:00,M24155,5.98,1413,47.9,97,Normal
2026-01-23 08:00:00,H38710,4.82,1524,39.1,100,Normal
2026-01-23 09:00:00,M24157,5.41,1479,43.4,105,Normal
2026-01-23 10:00:00,L56478,6.84,1313,50.6,108,Normal
2026-01-23 11:00:00,M24159,6.73,1335,50.4,110,Normal
2026-01-23 12:00:00,L56480,6.03,1367,41.9,113,Normal
2026-01-23 13:00:00,M24161,6.09,1459,50.3,115,Normal
2026-01-23 14:00:00,M24162,5.52,1804,25.1,118,Normal
2026-01-23 15:00:00,L56483,5.2,1491,38.3,121,Normal
2026-01-23 16:00:00,L56484,5.28,1537,43.0,123,Normal
2026-01-23 17:00:00,H38719,5.05,1646,30.2,125,Normal
2026-01-23 18:00:00,M24166,5.75,1783,28.3,130,Normal
2026-01-23 19:00:00,L56487,6.63,1395,49.8,133,Normal
2026-01-23 20:00:00,L56488,6.38,1423,48.0,135,Normal
2026-01-23 21:00:00,L56489,5.21,1562,37.6,137,Normal
2026-01-23 22:00:00,L56490,5.37,1549,40.8,139,Normal
2026-01-23 23:00:00,L56491,5.5,1540,43.2,141,Normal
2026-01-24 00:00:00,H38726,5.08,1573,33.6,143,Normal
2026-01-24 01:00:00,L56493,6.37,1418,45.1,148,Normal
2026-01-24 02:00:00,M24174,5.12,1565,33.7,150,Normal
2026-01-24 03:00:00,L56495,5.66,1569,41.0,153,Normal
2026-01-24 04:00:00,H38730,6.21,1417,41.2,155,Normal
2026-01-24 05:00:00,L56497,5.71,1480,38.1,160,Normal
2026-01-24 06:00:00,L56498,6.8,1364,44.5,162,Normal
2026-01-24 07:00:00,L56499,6.42,1911,21.5,164,Normal
2026-01-24 08:00:00,L56500,6.51,1409,43.1,166,Normal
2026-01-24 09:00:00,L56501,7.62,1335,53.5,168,Normal
2026-01-24 10:00:00,M24182,5.65,1512,38.1,170,Normal
2026-01-24 11:00:00,L56503,6.19,1447,40.2,173,Normal
2026-01-24 12:00:00,L56504,5.54,1537,37.6,175,Normal
2026-01-24 13:00:00,M24185,5.92,1510,40.8,177,Normal
2026-01-24 14:00:00,L56506,5.94,1677,31.2,180,Normal
2026-01-24 15:00:00,L56507,5.55,1504,33.7,182,Normal
2026-01-24 16:00:00,H38742,7.28,2051,19.0,184,Normal
2026-01-24 17:00:00,L56509,6.3,1474,41.3,189,Normal
2026-01-24 18:00:00,M24190,5.8,1507,36.1,191,Normal
2026-01-24 19:00:00,L56511,6.01,1496,37.9,194,Normal
2026-01-24 20:00:00,M24192,6.89,1921,22.0,196,Normal
2026-01-24 21:00:00,L56513,6.5,1450,40.5,199,Normal
2026-01-24 22:00:00,L56514,7.07,1402,44.8,201,Normal
2026-01-24 23:00:00,L56515,6.88,1501,50.0,203,Normal
2026-01-25 00:00:00,L56516,6.55,1725,31.9,205,Normal
2026-01-25 01:00:00,H38751,6.3,1500,40.3,207,Normal
2026-01-25 02:00:00,H38752,5.57,1531,30.8,212,Normal
2026-01-25 03:00:00,L56519,6.95,1458,44.8,217,Normal
2026-01-25 04:00:00,H38754,3.63,1577,37.1,0,Normal
2026-01-25 05:00:00,M24201,5.05,1363,46.1,5,Normal
2026-01-25 06:00:00,H38756,4.1,1706,31.8,8,Normal
2026-01-25 07:00:00,M24203,5.27,1391,50.4,13,Normal
2026-01-25 08:00:00,L56524,3.82,1616,33.7,16,Normal
2026-01-25 09:00:00,L56525,4.82,1442,47.0,18,Normal
2026-01-25 10:00:00,M24206,4.36,1626,40.4,20,Normal
2026-01-25 11:00:00,M24207,4.68,1426,42.6,23,Normal
2026-01-25 12:00:00,L56528,5.09,1436,49.1,26,Normal
2026-01-25 13:00:00,M24209,4.03,1599,36.2,28,Normal
2026-01-25 14:00:00,L56530,6.14,2186,17.8,31,Normal
2026-01-25 15:00:00,L56531,3.97,1645,30.4,33,Normal
2026-01-25 16:00:00,L56532,4.58,1780,27.9,35,Normal
2026-01-25 17:00:00,L56533,5.41,1345,44.3,37,Normal
2026-01-25 18:00:00,M24214,3.93,1607,31.9,39,Normal
2026-01-25 19:00:00,L56535,4.27,1708,28.0,42,Normal
2026-01-25 20:00:00,L56536,6.46,1270,52.7,44,Normal
2026-01-25 21:00:00,M24217,3.8,1646,25.4,46,Normal
2026-01-25 22:00:00,L56538,5.26,1407,45.1,49,Normal
2026-01-25 23:00:00,M24219,4.93,1581,47.4,51,Normal
2026-01-26 00:00:00,L56540,4.46,1532,42.6,54,Normal
2026-01-26 01:00:00,L56541,4.22,1610,33.1,56,Normal
2026-01-26 02:00:00,M24222,4.64,1682,33.0,58,Normal
2026-01-26 03:00:00,L56543,4.07,1519,34.3,61,Normal
2026-01-26 04:00:00,L56544,4.41,1683,28.5,63,Normal
2026-01-26 05:00:00,M24225,7.0,1254,55.8,65,Normal
2026-01-26 06:00:00,L56546,5.37,1461,48.0,68,Normal
2026-01-26 07:00:00,L56547,5.15,1472,45.1,70,Normal
2026-01-26 08:00:00,L56548,4.53,1510,38.6,72,Normal
2026-01-26 09:00:00,M24229,4.33,1547,36.8,74,Normal
2026-01-26 10:00:00,H38784,5.97,1418,51.9,77,Normal
2026-01-26 11:00:00,L56551,6.71,1289,51.3,82,Normal
2026-01-26 12:00:00,L56552,4.99,1487,41.4,84,Normal
2026-01-26 13:00:00,L56553,5.47,1453,45.5,86,Normal
2026-01-26 14:00:00,M24234,5.37,1466,44.7,88,Normal
2026-01-26 15:00:00,H38789,6.71,1288,49.5,91,Normal
2026-01-26 16:00:00,H38790,5.06,1738,27.7,96,Normal
2026-01-26 17:00:00,H38791,5.16,1488,41.0,101,Normal
2026-01-26 18:00:00,L56558,5.68,1816,28.8,106,Normal
2026-01-26 19:00:00,L56559,6.11,1419,48.5,108,Normal
2026-01-26 20:00:00,L56560,5.87,1435,45.7,110,Normal
2026-01-26 21:00:00,M24241,5.42,1480,42.4,112,Normal
2026-01-26 22:00:00,L56562,4.95,1610,33.6,115,Normal
2026-01-26 23:00:00,H38797,4.93,1548,38.2,117,Normal
2026-01-27 00:00:00,M24244,7.08,1379,57.4,122,Normal
2026-01-27 01:00:00,M24245,6.07,1907,23.5,125,Normal
2026-01-27 02:00:00,M24246,6.36,2033,16.7,128,Normal
2026-01-27 03:00:00,H38801,6.78,1390,52.0,131,Normal
2026-01-27 04:00:00,M24248,5.12,1544,37.9,136,Normal
2026-01-27 05:00:00,L56569,7.96,1258,57.4,139,Normal
2026-01-27 06:00:00,M24250,5.34,1560,39.0,141,Normal
2026-01-27 07:00:00,H38805,6.88,2071,18.5,144,Normal
2026-01-27 08:00:00,L56572,6.36,1437,46.3,149,Normal
2026-01-27 09:00:00,H38807,5.87,1489,43.0,151,Normal
2026-01-27 10:00:00,L56574,7.45,1334,53.0,156,Normal
2026-01-27 11:00:00,L56575,5.69,1500,39.9,158,Normal
2026-01-27 12:00:00,L56576,6.21,1498,47.3,160,Normal
2026-01-27 13:00:00,M24257,7.35,1370,53.4,162,Normal
2026-01-27 14:00:00,H38812,5.65,1526,40.1,165,Normal
2026-01-27 15:00:00,L56579,6.28,1477,44.8,170,Normal
2026-01-27 16:00:00,L56580,6.42,1446,43.9,172,Normal
2026-01-27 17:00:00,M24261,5.75,1720,25.6,174,Normal
2026-01-27 18:00:00,L56582,6.19,1734,30.7,177,Normal
2026-01-27 19:00:00,L56583,5.9,1697,29.1,179,Normal
2026-01-27 20:00:00,L56584,7.02,2007,19.3,181,Normal
2026-01-27 21:00:00,M24265,6.74,1469,48.8,183,Normal
2026-01-27 22:00:00,M24266,7.85,2189,15.6,186,Normal
2026-01-27 23:00:00,L56587,7.09,1435,50.1,189,Normal
2026-01-28 00:00:00,H38822,6.06,1637,34.5,191,Normal
2026-01-28 01:00:00,L56589,5.87,1664,28.3,196,Normal
2026-01-28 02:00:00,M24270,6.08,1666,31.0,198,Normal
2026-01-28 03:00:00,L56591,7.18,1404,46.6,201,Normal
2026-01-28 04:00:00,L56592,6.06,1702,26.7,203,Normal
2026-01-28 05:00:00,L56593,6.92,1439,44.9,205,Normal
2026-01-28 06:00:00,L56594,8.0,1354,53.9,207,Critical
2026-01-28 07:00:00,M24275,4.88,1361,44.2,0,Normal
2026-01-28 08:00:00,M24276,4.45,1463,45.9,3,Normal
2026-01-28 09:00:00,H38831,4.06,1515,43.8,6,Normal
2026-01-28 10:00:00,L56598,4.74,1432,46.2,11,Normal
2026-01-28 11:00:00,L56599,4.67,1911,22.0,13,Normal
2026-01-28 12:00:00,L56600,4.29,1472,42.0,15,Normal
2026-01-28 13:00:00,M24281,5.63,1382,54.5,17,Normal
2026-01-28 14:00:00,L56602,3.87,1665,29.6,20,Normal
2026-01-28 15:00:00,L56603,4.02,1676,30.5,22,Normal
2026-01-28 16:00:00,M24284,3.7,1585,33.0,24,Normal
2026-01-28 17:00:00,M24285,5.03,1415,46.3,27,Normal
2026-01-28 18:00:00,L56606,6.09,1341,55.7,30,Normal
2026-01-28 19:00:00,L56607,3.66,1540,34.8,32,Normal
2026-01-28 20:00:00,H38842,4.92,1837,28.4,34,Normal
2026-01-28 21:00:00,L56609,4.04,1498,36.0,39,Normal
2026-01-28 22:00:00,L56610,4.1,1671,28.8,41,Normal
2026-01-28 23:00:00,L56611,5.84,1430,57.0,43,Normal
2026-01-29 00:00:00,L56612,4.6,1619,40.1,45,Normal
2026-01-29 01:00:00,M24293,5.55,1430,51.9,47,Normal
2026-01-29 02:00:00,L56614,4.25,1626,33.3,50,Normal
2026-01-29 03:00:00,L56615,5.37,1443,49.3,52,Normal
2026-01-29 04:00:00,L56616,4.74,1481,42.5,54,Normal
2026-01-29 05:00:00,M24297,4.54,1527,43.0,56,Normal
2026-01-29 06:00:00,M24298,6.66,1315,56.8,59,Normal
2026-01-29 07:00:00,M24299,5.47,1433,48.2,62,Normal
2026-01-29 08:00:00,M24300,6.16,1378,53.5,65,Normal
2026-01-29 09:00:00,L56621,5.23,1432,43.4,68,Normal
2026-01-29 10:00:00,M24302,5.76,1394,47.9,70,Normal
2026-01-29 11:00:00,H38857,6.09,1411,53.8,73,Normal
2026-01-29 12:00:00,L56624,6.29,2136,15.9,78,Normal
2026-01-29 13:00:00,M24305,5.46,1446,45.8,80,Normal
2026-01-29 14:00:00,H38860,6.32,1388,53.5,83,Normal
2026-01-29 15:00:00,M24307,6.62,1323,51.7,88,Normal
2026-01-29 16:00:00,L56628,5.34,1780,29.3,91,Normal
2026-01-29 17:00:00,M24309,5.42,1434,41.8,93,Normal
2026-01-29 18:00:00,M24310,5.17,1494,42.6,96,Normal
2026-01-29 19:00:00,H38865,4.77,1536,39.6,99,Normal
2026-01-29 20:00:00,M24312,6.54,1392,53.4,104,Normal
2026-01-29 21:00:00,H38867,6.97,1360,56.8,107,Normal
2026-01-29 22:00:00,L56634,4.89,1583,35.4,112,Normal
2026-01-29 23:00:00,L56635,6.15,1983,20.2,114,Normal
2026-01-30 00:00:00,L56636,5.06,1630,33.3,116,Normal
2026-01-30 01:00:00,M24317,5.0,1692,26.7,118,Normal
2026-01-30 02:00:00,L56638,5.76,1417,40.6,121,Normal
2026-01-30 03:00:00,L56639,5.04,1579,36.1,123,Normal
2026-01-30 04:00:00,M24320,6.21,1399,45.2,125,Normal
2026-01-30 05:00:00,M24321,6.24,1414,46.4,128,Normal
2026-01-30 06:00:00,L56642,5.35,1570,40.1,131,Normal
2026-01-30 07:00:00,M24323,5.05,1552,36.8,133,Normal
2026-01-30 08:00:00,L56644,6.31,1440,48.2,136,Normal
2026-01-30 09:00:00,M24325,5.93,1460,43.8,138,Normal
2026-01-30 10:00:00,L56646,6.18,1471,48.0,141,Normal
2026-01-30 11:00:00,L56647,5.41,1702,27.6,143,Normal
2026-01-30 12:00:00,L56648,7.25,1375,55.4,145,Normal
2026-01-30 13:00:00,L56649,5.8,1698,33.2,147,Normal
2026-01-30 14:00:00,H38884,6.4,1439,47.1,149,Normal
2026-01-30 15:00:00,M24331,5.93,1774,27.5,154,Normal
2026-01-30 16:00:00,M24332,6.93,1375,48.3,157,Normal
2026-01-30 17:00:00,L56653,6.03,1446,40.0,160,Normal
2026-01-30 18:00:00,M24334,6.44,1455,46.8,162,Normal
2026-01-30 19:00:00,L56655,5.78,1523,41.9,165,Normal
2026-01-30 20:00:00,M24336,5.92,1692,31.9,167,Normal
2026-01-30 21:00:00,M24337,6.05,1693,33.3,170,Normal
2026-01-30 22:00:00,L56658,6.58,1890,24.0,173,Normal
2026-01-30 23:00:00,H38893,5.6,1600,33.5,175,Normal
2026-01-31 00:00:00,M24340,6.58,1434,43.8,180,Normal
2026-01-31 01:00:00,L56661,7.46,1365,50.9,183,Normal
2026-01-31 02:00:00,H38896,8.22,1309,57.4,185,Normal
2026-01-31 03:00:00,H38897,5.6,1546,35.3,190,Normal
2026-01-31 04:00:00,L56664,6.2,1663,33.7,195,Normal
2026-01-31 05:00:00,L56665,5.85,1589,34.2,197,Normal
2026-01-31 06:00:00,M24346,6.73,1472,46.0,199,Normal
2026-01-31 07:00:00,L56667,6.24,1583,39.8,202,Normal
2026-01-31 08:00:00,M24348,5.83,1567,34.5,204,Normal
2026-01-31 09:00:00,L56669,6.92,1407,41.9,207,Normal
2026-01-31 10:00:00,M24350,7.07,1418,44.7,209,Normal
2026-01-31 11:00:00,M24351,6.45,1489,40.7,212,Normal
2026-01-31 12:00:00,L56672,6.2,1586,36.6,215,Normal
2026-01-31 13:00:00,L56673,7.97,1398,55.4,217,Critical
2026-01-31 14:00:00,L56674,6.43,1516,41.4,219,Normal
2026-01-31 15:00:00,H38909,7.47,1373,44.8,221,Normal
2026-01-31 16:00:00,M24356,8.03,1349,50.4,226,Normal
2026-01-31 17:00:00,H38911,4.16,1443,40.3,0,Normal
2026-01-31 18:00:00,H38912,3.43,1542,36.1,5,Normal
2026-01-31 19:00:00,L56679,3.61,1534,37.7,10,Normal
2026-01-31 20:00:00,L56680,4.02,1697,30.6,12,Normal
2026-01-31 21:00:00,L56681,5.06,1396,47.4,14,Normal
2026-01-31 22:00:00,L56682,4.65,1495,49.2,16,Normal
2026-01-31 23:00:00,M24363,4.21,1551,44.8,18,Normal
2026-02-01 00:00:00,L56684,4.87,1440,47.0,21,Normal
2026-02-01 01:00:00,L56685,4.5,1429,40.1,23,Normal
2026-02-01 02:00:00,H38920,4.06,1548,41.6,25,Normal
2026-02-01 03:00:00,L56687,4.08,1505,38.8,30,Normal
2026-02-01 04:00:00,L56688,4.16,1611,36.4,32,Normal
2026-02-01 05:00:00,M24369,4.21,1502,39.8,34,Normal
2026-02-01 06:00:00,M24370,4.46,1504,43.3,37,Normal
2026-02-01 07:00:00,L56691,4.63,1449,40.7,40,Normal
2026-02-01 08:00:00,L56692,4.17,1575,37.8,42,Normal
2026-02-01 09:00:00,M24373,4.03,1598,33.4,44,Normal
2026-02-01 10:00:00,L56694,5.24,1416,45.9,47,Normal
2026-02-01 11:00:00,L56695,4.26,1682,28.8,49,Normal
2026-02-01 12:00:00,L56696,6.27,1341,54.5,51,Normal
2026-02-01 13:00:00,L56697,4.27,1523,39.1,53,Normal
2026-02-01 14:00:00,L56698,4.62,1580,41.9,55,Normal
2026-02-01 15:00:00,L56699,4.07,1531,36.0,57,Normal
2026-02-01 16:00:00,L56700,5.81,1375,48.9,59,Normal
2026-02-01 17:00:00,M24381,4.67,1484,40.4,61,Normal
2026-02-01 18:00:00,M24382,4.53,1657,32.3,64,Normal
2026-02-01 19:00:00,L56703,4.69,1494,40.6,67,Normal
2026-02-01 20:00:00,H38938,4.28,1658,27.6,69,Normal
2026-02-01 21:00:00,L56705,5.34,1411,42.1,74,Normal
2026-02-01 22:00:00,M24386,6.32,1395,55.4,76,Normal
2026-02-01 23:00:00,L56707,4.86,1550,43.9,79,Normal
2026-02-02 00:00:00,M24388,7.52,1233,59.0,81,Normal
2026-02-02 01:00:00,L56709,5.49,1459,46.7,84,Normal
2026-02-02 02:00:00,H38944,6.26,1405,53.6,86,Normal
2026-02-02 03:00:00,L56711,5.41,1458,44.1,91,Normal
2026-02-02 04:00:00,L56712,6.14,1384,48.7,93,Normal
2026-02-02 05:00:00,L56713,4.98,1705,29.5,95,Normal
2026-02-02 06:00:00,L56714,5.67,1443,45.7,97,Normal
2026-02-02 07:00:00,M24395,4.62,1609,31.4,99,Normal
2026-02-02 08:00:00,L56716,5.46,1818,26.0,102,Normal
2026-02-02 09:00:00,M24397,5.44,1457,42.1,104,Normal
2026-02-02 10:00:00,L56718,5.54,1480,45.1,107,Normal
2026-02-02 11:00:00,L56719,6.05,1424,47.7,109,Normal
2026-02-02 12:00:00,M24400,5.44,1628,40.2,111,Normal
2026-02-02 13:00:00,M24401,5.6,1754,31.3,114,Normal
2026-02-02 14:00:00,L56722,5.24,1716,28.5,117,Normal
2026-02-02 15:00:00,M24403,6.49,1378,48.7,119,Normal
2026-02-02 16:00:00,L56724,5.41,1708,31.0,122,Normal
2026-02-02 17:00:00,L56725,5.58,1430,38.3,124,Normal
2026-02-02 18:00:00,M24406,5.48,1560,43.9,126,Normal
2026-02-02 19:00:00,L56727,5.32,1679,30.7,129,Normal
2026-02-02 20:00:00,L56728,5.08,1521,37.2,131,Normal
2026-02-02 21:00:00,M24409,5.4,1649,33.8,133,Normal
2026-02-02 22:00:00,M24410,5.93,1451,43.3,136,Normal
2026-02-02 23:00:00,L56731,6.66,1391,48.9,139,Normal
2026-02-03 00:00:00,M24412,5.43,1523,40.9,141,Normal
2026-02-03 01:00:00,L56733,5.51,1495,39.2,144,Normal
2026-02-03 02:00:00,M24414,6.25,1440,45.5,146,Normal
2026-02-03 03:00:00,H38969,5.07,1585,31.4,149,Normal
2026-02-03 04:00:00,L56736,6.9,1374,48.3,154,Normal
2026-02-03 05:00:00,M24417,5.65,1507,40.2,156,Normal
2026-02-03 06:00:00,M24418,5.36,1577,34.6,159,Normal
2026-02-03 07:00:00,L56739,5.67,1496,38.5,162,Normal
2026-02-03 08:00:00,L56740,6.01,1487,42.5,164,Normal
2026-02-03 09:00:00,L56741,6.44,1853,26.3,166,Normal
2026-02-03 10:00:00,M24422,6.84,1435,50.1,168,Normal
2026-02-03 11:00:00,M24423,5.94,1763,25.5,171,Normal
2026-02-03 12:00:00,L56744,6.26,1820,24.9,174,Normal
2026-02-03 13:00:00,M24425,5.8,1498,38.1,176,Normal
2026-02-03 14:00:00,L56746,5.77,1603,35.1,179,Normal
2026-02-03 15:00:00,L56747,6.63,1412,42.5,181,Normal
2026-02-03 16:00:00,L56748,5.92,1588,38.0,183,Normal
2026-02-03 17:00:00,M24429,6.78,1948,20.0,185,Normal
2026-02-03 18:00:00,L56750,7.24,1384,48.2,188,Normal
2026-02-03 19:00:00,L56751,5.88,1589,36.0,190,Normal
2026-02-03 20:00:00,M24432,7.13,1405,47.6,192,Normal
2026-02-03 21:00:00,L56753,6.2,1491,40.1,195,Normal
2026-02-03 22:00:00,H38988,7.05,1418,46.6,197,Normal
2026-02-03 23:00:00,M24435,6.06,1603,35.4,202,Normal
2026-02-04 00:00:00,L56756,7.09,1922,23.3,205,Critical
2026-02-04 01:00:00,M24437,5.21,1364,49.5,0,Normal
2026-02-04 02:00:00,L56758,3.79,1551,41.2,3,Normal
2026-02-04 03:00:00,L56759,3.53,1589,33.5,5,Normal
2026-02-04 04:00:00,M24440,5.42,1423,56.5,7,Normal
2026-02-04 05:00:00,L56761,5.26,1418,53.1,10,Normal
2026-02-04 06:00:00,M24442,4.99,1404,47.5,12,Normal
2026-02-04 07:00:00,L56763,6.52,1281,59.8,15,Normal
2026-02-04 08:00:00,L56764,3.95,1529,41.3,17,Normal
2026-02-04 09:00:00,M24445,4.11,1563,42.1,19,Normal
2026-02-04 10:00:00,L56766,5.88,1348,54.5,22,Normal
2026-02-04 11:00:00,M24447,4.36,1462,40.5,24,Normal
2026-02-04 12:00:00,H39002,4.45,1510,45.5,27,Normal
2026-02-04 13:00:00,L56769,4.58,1472,43.3,32,Normal
2026-02-04 14:00:00,M24450,5.99,1325,52.0,34,Normal
2026-02-04 15:00:00,L56771,4.05,1570,37.3,37,Normal
2026-02-04 16:00:00,L56772,5.41,1379,46.8,39,Normal
2026-02-04 17:00:00,L56773,5.97,1352,52.8,41,Normal
2026-02-04 18:00:00,L56774,4.43,1727,28.7,43,Normal
2026-02-04 19:00:00,H39009,5.39,1432,50.0,45,Normal
2026-02-04 20:00:00,L56776,4.83,1466,43.4,50,Normal
2026-02-04 21:00:00,L56777,4.26,1510,38.0,52,Normal
2026-02-04 22:00:00,L56778,4.6,1490,41.1,54,Normal
2026-02-04 23:00:00,L56779,4.53,1463,37.4,56,Normal
2026-02-05 00:00:00,M24460,4.77,1561,45.3,58,Normal
2026-02-05 01:00:00,L56781,6.08,2109,18.0,61,Normal
2026-02-05 02:00:00,L56782,4.8,1705,32.5,63,Normal
2026-02-05 03:00:00,M24463,4.45,1549,40.2,65,Normal
2026-02-05 04:00:00,H39018,4.83,1637,38.0,68,Normal
2026-02-05 05:00:00,M24465,4.65,1484,37.9,73,Normal
2026-02-05 06:00:00,L56786,5.57,1401,44.4,76,Normal
2026-02-05 07:00:00,L56787,4.51,1571,36.8,78,Normal
2026-02-05 08:00:00,M24468,4.8,1513,41.5,80,Normal
2026-02-05 09:00:00,L56789,5.0,1470,40.3,83,Normal
2026-02-05 10:00:00,L56790,4.89,1505,41.3,85,Normal
2026-02-05 11:00:00,L56791,5.38,1432,42.2,87,Normal
2026-02-05 12:00:00,M24472,4.61,1625,31.8,89,Normal
2026-02-05 13:00:00,L56793,7.07,1377,62.5,92,Critical
2026-02-05 14:00:00,M24474,5.53,1441,43.9,94,Normal
2026-02-05 15:00:00,M24475,4.9,1564,39.9,97,Normal
2026-02-05 16:00:00,L56796,4.85,1580,37.3,100,Normal
2026-02-05 17:00:00,L56797,4.64,1516,35.3,102,Normal
2026-02-05 18:00:00,L56798,5.54,1447,42.8,104,Normal
2026-02-05 19:00:00,M24479,6.91,1323,52.9,106,Normal
2026-02-05 20:00:00,L56800,5.67,1470,45.9,109,Normal
2026-02-05 21:00:00,M24481,6.43,2049,19.5,111,Normal
2026-02-05 22:00:00,L56802,5.55,1794,27.2,114,Normal
2026-02-05 23:00:00,L56803,6.52,1356,47.8,116,Normal
2026-02-06 00:00:00,H39038,5.01,1555,38.6,118,Normal
2026-02-06 01:00:00,M24485,5.85,1487,47.5,123,Normal
2026-02-06 02:00:00,M24486,7.44,1341,58.9,126,Normal
2026-02-06 03:00:00,M24487,5.21,1487,36.6,129,Normal
2026-02-06 04:00:00,H39042,4.97,1569,34.3,132,Normal
2026-02-06 05:00:00,H39043,6.78,2053,19.7,137,Normal
2026-02-06 06:00:00,L56810,5.27,1583,35.8,142,Normal
2026-02-06 07:00:00,L56811,5.62,1672,33.2,144,Normal
2026-02-06 08:00:00,M24492,7.6,1337,57.4,146,Normal
2026-02-06 09:00:00,H39047,6.11,1421,41.2,149,Normal
2026-02-06 10:00:00,L56814,6.9,1425,52.7,154,Normal
2026-02-06 11:00:00,L56815,5.41,1609,33.2,156,Normal
2026-02-06 12:00:00,L56816,5.75,1507,41.3,158,Normal
2026-02-06 13:00:00,L56817,5.86,1463,38.9,160,Normal
2026-02-06 14:00:00,H39052,6.66,1393,44.9,162,Normal
2026-02-06 15:00:00,L56819,5.77,1725,26.8,167,Normal
2026-02-06 16:00:00,L56820,5.5,1514,36.1,169,Normal
2026-02-06 17:00:00,L56821,7.52,1365,53.9,171,Normal
2026-02-06 18:00:00,L56822,7.0,1372,46.3,173,Normal
2026-02-06 19:00:00,L56823,5.89,1509,40.6,175,Normal
2026-02-06 20:00:00,L56824,5.73,1629,32.6,177,Normal
2026-02-06 21:00:00,L56825,6.13,1749,28.1,179,Normal
2026-02-06 22:00:00,L56826,5.46,1582,31.7,181,Normal
2026-02-06 23:00:00,L56827,6.69,1458,47.0,183,Normal
2026-02-07 00:00:00,L56828,6.57,1416,41.2,185,Normal
2026-02-07 01:00:00,H39063,6.04,1657,33.1,187,Normal
2026-02-07 02:00:00,M24510,6.53,1437,41.1,192,Normal
2026-02-07 03:00:00,M24511,5.89,1580,36.0,195,Normal
2026-02-07 04:00:00,M24512,6.65,1488,46.3,198,Normal
2026-02-07 05:00:00,L56833,7.94,1373,55.7,201,Critical
2026-02-07 06:00:00,L56834,8.04,1367,56.3,203,Critical
2026-02-07 07:00:00,H39069,7.26,1431,49.5,205,Normal
2026-02-07 08:00:00,L56836,6.11,1623,33.0,210,Normal
2026-02-07 09:00:00,L56837,6.4,1484,39.6,212,Normal
2026-02-07 10:00:00,L56838,5.84,1548,34.5,214,Normal
2026-02-07 11:00:00,L56839,9.01,1287,61.9,216,Critical
2026-02-07 12:00:00,M24520,7.22,1392,43.1,218,Normal
2026-02-07 13:00:00,H39075,7.0,1458,44.9,221,Normal
2026-02-07 14:00:00,M24522,5.87,1570,30.9,226,Normal
2026-02-07 15:00:00,L56843,7.48,1435,48.8,229,Critical
2026-02-07 16:00:00,L56844,8.55,1317,54.8,231,Critical
2026-02-07 17:00:00,L56845,6.33,1610,33.3,233,Normal
2026-02-07 18:00:00,M24526,7.02,1838,24.0,235,Normal
2026-02-07 19:00:00,L56847,8.06,1352,48.9,238,Critical
2026-02-07 20:00:00,L56848,6.59,1619,35.2,240,Normal
2026-02-07 21:00:00,L56849,6.35,1619,31.1,242,Normal
2026-02-07 22:00:00,L56850,6.74,1690,30.7,244,Normal
2026-02-07 23:00:00,L56851,7.5,1412,44.1,246,Normal
2026-02-08 00:00:00,H39086,4.2,1744,31.5,0,Normal
2026-02-08 01:00:00,M24533,3.67,1593,35.4,5,Normal
2026-02-08 02:00:00,L56854,3.9,1695,29.6,8,Normal
2026-02-08 03:00:00,M24535,6.2,1298,57.2,10,Normal
2026-02-08 04:00:00,L56856,4.47,1886,21.2,13,Normal
2026-02-08 05:00:00,L56857,5.19,2033,19.3,15,Normal
2026-02-08 06:00:00,M24538,4.0,1711,28.1,17,Normal
2026-02-08 07:00:00,L56859,3.75,1598,33.4,20,Normal
2026-02-08 08:00:00,L56860,4.82,1894,24.2,22,Normal
2026-02-08 09:00:00,M24541,4.89,1412,44.4,24,Normal
2026-02-08 10:00:00,L56862,5.17,1394,46.6,27,Normal
2026-02-08 11:00:00,M24543,6.15,1338,56.4,29,Normal
2026-02-08 12:00:00,H39098,5.62,1376,51.0,32,Normal
2026-02-08 13:00:00,L56865,5.58,1360,48.1,37,Normal
2026-02-08 14:00:00,L56866,4.41,1486,40.7,39,Normal
2026-02-08 15:00:00,M24547,4.16,1649,31.6,41,Normal
2026-02-08 16:00:00,L56868,5.46,1367,45.6,44,Normal
2026-02-08 17:00:00,L56869,6.42,1362,59.5,46,Normal
2026-02-08 18:00:00,M24550,4.0,1520,35.6,48,Normal
2026-02-08 19:00:00,L56871,3.93,1582,31.9,51,Normal
2026-02-08 20:00:00,M24552,4.3,1667,30.0,53,Normal
2026-02-08 21:00:00,L56873,4.4,1693,28.8,56,Normal
2026-02-08 22:00:00,L56874,3.98,1559,33.4,58,Normal
2026-02-08 23:00:00,L56875,4.1,1592,32.0,60,Normal
2026-02-09 00:00:00,L56876,5.08,1404,39.8,62,Normal
2026-02-09 01:00:00,M24557,5.43,1413,45.5,64,Normal
2026-02-09 02:00:00,L56878,4.33,1663,28.2,67,Normal
2026-02-09 03:00:00,L56879,4.36,1508,36.3,69,Normal
2026-02-09 04:00:00,M24560,6.38,1353,53.7,71,Normal
2026-02-09 05:00:00,L56881,4.95,1485,42.4,74,Normal
2026-02-09 06:00:00,L56882,4.46,1633,31.2,76,Normal
2026-02-09 07:00:00,L56883,5.42,1422,43.6,78,Normal
2026-02-09 08:00:00,L56884,4.86,1577,41.4,80,Normal
2026-02-09 09:00:00,L56885,4.97,1482,41.1,82,Normal
2026-02-09 10:00:00,M24566,4.89,1705,30.1,84,Normal
2026-02-09 11:00:00,L56887,5.07,1699,32.9,87,Normal
2026-02-09 12:00:00,L56888,4.69,1664,29.7,89,Normal
2026-02-09 13:00:00,M24569,4.63,1486,34.6,91,Normal
2026-02-09 14:00:00,L56890,7.25,1336,61.3,94,Normal
2026-02-09 15:00:00,H39125,5.55,1429,42.9,96,Normal
2026-02-09 16:00:00,M24572,5.82,1456,48.4,101,Normal
2026-02-09 17:00:00,L56893,5.41,1496,45.0,104,Normal
2026-02-09 18:00:00,L56894,5.55,1894,20.1,106,Normal
2026-02-09 19:00:00,L56895,6.83,1373,55.6,108,Normal
2026-02-09 20:00:00,H39130,6.1,1387,45.2,110,Normal
2026-02-09 21:00:00,L56897,5.47,1500,44.2,115,Normal
2026-02-09 22:00:00,L56898,4.9,1517,36.6,117,Normal
2026-02-09 23:00:00,L56899,7.36,1309,56.2,119,Normal
2026-02-10 00:00:00,M24580,7.01,1357,54.5,121,Normal
2026-02-10 01:00:00,L56901,5.39,1490,40.6,124,Normal
2026-02-10 02:00:00,H39136,5.98,1911,21.6,126,Normal
2026-02-10 03:00:00,L56903,5.08,1599,33.6,131,Normal
2026-02-10 04:00:00,M24584,6.94,2098,19.0,133,Normal
2026-02-10 05:00:00,M24585,4.94,1629,27.9,136,Normal
2026-02-10 06:00:00,L56906,5.18,1557,37.2,139,Normal
2026-02-10 07:00:00,L56907,5.68,1461,39.4,141,Normal
2026-02-10 08:00:00,L56908,5.03,1563,33.7,143,Normal
2026-02-10 09:00:00,L56909,5.48,1695,29.0,145,Normal
2026-02-10 10:00:00,L56910,5.2,1528,36.7,147,Normal
2026-02-10 11:00:00,L56911,6.84,1389,49.6,149,Normal
2026-02-10 12:00:00,L56912,7.79,2231,17.4,151,Normal
2026-02-10 13:00:00,M24593,6.15,1442,42.9,153,Normal
2026-02-10 14:00:00,H39148,6.19,1458,44.3,156,Normal
2026-02-10 15:00:00,L56915,6.55,1444,47.7,161,Normal
2026-02-10 16:00:00,M24596,7.8,1348,58.2,163,Normal
2026-02-10 17:00:00,L56917,6.18,1791,27.6,166,Normal
2026-02-10 18:00:00,L56918,5.64,1509,38.0,168,Normal
2026-02-10 19:00:00,L56919,5.95,1515,42.9,170,Normal
2026-02-10 20:00:00,M24600,5.74,1655,31.5,172,Normal
2026-02-10 21:00:00,L56921,6.12,1495,42.9,175,Normal
2026-02-10 22:00:00,L56922,6.0,1623,37.2,177,Normal
2026-02-10 23:00:00,L56923,6.03,1562,42.5,179,Normal
2026-02-11 00:00:00,L56924,5.71,1574,36.2,181,Normal
2026-02-11 01:00:00,L56925,5.69,1611,32.4,183,Normal
2026-02-11 02:00:00,L56926,6.93,1403,45.6,185,Normal
2026-02-11 03:00:00,L56927,6.63,1481,47.4,187,Normal
2026-02-11 04:00:00,M24608,6.48,1441,41.2,189,Normal
2026-02-11 05:00:00,H39163,6.55,1483,45.4,192,Normal
2026-02-11 06:00:00,L56930,5.55,1555,32.6,197,Normal
2026-02-11 07:00:00,L56931,5.66,1615,28.8,199,Normal
2026-02-11 08:00:00,L56932,5.64,1561,32.6,201,Normal
2026-02-11 09:00:00,L56933,6.0,1593,35.1,203,Normal
2026-02-11 10:00:00,M24614,5.72,1552,34.0,205,Normal
2026-02-11 11:00:00,H39169,5.89,1561,35.3,208,Normal
2026-02-11 12:00:00,L56936,6.19,1597,35.9,213,Normal
2026-02-11 13:00:00,M24617,5.89,1517,34.0,215,Normal
2026-02-11 14:00:00,L56938,8.64,2271,16.2,218,Critical
2026-02-11 15:00:00,L56939,3.81,1613,36.7,0,Normal
2026-02-11 16:00:00,M24620,4.28,1509,47.3,2,Normal
2026-02-11 17:00:00,L56941,3.68,1703,26.1,5,Normal
2026-02-11 18:00:00,L56942,4.68,1925,22.1,7,Normal
2026-02-11 19:00:00,M24623,3.58,1635,29.7,9,Normal
2026-02-11 20:00:00,L56944,6.86,1294,66.7,12,Critical
2026-02-11 21:00:00,L56945,4.09,1472,39.1,14,Normal
2026-02-11 22:00:00,H39180,4.46,1449,42.5,16,Normal
2026-02-11 23:00:00,L56947,3.67,1563,35.0,21,Normal
2026-02-12 00:00:00,L56948,4.01,1611,35.7,23,Normal
2026-02-12 01:00:00,L56949,5.32,1386,48.6,25,Normal
2026-02-12 02:00:00,H39184,3.65,1584,31.8,27,Normal
2026-02-12 03:00:00,M24631,5.31,1424,50.4,32,Normal
2026-02-12 04:00:00,L56952,3.81,1561,34.8,35,Normal
2026-02-12 05:00:00,L56953,4.03,1560,37.9,37,Normal
2026-02-12 06:00:00,H39188,5.05,1375,41.0,39,Normal
2026-02-12 07:00:00,M24635,4.15,1684,27.8,44,Normal
2026-02-12 08:00:00,M24636,5.88,1397,54.1,47,Normal
2026-02-12 09:00:00,L56957,6.2,1387,57.6,50,Normal
2026-02-12 10:00:00,H39192,6.44,1311,54.5,52,Normal
2026-02-12 11:00:00,L56959,4.2,1509,36.2,57,Normal
2026-02-12 12:00:00,M24640,5.09,1477,46.7,59,Normal
2026-02-12 13:00:00,L56961,5.0,1441,41.6,62,Normal
2026-02-12 14:00:00,L56962,5.59,1404,47.1,64,Normal
2026-02-12 15:00:00,H39197,5.1,1466,44.6,66,Normal
2026-02-12 16:00:00,M24644,5.61,1435,48.8,71,Normal
2026-02-12 17:00:00,H39199,4.71,1697,29.8,74,Normal
2026-02-12 18:00:00,M24646,4.83,1738,27.3,79,Normal
2026-02-12 19:00:00,H39201,5.92,1420,50.4,82,Normal
2026-02-12 20:00:00,M24648,4.65,1535,39.8,87,Normal
2026-02-12 21:00:00,L56969,4.9,1715,28.4,90,Normal
2026-02-12 22:00:00,L56970,5.22,1483,43.2,92,Normal
2026-02-12 23:00:00,M24651,4.66,1521,37.5,94,Normal
2026-02-13 00:00:00,H39206,4.69,1573,36.0,97,Normal
2026-02-13 01:00:00,H39207,5.95,1414,46.7,102,Normal
2026-02-13 02:00:00,L56974,4.77,1590,33.9,107,Normal
2026-02-13 03:00:00,L56975,4.92,1623,33.1,109,Normal
2026-02-13 04:00:00,H39210,5.2,1694,30.9,111,Normal
2026-02-13 05:00:00,M24657,4.89,1597,33.5,116,Normal
2026-02-13 06:00:00,L56978,5.71,1471,44.7,119,Normal
2026-02-13 07:00:00,M24659,4.77,1551,34.7,121,Normal
2026-02-13 08:00:00,H39214,6.41,1421,50.3,124,Normal
2026-02-13 09:00:00,M24661,5.74,1496,45.6,129,Normal
2026-02-13 10:00:00,H39216,6.3,1984,19.2,132,Normal
2026-02-13 11:00:00,L56983,5.42,1692,29.8,137,Normal
2026-02-13 12:00:00,L56984,5.82,1467,42.5,139,Normal
2026-02-13 13:00:00,L56985,5.16,1651,28.5,141,Normal
2026-02-13 14:00:00,L56986,7.32,1417,60.5,143,Normal
2026-02-13 15:00:00,L56987,7.01,1413,55.0,145,Normal
2026-02-13 16:00:00,M24668,6.17,1441,44.2,147,Normal
2026-02-13 17:00:00,M24669,7.1,1353,50.3,150,Normal
2026-02-13 18:00:00,L56990,5.69,1502,40.9,153,Normal
2026-02-13 19:00:00,L56991,5.3,1610,31.7,155,Normal
2026-02-13 20:00:00,M24672,6.56,1411,45.8,157,Normal
2026-02-13 21:00:00,L56993,7.16,1387,52.3,160,Normal
2026-02-13 22:00:00,H39228,6.2,1430,40.9,162,Normal
2026-02-13 23:00:00,M24675,5.72,1576,38.8,167,Normal
2026-02-14 00:00:00,M24676,5.95,1721,29.4,170,Normal
2026-02-14 01:00:00,M24677,6.23,1465,42.4,173,Normal
2026-02-14 02:00:00,M24678,6.77,1407,45.1,176,Normal
2026-02-14 03:00:00,M24679,5.95,1464,36.9,179,Normal
2026-02-14 04:00:00,M24680,5.72,1568,36.7,182,Normal
2026-02-14 05:00:00,L57001,6.23,1667,35.6,185,Normal
2026-02-14 06:00:00,L57002,8.19,1360,60.9,187,Critical
2026-02-14 07:00:00,M24683,6.38,1488,43.7,189,Normal
2026-02-14 08:00:00,L57004,6.04,1504,39.3,192,Normal
2026-02-14 09:00:00,L57005,5.81,1610,32.4,194,Normal
2026-02-14 10:00:00,L57006,7.84,1345,52.7,196,Normal
2026-02-14 11:00:00,M24687,7.98,1376,57.0,198,Normal
2026-02-14 12:00:00,L57008,7.5,1385,50.0,201,Normal
2026-02-14 13:00:00,M24689,6.75,1429,41.8,203,Normal
2026-02-14 14:00:00,L57010,8.23,1337,56.1,206,Critical
2026-02-14 15:00:00,L57011,5.8,1542,35.4,208,Normal
2026-02-14 16:00:00,L57012,7.88,2118,17.7,210,Normal
2026-02-14 17:00:00,L57013,7.32,1386,45.3,212,Normal
2026-02-14 18:00:00,M24694,3.65,1632,32.7,0,Normal
2026-02-14 19:00:00,L57015,3.48,1545,36.9,3,Normal
2026-02-14 20:00:00,M24696,5.39,1390,53.6,5,Normal
2026-02-14 21:00:00,M24697,5.42,1355,50.6,8,Normal
2026-02-14 22:00:00,L57018,4.74,1425,45.5,11,Normal
2026-02-14 23:00:00,M24699,4.76,1491,51.2,13,Normal
2026-02-15 00:00:00,H39254,4.25,1486,42.4,16,Normal
2026-02-15 01:00:00,M24701,5.61,1359,51.4,21,Normal
2026-02-15 02:00:00,L57022,5.19,1395,47.6,24,Normal
2026-02-15 03:00:00,L57023,5.58,1383,52.1,26,Normal
2026-02-15 04:00:00,H39258,4.05,1484,37.0,28,Normal
2026-02-15 05:00:00,L57025,5.14,1421,47.4,33,Normal
2026-02-15 06:00:00,L57026,6.37,1339,58.8,35,Normal
2026-02-15 07:00:00,L57027,5.43,1362,46.1,37,Normal
2026-02-15 08:00:00,H39262,4.28,1568,40.6,39,Normal
2026-02-15 09:00:00,L57029,6.53,2312,15.5,44,Normal
2026-02-15 10:00:00,M24710,4.03,1498,34.6,46,Normal
2026-02-15 11:00:00,M24711,4.6,1761,27.2,49,Normal
2026-02-15 12:00:00,L57032,6.21,1316,51.4,52,Normal
2026-02-15 13:00:00,L57033,4.18,1525,37.8,54,Normal
2026-02-15 14:00:00,H39268,5.61,1362,45.3,56,Normal
2026-02-15 15:00:00,L57035,4.36,1516,38.5,61,Normal
2026-02-15 16:00:00,L57036,5.13,1450,44.2,63,Normal
2026-02-15 17:00:00,M24717,6.32,1366,55.0,65,Normal
2026-02-15 18:00:00,L57038,4.01,1547,33.1,68,Normal
2026-02-15 19:00:00,M24719,4.27,1580,33.9,70,Normal
2026-02-15 20:00:00,H39274,4.83,1755,26.9,73,Normal
2026-02-15 21:00:00,M24721,5.0,1800,24.8,78,Normal
2026-02-15 22:00:00,M24722,5.51,1439,45.8,81,Normal
2026-02-15 23:00:00,L57043,6.38,1411,56.3,84,Normal
2026-02-16 00:00:00,M24724,4.66,1645,31.4,86,Normal
2026-02-16 01:00:00,M24725,6.96,2450,13.9,89,Normal
2026-02-16 02:00:00,L57046,4.82,1630,34.0,92,Normal
2026-02-16 03:00:00,L57047,5.75,1411,44.7,94,Normal
2026-02-16 04:00:00,L57048,4.52,1526,35.4,96,Normal
2026-02-16 05:00:00,L57049,4.49,1590,31.3,98,Normal
2026-02-16 06:00:00,H39284,5.78,1884,25.6,100,Normal
2026-02-16 07:00:00,M24731,5.94,1947,21.7,105,Normal
2026-02-16 08:00:00,L57052,6.61,1373,52.1,108,Normal
2026-02-16 09:00:00,L57053,5.12,1616,36.5,110,Normal
2026-02-16 10:00:00,M24734,5.71,1449,44.1,112,Normal
2026-02-16 11:00:00,M24735,6.65,1363,50.6,115,Normal
2026-02-16 12:00:00,H39290,6.43,1461,55.1,118,Normal
2026-02-16 13:00:00,L57057,7.2,1374,58.6,123,Normal
2026-02-16 14:00:00,L57058,7.71,1293,59.1,125,Normal
2026-02-16 15:00:00,M24739,5.3,1490,38.6,127,Normal
2026-02-16 16:00:00,L57060,5.53,1753,27.5,130,Normal
2026-02-16 17:00:00,L57061,5.33,1493,38.5,132,Normal
2026-02-16 18:00:00,L57062,6.01,1895,22.0,134,Normal
2026-02-16 19:00:00,H39297,5.49,1654,34.3,136,Normal
2026-02-16 20:00:00,L57064,5.43,1673,30.8,141,Normal
2026-02-16 21:00:00,L57065,4.92,1613,27.7,143,Normal
2026-02-16 22:00:00,L57066,6.21,1903,22.3,145,Normal
2026-02-16 23:00:00,L57067,6.61,1368,44.7,147,Normal
2026-02-17 00:00:00,M24748,5.21,1575,34.4,149,Normal
2026-02-17 01:00:00,H39303,5.55,1516,40.2,152,Normal
2026-02-17 02:00:00,L57070,5.6,1645,32.8,157,Normal
2026-02-17 03:00:00,L57071,6.94,1374,48.1,159,Normal
2026-02-17 04:00:00,H39306,6.82,1407,48.6,161,Normal
2026-02-17 05:00:00,M24753,8.0,1284,55.3,166,Normal
2026-02-17 06:00:00,L57074,5.63,1645,31.1,169,Normal
2026-02-17 07:00:00,L57075,7.41,1387,54.1,171,Normal
2026-02-17 08:00:00,M24756,5.78,1618,35.1,173,Normal
2026-02-17 09:00:00,L57077,7.18,1357,47.1,176,Normal
2026-02-17 10:00:00,L57078,6.83,1396,44.8,178,Normal
2026-02-17 11:00:00,L57079,5.45,1586,31.4,180,Normal
2026-02-17 12:00:00,H39314,6.42,1449,42.3,182,Normal
2026-02-17 13:00:00,M24761,7.06,1423,48.9,187,Normal
2026-02-17 14:00:00,H39316,6.97,1402,45.3,190,Normal
2026-02-17 15:00:00,M24763,6.86,1437,45.7,195,Normal
2026-02-17 16:00:00,L57084,5.69,1537,35.7,198,Normal
2026-02-17 17:00:00,M24765,7.25,1423,49.5,200,Normal
2026-02-17 18:00:00,M24766,6.11,1587,37.3,203,Normal
2026-02-17 19:00:00,M24767,6.55,1487,43.2,206,Normal
2026-02-17 20:00:00,L57088,4.58,1456,47.7,0,Normal
2026-02-17 21:00:00,L57089,3.54,1607,32.7,2,Normal
2026-02-17 22:00:00,L57090,4.44,1469,46.0,4,Normal
2026-02-17 23:00:00,M24771,4.06,1481,40.8,6,Normal
2026-02-18 00:00:00,L57092,6.13,1327,58.8,9,Normal
2026-02-18 01:00:00,L57093,3.41,1589,30.6,11,Normal
2026-02-18 02:00:00,L57094,3.82,1670,29.6,13,Normal
2026-02-18 03:00:00,M24775,3.71,1662,28.3,15,Normal
2026-02-18 04:00:00,M24776,3.57,1553,34.9,18,Normal
2026-02-18 05:00:00,M24777,3.7,1557,36.0,21,Normal
2026-02-18 06:00:00,L57098,6.03,1352,56.7,24,Normal
2026-02-18 07:00:00,L57099,6.44,1305,58.7,26,Normal
2026-02-18 08:00:00,H39334,4.69,1450,43.9,28,Normal
2026-02-18 09:00:00,M24781,5.63,1347,48.5,33,Normal
2026-02-18 10:00:00,H39336,4.13,1566,39.1,36,Normal
2026-02-18 11:00:00,M24783,4.08,1615,33.3,41,Normal
2026-02-18 12:00:00,M24784,5.94,1384,54.4,44,Normal
2026-02-18 13:00:00,M24785,5.6,1367,47.3,47,Normal
2026-02-18 14:00:00,M24786,4.91,1897,20.2,50,Normal
2026-02-18 15:00:00,L57107,4.13,1522,36.9,53,Normal
2026-02-18 16:00:00,M24788,3.65,1576,27.4,55,Normal
2026-02-18 17:00:00,H39343,4.58,1479,39.2,58,Normal
2026-02-18 18:00:00,L57110,5.2,1452,45.5,63,Normal
2026-02-18 19:00:00,L57111,5.43,1432,46.9,65,Normal
2026-02-18 20:00:00,L57112,4.34,1663,28.4,67,Normal
2026-02-18 21:00:00,L57113,4.26,1597,32.4,69,Normal
2026-02-18 22:00:00,L57114,5.11,1472,44.3,71,Normal
2026-02-18 23:00:00,L57115,5.52,1452,48.5,73,Normal
2026-02-19 00:00:00,H39350,4.08,1534,33.2,75,Normal
2026-02-19 01:00:00,L57117,5.15,1505,46.1,80,Normal
2026-02-19 02:00:00,L57118,4.25,1528,33.9,82,Normal
2026-02-19 03:00:00,H39353,6.83,2636,12.8,84,Normal
2026-02-19 04:00:00,M24800,4.94,1722,28.6,89,Normal
2026-02-19 05:00:00,L57121,5.76,1395,44.0,92,Normal
2026-02-19 06:00:00,L57122,6.34,1375,50.8,94,Normal
2026-02-19 07:00:00,M24803,5.1,1766,26.0,96,Normal
2026-02-19 08:00:00,L57124,6.07,1399,47.8,99,Normal
2026-02-19 09:00:00,L57125,4.88,1578,37.8,101,Normal
2026-02-19 10:00:00,L57126,5.17,1502,42.0,103,Normal
2026-02-19 11:00:00,M24807,4.69,1529,36.6,105,Normal
2026-02-19 12:00:00,L57128,5.4,1804,25.1,108,Normal
2026-02-19 13:00:00,M24809,6.5,1411,53.4,110,Normal
2026-02-19 14:00:00,L57130,6.57,1413,54.1,113,Normal
2026-02-19 15:00:00,L57131,7.27,1355,59.4,115,Normal
2026-02-19 16:00:00,L57132,6.06,1429,46.9,117,Normal
2026-02-19 17:00:00,L57133,4.86,1565,35.3,119,Normal
2026-02-19 18:00:00,M24814,5.75,1446,42.8,121,Normal
2026-02-19 19:00:00,M24815,5.43,1462,38.8,124,Normal
2026-02-19 20:00:00,M24816,4.98,1578,34.5,127,Normal
2026-02-19 21:00:00,L57137,5.07,1606,33.0,130,Normal
2026-02-19 22:00:00,M24818,4.99,1525,35.9,132,Normal
2026-02-19 23:00:00,L57139,6.7,1379,49.1,135,Normal
2026-02-20 00:00:00,L57140,5.11,1575,35.0,137,Normal
2026-02-20 01:00:00,L57141,7.01,1399,54.9,139,Normal
2026-02-20 02:00:00,L57142,6.51,1429,49.4,141,Normal
2026-02-20 03:00:00,L57143,5.88,1435,39.9,143,Normal
2026-02-20 04:00:00,L57144,5.72,1766,26.5,145,Normal
2026-02-20 05:00:00,L57145,5.55,1703,28.9,147,Normal
2026-02-20 06:00:00,L57146,5.63,1507,41.2,149,Normal
2026-02-20 07:00:00,M24827,5.3,1609,32.4,151,Normal
2026-02-20 08:00:00,L57148,5.31,1605,32.4,154,Normal
2026-02-20 09:00:00,L57149,6.38,1491,50.0,156,Normal
2026-02-20 10:00:00,H39384,6.45,1891,24.7,158,Normal
2026-02-20 11:00:00,H39385,5.98,1563,44.6,163,Normal
2026-02-20 12:00:00,L57152,7.18,1390,51.4,168,Normal
2026-02-20 13:00:00,L57153,6.19,1444,40.5,170,Normal
2026-02-20 14:00:00,L57154,8.48,1361,68.2,172,Critical
2026-02-20 15:00:00,M24835,5.57,1589,34.1,174,Normal
2026-02-20 16:00:00,L57156,5.74,1705,26.3,177,Normal
2026-02-20 17:00:00,L57157,6.41,1422,40.4,179,Normal
2026-02-20 18:00:00,H39392,7.45,1377,52.1,181,Normal
2026-02-20 19:00:00,L57159,7.6,1334,49.8,186,Normal
2026-02-20 20:00:00,L57160,5.73,1559,36.6,188,Normal
2026-02-20 21:00:00,L57161,7.36,1353,47.0,190,Normal
2026-02-20 22:00:00,M24842,6.44,1507,45.7,192,Normal
2026-02-20 23:00:00,L57163,6.05,1694,28.7,195,Normal
2026-02-21 00:00:00,H39398,6.73,1432,42.8,197,Normal
2026-02-21 01:00:00,H39399,5.9,1572,35.6,202,Normal
2026-02-21 02:00:00,M24846,6.39,1507,42.3,207,Normal
2026-02-21 03:00:00,M24847,6.13,1500,37.1,210,Normal
2026-02-21 04:00:00,L57168,6.39,1771,24.1,213,Normal
2026-02-21 05:00:00,M24849,3.38,1577,33.2,0,Normal
2026-02-21 06:00:00,L57170,3.46,1527,36.2,3,Normal
2026-02-21 07:00:00,M24851,4.37,1827,26.1,5,Normal
2026-02-21 08:00:00,L57172,3.96,1484,39.2,8,Normal
2026-02-21 09:00:00,L57173,4.97,1401,47.3,10,Normal
2026-02-21 10:00:00,L57174,3.49,1634,27.9,12,Normal
2026-02-21 11:00:00,M24855,3.46,1604,29.5,14,Normal
2026-02-21 12:00:00,H39410,3.8,1632,31.8,17,Normal
2026-02-21 13:00:00,M24857,4.03,1645,33.4,22,Normal
2026-02-21 14:00:00,H39412,5.19,1408,48.5,25,Normal
2026-02-21 15:00:00,M24859,4.2,1500,40.2,30,Normal
