well_id,timestamp,depth_m,ROP,WOB,RPM,Torque
NO 15/9-F-1 C,2014-01-01 00:00:00,1200.0,19.92,97.1,153,14.77
NO 15/9-F-1 C,2014-01-01 06:00:00,1218.0,14.96,108.8,103,9.31
NO 15/9-F-1 C,2014-01-01 12:00:00,1222.4,14.33,123.4,117,14.72
NO 15/9-F-1 C,2014-01-01 18:00:00,1218.1,13.08,72.5,90,17.7
NO 15/9-F-1 C,2014-01-02 00:00:00,1235.6,21.27,126.1,88,12.74
NO 15/9-F-1 C,2014-01-02 06:00:00,1263.5,6.21,98.4,99,11.12
NO 15/9-F-1 C,2014-01-02 12:00:00,1240.9,21.7,72.4,85,7.25
NO 15/9-F-1 C,2014-01-02 18:00:00,1266.9,6.34,118.7,69,15.28
NO 15/9-F-1 C,2014-01-03 00:00:00,1290.5,13.27,117.1,112,11.11
NO 15/9-F-1 C,2014-01-03 06:00:00,1283.5,22.23,109.2,118,11.83
NO 15/9-F-1 C,2014-01-03 12:00:00,1295.1,17.04,123.4,110,9.29
NO 15/9-F-1 C,2014-01-03 18:00:00,1309.8,18.05,105.4,118,4.95
NO 15/9-F-1 C,2014-01-04 00:00:00,1332.5,4.74,125.9,145,15.66
NO 15/9-F-1 C,2014-01-04 06:00:00,1325.5,10.22,64.2,121,11.69
NO 15/9-F-1 C,2014-01-04 12:00:00,1337.2,19.13,118.5,105,23.0
NO 15/9-F-1 C,2014-01-04 18:00:00,1347.3,14.96,110.2,102,10.5
NO 15/9-F-1 C,2014-01-05 00:00:00,1378.5,21.93,104.4,118,13.47
NO 15/9-F-1 C,2014-01-05 06:00:00,1388.3,23.53,127.6,78,8.13
NO 15/9-F-1 C,2014-01-05 12:00:00,1388.9,24.86,96.7,75,10.04
NO 15/9-F-1 C,2014-01-05 18:00:00,1394.0,23.85,72.4,85,9.75
NO 15/9-F-1 C,2014-01-06 00:00:00,1406.9,6.24,79.5,71,10.56
NO 15/9-F-1 C,2014-01-06 06:00:00,1423.0,12.52,94.5,68,16.75
NO 15/9-F-1 C,2014-01-06 12:00:00,1413.6,5.7,123.3,81,15.06
NO 15/9-F-1 C,2014-01-06 18:00:00,1440.6,21.69,88.7,62,14.72
NO 15/9-F-1 C,2014-01-07 00:00:00,1431.2,28.13,127.5,108,15.64
NO 15/9-F-1 C,2014-01-07 06:00:00,1446.2,20.36,90.1,90,14.45
NO 15/9-F-1 C,2014-01-07 12:00:00,1468.6,13.99,154.5,89,15.74
NO 15/9-F-1 C,2014-01-07 18:00:00,1459.9,17.4,111.2,130,14.95
NO 15/9-F-1 C,2014-01-08 00:00:00,1480.3,7.97,134.2,135,12.41
NO 15/9-F-1 C,2014-01-08 06:00:00,1484.6,13.26,94.9,104,14.77
NO 15/9-F-1 C,2014-01-08 12:00:00,1499.5,9.28,74.6,96,7.29
NO 15/9-F-1 C,2014-01-08 18:00:00,1489.2,18.66,102.2,66,11.24
NO 15/9-F-1 C,2014-01-09 00:00:00,1507.4,13.65,128.5,101,19.34
NO 15/9-F-1 C,2014-01-09 06:00:00,1526.1,11.37,113.1,102,11.62
NO 15/9-F-1 C,2014-01-09 12:00:00,1549.1,16.0,131.2,134,7.34
NO 15/9-F-1 C,2014-01-09 18:00:00,1550.4,11.43,101.6,125,11.22
NO 15/9-F-1 C,2014-01-10 00:00:00,1561.8,1.73,117.6,104,13.29
NO 15/9-F-1 C,2014-01-10 06:00:00,1577.4,7.72,166.6,97,12.62
NO 15/9-F-1 C,2014-01-10 12:00:00,1574.9,8.7,87.1,78,10.91
NO 15/9-F-1 C,2014-01-10 18:00:00,1594.2,8.3,176.7,63,9.46
NO 15/9-F-1 C,2014-01-11 00:00:00,1595.6,12.19,135.2,95,15.26
NO 15/9-F-1 C,2014-01-11 06:00:00,1598.2,8.09,116.8,143,9.27
NO 15/9-F-1 C,2014-01-11 12:00:00,1619.0,17.94,121.2,55,10.66
NO 15/9-F-1 C,2014-01-11 18:00:00,1636.8,22.92,119.1,78,15.11
NO 15/9-F-1 C,2014-01-12 00:00:00,1644.9,11.65,125.8,113,8.86
NO 15/9-F-1 C,2014-01-12 06:00:00,1652.2,20.53,84.8,76,9.18
NO 15/9-F-1 C,2014-01-12 12:00:00,1681.5,12.58,118.3,88,15.3
NO 15/9-F-1 C,2014-01-12 18:00:00,1675.7,16.76,94.2,124,16.45
NO 15/9-F-1 C,2014-01-13 00:00:00,1690.2,14.31,108.6,65,11.14
NO 15/9-F-1 C,2014-01-13 06:00:00,1710.4,12.96,122.4,101,13.6
NO 15/9-F-1 C,2014-01-13 12:00:00,1692.2,25.74,99.1,94,7.87
NO 15/9-F-1 C,2014-01-13 18:00:00,1704.3,14.94,144.3,66,10.69
NO 15/9-F-1 C,2014-01-14 00:00:00,1736.6,15.25,140.5,113,14.11
NO 15/9-F-1 C,2014-01-14 06:00:00,1726.3,13.43,129.5,127,6.85
NO 15/9-F-1 C,2014-01-14 12:00:00,1743.0,20.1,112.0,93,4.07
NO 15/9-F-1 C,2014-01-14 18:00:00,1761.3,5.34,165.9,89,9.5
NO 15/9-F-1 C,2014-01-15 00:00:00,1769.9,11.81,92.6,107,17.69
NO 15/9-F-1 C,2014-01-15 06:00:00,1786.9,10.89,119.6,79,18.04
NO 15/9-F-1 C,2014-01-15 12:00:00,1794.9,16.32,82.5,124,16.46
NO 15/9-F-1 C,2014-01-15 18:00:00,1801.5,16.13,65.8,144,13.13
NO 15/9-F-1 C,2014-01-16 00:00:00,1796.8,23.19,98.5,96,12.84
NO 15/9-F-1 C,2014-01-16 06:00:00,1819.4,22.79,119.3,77,13.64
NO 15/9-F-1 C,2014-01-16 12:00:00,1825.6,26.41,117.0,107,8.27
NO 15/9-F-1 C,2014-01-16 18:00:00,1822.6,5.18,95.9,97,12.79
NO 15/9-F-1 C,2014-01-17 00:00:00,1854.6,16.16,163.1,106,17.0
NO 15/9-F-1 C,2014-01-17 06:00:00,1859.7,14.72,158.5,63,11.12
NO 15/9-F-1 C,2014-01-17 12:00:00,1863.7,21.88,109.9,125,13.95
NO 15/9-F-1 C,2014-01-17 18:00:00,1871.5,21.62,133.4,119,18.13
NO 15/9-F-1 C,2014-01-18 00:00:00,1873.8,21.91,144.8,105,11.01
NO 15/9-F-1 C,2014-01-18 06:00:00,1895.1,10.38,137.5,51,8.38
NO 15/9-F-1 C,2014-01-18 12:00:00,1907.3,8.26,107.6,47,16.99
NO 15/9-F-1 C,2014-01-18 18:00:00,1906.9,19.2,174.5,128,17.03
NO 15/9-F-1 C,2014-01-19 00:00:00,1932.9,30.75,97.9,71,11.65
NO 15/9-F-1 C,2014-01-19 06:00:00,1924.9,9.23,107.3,81,14.57
NO 15/9-F-1 C,2014-01-19 12:00:00,1926.7,18.59,114.2,111,12.17
NO 15/9-F-1 C,2014-01-19 18:00:00,1962.1,20.26,117.1,99,15.96
NO 15/9-F-1 C,2014-01-20 00:00:00,1960.6,23.83,155.1,83,11.31
NO 15/9-F-1 C,2014-01-20 06:00:00,1972.9,3.09,107.8,114,12.13
NO 15/9-F-1 C,2014-01-20 12:00:00,1977.2,28.52,102.8,81,14.52
NO 15/9-F-1 C,2014-01-20 18:00:00,1981.1,16.05,131.5,111,13.74
NO 15/9-F-1 C,2014-01-21 00:00:00,2014.1,1.0,93.2,92,11.2
NO 15/9-F-1 C,2014-01-21 06:00:00,2008.6,11.86,127.4,118,8.88
NO 15/9-F-1 C,2014-01-21 12:00:00,2037.4,19.81,132.6,115,7.95
NO 15/9-F-1 C,2014-01-21 18:00:00,2040.6,18.08,117.5,126,18.97
NO 15/9-F-1 C,2014-01-22 00:00:00,2041.7,26.12,118.4,104,14.95
NO 15/9-F-1 C,2014-01-22 06:00:00,2045.6,7.19,71.5,94,16.42
NO 15/9-F-1 C,2014-01-22 12:00:00,2058.5,12.68,160.1,43,7.7
NO 15/9-F-1 C,2014-01-22 18:00:00,2064.7,14.13,141.6,103,12.69
NO 15/9-F-1 C,2014-01-23 00:00:00,2101.1,14.15,62.1,130,9.65
NO 15/9-F-1 C,2014-01-23 06:00:00,2095.8,22.63,112.9,128,13.87
NO 15/9-F-1 C,2014-01-23 12:00:00,2113.7,14.25,121.8,72,12.81
NO 15/9-F-1 C,2014-01-23 18:00:00,2104.4,27.01,154.2,83,14.96
NO 15/9-F-1 C,2014-01-24 00:00:00,2126.1,16.74,139.5,107,12.19
NO 15/9-F-1 C,2014-01-24 06:00:00,2144.1,24.31,121.5,132,16.2
NO 15/9-F-1 C,2014-01-24 12:00:00,2142.0,12.73,110.0,147,13.31
NO 15/9-F-1 C,2014-01-24 18:00:00,2163.0,9.69,79.0,126,12.82
NO 15/9-F-1 C,2014-01-25 00:00:00,2156.1,9.46,135.2,108,7.15
NO 15/9-F-1 C,2014-01-25 06:00:00,2164.0,19.12,155.0,161,13.33
NO 15/9-F-1 C,2014-01-25 12:00:00,2188.0,16.63,163.2,108,14.28
NO 15/9-F-1 C,2014-01-25 18:00:00,2191.9,10.59,73.2,125,7.73
NO 15/9-F-1 C,2014-01-26 00:00:00,2210.2,22.98,91.4,110,11.12
NO 15/9-F-1 C,2014-01-26 06:00:00,2199.3,23.22,124.0,148,9.03
NO 15/9-F-1 C,2014-01-26 12:00:00,2230.8,17.9,116.4,111,18.32
NO 15/9-F-1 C,2014-01-26 18:00:00,2256.0,19.1,80.6,116,10.83
NO 15/9-F-1 C,2014-01-27 00:00:00,2245.0,11.69,146.4,91,11.78
NO 15/9-F-1 C,2014-01-27 06:00:00,2255.5,15.23,143.4,117,12.25
NO 15/9-F-1 C,2014-01-27 12:00:00,2266.8,13.09,80.2,88,10.0
NO 15/9-F-1 C,2014-01-27 18:00:00,2260.5,13.95,174.6,90,12.43
NO 15/9-F-1 C,2014-01-28 00:00:00,2288.8,1.0,133.0,70,9.78
NO 15/9-F-1 C,2014-01-28 06:00:00,2282.6,22.3,51.9,107,14.74
NO 15/9-F-1 C,2014-01-28 12:00:00,2302.1,25.68,87.4,91,18.7
NO 15/9-F-1 C,2014-01-28 18:00:00,2325.5,14.82,92.9,89,9.05
NO 15/9-F-1 C,2014-01-29 00:00:00,2319.7,11.92,147.6,124,9.03
NO 15/9-F-1 C,2014-01-29 06:00:00,2339.7,16.5,102.9,122,12.03
NO 15/9-F-1 C,2014-01-29 12:00:00,2353.8,17.6,110.2,56,12.84
NO 15/9-F-1 C,2014-01-29 18:00:00,2358.0,6.1,137.4,90,10.89
NO 15/9-F-1 C,2014-01-30 00:00:00,2354.9,14.94,132.3,101,18.7
NO 15/9-F-1 C,2014-01-30 06:00:00,2373.2,26.54,166.5,99,8.19
NO 15/9-F-1 C,2014-01-30 12:00:00,2401.6,23.54,102.5,105,14.78
NO 15/9-F-1 C,2014-01-30 18:00:00,2379.8,3.77,163.9,124,14.58
NO 15/9-F-1 C,2014-01-31 00:00:00,2403.8,21.24,131.7,107,11.87
NO 15/9-F-1 C,2014-01-31 06:00:00,2411.7,9.83,123.6,112,16.64
NO 15/9-F-1 C,2014-01-31 12:00:00,2427.1,16.4,89.4,70,11.97
NO 15/9-F-1 C,2014-01-31 18:00:00,2442.2,14.81,112.1,71,16.47
NO 15/9-F-1 C,2014-02-01 00:00:00,2459.1,22.51,90.3,122,15.77
NO 15/9-F-1 C,2014-02-01 06:00:00,2454.1,15.27,86.5,140,13.72
NO 15/9-F-1 C,2014-02-01 12:00:00,2472.8,13.24,138.2,140,11.3
NO 15/9-F-1 C,2014-02-01 18:00:00,2480.4,19.84,173.3,80,11.55
NO 15/9-F-1 C,2014-02-02 00:00:00,2490.2,10.82,110.3,100,13.74
NO 15/9-F-1 C,2014-02-02 06:00:00,2492.0,9.26,96.3,111,13.06
NO 15/9-F-1 C,2014-02-02 12:00:00,2498.6,21.12,127.3,121,8.9
NO 15/9-F-1 C,2014-02-02 18:00:00,2507.8,12.32,170.5,113,16.06
NO 15/9-F-1 C,2014-02-03 00:00:00,2520.6,16.91,127.8,99,25.41
NO 15/9-F-1 C,2014-02-03 06:00:00,2539.3,12.23,113.9,51,16.61
NO 15/9-F-1 C,2014-02-03 12:00:00,2552.8,11.13,113.2,93,12.25
NO 15/9-F-1 C,2014-02-03 18:00:00,2559.4,13.01,113.7,103,12.2
NO 15/9-F-1 C,2014-02-04 00:00:00,2562.4,13.82,154.3,124,16.36
NO 15/9-F-1 C,2014-02-04 06:00:00,2591.3,9.87,152.7,129,11.3
NO 15/9-F-1 C,2014-02-04 12:00:00,2599.1,25.67,94.5,64,16.36
NO 15/9-F-1 C,2014-02-04 18:00:00,2594.2,14.16,144.3,88,8.71
NO 15/9-F-1 C,2014-02-05 00:00:00,2600.4,23.62,72.8,70,5.5
NO 15/9-F-1 C,2014-02-05 06:00:00,2618.1,1.0,83.8,57,12.25
NO 15/9-F-1 C,2014-02-05 12:00:00,2637.3,1.0,82.2,156,13.57
NO 15/9-F-1 C,2014-02-05 18:00:00,2639.8,15.37,66.4,99,12.33
NO 15/9-F-1 C,2014-02-06 00:00:00,2651.7,3.76,118.8,131,11.6
NO 15/9-F-1 C,2014-02-06 06:00:00,2655.6,13.62,53.7,74,15.71
NO 15/9-F-1 C,2014-02-06 12:00:00,2671.0,10.37,87.1,89,12.22
NO 15/9-F-1 C,2014-02-06 18:00:00,2689.7,6.89,118.8,75,15.53
NO 15/9-F-1 C,2014-02-07 00:00:00,2685.5,7.6,154.6,104,10.31
NO 15/9-F-1 C,2014-02-07 06:00:00,2698.6,21.38,73.8,92,12.26
NO 15/9-F-1 C,2014-02-07 12:00:00,2709.6,14.15,54.7,84,12.61
NO 15/9-F-1 C,2014-02-07 18:00:00,2719.9,5.76,153.0,115,11.45
NO 15/9-F-1 C,2014-02-08 00:00:00,2716.3,13.46,170.8,125,14.81
NO 15/9-F-1 C,2014-02-08 06:00:00,2722.7,5.09,163.9,128,12.87
NO 15/9-F-1 C,2014-02-08 12:00:00,2739.6,11.15,109.4,78,11.06
NO 15/9-F-1 C,2014-02-08 18:00:00,2759.1,20.34,60.8,98,12.5
NO 15/9-F-1 C,2014-02-09 00:00:00,2772.3,15.72,79.6,78,16.15
NO 15/9-F-1 C,2014-02-09 06:00:00,2773.6,6.43,145.3,94,16.94
NO 15/9-F-1 C,2014-02-09 12:00:00,2799.0,12.05,80.0,123,12.29
NO 15/9-F-1 C,2014-02-09 18:00:00,2796.8,25.14,141.8,99,11.55
NO 15/9-F-1 C,2014-02-10 00:00:00,2808.2,15.16,120.7,85,15.81
NO 15/9-F-1 C,2014-02-10 06:00:00,2816.5,12.22,102.3,93,13.44
NO 15/9-F-1 C,2014-02-10 12:00:00,2829.2,10.16,119.0,165,12.65
NO 15/9-F-1 C,2014-02-10 18:00:00,2843.8,11.96,65.0,106,8.29
NO 15/9-F-1 C,2014-02-11 00:00:00,2853.6,12.37,119.5,66,13.4
NO 15/9-F-1 C,2014-02-11 06:00:00,2851.1,17.13,76.1,96,5.9
NO 15/9-F-1 C,2014-02-11 12:00:00,2880.5,26.03,124.9,101,12.35
NO 15/9-F-1 C,2014-02-11 18:00:00,2869.6,22.92,112.2,112,18.08
NO 15/9-F-1 C,2014-02-12 00:00:00,2889.1,12.58,82.2,86,17.39
NO 15/9-F-1 C,2014-02-12 06:00:00,2896.3,15.64,99.9,126,16.1
NO 15/9-F-1 C,2014-02-12 12:00:00,2900.2,11.67,85.8,70,6.16
NO 15/9-F-1 C,2014-02-12 18:00:00,2918.0,13.15,88.2,145,12.67
NO 15/9-F-1 C,2014-02-13 00:00:00,2922.7,1.4,157.6,108,15.8
NO 15/9-F-1 C,2014-02-13 06:00:00,2939.3,19.77,123.9,116,13.75
NO 15/9-F-1 C,2014-02-13 12:00:00,2952.0,7.26,126.0,127,12.21
NO 15/9-F-1 C,2014-02-13 18:00:00,2970.6,18.86,127.6,144,12.08
NO 15/9-F-1 C,2014-02-14 00:00:00,2971.3,12.96,111.5,102,4.81
NO 15/9-F-1 C,2014-02-14 06:00:00,2974.0,10.5,124.0,104,10.12
NO 15/9-F-1 C,2014-02-14 12:00:00,2985.8,10.35,104.3,87,10.88
NO 15/9-F-1 C,2014-02-14 18:00:00,3000.1,11.22,141.9,127,16.42
NO 15/9-F-1 C,2014-02-15 00:00:00,3009.8,17.99,93.8,126,11.45
NO 15/9-F-1 C,2014-02-15 06:00:00,3030.8,15.16,155.1,106,14.18
NO 15/9-F-1 C,2014-02-15 12:00:00,3040.3,5.11,129.6,83,16.54
NO 15/9-F-1 C,2014-02-15 18:00:00,3036.3,13.71,47.9,97,11.18
NO 15/9-F-1 C,2014-02-16 00:00:00,3044.9,18.4,135.1,97,16.61
NO 15/9-F-1 C,2014-02-16 06:00:00,3038.8,1.0,93.6,80,8.16
NO 15/9-F-1 C,2014-02-16 12:00:00,3065.0,21.72,139.9,87,17.26
NO 15/9-F-1 C,2014-02-16 18:00:00,3071.6,15.71,102.3,89,9.94
NO 15/9-F-1 C,2014-02-17 00:00:00,3086.6,18.31,134.5,110,5.89
NO 15/9-F-1 C,2014-02-17 06:00:00,3102.6,17.07,132.0,90,13.19
NO 15/9-F-1 C,2014-02-17 12:00:00,3111.0,1.95,78.1,97,11.28
NO 15/9-F-1 C,2014-02-17 18:00:00,3119.4,17.46,79.4,97,10.67
NO 15/9-F-1 C,2014-02-18 00:00:00,3131.2,18.7,157.6,142,7.87
NO 15/9-F-1 C,2014-02-18 06:00:00,3138.7,14.66,81.6,103,13.89
NO 15/9-F-1 C,2014-02-18 12:00:00,3151.3,15.57,113.5,137,15.34
NO 15/9-F-1 C,2014-02-18 18:00:00,3134.0,13.09,115.7,124,14.97
NO 15/9-F-1 C,2014-02-19 00:00:00,3167.7,12.02,61.7,78,12.68
NO 15/9-F-1 C,2014-02-19 06:00:00,3179.0,2.49,110.4,95,16.27
NO 15/9-F-1 C,2014-02-19 12:00:00,3187.2,5.77,57.0,95,14.33
NO 15/9-F-1 C,2014-02-19 18:00:00,3198.3,22.49,87.7,115,8.61
NO 15/9-F-11 H,2014-01-01 00:00:00,1200.0,25.9,164.3,93,12.35
NO 15/9-F-11 H,2014-01-01 06:00:00,1209.8,3.35,93.5,73,13.6
NO 15/9-F-11 H,2014-01-01 12:00:00,1216.2,10.12,82.0,97,8.03
NO 15/9-F-11 H,2014-01-01 18:00:00,1207.6,17.16,123.5,98,10.14
NO 15/9-F-11 H,2014-01-02 00:00:00,1224.6,5.62,131.7,110,14.42
NO 15/9-F-11 H,2014-01-02 06:00:00,1211.1,12.85,108.5,136,10.41
NO 15/9-F-11 H,2014-01-02 12:00:00,1229.6,12.81,137.3,111,5.71
NO 15/9-F-11 H,2014-01-02 18:00:00,1227.4,3.18,95.2,125,14.69
NO 15/9-F-11 H,2014-01-03 00:00:00,1235.2,18.64,133.8,83,14.93
NO 15/9-F-11 H,2014-01-03 06:00:00,1236.7,8.55,143.4,93,13.93
NO 15/9-F-11 H,2014-01-03 12:00:00,1256.5,1.88,74.5,128,14.51
NO 15/9-F-11 H,2014-01-03 18:00:00,1261.7,6.47,153.6,81,13.15
NO 15/9-F-11 H,2014-01-04 00:00:00,1257.0,11.64,87.3,130,18.15
NO 15/9-F-11 H,2014-01-04 06:00:00,1270.7,16.25,160.8,98,13.55
NO 15/9-F-11 H,2014-01-04 12:00:00,1275.0,15.92,80.3,115,14.65
NO 15/9-F-11 H,2014-01-04 18:00:00,1277.1,13.79,64.2,113,6.66
NO 15/9-F-11 H,2014-01-05 00:00:00,1300.6,9.32,118.9,88,13.54
NO 15/9-F-11 H,2014-01-05 06:00:00,1281.9,13.42,66.1,108,14.04
NO 15/9-F-11 H,2014-01-05 12:00:00,1293.9,22.09,104.0,103,7.23
NO 15/9-F-11 H,2014-01-05 18:00:00,1295.9,28.75,160.2,104,12.73
NO 15/9-F-11 H,2014-01-06 00:00:00,1301.2,1.0,146.1,117,15.83
NO 15/9-F-11 H,2014-01-06 06:00:00,1310.7,12.16,100.9,77,15.15
NO 15/9-F-11 H,2014-01-06 12:00:00,1312.3,23.77,148.7,109,11.88
NO 15/9-F-11 H,2014-01-06 18:00:00,1313.0,7.64,93.9,115,11.34
NO 15/9-F-11 H,2014-01-07 00:00:00,1326.0,26.49,149.6,91,8.78
NO 15/9-F-11 H,2014-01-07 06:00:00,1339.7,11.16,147.0,93,14.92
NO 15/9-F-11 H,2014-01-07 12:00:00,1343.0,11.04,125.3,116,16.18
NO 15/9-F-11 H,2014-01-07 18:00:00,1342.3,25.03,154.3,93,12.58
NO 15/9-F-11 H,2014-01-08 00:00:00,1340.0,6.79,107.9,105,11.1
NO 15/9-F-11 H,2014-01-08 06:00:00,1352.6,11.47,146.0,124,14.39
NO 15/9-F-11 H,2014-01-08 12:00:00,1365.0,6.06,121.0,96,17.29
NO 15/9-F-11 H,2014-01-08 18:00:00,1371.1,2.38,98.2,92,10.77
NO 15/9-F-11 H,2014-01-09 00:00:00,1369.6,21.7,44.4,100,14.7
NO 15/9-F-11 H,2014-01-09 06:00:00,1369.0,21.86,98.5,90,13.61
NO 15/9-F-11 H,2014-01-09 12:00:00,1375.5,16.06,117.1,35,8.69
NO 15/9-F-11 H,2014-01-09 18:00:00,1388.5,8.96,134.3,73,9.19
NO 15/9-F-11 H,2014-01-10 00:00:00,1393.1,13.92,76.4,119,10.76
NO 15/9-F-11 H,2014-01-10 06:00:00,1378.7,27.83,96.1,92,15.19
NO 15/9-F-11 H,2014-01-10 12:00:00,1403.3,10.41,160.3,115,12.12
NO 15/9-F-11 H,2014-01-10 18:00:00,1408.9,13.87,200.5,115,14.21
NO 15/9-F-11 H,2014-01-11 00:00:00,1401.3,14.07,146.1,71,12.37
NO 15/9-F-11 H,2014-01-11 06:00:00,1407.5,1.0,99.0,123,17.25
NO 15/9-F-11 H,2014-01-11 12:00:00,1412.8,19.24,134.2,67,10.48
NO 15/9-F-11 H,2014-01-11 18:00:00,1418.6,25.32,99.3,102,9.6
NO 15/9-F-11 H,2014-01-12 00:00:00,1417.9,8.46,100.9,90,15.79
NO 15/9-F-11 H,2014-01-12 06:00:00,1437.0,16.51,145.6,74,17.29
NO 15/9-F-11 H,2014-01-12 12:00:00,1433.4,15.15,170.2,103,8.08
NO 15/9-F-11 H,2014-01-12 18:00:00,1444.3,23.99,110.9,57,13.07
NO 15/9-F-11 H,2014-01-13 00:00:00,1446.1,16.62,147.3,35,17.04
NO 15/9-F-11 H,2014-01-13 06:00:00,1457.4,11.68,172.8,67,15.25
NO 15/9-F-11 H,2014-01-13 12:00:00,1452.4,17.88,102.3,87,11.15
NO 15/9-F-11 H,2014-01-13 18:00:00,1467.7,12.57,77.4,126,8.33
NO 15/9-F-11 H,2014-01-14 00:00:00,1474.1,22.16,61.3,101,11.38
NO 15/9-F-11 H,2014-01-14 06:00:00,1482.8,14.89,143.7,100,11.38
NO 15/9-F-11 H,2014-01-14 12:00:00,1497.1,13.6,144.4,78,9.42
NO 15/9-F-11 H,2014-01-14 18:00:00,1469.8,1.3,175.8,79,6.78
NO 15/9-F-11 H,2014-01-15 00:00:00,1494.3,9.34,96.6,137,10.77
NO 15/9-F-11 H,2014-01-15 06:00:00,1491.3,17.04,61.3,109,6.18
NO 15/9-F-11 H,2014-01-15 12:00:00,1486.8,12.8,92.2,106,14.56
NO 15/9-F-11 H,2014-01-15 18:00:00,1514.1,5.65,80.9,109,14.61
NO 15/9-F-11 H,2014-01-16 00:00:00,1523.3,24.92,100.8,72,13.1
NO 15/9-F-11 H,2014-01-16 06:00:00,1514.7,9.44,87.3,135,14.45
NO 15/9-F-11 H,2014-01-16 12:00:00,1524.7,9.9,114.4,103,13.2
NO 15/9-F-11 H,2014-01-16 18:00:00,1527.7,12.16,58.0,83,10.05
NO 15/9-F-11 H,2014-01-17 00:00:00,1536.9,15.2,82.5,109,10.89
NO 15/9-F-11 H,2014-01-17 06:00:00,1545.7,9.68,76.9,114,13.64
NO 15/9-F-11 H,2014-01-17 12:00:00,1546.6,20.6,131.5,118,14.17
NO 15/9-F-11 H,2014-01-17 18:00:00,1551.9,2.69,106.6,73,17.32
NO 15/9-F-11 H,2014-01-18 00:00:00,1564.4,14.9,153.1,82,12.79
NO 15/9-F-11 H,2014-01-18 06:00:00,1558.2,16.84,105.1,109,17.7
NO 15/9-F-11 H,2014-01-18 12:00:00,1572.1,7.78,35.9,140,8.87
NO 15/9-F-11 H,2014-01-18 18:00:00,1563.4,22.86,134.6,100,14.21
NO 15/9-F-11 H,2014-01-19 00:00:00,1588.0,7.02,117.6,118,9.96
NO 15/9-F-11 H,2014-01-19 06:00:00,1586.3,12.34,124.4,134,12.74
NO 15/9-F-11 H,2014-01-19 12:00:00,1582.3,11.99,110.6,130,10.33
NO 15/9-F-11 H,2014-01-19 18:00:00,1573.9,12.9,96.0,100,13.14
NO 15/9-F-11 H,2014-01-20 00:00:00,1596.0,22.24,51.3,117,8.72
NO 15/9-F-11 H,2014-01-20 06:00:00,1591.7,19.15,152.2,126,13.65
NO 15/9-F-11 H,2014-01-20 12:00:00,1608.8,20.84,86.7,103,17.6
NO 15/9-F-11 H,2014-01-20 18:00:00,1623.2,9.48,120.9,96,12.03
NO 15/9-F-11 H,2014-01-21 00:00:00,1618.1,17.84,106.9,104,10.77
NO 15/9-F-11 H,2014-01-21 06:00:00,1620.6,2.22,120.8,114,17.55
NO 15/9-F-11 H,2014-01-21 12:00:00,1630.0,14.08,73.2,88,14.01
NO 15/9-F-11 H,2014-01-21 18:00:00,1634.8,14.41,123.4,97,19.29
NO 15/9-F-11 H,2014-01-22 00:00:00,1618.8,27.1,87.1,124,13.36
NO 15/9-F-11 H,2014-01-22 06:00:00,1644.8,15.09,89.2,140,16.4
NO 15/9-F-11 H,2014-01-22 12:00:00,1653.1,4.8,156.5,104,11.07
NO 15/9-F-11 H,2014-01-22 18:00:00,1651.2,8.16,143.3,113,9.94
NO 15/9-F-11 H,2014-01-23 00:00:00,1666.3,9.32,103.4,93,14.35
NO 15/9-F-11 H,2014-01-23 06:00:00,1662.7,17.65,95.9,68,7.74
NO 15/9-F-11 H,2014-01-23 12:00:00,1675.1,21.09,85.2,107,6.1
NO 15/9-F-11 H,2014-01-23 18:00:00,1692.3,17.78,172.6,75,15.29
NO 15/9-F-11 H,2014-01-24 00:00:00,1678.6,16.91,142.5,102,13.95
NO 15/9-F-11 H,2014-01-24 06:00:00,1669.0,16.27,132.2,86,13.53
NO 15/9-F-11 H,2014-01-24 12:00:00,1687.1,20.67,150.0,115,9.12
NO 15/9-F-11 H,2014-01-24 18:00:00,1681.2,4.12,127.3,82,15.76
NO 15/9-F-11 H,2014-01-25 00:00:00,1705.1,12.99,145.3,151,12.81
NO 15/9-F-11 H,2014-01-25 06:00:00,1715.9,14.19,145.4,128,18.99
NO 15/9-F-11 H,2014-01-25 12:00:00,1716.2,16.38,96.0,105,10.23
NO 15/9-F-11 H,2014-01-25 18:00:00,1718.4,16.68,89.0,124,14.77
NO 15/9-F-11 H,2014-01-26 00:00:00,1715.9,15.97,115.8,100,17.25
NO 15/9-F-11 H,2014-01-26 06:00:00,1738.9,23.31,119.4,86,8.59
NO 15/9-F-11 H,2014-01-26 12:00:00,1737.5,17.01,95.9,115,11.06
NO 15/9-F-11 H,2014-01-26 18:00:00,1738.9,20.42,121.2,126,4.91
NO 15/9-F-11 H,2014-01-27 00:00:00,1743.5,13.41,181.5,49,16.44
NO 15/9-F-11 H,2014-01-27 06:00:00,1748.0,17.93,153.6,101,17.3
NO 15/9-F-11 H,2014-01-27 12:00:00,1755.9,23.52,120.9,79,15.93
NO 15/9-F-11 H,2014-01-27 18:00:00,1752.6,8.19,110.9,125,16.43
NO 15/9-F-11 H,2014-01-28 00:00:00,1774.9,12.56,133.8,71,11.24
NO 15/9-F-11 H,2014-01-28 06:00:00,1769.2,25.28,155.3,119,12.67
NO 15/9-F-11 H,2014-01-28 12:00:00,1777.9,20.93,114.3,108,12.96
NO 15/9-F-11 H,2014-01-28 18:00:00,1774.9,9.57,136.8,81,15.65
NO 15/9-F-11 H,2014-01-29 00:00:00,1786.6,8.28,93.3,42,11.84
NO 15/9-F-11 H,2014-01-29 06:00:00,1770.5,16.32,139.8,133,7.75
NO 15/9-F-11 H,2014-01-29 12:00:00,1785.0,21.89,101.1,103,12.12
NO 15/9-F-11 H,2014-01-29 18:00:00,1798.9,11.85,88.3,111,15.17
NO 15/9-F-11 H,2014-01-30 00:00:00,1793.8,6.18,114.4,91,16.49
NO 15/9-F-11 H,2014-01-30 06:00:00,1829.1,18.46,160.3,70,16.85
NO 15/9-F-11 H,2014-01-30 12:00:00,1801.5,16.14,93.2,115,17.87
NO 15/9-F-11 H,2014-01-30 18:00:00,1822.8,26.23,139.7,83,14.06
NO 15/9-F-11 H,2014-01-31 00:00:00,1838.5,17.4,152.3,101,13.19
NO 15/9-F-11 H,2014-01-31 06:00:00,1834.3,10.43,135.0,100,13.57
NO 15/9-F-11 H,2014-01-31 12:00:00,1833.2,11.71,116.4,81,13.25
NO 15/9-F-11 H,2014-01-31 18:00:00,1836.5,10.78,136.0,145,15.89
NO 15/9-F-11 H,2014-02-01 00:00:00,1851.5,7.16,104.2,69,12.58
NO 15/9-F-11 H,2014-02-01 06:00:00,1844.9,2.58,79.0,129,15.23
NO 15/9-F-11 H,2014-02-01 12:00:00,1855.6,4.36,101.6,115,13.88
NO 15/9-F-11 H,2014-02-01 18:00:00,1867.3,3.61,122.8,91,16.96
NO 15/9-F-11 H,2014-02-02 00:00:00,1864.5,13.6,125.8,102,15.14
NO 15/9-F-11 H,2014-02-02 06:00:00,1872.8,9.62,135.0,131,19.35
NO 15/9-F-11 H,2014-02-02 12:00:00,1874.9,26.09,98.9,117,15.3
NO 15/9-F-11 H,2014-02-02 18:00:00,1874.8,19.13,137.6,114,11.05
NO 15/9-F-11 H,2014-02-03 00:00:00,1897.3,16.45,140.4,115,9.15
NO 15/9-F-11 H,2014-02-03 06:00:00,1904.1,8.86,102.7,100,13.07
NO 15/9-F-11 H,2014-02-03 12:00:00,1895.7,8.16,138.8,64,14.82
NO 15/9-F-11 H,2014-02-03 18:00:00,1901.3,18.55,134.3,37,8.19
NO 15/9-F-11 H,2014-02-04 00:00:00,1907.2,12.53,120.0,103,9.89
NO 15/9-F-11 H,2014-02-04 06:00:00,1918.1,23.98,124.7,96,9.34
NO 15/9-F-11 H,2014-02-04 12:00:00,1911.8,15.48,152.8,105,13.04
NO 15/9-F-11 H,2014-02-04 18:00:00,1923.5,15.46,118.6,99,9.32
NO 15/9-F-11 H,2014-02-05 00:00:00,1931.6,25.7,134.1,151,14.66
NO 15/9-F-11 H,2014-02-05 06:00:00,1939.8,13.38,86.6,97,8.29
NO 15/9-F-11 H,2014-02-05 12:00:00,1917.6,29.68,114.5,122,16.04
NO 15/9-F-11 H,2014-02-05 18:00:00,1948.3,22.57,191.4,102,13.0
NO 15/9-F-11 H,2014-02-06 00:00:00,1953.1,16.15,137.5,108,12.02
NO 15/9-F-11 H,2014-02-06 06:00:00,1963.6,9.99,91.8,110,8.9
NO 15/9-F-11 H,2014-02-06 12:00:00,1956.5,2.3,118.5,130,15.04
NO 15/9-F-11 H,2014-02-06 18:00:00,1961.8,14.87,127.1,68,10.42
NO 15/9-F-11 H,2014-02-07 00:00:00,1980.8,26.75,150.5,89,19.27
NO 15/9-F-11 H,2014-02-07 06:00:00,1963.8,9.97,90.3,138,16.95
NO 15/9-F-11 H,2014-02-07 12:00:00,1994.6,10.88,113.5,97,14.43
NO 15/9-F-11 H,2014-02-07 18:00:00,2007.2,25.97,131.0,102,8.18
NO 15/9-F-11 H,2014-02-08 00:00:00,1995.8,20.45,78.3,100,15.58
NO 15/9-F-11 H,2014-02-08 06:00:00,2003.7,20.68,140.2,120,13.51
NO 15/9-F-11 H,2014-02-08 12:00:00,1990.5,17.12,117.8,115,14.59
NO 15/9-F-11 H,2014-02-08 18:00:00,2002.1,15.93,130.4,89,11.81
NO 15/9-F-11 H,2014-02-09 00:00:00,2021.3,16.61,172.7,116,12.94
NO 15/9-F-11 H,2014-02-09 06:00:00,2020.9,13.46,137.3,102,15.2
NO 15/9-F-11 H,2014-02-09 12:00:00,2021.8,18.58,77.6,115,13.85
NO 15/9-F-11 H,2014-02-09 18:00:00,2030.3,20.58,89.9,129,11.79
NO 15/9-F-11 H,2014-02-10 00:00:00,2037.7,28.92,167.6,91,8.56
NO 15/9-F-11 H,2014-02-10 06:00:00,2036.5,19.88,90.4,130,14.24
NO 15/9-F-11 H,2014-02-10 12:00:00,2043.9,4.82,138.5,108,14.43
NO 15/9-F-11 H,2014-02-10 18:00:00,2049.0,25.67,111.1,121,10.55
NO 15/9-F-11 H,2014-02-11 00:00:00,2046.1,10.98,108.5,91,14.6
NO 15/9-F-11 H,2014-02-11 06:00:00,2062.3,5.74,139.9,88,14.33
NO 15/9-F-11 H,2014-02-11 12:00:00,2079.4,6.69,129.3,128,12.91
NO 15/9-F-11 H,2014-02-11 18:00:00,2084.0,25.84,110.8,114,9.41
NO 15/9-F-11 H,2014-02-12 00:00:00,2063.5,18.07,98.0,89,18.01
NO 15/9-F-11 H,2014-02-12 06:00:00,2085.1,6.11,111.6,120,13.47
NO 15/9-F-11 H,2014-02-12 12:00:00,2091.2,2.07,133.1,74,11.37
NO 15/9-F-11 H,2014-02-12 18:00:00,2087.7,13.29,27.4,102,13.93
NO 15/9-F-11 H,2014-02-13 00:00:00,2088.5,13.81,120.5,154,16.71
NO 15/9-F-11 H,2014-02-13 06:00:00,2090.8,15.42,192.6,90,15.49
NO 15/9-F-11 H,2014-02-13 12:00:00,2103.1,3.96,126.9,102,13.06
NO 15/9-F-11 H,2014-02-13 18:00:00,2114.6,17.59,123.4,81,11.47
NO 15/9-F-11 H,2014-02-14 00:00:00,2115.8,15.04,72.1,122,18.76
NO 15/9-F-11 H,2014-02-14 06:00:00,2117.4,17.12,99.2,54,7.18
NO 15/9-F-11 H,2014-02-14 12:00:00,2117.5,17.37,152.9,100,7.97
NO 15/9-F-11 H,2014-02-14 18:00:00,2135.5,8.9,97.8,62,11.4
NO 15/9-F-11 H,2014-02-15 00:00:00,2146.4,21.25,64.5,92,4.99
NO 15/9-F-11 H,2014-02-15 06:00:00,2135.7,9.27,110.6,127,14.24
NO 15/9-F-11 H,2014-02-15 12:00:00,2151.9,6.72,117.8,97,12.7
NO 15/9-F-11 H,2014-02-15 18:00:00,2138.5,13.6,124.4,108,15.85
NO 15/9-F-11 H,2014-02-16 00:00:00,2153.5,15.82,165.7,116,18.51
NO 15/9-F-11 H,2014-02-16 06:00:00,2169.8,20.04,94.8,132,16.6
NO 15/9-F-11 H,2014-02-16 12:00:00,2160.2,1.0,98.5,136,16.19
NO 15/9-F-11 H,2014-02-16 18:00:00,2169.5,4.78,140.8,142,15.15
NO 15/9-F-11 H,2014-02-17 00:00:00,2190.9,4.67,91.5,113,11.66
NO 15/9-F-11 H,2014-02-17 06:00:00,2178.9,23.94,136.9,148,16.56
NO 15/9-F-11 H,2014-02-17 12:00:00,2183.1,18.87,105.6,135,12.61
NO 15/9-F-11 H,2014-02-17 18:00:00,2199.8,7.82,116.4,102,9.25
NO 15/9-F-11 H,2014-02-18 00:00:00,2216.0,20.79,110.8,113,9.93
NO 15/9-F-11 H,2014-02-18 06:00:00,2203.7,13.85,138.2,99,11.72
NO 15/9-F-11 H,2014-02-18 12:00:00,2217.0,30.29,124.5,121,15.45
NO 15/9-F-11 H,2014-02-18 18:00:00,2226.8,15.68,130.8,83,17.98
NO 15/9-F-11 H,2014-02-19 00:00:00,2223.8,23.73,120.7,105,8.45
NO 15/9-F-11 H,2014-02-19 06:00:00,2224.3,22.21,107.3,118,7.58
NO 15/9-F-11 H,2014-02-19 12:00:00,2224.7,19.42,109.7,105,7.69
NO 15/9-F-11 H,2014-02-19 18:00:00,2225.5,19.75,96.6,103,15.3
NO 15/9-F-11 H,2014-02-20 00:00:00,2251.0,14.4,174.6,85,14.31
NO 15/9-F-11 H,2014-02-20 06:00:00,2248.7,17.89,84.4,106,11.65
NO 15/9-F-11 H,2014-02-20 12:00:00,2263.2,16.58,128.6,135,13.9
NO 15/9-F-11 H,2014-02-20 18:00:00,2265.6,18.83,160.0,70,12.37
NO 15/9-F-11 H,2014-02-21 00:00:00,2258.0,15.27,68.3,106,3.89
NO 15/9-F-11 H,2014-02-21 06:00:00,2258.6,19.94,70.7,77,14.0
NO 15/9-F-11 H,2014-02-21 12:00:00,2276.6,3.33,176.6,107,13.15
NO 15/9-F-11 H,2014-02-21 18:00:00,2273.5,23.42,112.6,110,12.15
NO 15/9-F-11 H,2014-02-22 00:00:00,2286.8,11.49,126.1,116,8.41
NO 15/9-F-11 H,2014-02-22 06:00:00,2283.1,8.83,95.2,104,13.69
NO 15/9-F-11 H,2014-02-22 12:00:00,2287.3,30.09,123.3,101,10.33
NO 15/9-F-11 H,2014-02-22 18:00:00,2298.3,21.9,114.6,112,12.72
NO 15/9-F-11 H,2014-02-23 00:00:00,2312.1,18.85,129.4,113,12.92
NO 15/9-F-11 H,2014-02-23 06:00:00,2312.3,15.65,126.5,62,12.75
NO 15/9-F-11 H,2014-02-23 12:00:00,2324.5,21.87,100.6,59,7.7
NO 15/9-F-11 H,2014-02-23 18:00:00,2310.4,15.53,93.4,107,12.39
NO 15/9-F-11 H,2014-02-24 00:00:00,2317.0,11.72,87.6,109,12.63
NO 15/9-F-11 H,2014-02-24 06:00:00,2329.9,14.13,141.2,109,10.97
NO 15/9-F-11 H,2014-02-24 12:00:00,2353.2,12.49,113.1,107,17.39
NO 15/9-F-11 H,2014-02-24 18:00:00,2346.5,26.82,100.9,82,10.65
NO 15/9-F-11 H,2014-02-25 00:00:00,2337.8,17.94,140.0,96,9.84
NO 15/9-F-11 H,2014-02-25 06:00:00,2350.9,17.68,133.7,127,10.73
NO 15/9-F-11 H,2014-02-25 12:00:00,2358.5,17.3,66.0,102,14.63
NO 15/9-F-11 H,2014-02-25 18:00:00,2357.4,25.39,124.1,99,7.93
NO 15/9-F-11 H,2014-02-26 00:00:00,2372.0,16.6,134.0,127,13.82
NO 15/9-F-11 H,2014-02-26 06:00:00,2371.1,8.31,131.6,142,12.02
NO 15/9-F-11 H,2014-02-26 12:00:00,2375.2,9.38,105.1,104,10.78
NO 15/9-F-11 H,2014-02-26 18:00:00,2392.8,19.94,127.9,97,12.83
NO 15/9-F-11 H,2014-02-27 00:00:00,2374.3,4.23,124.6,74,11.88
NO 15/9-F-11 H,2014-02-27 06:00:00,2385.5,11.77,129.0,95,12.75
NO 15/9-F-11 H,2014-02-27 12:00:00,2391.9,25.47,67.9,107,15.17
NO 15/9-F-11 H,2014-02-27 18:00:00,2396.8,10.61,115.6,75,7.11
NO 15/9-F-11 H,2014-02-28 00:00:00,2403.0,20.05,105.2,76,10.96
NO 15/9-F-11 H,2014-02-28 06:00:00,2417.9,19.23,131.5,128,11.18
NO 15/9-F-11 H,2014-02-28 12:00:00,2428.0,10.61,124.9,127,11.55
NO 15/9-F-11 H,2014-02-28 18:00:00,2431.8,21.71,105.0,149,6.6
NO 15/9-F-11 H,2014-03-01 00:00:00,2421.5,25.74,70.1,131,12.48
NO 15/9-F-11 H,2014-03-01 06:00:00,2434.0,11.83,87.7,84,14.79
NO 15/9-F-11 H,2014-03-01 12:00:00,2443.7,18.22,109.3,104,9.62
NO 15/9-F-11 H,2014-03-01 18:00:00,2447.2,14.07,141.6,85,14.9
NO 15/9-F-11 H,2014-03-02 00:00:00,2460.9,11.77,69.2,128,7.36
NO 15/9-F-11 H,2014-03-02 06:00:00,2450.3,11.75,147.1,87,16.44
NO 15/9-F-11 H,2014-03-02 12:00:00,2462.2,11.86,112.2,146,16.69
NO 15/9-F-11 H,2014-03-02 18:00:00,2463.0,15.6,95.4,105,18.27
NO 15/9-F-11 H,2014-03-03 00:00:00,2473.4,30.2,96.4,136,6.99
NO 15/9-F-11 H,2014-03-03 06:00:00,2467.9,19.12,126.2,127,9.97
NO 15/9-F-11 H,2014-03-03 12:00:00,2474.3,16.02,59.1,91,11.99
NO 15/9-F-11 H,2014-03-03 18:00:00,2481.1,16.36,198.8,93,13.87
NO 15/9-F-11 H,2014-03-04 00:00:00,2487.7,6.94,58.4,124,15.21
NO 15/9-F-11 H,2014-03-04 06:00:00,2509.8,5.37,64.3,91,17.95
NO 15/9-F-11 H,2014-03-04 12:00:00,2512.0,4.58,135.5,107,11.95
NO 15/9-F-11 H,2014-03-04 18:00:00,2506.1,10.77,122.3,98,11.44
NO 15/9-F-11 H,2014-03-05 00:00:00,2514.4,13.55,148.3,109,13.41
NO 15/9-F-11 H,2014-03-05 06:00:00,2505.5,24.68,107.0,136,10.29
NO 15/9-F-11 H,2014-03-05 12:00:00,2522.0,18.72,105.3,103,10.38
NO 15/9-F-11 H,2014-03-05 18:00:00,2529.9,12.93,94.0,113,9.6
NO 15/9-F-11 H,2014-03-06 00:00:00,2543.0,18.76,185.4,70,5.33
NO 15/9-F-11 H,2014-03-06 06:00:00,2541.7,8.08,137.3,89,15.06
NO 15/9-F-11 H,2014-03-06 12:00:00,2547.8,21.64,107.5,124,4.72
NO 15/9-F-11 H,2014-03-06 18:00:00,2551.9,20.84,139.0,102,16.57
NO 15/9-F-11 H,2014-03-07 00:00:00,2556.9,25.09,173.0,147,13.68
NO 15/9-F-11 H,2014-03-07 06:00:00,2548.7,14.01,112.7,46,15.17
NO 15/9-F-11 H,2014-03-07 12:00:00,2561.8,31.45,132.0,73,9.49
NO 15/9-F-11 H,2014-03-07 18:00:00,2581.8,8.43,164.7,116,15.61
NO 15/9-F-11 H,2014-03-08 00:00:00,2582.1,17.47,81.7,84,14.73
NO 15/9-F-11 H,2014-03-08 06:00:00,2584.7,15.6,59.3,122,17.02
NO 15/9-F-11 H,2014-03-08 12:00:00,2586.5,15.04,105.5,135,11.96
NO 15/9-F-11 H,2014-03-08 18:00:00,2596.5,10.7,68.8,94,18.72
NO 15/9-F-11 H,2014-03-09 00:00:00,2588.8,23.15,118.6,104,16.27
NO 15/9-F-11 H,2014-03-09 06:00:00,2589.0,15.72,77.1,108,12.9
NO 15/9-F-11 H,2014-03-09 12:00:00,2603.8,15.09,122.7,89,13.4
NO 15/9-F-11 H,2014-03-09 18:00:00,2616.3,3.78,87.4,99,14.53
NO 15/9-F-11 H,2014-03-10 00:00:00,2618.1,12.92,128.2,127,21.4
NO 15/9-F-11 H,2014-03-10 06:00:00,2630.6,12.95,95.7,105,13.22
NO 15/9-F-11 H,2014-03-10 12:00:00,2630.5,18.82,139.4,98,15.62
NO 15/9-F-11 H,2014-03-10 18:00:00,2633.2,15.57,151.8,98,13.72
NO 15/9-F-11 H,2014-03-11 00:00:00,2648.7,16.89,149.0,104,9.57
NO 15/9-F-11 H,2014-03-11 06:00:00,2652.3,3.13,146.0,119,18.97
NO 15/9-F-11 H,2014-03-11 12:00:00,2647.7,15.65,117.6,108,10.92
NO 15/9-F-11 H,2014-03-11 18:00:00,2644.9,10.07,128.2,130,15.05
NO 15/9-F-11 H,2014-03-12 00:00:00,2651.7,11.63,127.7,108,10.96
NO 15/9-F-11 H,2014-03-12 06:00:00,2662.8,6.44,90.1,131,13.35
NO 15/9-F-11 H,2014-03-12 12:00:00,2666.4,10.74,117.3,118,10.91
NO 15/9-F-11 H,2014-03-12 18:00:00,2687.8,9.64,61.7,128,14.16
NO 15/9-F-11 H,2014-03-13 00:00:00,2666.3,19.69,131.9,60,13.37
NO 15/9-F-11 H,2014-03-13 06:00:00,2684.5,18.15,117.1,53,12.36
NO 15/9-F-11 H,2014-03-13 12:00:00,2681.7,13.2,146.1,102,11.34
NO 15/9-F-11 H,2014-03-13 18:00:00,2696.3,11.35,136.7,119,12.3
NO 15/9-F-11 H,2014-03-14 00:00:00,2703.7,12.21,45.9,60,8.99
NO 15/9-F-11 H,2014-03-14 06:00:00,2702.6,13.99,91.3,71,12.35
NO 15/9-F-11 H,2014-03-14 12:00:00,2715.3,14.85,154.3,97,12.45
NO 15/9-F-11 H,2014-03-14 18:00:00,2714.6,9.98,193.1,119,10.85
NO 15/9-F-11 H,2014-03-15 00:00:00,2720.0,1.21,76.3,84,7.53
NO 15/9-F-11 H,2014-03-15 06:00:00,2723.3,14.17,84.5,69,14.63
NO 15/9-F-11 H,2014-03-15 12:00:00,2737.1,4.21,38.4,125,18.09
NO 15/9-F-11 H,2014-03-15 18:00:00,2738.2,15.28,135.6,119,21.28
NO 15/9-F-11 H,2014-03-16 00:00:00,2754.9,8.07,101.4,95,12.8
NO 15/9-F-11 H,2014-03-16 06:00:00,2757.7,13.55,112.5,108,19.67
NO 15/9-F-11 H,2014-03-16 12:00:00,2757.1,16.92,139.9,119,14.34
NO 15/9-F-11 H,2014-03-16 18:00:00,2740.6,13.14,139.1,66,18.47
NO 15/9-F-11 H,2014-03-17 00:00:00,2751.3,19.67,118.0,104,13.59
NO 15/9-F-11 H,2014-03-17 06:00:00,2776.2,20.7,128.9,135,18.96
NO 15/9-F-11 H,2014-03-17 12:00:00,2769.7,22.66,70.3,93,15.65
NO 15/9-F-11 H,2014-03-17 18:00:00,2780.6,29.91,97.4,118,16.86
NO 15/9-F-11 H,2014-03-18 00:00:00,2778.9,15.74,78.5,148,9.29
NO 15/9-F-11 H,2014-03-18 06:00:00,2793.3,9.82,123.1,106,9.68
NO 15/9-F-11 H,2014-03-18 12:00:00,2802.1,26.73,130.6,124,12.83
NO 15/9-F-11 H,2014-03-18 18:00:00,2789.9,14.95,154.7,93,12.04
NO 15/9-F-11 H,2014-03-19 00:00:00,2798.3,18.26,142.1,124,9.83
NO 15/9-F-11 H,2014-03-19 06:00:00,2796.7,7.42,89.6,124,15.56
NO 15/9-F-11 H,2014-03-19 12:00:00,2817.1,17.24,123.9,68,14.02
NO 15/9-F-11 H,2014-03-19 18:00:00,2807.1,3.99,139.8,98,13.95
NO 15/9-F-11 H,2014-03-20 00:00:00,2822.7,13.51,112.6,80,12.17
NO 15/9-F-11 H,2014-03-20 06:00:00,2835.0,14.56,121.2,116,14.55
NO 15/9-F-11 H,2014-03-20 12:00:00,2852.5,16.89,95.4,76,9.04
NO 15/9-F-11 H,2014-03-20 18:00:00,2844.2,9.28,140.4,128,10.32
NO 15/9-F-11 H,2014-03-21 00:00:00,2856.5,6.88,66.3,91,13.64
NO 15/9-F-11 H,2014-03-21 06:00:00,2853.8,7.39,150.6,113,16.97
NO 15/9-F-11 H,2014-03-21 12:00:00,2859.4,9.42,136.4,80,15.48
NO 15/9-F-11 H,2014-03-21 18:00:00,2860.4,25.09,157.8,93,10.24
NO 15/9-F-11 H,2014-03-22 00:00:00,2864.3,13.84,162.1,75,8.09
NO 15/9-F-11 H,2014-03-22 06:00:00,2881.9,1.0,117.8,67,17.0
NO 15/9-F-11 H,2014-03-22 12:00:00,2880.8,26.49,110.9,157,13.56
NO 15/9-F-11 H,2014-03-22 18:00:00,2885.7,11.47,99.4,136,15.38
NO 15/9-F-11 H,2014-03-23 00:00:00,2883.3,1.0,58.6,72,10.02
NO 15/9-F-11 H,2014-03-23 06:00:00,2890.6,5.91,92.1,86,8.59
NO 15/9-F-11 H,2014-03-23 12:00:00,2915.1,29.84,157.6,144,19.21
NO 15/9-F-11 H,2014-03-23 18:00:00,2903.3,14.5,118.3,84,13.36
NO 15/9-F-11 H,2014-03-24 00:00:00,2919.6,8.0,66.9,88,15.25
NO 15/9-F-11 H,2014-03-24 06:00:00,2910.1,15.68,133.1,105,9.81
NO 15/9-F-11 H,2014-03-24 12:00:00,2925.9,18.64,117.8,133,17.58
NO 15/9-F-11 H,2014-03-24 18:00:00,2927.0,12.93,118.6,85,9.84
NO 15/9-F-11 H,2014-03-25 00:00:00,2926.6,10.96,129.8,93,18.4
NO 15/9-F-11 H,2014-03-25 06:00:00,2940.3,18.31,106.9,127,10.13
NO 15/9-F-11 H,2014-03-25 12:00:00,2927.9,10.49,155.4,76,12.78
NO 15/9-F-11 H,2014-03-25 18:00:00,2950.1,12.34,93.0,126,15.55
NO 15/9-F-11 H,2014-03-26 00:00:00,2957.0,19.74,115.7,119,5.81
NO 15/9-F-11 H,2014-03-26 06:00:00,2958.1,12.17,116.1,92,13.47
NO 15/9-F-11 H,2014-03-26 12:00:00,2971.6,31.68,118.4,114,13.56
NO 15/9-F-11 H,2014-03-26 18:00:00,2965.8,6.61,70.4,69,13.23
NO 15/9-F-11 H,2014-03-27 00:00:00,2970.3,1.0,134.3,100,14.63
NO 15/9-F-11 H,2014-03-27 06:00:00,2979.6,5.71,161.6,103,6.77
NO 15/9-F-11 H,2014-03-27 12:00:00,2988.9,23.63,76.8,78,8.14
NO 15/9-F-11 H,2014-03-27 18:00:00,2991.7,12.83,132.6,117,21.86
NO 15/9-F-11 H,2014-03-28 00:00:00,2990.6,10.36,101.3,74,8.8
NO 15/9-F-11 H,2014-03-28 06:00:00,2989.6,22.84,99.9,114,12.73
NO 15/9-F-11 H,2014-03-28 12:00:00,3008.1,7.65,90.3,63,11.79
NO 15/9-F-11 H,2014-03-28 18:00:00,3001.7,15.55,105.9,126,8.06
NO 15/9-F-11 H,2014-03-29 00:00:00,3006.7,15.33,84.9,113,9.3
NO 15/9-F-11 H,2014-03-29 06:00:00,3013.2,20.69,134.1,112,13.96
NO 15/9-F-11 H,2014-03-29 12:00:00,3024.1,17.0,125.0,116,11.7
NO 15/9-F-11 H,2014-03-29 18:00:00,3022.5,7.15,113.7,116,14.59
NO 15/9-F-11 H,2014-03-30 00:00:00,3025.0,27.11,100.0,73,10.72
NO 15/9-F-11 H,2014-03-30 06:00:00,3034.0,12.04,90.9,82,12.04
NO 15/9-F-11 H,2014-03-30 12:00:00,3043.0,14.52,83.9,79,13.72
NO 15/9-F-11 H,2014-03-30 18:00:00,3053.3,18.3,90.4,101,14.25
NO 15/9-F-11 H,2014-03-31 00:00:00,3055.4,15.92,161.9,75,7.96
NO 15/9-F-11 H,2014-03-31 06:00:00,3051.5,20.06,125.5,92,16.76
NO 15/9-F-11 H,2014-03-31 12:00:00,3067.2,10.49,130.4,101,10.3
NO 15/9-F-11 H,2014-03-31 18:00:00,3073.1,12.03,150.1,96,18.54
NO 15/9-F-11 H,2014-04-01 00:00:00,3072.1,16.09,107.4,82,15.09
NO 15/9-F-11 H,2014-04-01 06:00:00,3074.6,16.44,112.7,107,12.37
NO 15/9-F-11 H,2014-04-01 12:00:00,3079.8,6.62,134.6,145,19.01
NO 15/9-F-11 H,2014-04-01 18:00:00,3087.1,15.74,107.4,106,10.55
NO 15/9-F-11 H,2014-04-02 00:00:00,3114.3,16.97,126.2,78,11.82
NO 15/9-F-11 H,2014-04-02 06:00:00,3094.7,21.12,142.0,77,17.0
NO 15/9-F-11 H,2014-04-02 12:00:00,3109.1,13.0,114.2,101,5.42
NO 15/9-F-11 H,2014-04-02 18:00:00,3106.5,17.95,66.7,123,7.66
NO 15/9-F-11 H,2014-04-03 00:00:00,3113.4,22.42,121.9,118,10.4
NO 15/9-F-11 H,2014-04-03 06:00:00,3117.0,2.34,85.6,112,14.06
NO 15/9-F-11 H,2014-04-03 12:00:00,3134.3,8.98,154.8,104,7.59
NO 15/9-F-11 H,2014-04-03 18:00:00,3136.1,16.88,91.8,123,13.33
NO 15/9-F-11 H,2014-04-04 00:00:00,3137.2,16.05,106.3,129,9.54
NO 15/9-F-11 H,2014-04-04 06:00:00,3147.5,17.35,116.3,82,12.58
NO 15/9-F-11 H,2014-04-04 12:00:00,3154.6,8.38,176.2,127,7.88
NO 15/9-F-11 H,2014-04-04 18:00:00,3147.1,11.85,133.3,130,16.11
NO 15/9-F-11 H,2014-04-05 00:00:00,3163.5,28.33,119.0,133,8.83
NO 15/9-F-11 H,2014-04-05 06:00:00,3158.6,21.09,108.7,101,17.59
NO 15/9-F-11 H,2014-04-05 12:00:00,3176.2,21.78,110.0,161,17.18
NO 15/9-F-11 H,2014-04-05 18:00:00,3180.7,11.91,42.3,111,10.56
NO 15/9-F-11 H,2014-04-06 00:00:00,3183.2,10.61,100.1,108,17.25
NO 15/9-F-11 H,2014-04-06 06:00:00,3183.5,8.14,112.9,100,9.93
NO 15/9-F-11 H,2014-04-06 12:00:00,3186.2,16.97,168.2,118,13.75
NO 15/9-F-11 H,2014-04-06 18:00:00,3193.5,11.93,116.4,67,12.64
NO 15/9-F-11 H,2014-04-07 00:00:00,3207.0,13.65,129.3,125,15.63
NO 15/9-F-11 H,2014-04-07 06:00:00,3200.6,14.08,99.5,91,9.91
NO 15/9-F-11 H,2014-04-07 12:00:00,3211.6,10.69,111.3,78,14.34
NO 15/9-F-11 H,2014-04-07 18:00:00,3202.5,14.24,90.0,90,15.46
NO 15/9-F-11 H,2014-04-08 00:00:00,3223.7,21.33,186.7,117,11.37
NO 15/9-F-11 H,2014-04-08 06:00:00,3218.6,9.95,126.7,122,17.91
NO 15/9-F-11 H,2014-04-08 12:00:00,3221.5,8.88,118.0,79,14.21
NO 15/9-F-11 H,2014-04-08 18:00:00,3241.4,7.91,158.7,87,15.52
NO 15/9-F-11 H,2014-04-09 00:00:00,3244.2,16.06,116.5,65,12.54
NO 15/9-F-11 H,2014-04-09 06:00:00,3244.1,8.14,97.4,115,22.13
NO 15/9-F-11 H,2014-04-09 12:00:00,3250.5,28.29,130.5,113,11.81
NO 15/9-F-11 H,2014-04-09 18:00:00,3276.3,7.99,128.3,95,19.16
NO 15/9-F-11 H,2014-04-10 00:00:00,3261.8,30.02,179.2,91,11.87
NO 15/9-F-11 H,2014-04-10 06:00:00,3266.9,6.52,134.5,86,10.98
NO 15/9-F-11 H,2014-04-10 12:00:00,3279.0,8.79,98.3,141,4.01
NO 15/9-F-11 H,2014-04-10 18:00:00,3279.7,18.68,90.8,156,15.44
NO 15/9-F-11 H,2014-04-11 00:00:00,3292.1,7.87,96.7,92,16.65
NO 15/9-F-11 H,2014-04-11 06:00:00,3291.6,26.86,119.6,101,16.56
NO 15/9-F-11 H,2014-04-11 12:00:00,3300.7,15.19,129.0,109,10.27
NO 15/9-F-11 H,2014-04-11 18:00:00,3303.3,24.54,97.2,147,16.76
NO 15/9-F-11 H,2014-04-12 00:00:00,3310.2,16.36,77.7,141,13.49
NO 15/9-F-11 H,2014-04-12 06:00:00,3309.9,21.25,159.3,80,14.68
NO 15/9-F-11 H,2014-04-12 12:00:00,3317.2,12.36,124.6,115,7.15
NO 15/9-F-11 H,2014-04-12 18:00:00,3318.5,13.4,117.7,77,10.31
NO 15/9-F-11 H,2014-04-13 00:00:00,3330.7,15.87,135.6,101,10.67
NO 15/9-F-11 H,2014-04-13 06:00:00,3320.3,7.97,104.3,87,14.8
NO 15/9-F-11 H,2014-04-13 12:00:00,3342.1,16.77,95.5,110,20.77
NO 15/9-F-11 H,2014-04-13 18:00:00,3349.5,20.27,122.6,120,17.38
NO 15/9-F-11 H,2014-04-14 00:00:00,3352.6,4.35,102.2,91,10.44
NO 15/9-F-11 H,2014-04-14 06:00:00,3351.1,29.8,130.3,129,14.09
NO 15/9-F-11 H,2014-04-14 12:00:00,3361.2,34.27,54.7,94,10.56
NO 15/9-F-11 H,2014-04-14 18:00:00,3356.1,12.56,142.4,106,15.48
NO 15/9-F-11 H,2014-04-15 00:00:00,3374.2,22.3,121.8,121,11.4
NO 15/9-F-11 H,2014-04-15 06:00:00,3364.0,10.49,88.4,106,9.19
NO 15/9-F-11 H,2014-04-15 12:00:00,3382.7,7.51,134.5,84,15.09
NO 15/9-F-11 H,2014-04-15 18:00:00,3387.4,12.74,97.6,124,16.12
NO 15/9-F-11 H,2014-04-16 00:00:00,3391.6,16.5,157.3,68,17.17
NO 15/9-F-11 H,2014-04-16 06:00:00,3390.0,9.37,108.1,112,10.35
NO 15/9-F-11 H,2014-04-16 12:00:00,3404.9,14.7,102.2,99,20.07
NO 15/9-F-11 H,2014-04-16 18:00:00,3389.3,2.0,108.6,113,8.82
NO 15/9-F-11 H,2014-04-17 00:00:00,3415.4,13.82,124.1,112,15.86
NO 15/9-F-11 H,2014-04-17 06:00:00,3416.0,22.68,105.1,106,7.77
NO 15/9-F-11 H,2014-04-17 12:00:00,3428.0,14.63,71.5,105,15.2
NO 15/9-F-11 H,2014-04-17 18:00:00,3426.5,17.89,117.7,122,16.65
NO 15/9-F-11 H,2014-04-18 00:00:00,3444.8,9.2,150.6,88,11.75
NO 15/9-F-11 H,2014-04-18 06:00:00,3427.7,20.08,120.3,104,13.54
NO 15/9-F-11 H,2014-04-18 12:00:00,3445.4,24.19,117.0,121,15.41
NO 15/9-F-11 H,2014-04-18 18:00:00,3438.6,29.61,156.5,120,15.9
NO 15/9-F-11 H,2014-04-19 00:00:00,3449.9,16.18,110.1,104,12.89
NO 15/9-F-11 H,2014-04-19 06:00:00,3462.1,11.86,102.6,103,11.58
NO 15/9-F-11 H,2014-04-19 12:00:00,3466.3,13.64,110.0,124,15.58
NO 15/9-F-11 H,2014-04-19 18:00:00,3483.2,22.17,152.4,89,13.44
NO 15/9-F-11 H,2014-04-20 00:00:00,3468.9,17.11,128.3,116,18.01
NO 15/9-F-11 H,2014-04-20 06:00:00,3487.2,11.16,121.9,78,14.42
NO 15/9-F-11 H,2014-04-20 12:00:00,3480.1,3.85,125.8,132,15.18
NO 15/9-F-11 H,2014-04-20 18:00:00,3481.8,7.55,91.8,118,12.19
NO 15/9-F-11 H,2014-04-21 00:00:00,3479.6,1.0,157.5,109,8.4
NO 15/9-F-11 H,2014-04-21 06:00:00,3499.1,16.64,181.4,101,13.14
NO 15/9-F-11 H,2014-04-21 12:00:00,3498.8,10.51,134.4,110,15.96
NO 15/9-F-11 H,2014-04-21 18:00:00,3515.0,9.92,136.9,79,14.89
NO 15/9-F-11 H,2014-04-22 00:00:00,3509.2,9.46,116.2,70,13.23
NO 15/9-F-11 H,2014-04-22 06:00:00,3514.8,14.86,69.1,143,14.48
NO 15/9-F-11 H,2014-04-22 12:00:00,3526.7,7.37,84.8,99,10.51
NO 15/9-F-11 H,2014-04-22 18:00:00,3542.8,14.35,50.0,142,9.56
NO 15/9-F-11 H,2014-04-23 00:00:00,3525.6,23.48,110.0,158,15.82
NO 15/9-F-11 H,2014-04-23 06:00:00,3547.6,22.44,150.9,106,13.86
NO 15/9-F-11 H,2014-04-23 12:00:00,3551.7,14.12,125.8,106,14.28
NO 15/9-F-11 H,2014-04-23 18:00:00,3548.1,9.44,102.5,117,12.8
NO 15/9-F-11 H,2014-04-24 00:00:00,3560.5,18.39,135.1,124,14.86
NO 15/9-F-11 H,2014-04-24 06:00:00,3558.0,13.37,89.0,130,10.13
NO 15/9-F-11 H,2014-04-24 12:00:00,3584.5,15.0,163.5,87,12.54
NO 15/9-F-11 H,2014-04-24 18:00:00,3569.8,15.83,61.4,81,16.59
NO 15/9-F-11 H,2014-04-25 00:00:00,3576.6,18.16,139.8,110,6.36
NO 15/9-F-11 H,2014-04-25 06:00:00,3578.6,7.87,48.2,119,21.54
NO 15/9-F-11 H,2014-04-25 12:00:00,3572.8,4.03,147.1,128,13.94
NO 15/9-F-11 H,2014-04-25 18:00:00,3589.5,5.41,89.0,60,12.12
NO 15/9-F-11 H,2014-04-26 00:00:00,3598.6,16.52,139.7,100,10.23
NO 15/9-F-11 H,2014-04-26 06:00:00,3614.0,10.17,111.1,111,17.71
NO 15/9-F-11 H,2014-04-26 12:00:00,3611.2,29.33,114.8,81,17.19
NO 15/9-F-11 H,2014-04-26 18:00:00,3610.9,32.9,92.4,94,12.19
NO 15/9-F-11 H,2014-04-27 00:00:00,3618.1,15.16,94.7,74,14.78
NO 15/9-F-11 H,2014-04-27 06:00:00,3625.5,14.05,148.9,116,16.88
NO 15/9-F-11 H,2014-04-27 12:00:00,3625.0,15.44,136.0,88,14.91
NO 15/9-F-11 H,2014-04-27 18:00:00,3638.7,22.08,154.8,98,15.49
NO 15/9-F-11 H,2014-04-28 00:00:00,3651.5,24.15,68.3,97,14.36
NO 15/9-F-11 H,2014-04-28 06:00:00,3640.8,13.02,95.4,114,11.02
NO 15/9-F-11 H,2014-04-28 12:00:00,3658.6,15.57,68.8,94,13.34
NO 15/9-F-11 H,2014-04-28 18:00:00,3661.1,14.38,114.0,112,16.75
NO 15/9-F-11 H,2014-04-29 00:00:00,3663.6,13.37,114.7,106,11.26
NO 15/9-F-11 H,2014-04-29 06:00:00,3665.4,9.58,140.7,79,15.34
NO 15/9-F-11 H,2014-04-29 12:00:00,3672.4,13.61,105.1,112,14.48
NO 15/9-F-11 H,2014-04-29 18:00:00,3673.2,7.81,114.3,95,10.33
NO 15/9-F-11 H,2014-04-30 00:00:00,3694.9,1.0,140.8,124,9.17
NO 15/9-F-11 H,2014-04-30 06:00:00,3679.6,14.31,78.5,97,10.23
NO 15/9-F-11 H,2014-04-30 12:00:00,3699.7,24.5,74.1,65,11.17
NO 15/9-F-11 H,2014-04-30 18:00:00,3708.2,12.99,174.0,88,18.81
NO 15/9-F-11 H,2014-05-01 00:00:00,3698.4,18.55,164.7,111,7.89
NO 15/9-F-11 H,2014-05-01 06:00:00,3715.5,8.53,131.5,85,21.49
NO 15/9-F-11 H,2014-05-01 12:00:00,3712.6,2.21,96.2,115,12.74
NO 15/9-F-11 H,2014-05-01 18:00:00,3717.1,11.71,158.5,106,17.22
NO 15/9-F-11 H,2014-05-02 00:00:00,3721.2,12.07,146.3,110,7.63
NO 15/9-F-11 H,2014-05-02 06:00:00,3714.1,6.52,148.9,105,17.34
NO 15/9-F-11 H,2014-05-02 12:00:00,3736.6,20.1,81.5,78,12.13
NO 15/9-F-11 H,2014-05-02 18:00:00,3749.0,16.19,94.1,116,11.89
NO 15/9-F-11 H,2014-05-03 00:00:00,3737.0,9.7,122.7,90,7.92
NO 15/9-F-11 H,2014-05-03 06:00:00,3754.7,26.01,56.0,68,15.07
NO 15/9-F-11 H,2014-05-03 12:00:00,3752.4,16.84,98.0,147,11.31
NO 15/9-F-11 H,2014-05-03 18:00:00,3749.6,14.21,115.5,118,15.33
NO 15/9-F-11 H,2014-05-04 00:00:00,3771.5,24.54,101.0,103,11.69
NO 15/9-F-11 H,2014-05-04 06:00:00,3782.2,5.7,105.1,112,13.19
NO 15/9-F-11 H,2014-05-04 12:00:00,3767.6,25.0,121.0,83,11.18
NO 15/9-F-11 H,2014-05-04 18:00:00,3780.9,9.29,97.0,103,15.35
NO 15/9-F-11 H,2014-05-05 00:00:00,3772.9,21.05,87.6,114,12.33
NO 15/9-F-11 H,2014-05-05 06:00:00,3789.2,12.54,95.0,88,10.8
NO 15/9-F-11 H,2014-05-05 12:00:00,3798.7,22.3,143.2,123,5.3
NO 15/9-F-11 H,2014-05-05 18:00:00,3814.0,23.71,124.1,124,12.43
NO 15/9-F-12 H,2014-01-01 00:00:00,1201.5,19.0,108.5,106,13.05
NO 15/9-F-12 H,2014-01-01 06:00:00,1216.4,18.27,114.8,98,12.0
NO 15/9-F-12 H,2014-01-01 12:00:00,1219.6,15.04,151.9,84,6.28
NO 15/9-F-12 H,2014-01-01 18:00:00,1209.9,4.39,121.8,111,16.79
NO 15/9-F-12 H,2014-01-02 00:00:00,1216.7,32.4,110.2,128,10.51
NO 15/9-F-12 H,2014-01-02 06:00:00,1232.4,22.74,123.6,78,13.85
NO 15/9-F-12 H,2014-01-02 12:00:00,1236.2,18.68,126.7,99,17.91
NO 15/9-F-12 H,2014-01-02 18:00:00,1233.2,23.02,135.8,89,11.5
NO 15/9-F-12 H,2014-01-03 00:00:00,1245.7,20.79,166.3,127,12.62
NO 15/9-F-12 H,2014-01-03 06:00:00,1246.4,16.16,152.3,76,8.17
NO 15/9-F-12 H,2014-01-03 12:00:00,1262.3,22.4,119.3,84,12.01
NO 15/9-F-12 H,2014-01-03 18:00:00,1281.6,12.6,130.4,102,14.34
NO 15/9-F-12 H,2014-01-04 00:00:00,1261.9,26.14,121.0,102,10.9
NO 15/9-F-12 H,2014-01-04 06:00:00,1278.5,11.73,112.0,127,15.35
NO 15/9-F-12 H,2014-01-04 12:00:00,1284.1,4.69,171.4,93,11.41
NO 15/9-F-12 H,2014-01-04 18:00:00,1284.9,13.83,176.9,119,14.19
NO 15/9-F-12 H,2014-01-05 00:00:00,1289.2,10.94,120.5,155,15.73
NO 15/9-F-12 H,2014-01-05 06:00:00,1295.2,11.91,104.7,118,15.85
NO 15/9-F-12 H,2014-01-05 12:00:00,1292.0,6.97,126.7,120,17.16
NO 15/9-F-12 H,2014-01-05 18:00:00,1293.7,6.57,184.2,96,11.93
NO 15/9-F-12 H,2014-01-06 00:00:00,1308.4,11.5,132.6,84,18.9
NO 15/9-F-12 H,2014-01-06 06:00:00,1316.2,11.78,118.8,80,10.82
NO 15/9-F-12 H,2014-01-06 12:00:00,1332.8,1.0,114.1,102,6.43
NO 15/9-F-12 H,2014-01-06 18:00:00,1323.8,13.7,130.1,134,9.61
NO 15/9-F-12 H,2014-01-07 00:00:00,1334.2,2.27,111.3,144,11.44
NO 15/9-F-12 H,2014-01-07 06:00:00,1352.7,11.7,147.5,96,11.74
NO 15/9-F-12 H,2014-01-07 12:00:00,1356.2,10.23,118.5,104,13.22
NO 15/9-F-12 H,2014-01-07 18:00:00,1359.5,15.72,68.3,119,7.15
NO 15/9-F-12 H,2014-01-08 00:00:00,1370.2,12.9,152.5,118,18.44
NO 15/9-F-12 H,2014-01-08 06:00:00,1388.4,11.64,98.3,130,12.93
NO 15/9-F-12 H,2014-01-08 12:00:00,1372.1,29.54,87.4,121,14.49
NO 15/9-F-12 H,2014-01-08 18:00:00,1383.6,23.34,133.7,120,13.46
NO 15/9-F-12 H,2014-01-09 00:00:00,1383.4,21.91,101.1,125,19.04
NO 15/9-F-12 H,2014-01-09 06:00:00,1388.8,10.17,136.5,114,9.62
NO 15/9-F-12 H,2014-01-09 12:00:00,1388.8,15.79,142.2,122,9.94
NO 15/9-F-12 H,2014-01-09 18:00:00,1415.3,16.98,129.4,125,13.0
NO 15/9-F-12 H,2014-01-10 00:00:00,1409.1,11.1,148.7,81,10.81
NO 15/9-F-12 H,2014-01-10 06:00:00,1425.6,20.4,125.0,108,9.94
NO 15/9-F-12 H,2014-01-10 12:00:00,1422.1,21.42,132.4,148,15.28
NO 15/9-F-12 H,2014-01-10 18:00:00,1417.9,5.31,118.2,103,12.11
NO 15/9-F-12 H,2014-01-11 00:00:00,1430.7,13.61,119.9,88,7.11
NO 15/9-F-12 H,2014-01-11 06:00:00,1441.5,17.86,147.8,115,14.06
NO 15/9-F-12 H,2014-01-11 12:00:00,1443.9,9.62,140.9,61,20.07
NO 15/9-F-12 H,2014-01-11 18:00:00,1433.3,11.12,136.4,94,13.26
NO 15/9-F-12 H,2014-01-12 00:00:00,1453.8,12.6,54.9,118,8.13
NO 15/9-F-12 H,2014-01-12 06:00:00,1456.3,6.95,100.4,98,13.67
NO 15/9-F-12 H,2014-01-12 12:00:00,1461.9,11.42,195.5,71,12.49
NO 15/9-F-12 H,2014-01-12 18:00:00,1460.0,18.4,147.6,118,15.99
NO 15/9-F-12 H,2014-01-13 00:00:00,1491.8,10.15,132.9,133,14.57
NO 15/9-F-12 H,2014-01-13 06:00:00,1490.3,31.76,113.2,97,6.58
NO 15/9-F-12 H,2014-01-13 12:00:00,1481.6,11.92,130.4,124,17.71
NO 15/9-F-12 H,2014-01-13 18:00:00,1492.2,16.54,97.9,75,11.77
NO 15/9-F-12 H,2014-01-14 00:00:00,1510.1,7.81,109.0,74,11.31
NO 15/9-F-12 H,2014-01-14 06:00:00,1492.5,10.58,145.6,79,7.11
NO 15/9-F-12 H,2014-01-14 12:00:00,1523.9,20.49,160.2,122,12.7
NO 15/9-F-12 H,2014-01-14 18:00:00,1519.9,8.99,108.7,96,8.35
NO 15/9-F-12 H,2014-01-15 00:00:00,1526.6,15.09,153.6,123,14.35
NO 15/9-F-12 H,2014-01-15 06:00:00,1527.3,14.6,85.6,128,7.23
NO 15/9-F-12 H,2014-01-15 12:00:00,1537.9,1.0,113.1,95,11.37
NO 15/9-F-12 H,2014-01-15 18:00:00,1555.8,20.08,131.2,119,16.65
NO 15/9-F-12 H,2014-01-16 00:00:00,1546.7,6.12,167.5,86,14.37
NO 15/9-F-12 H,2014-01-16 06:00:00,1546.1,28.12,163.9,136,13.17
NO 15/9-F-12 H,2014-01-16 12:00:00,1553.2,4.79,82.9,98,9.84
NO 15/9-F-12 H,2014-01-16 18:00:00,1571.5,9.98,107.9,90,10.74
NO 15/9-F-12 H,2014-01-17 00:00:00,1571.1,15.65,85.3,120,15.58
NO 15/9-F-12 H,2014-01-17 06:00:00,1576.6,11.8,115.3,138,15.44
NO 15/9-F-12 H,2014-01-17 12:00:00,1576.1,26.32,138.1,127,10.94
NO 15/9-F-12 H,2014-01-17 18:00:00,1597.5,14.79,92.1,106,14.25
NO 15/9-F-12 H,2014-01-18 00:00:00,1593.0,16.65,70.1,87,7.95
NO 15/9-F-12 H,2014-01-18 06:00:00,1591.3,17.19,103.2,110,5.24
NO 15/9-F-12 H,2014-01-18 12:00:00,1589.5,15.69,84.4,120,14.95
NO 15/9-F-12 H,2014-01-18 18:00:00,1599.5,18.89,143.3,122,11.18
NO 15/9-F-12 H,2014-01-19 00:00:00,1618.3,4.88,136.4,112,4.94
NO 15/9-F-12 H,2014-01-19 06:00:00,1613.8,3.0,76.2,103,7.26
NO 15/9-F-12 H,2014-01-19 12:00:00,1610.3,19.59,99.7,139,13.94
NO 15/9-F-12 H,2014-01-19 18:00:00,1625.6,14.09,127.7,84,17.86
NO 15/9-F-12 H,2014-01-20 00:00:00,1636.9,22.35,122.4,147,7.61
NO 15/9-F-12 H,2014-01-20 06:00:00,1648.6,20.67,151.1,115,12.55
NO 15/9-F-12 H,2014-01-20 12:00:00,1629.4,1.0,147.6,95,12.8
NO 15/9-F-12 H,2014-01-20 18:00:00,1655.0,21.9,144.7,79,9.56
NO 15/9-F-12 H,2014-01-21 00:00:00,1668.4,10.05,135.7,128,14.66
NO 15/9-F-12 H,2014-01-21 06:00:00,1660.0,11.92,110.7,135,8.66
NO 15/9-F-12 H,2014-01-21 12:00:00,1668.1,20.46,111.8,115,12.69
NO 15/9-F-12 H,2014-01-21 18:00:00,1680.1,22.22,130.9,106,20.77
NO 15/9-F-12 H,2014-01-22 00:00:00,1676.3,23.76,123.1,122,13.16
NO 15/9-F-12 H,2014-01-22 06:00:00,1682.7,10.16,63.3,150,10.46
NO 15/9-F-12 H,2014-01-22 12:00:00,1694.8,19.12,152.9,95,12.15
NO 15/9-F-12 H,2014-01-22 18:00:00,1702.9,18.63,130.8,105,9.15
NO 15/9-F-12 H,2014-01-23 00:00:00,1711.9,24.02,137.9,109,15.75
NO 15/9-F-12 H,2014-01-23 06:00:00,1713.2,1.0,116.9,95,5.81
NO 15/9-F-12 H,2014-01-23 12:00:00,1718.8,18.81,85.5,136,11.79
NO 15/9-F-12 H,2014-01-23 18:00:00,1726.6,19.67,97.6,123,17.4
NO 15/9-F-12 H,2014-01-24 00:00:00,1723.3,3.98,133.5,68,12.48
NO 15/9-F-12 H,2014-01-24 06:00:00,1719.3,16.82,82.2,97,17.48
NO 15/9-F-12 H,2014-01-24 12:00:00,1734.6,21.27,146.0,140,11.94
NO 15/9-F-12 H,2014-01-24 18:00:00,1743.7,22.01,96.9,132,8.48
NO 15/9-F-12 H,2014-01-25 00:00:00,1746.8,9.19,167.4,118,14.46
NO 15/9-F-12 H,2014-01-25 06:00:00,1750.0,13.74,103.6,103,12.2
NO 15/9-F-12 H,2014-01-25 12:00:00,1773.4,19.78,166.0,86,13.92
NO 15/9-F-12 H,2014-01-25 18:00:00,1764.0,20.68,106.7,123,7.73
NO 15/9-F-12 H,2014-01-26 00:00:00,1773.5,31.11,125.2,104,10.29
NO 15/9-F-12 H,2014-01-26 06:00:00,1786.8,13.14,137.2,157,8.39
NO 15/9-F-12 H,2014-01-26 12:00:00,1791.5,14.32,81.3,78,12.55
NO 15/9-F-12 H,2014-01-26 18:00:00,1787.9,11.49,125.0,120,8.41
NO 15/9-F-12 H,2014-01-27 00:00:00,1792.4,11.28,106.7,57,11.66
NO 15/9-F-12 H,2014-01-27 06:00:00,1804.7,6.07,108.3,103,6.01
NO 15/9-F-12 H,2014-01-27 12:00:00,1805.5,7.21,126.8,124,19.45
NO 15/9-F-12 H,2014-01-27 18:00:00,1815.7,17.46,95.3,84,7.96
NO 15/9-F-12 H,2014-01-28 00:00:00,1815.7,22.19,74.2,87,11.71
NO 15/9-F-12 H,2014-01-28 06:00:00,1831.6,23.93,133.3,101,15.11
NO 15/9-F-12 H,2014-01-28 12:00:00,1822.8,28.46,104.9,130,14.69
NO 15/9-F-12 H,2014-01-28 18:00:00,1838.1,23.72,119.4,89,9.07
NO 15/9-F-12 H,2014-01-29 00:00:00,1847.9,13.64,84.7,73,20.49
NO 15/9-F-12 H,2014-01-29 06:00:00,1853.7,8.5,100.5,107,18.8
NO 15/9-F-12 H,2014-01-29 12:00:00,1876.5,19.66,156.8,108,13.31
NO 15/9-F-12 H,2014-01-29 18:00:00,1861.1,16.49,151.9,85,11.07
NO 15/9-F-12 H,2014-01-30 00:00:00,1869.8,21.52,157.0,73,11.5
NO 15/9-F-12 H,2014-01-30 06:00:00,1873.7,18.48,133.1,131,17.97
NO 15/9-F-12 H,2014-01-30 12:00:00,1895.4,12.11,148.3,85,16.8
NO 15/9-F-12 H,2014-01-30 18:00:00,1894.0,13.76,128.5,122,15.95
NO 15/9-F-12 H,2014-01-31 00:00:00,1907.2,17.65,124.9,77,14.38
NO 15/9-F-12 H,2014-01-31 06:00:00,1892.9,10.48,100.3,113,18.05
NO 15/9-F-12 H,2014-01-31 12:00:00,1904.6,21.93,112.9,100,10.15
NO 15/9-F-12 H,2014-01-31 18:00:00,1909.4,15.39,45.3,102,9.55
NO 15/9-F-12 H,2014-02-01 00:00:00,1905.6,13.83,69.7,95,17.34
NO 15/9-F-12 H,2014-02-01 06:00:00,1923.3,16.34,81.4,94,12.71
NO 15/9-F-12 H,2014-02-01 12:00:00,1918.4,1.0,185.8,110,14.46
NO 15/9-F-12 H,2014-02-01 18:00:00,1940.5,20.47,131.9,136,18.84
NO 15/9-F-12 H,2014-02-02 00:00:00,1936.2,9.29,56.8,67,19.66
NO 15/9-F-12 H,2014-02-02 06:00:00,1931.4,7.46,160.2,81,17.78
NO 15/9-F-12 H,2014-02-02 12:00:00,1944.9,24.01,122.0,90,16.79
NO 15/9-F-12 H,2014-02-02 18:00:00,1955.5,11.13,161.9,92,18.12
NO 15/9-F-12 H,2014-02-03 00:00:00,1974.9,10.15,92.7,120,12.47
NO 15/9-F-12 H,2014-02-03 06:00:00,1973.6,19.49,198.7,84,12.51
NO 15/9-F-12 H,2014-02-03 12:00:00,1973.2,15.96,83.4,68,9.07
NO 15/9-F-12 H,2014-02-03 18:00:00,1985.2,20.18,93.8,89,14.12
NO 15/9-F-12 H,2014-02-04 00:00:00,1985.3,7.94,142.5,147,14.03
NO 15/9-F-12 H,2014-02-04 06:00:00,1982.6,18.12,93.7,111,14.11
NO 15/9-F-12 H,2014-02-04 12:00:00,1998.8,6.13,86.2,87,13.07
NO 15/9-F-12 H,2014-02-04 18:00:00,2008.1,11.31,120.8,94,16.6
NO 15/9-F-12 H,2014-02-05 00:00:00,2031.4,13.74,84.6,140,19.55
NO 15/9-F-12 H,2014-02-05 06:00:00,2015.2,20.4,128.9,104,14.42
NO 15/9-F-12 H,2014-02-05 12:00:00,2014.7,7.5,80.4,117,8.1
NO 15/9-F-12 H,2014-02-05 18:00:00,2031.8,27.74,91.4,117,8.06
NO 15/9-F-12 H,2014-02-06 00:00:00,2035.6,14.87,127.5,95,10.64
NO 15/9-F-12 H,2014-02-06 06:00:00,2048.5,13.11,154.2,127,17.06
NO 15/9-F-12 H,2014-02-06 12:00:00,2047.6,22.27,160.6,122,5.28
NO 15/9-F-12 H,2014-02-06 18:00:00,2033.7,19.5,128.5,100,7.71
NO 15/9-F-12 H,2014-02-07 00:00:00,2052.6,10.23,105.0,124,15.09
NO 15/9-F-12 H,2014-02-07 06:00:00,2069.2,6.88,133.3,62,11.43
NO 15/9-F-12 H,2014-02-07 12:00:00,2078.3,14.89,137.4,99,14.94
NO 15/9-F-12 H,2014-02-07 18:00:00,2063.8,17.07,129.6,119,11.89
NO 15/9-F-12 H,2014-02-08 00:00:00,2074.5,21.17,161.6,101,5.36
NO 15/9-F-12 H,2014-02-08 06:00:00,2087.2,19.6,115.7,115,9.92
NO 15/9-F-12 H,2014-02-08 12:00:00,2084.4,11.76,116.7,101,12.53
NO 15/9-F-12 H,2014-02-08 18:00:00,2091.4,11.55,111.1,120,14.53
NO 15/9-F-12 H,2014-02-09 00:00:00,2106.5,6.15,121.4,88,14.09
NO 15/9-F-12 H,2014-02-09 06:00:00,2113.1,23.34,139.6,90,13.33
NO 15/9-F-12 H,2014-02-09 12:00:00,2119.9,17.69,128.7,86,14.73
NO 15/9-F-12 H,2014-02-09 18:00:00,2120.6,17.23,86.3,112,10.78
NO 15/9-F-12 H,2014-02-10 00:00:00,2114.2,8.72,103.0,84,10.04
NO 15/9-F-12 H,2014-02-10 06:00:00,2127.0,25.37,76.1,122,13.85
NO 15/9-F-12 H,2014-02-10 12:00:00,2126.0,25.66,175.0,101,14.56
NO 15/9-F-12 H,2014-02-10 18:00:00,2135.5,15.45,81.9,95,21.98
NO 15/9-F-12 H,2014-02-11 00:00:00,2150.0,17.97,68.3,118,15.81
NO 15/9-F-12 H,2014-02-11 06:00:00,2152.5,19.96,71.2,110,6.45
NO 15/9-F-12 H,2014-02-11 12:00:00,2174.6,13.28,31.4,64,12.83
NO 15/9-F-12 H,2014-02-11 18:00:00,2164.8,22.71,111.5,120,19.26
NO 15/9-F-12 H,2014-02-12 00:00:00,2171.7,7.9,134.0,132,13.58
NO 15/9-F-12 H,2014-02-12 06:00:00,2174.0,17.82,129.9,95,17.31
NO 15/9-F-12 H,2014-02-12 12:00:00,2186.1,6.06,102.9,107,15.85
NO 15/9-F-12 H,2014-02-12 18:00:00,2199.0,7.26,143.0,102,16.6
NO 15/9-F-12 H,2014-02-13 00:00:00,2192.8,30.16,143.5,112,14.3
NO 15/9-F-12 H,2014-02-13 06:00:00,2209.4,19.51,133.2,86,13.81
NO 15/9-F-12 H,2014-02-13 12:00:00,2202.2,18.91,86.5,102,7.49
NO 15/9-F-12 H,2014-02-13 18:00:00,2217.4,1.0,109.0,97,17.98
NO 15/9-F-12 H,2014-02-14 00:00:00,2213.9,5.0,132.9,109,16.68
NO 15/9-F-12 H,2014-02-14 06:00:00,2219.5,12.02,133.2,83,14.51
NO 15/9-F-12 H,2014-02-14 12:00:00,2209.9,16.0,100.2,130,13.0
NO 15/9-F-12 H,2014-02-14 18:00:00,2217.4,19.92,161.8,133,17.06
NO 15/9-F-12 H,2014-02-15 00:00:00,2236.6,13.57,125.5,117,15.83
NO 15/9-F-12 H,2014-02-15 06:00:00,2249.4,19.05,98.5,99,11.83
NO 15/9-F-12 H,2014-02-15 12:00:00,2248.8,12.37,138.1,65,10.86
NO 15/9-F-12 H,2014-02-15 18:00:00,2248.1,12.85,152.8,83,15.01
NO 15/9-F-12 H,2014-02-16 00:00:00,2253.0,15.83,95.2,150,14.97
NO 15/9-F-12 H,2014-02-16 06:00:00,2272.4,11.51,150.4,105,9.02
NO 15/9-F-12 H,2014-02-16 12:00:00,2264.0,1.0,134.6,114,9.89
NO 15/9-F-12 H,2014-02-16 18:00:00,2284.6,4.6,92.6,93,14.05
NO 15/9-F-12 H,2014-02-17 00:00:00,2289.3,16.94,102.7,66,8.26
NO 15/9-F-12 H,2014-02-17 06:00:00,2301.5,26.17,101.7,132,15.73
NO 15/9-F-12 H,2014-02-17 12:00:00,2314.9,3.41,138.2,82,9.74
NO 15/9-F-12 H,2014-02-17 18:00:00,2299.0,20.57,98.9,70,8.47
NO 15/9-F-12 H,2014-02-18 00:00:00,2305.9,12.17,135.0,72,13.1
NO 15/9-F-12 H,2014-02-18 06:00:00,2324.1,26.46,75.2,93,10.54
NO 15/9-F-12 H,2014-02-18 12:00:00,2317.9,8.3,139.4,102,12.72
NO 15/9-F-12 H,2014-02-18 18:00:00,2311.6,25.32,123.2,103,12.58
NO 15/9-F-12 H,2014-02-19 00:00:00,2323.7,9.51,151.3,94,13.27
NO 15/9-F-12 H,2014-02-19 06:00:00,2338.7,1.0,134.2,136,17.33
NO 15/9-F-12 H,2014-02-19 12:00:00,2331.7,7.69,133.0,106,10.78
NO 15/9-F-12 H,2014-02-19 18:00:00,2363.3,18.67,135.0,114,14.71
NO 15/9-F-12 H,2014-02-20 00:00:00,2363.3,14.35,164.5,86,14.74
NO 15/9-F-12 H,2014-02-20 06:00:00,2351.2,5.61,111.9,110,13.3
NO 15/9-F-12 H,2014-02-20 12:00:00,2357.6,19.78,91.1,87,7.99
NO 15/9-F-12 H,2014-02-20 18:00:00,2371.3,9.17,94.4,86,7.66
NO 15/9-F-12 H,2014-02-21 00:00:00,2372.5,17.27,106.7,108,11.24
NO 15/9-F-12 H,2014-02-21 06:00:00,2380.9,30.09,55.7,91,6.67
NO 15/9-F-12 H,2014-02-21 12:00:00,2392.9,19.9,96.0,110,8.15
NO 15/9-F-12 H,2014-02-21 18:00:00,2391.7,15.21,110.4,92,23.31
NO 15/9-F-12 H,2014-02-22 00:00:00,2410.4,16.97,58.6,152,11.43
NO 15/9-F-12 H,2014-02-22 06:00:00,2411.7,7.06,93.5,125,16.23
NO 15/9-F-12 H,2014-02-22 12:00:00,2418.7,18.34,92.9,120,13.41
NO 15/9-F-12 H,2014-02-22 18:00:00,2407.1,16.23,117.5,99,13.3
NO 15/9-F-12 H,2014-02-23 00:00:00,2410.6,11.32,134.8,110,19.77
NO 15/9-F-12 H,2014-02-23 06:00:00,2427.7,6.64,152.5,85,11.19
NO 15/9-F-12 H,2014-02-23 12:00:00,2447.9,14.3,161.8,85,16.99
NO 15/9-F-12 H,2014-02-23 18:00:00,2449.1,21.95,151.6,91,16.12
NO 15/9-F-12 H,2014-02-24 00:00:00,2451.1,15.19,129.5,95,6.14
NO 15/9-F-12 H,2014-02-24 06:00:00,2460.8,16.41,138.8,125,14.34
NO 15/9-F-12 H,2014-02-24 12:00:00,2447.8,12.52,92.6,123,15.64
NO 15/9-F-12 H,2014-02-24 18:00:00,2450.9,14.73,122.8,109,11.11
NO 15/9-F-12 H,2014-02-25 00:00:00,2478.6,21.2,158.9,68,15.14
NO 15/9-F-12 H,2014-02-25 06:00:00,2469.1,17.91,110.1,83,18.8
NO 15/9-F-12 H,2014-02-25 12:00:00,2473.3,13.76,167.3,124,13.61
NO 15/9-F-12 H,2014-02-25 18:00:00,2490.3,13.8,120.6,116,13.46
NO 15/9-F-12 H,2014-02-26 00:00:00,2489.2,12.16,148.0,141,13.09
NO 15/9-F-12 H,2014-02-26 06:00:00,2496.0,16.1,137.5,97,5.7
NO 15/9-F-12 H,2014-02-26 12:00:00,2505.5,16.08,147.3,76,5.59
NO 15/9-F-12 H,2014-02-26 18:00:00,2509.9,19.17,84.9,74,8.24
NO 15/9-F-12 H,2014-02-27 00:00:00,2501.3,17.31,154.2,74,13.98
NO 15/9-F-12 H,2014-02-27 06:00:00,2516.3,17.07,121.3,118,12.74
NO 15/9-F-12 H,2014-02-27 12:00:00,2531.6,4.99,122.1,127,11.93
NO 15/9-F-12 H,2014-02-27 18:00:00,2526.1,9.21,139.2,93,12.16
NO 15/9-F-12 H,2014-02-28 00:00:00,2534.8,20.84,132.2,157,11.59
NO 15/9-F-12 H,2014-02-28 06:00:00,2540.8,22.95,88.9,151,17.53
NO 15/9-F-12 H,2014-02-28 12:00:00,2528.5,20.4,74.9,116,9.84
NO 15/9-F-12 H,2014-02-28 18:00:00,2555.4,20.16,120.2,101,19.68
NO 15/9-F-12 H,2014-03-01 00:00:00,2555.5,9.21,99.7,121,10.56
NO 15/9-F-12 H,2014-03-01 06:00:00,2570.9,11.24,143.2,125,19.97
NO 15/9-F-12 H,2014-03-01 12:00:00,2574.0,19.43,147.8,106,12.4
NO 15/9-F-12 H,2014-03-01 18:00:00,2571.3,16.36,99.1,130,9.81
NO 15/9-F-12 H,2014-03-02 00:00:00,2587.2,20.65,177.4,103,18.07
NO 15/9-F-12 H,2014-03-02 06:00:00,2585.3,17.71,118.0,123,15.21
NO 15/9-F-12 H,2014-03-02 12:00:00,2589.5,18.68,116.3,90,18.69
NO 15/9-F-12 H,2014-03-02 18:00:00,2589.1,17.16,140.9,152,16.66
NO 15/9-F-12 H,2014-03-03 00:00:00,2610.0,7.85,82.4,149,6.58
NO 15/9-F-12 H,2014-03-03 06:00:00,2611.1,10.05,135.9,112,7.95
NO 15/9-F-12 H,2014-03-03 12:00:00,2613.9,15.88,175.8,85,8.1
NO 15/9-F-12 H,2014-03-03 18:00:00,2611.3,10.5,118.8,96,16.42
NO 15/9-F-12 H,2014-03-04 00:00:00,2638.4,23.22,156.3,126,12.48
NO 15/9-F-12 H,2014-03-04 06:00:00,2633.1,11.27,116.8,127,9.77
NO 15/9-F-12 H,2014-03-04 12:00:00,2643.8,17.3,146.1,130,15.39
NO 15/9-F-12 H,2014-03-04 18:00:00,2649.3,7.47,108.1,103,6.1
NO 15/9-F-12 H,2014-03-05 00:00:00,2641.6,8.79,157.8,95,8.12
NO 15/9-F-12 H,2014-03-05 06:00:00,2663.9,18.43,150.6,66,12.59
NO 15/9-F-12 H,2014-03-05 12:00:00,2662.1,8.87,90.8,83,13.32
NO 15/9-F-12 H,2014-03-05 18:00:00,2668.3,14.37,156.7,81,18.57
NO 15/9-F-12 H,2014-03-06 00:00:00,2660.2,15.21,118.3,87,14.3
NO 15/9-F-12 H,2014-03-06 06:00:00,2691.3,24.7,88.5,129,10.04
NO 15/9-F-12 H,2014-03-06 12:00:00,2688.0,11.79,122.9,104,12.51
NO 15/9-F-12 H,2014-03-06 18:00:00,2691.3,14.9,175.8,108,9.72
NO 15/9-F-12 H,2014-03-07 00:00:00,2693.2,6.46,106.2,146,21.66
NO 15/9-F-12 H,2014-03-07 06:00:00,2704.0,21.66,78.3,84,8.16
NO 15/9-F-12 H,2014-03-07 12:00:00,2715.4,8.62,43.2,117,9.72
NO 15/9-F-12 H,2014-03-07 18:00:00,2715.4,28.04,127.4,120,6.61
NO 15/9-F-12 H,2014-03-08 00:00:00,2725.6,11.49,78.5,68,14.35
NO 15/9-F-12 H,2014-03-08 06:00:00,2718.8,15.45,68.6,133,14.36
NO 15/9-F-12 H,2014-03-08 12:00:00,2718.7,10.52,131.7,108,10.84
NO 15/9-F-12 H,2014-03-08 18:00:00,2732.9,9.9,136.2,112,7.79
NO 15/9-F-12 H,2014-03-09 00:00:00,2742.0,20.35,77.2,93,15.26
NO 15/9-F-12 H,2014-03-09 06:00:00,2742.3,13.89,141.8,147,10.58
NO 15/9-F-12 H,2014-03-09 12:00:00,2755.8,19.31,141.2,132,13.58
NO 15/9-F-12 H,2014-03-09 18:00:00,2760.0,8.73,69.0,121,15.78
NO 15/9-F-12 H,2014-03-10 00:00:00,2752.8,21.94,134.9,82,16.37
NO 15/9-F-12 H,2014-03-10 06:00:00,2779.6,1.63,138.4,81,9.15
NO 15/9-F-12 H,2014-03-10 12:00:00,2777.6,5.07,59.2,125,7.35
NO 15/9-F-12 H,2014-03-10 18:00:00,2776.0,17.23,160.3,79,15.6
NO 15/9-F-12 H,2014-03-11 00:00:00,2778.8,7.1,98.4,83,10.01
NO 15/9-F-12 H,2014-03-11 06:00:00,2815.0,19.4,118.1,74,8.29
NO 15/9-F-12 H,2014-03-11 12:00:00,2798.6,24.51,67.2,137,9.43
NO 15/9-F-12 H,2014-03-11 18:00:00,2791.2,15.35,121.7,94,14.85
NO 15/9-F-12 H,2014-03-12 00:00:00,2802.4,13.3,88.7,87,11.32
NO 15/9-F-12 H,2014-03-12 06:00:00,2820.4,26.14,115.5,91,8.5
NO 15/9-F-12 H,2014-03-12 12:00:00,2819.6,14.71,98.8,56,14.39
NO 15/9-F-12 H,2014-03-12 18:00:00,2829.4,20.43,131.0,145,14.43
NO 15/9-F-12 H,2014-03-13 00:00:00,2836.7,12.87,131.7,123,12.7
NO 15/9-F-12 H,2014-03-13 06:00:00,2842.6,16.92,111.8,135,17.25
NO 15/9-F-12 H,2014-03-13 12:00:00,2848.3,13.46,91.8,103,6.74
NO 15/9-F-12 H,2014-03-13 18:00:00,2853.0,20.47,141.9,82,16.13
NO 15/9-F-12 H,2014-03-14 00:00:00,2873.1,13.51,171.8,157,12.76
NO 15/9-F-12 H,2014-03-14 06:00:00,2863.0,4.42,153.6,144,16.04
NO 15/9-F-12 H,2014-03-14 12:00:00,2880.5,15.29,148.9,80,17.09
NO 15/9-F-12 H,2014-03-14 18:00:00,2879.1,10.07,109.4,133,17.17
NO 15/9-F-12 H,2014-03-15 00:00:00,2890.8,13.98,95.9,108,9.46
NO 15/9-F-12 H,2014-03-15 06:00:00,2893.4,23.49,94.9,82,15.62
NO 15/9-F-12 H,2014-03-15 12:00:00,2903.8,17.51,96.9,93,11.82
NO 15/9-F-12 H,2014-03-15 18:00:00,2920.8,8.68,120.3,100,7.13
NO 15/9-F-12 H,2014-03-16 00:00:00,2905.6,12.09,157.8,84,11.27
NO 15/9-F-12 H,2014-03-16 06:00:00,2915.6,12.19,111.8,74,10.01
NO 15/9-F-12 H,2014-03-16 12:00:00,2933.0,13.66,133.6,116,13.89
NO 15/9-F-12 H,2014-03-16 18:00:00,2925.5,16.74,85.9,62,7.49
NO 15/9-F-12 H,2014-03-17 00:00:00,2908.2,17.48,129.2,83,18.83
NO 15/9-F-12 H,2014-03-17 06:00:00,2931.5,26.47,89.1,107,16.25
NO 15/9-F-12 H,2014-03-17 12:00:00,2938.0,25.44,121.8,94,14.93
NO 15/9-F-12 H,2014-03-17 18:00:00,2947.7,18.57,166.7,121,15.2
NO 15/9-F-12 H,2014-03-18 00:00:00,2947.2,14.75,131.1,57,13.94
NO 15/9-F-12 H,2014-03-18 06:00:00,2976.7,19.52,66.9,81,5.62
NO 15/9-F-12 H,2014-03-18 12:00:00,2981.4,18.74,139.6,73,12.05
NO 15/9-F-12 H,2014-03-18 18:00:00,2956.6,8.0,131.5,83,9.89
NO 15/9-F-12 H,2014-03-19 00:00:00,2968.0,17.92,184.8,87,11.31
NO 15/9-F-12 H,2014-03-19 06:00:00,2989.7,12.89,132.6,109,10.77
NO 15/9-F-12 H,2014-03-19 12:00:00,2980.5,11.8,98.4,80,16.1
NO 15/9-F-12 H,2014-03-19 18:00:00,2989.4,12.41,130.4,91,13.38
NO 15/9-F-12 H,2014-03-20 00:00:00,2992.2,22.49,159.4,126,10.2
NO 15/9-F-12 H,2014-03-20 06:00:00,3015.5,4.75,114.2,115,18.8
NO 15/9-F-12 H,2014-03-20 12:00:00,3009.4,14.42,139.0,111,8.86
NO 15/9-F-12 H,2014-03-20 18:00:00,3025.8,19.53,111.1,124,7.98
NO 15/9-F-12 H,2014-03-21 00:00:00,3016.9,20.74,111.4,93,18.28
NO 15/9-F-12 H,2014-03-21 06:00:00,3033.7,20.77,139.1,102,9.06
NO 15/9-F-12 H,2014-03-21 12:00:00,3031.0,6.01,105.2,74,11.04
NO 15/9-F-12 H,2014-03-21 18:00:00,3040.4,14.69,104.5,109,4.66
NO 15/9-F-12 H,2014-03-22 00:00:00,3041.2,20.54,111.4,117,11.48
NO 15/9-F-12 H,2014-03-22 06:00:00,3048.3,14.0,81.7,110,9.9
NO 15/9-F-12 H,2014-03-22 12:00:00,3055.4,16.77,140.8,108,20.01
NO 15/9-F-12 H,2014-03-22 18:00:00,3063.9,17.95,113.5,109,13.41
NO 15/9-F-12 H,2014-03-23 00:00:00,3073.9,19.47,97.4,112,9.36
NO 15/9-F-12 H,2014-03-23 06:00:00,3065.8,16.02,134.8,124,11.78
NO 15/9-F-12 H,2014-03-23 12:00:00,3068.6,23.45,108.6,78,13.16
NO 15/9-F-12 H,2014-03-23 18:00:00,3095.1,20.13,94.0,74,12.57
NO 15/9-F-12 H,2014-03-24 00:00:00,3107.0,14.28,91.4,134,15.39
NO 15/9-F-12 H,2014-03-24 06:00:00,3104.2,22.05,76.4,98,10.65
NO 15/9-F-12 H,2014-03-24 12:00:00,3112.7,12.37,145.7,92,10.96
NO 15/9-F-12 H,2014-03-24 18:00:00,3105.0,22.22,169.0,133,10.34
NO 15/9-F-12 H,2014-03-25 00:00:00,3118.7,1.0,91.8,102,13.67
NO 15/9-F-12 H,2014-03-25 06:00:00,3123.0,11.46,149.4,117,13.3
NO 15/9-F-12 H,2014-03-25 12:00:00,3126.7,5.11,149.8,104,7.05
NO 15/9-F-12 H,2014-03-25 18:00:00,3124.3,23.59,171.9,100,9.97
NO 15/9-F-12 H,2014-03-26 00:00:00,3123.9,22.79,157.9,120,6.13
NO 15/9-F-12 H,2014-03-26 06:00:00,3152.6,10.51,87.8,117,17.64
NO 15/9-F-12 H,2014-03-26 12:00:00,3154.6,15.08,110.4,72,8.12
NO 15/9-F-12 H,2014-03-26 18:00:00,3148.9,15.03,158.0,94,11.33
NO 15/9-F-12 H,2014-03-27 00:00:00,3162.7,7.36,76.8,126,11.47
NO 15/9-F-12 H,2014-03-27 06:00:00,3162.0,20.75,59.8,97,17.41
NO 15/9-F-12 H,2014-03-27 12:00:00,3178.9,6.87,84.3,102,12.42
NO 15/9-F-12 H,2014-03-27 18:00:00,3181.4,17.02,111.4,106,12.82
NO 15/9-F-12 H,2014-03-28 00:00:00,3195.4,8.57,101.6,75,13.32
NO 15/9-F-12 H,2014-03-28 06:00:00,3189.8,8.8,131.2,116,5.67
NO 15/9-F-12 H,2014-03-28 12:00:00,3193.8,20.84,135.4,107,5.42
NO 15/9-F-12 H,2014-03-28 18:00:00,3200.6,1.87,138.8,93,14.15
NO 15/9-F-12 H,2014-03-29 00:00:00,3228.4,1.0,129.3,88,10.33
NO 15/9-F-12 H,2014-03-29 06:00:00,3217.3,21.83,104.1,112,9.71
NO 15/9-F-12 H,2014-03-29 12:00:00,3218.4,28.62,90.7,122,10.69
NO 15/9-F-12 H,2014-03-29 18:00:00,3230.6,16.04,109.0,99,11.67
NO 15/9-F-12 H,2014-03-30 00:00:00,3227.2,8.65,126.6,109,12.76
NO 15/9-F-12 H,2014-03-30 06:00:00,3237.7,24.22,139.9,89,13.59
NO 15/9-F-12 H,2014-03-30 12:00:00,3248.7,22.36,111.2,105,11.39
NO 15/9-F-12 H,2014-03-30 18:00:00,3225.7,11.66,141.1,109,15.38
NO 15/9-F-12 H,2014-03-31 00:00:00,3241.6,16.13,101.1,81,11.46
NO 15/9-F-12 H,2014-03-31 06:00:00,3248.0,18.9,128.2,69,19.32
NO 15/9-F-12 H,2014-03-31 12:00:00,3261.0,10.52,112.3,109,18.65
NO 15/9-F-12 H,2014-03-31 18:00:00,3266.6,9.14,90.6,83,13.32
NO 15/9-F-12 H,2014-04-01 00:00:00,3278.8,18.92,120.2,145,11.73
NO 15/9-F-12 H,2014-04-01 06:00:00,3286.3,16.49,61.6,52,14.0
NO 15/9-F-12 H,2014-04-01 12:00:00,3298.5,18.67,80.3,103,14.53
NO 15/9-F-12 H,2014-04-01 18:00:00,3289.9,12.83,90.4,103,19.52
NO 15/9-F-12 H,2014-04-02 00:00:00,3295.1,20.66,101.8,124,13.63
NO 15/9-F-12 H,2014-04-02 06:00:00,3300.2,15.54,125.1,112,8.38
NO 15/9-F-12 H,2014-04-02 12:00:00,3302.6,16.82,104.5,103,9.46
NO 15/9-F-12 H,2014-04-02 18:00:00,3317.1,17.73,121.0,104,13.86
NO 15/9-F-12 H,2014-04-03 00:00:00,3311.6,17.49,142.7,73,19.07
NO 15/9-F-12 H,2014-04-03 06:00:00,3336.3,15.47,103.6,124,12.5
NO 15/9-F-12 H,2014-04-03 12:00:00,3335.0,26.63,121.2,126,13.07
NO 15/9-F-12 H,2014-04-03 18:00:00,3345.2,12.67,135.9,138,17.38
NO 15/9-F-12 H,2014-04-04 00:00:00,3357.3,19.6,140.5,127,16.8
NO 15/9-F-12 H,2014-04-04 06:00:00,3332.0,22.89,56.1,90,14.87
NO 15/9-F-12 H,2014-04-04 12:00:00,3354.8,20.13,55.1,99,6.53
NO 15/9-F-12 H,2014-04-04 18:00:00,3356.9,6.06,116.6,91,11.16
NO 15/9-F-12 H,2014-04-05 00:00:00,3371.1,11.96,122.3,123,9.63
NO 15/9-F-12 H,2014-04-05 06:00:00,3379.9,13.78,123.8,98,15.54
NO 15/9-F-12 H,2014-04-05 12:00:00,3382.4,15.29,150.9,81,22.03
NO 15/9-F-12 H,2014-04-05 18:00:00,3385.8,10.77,157.0,130,19.29
NO 15/9-F-12 H,2014-04-06 00:00:00,3389.1,20.57,94.0,39,10.0
NO 15/9-F-12 H,2014-04-06 06:00:00,3403.7,22.56,122.1,82,8.69
NO 15/9-F-12 H,2014-04-06 12:00:00,3402.2,6.84,100.7,101,18.04
NO 15/9-F-12 H,2014-04-06 18:00:00,3421.4,17.0,97.3,113,9.86
NO 15/9-F-12 H,2014-04-07 00:00:00,3409.5,25.51,69.8,117,7.57
NO 15/9-F-12 H,2014-04-07 06:00:00,3433.9,12.05,134.3,114,12.37
NO 15/9-F-12 H,2014-04-07 12:00:00,3415.6,15.69,68.5,71,14.19
NO 15/9-F-12 H,2014-04-07 18:00:00,3433.0,27.47,140.0,110,16.68
NO 15/9-F-12 H,2014-04-08 00:00:00,3437.2,16.0,142.1,113,13.63
NO 15/9-F-12 H,2014-04-08 06:00:00,3436.7,3.96,126.1,112,15.7
NO 15/9-F-12 H,2014-04-08 12:00:00,3437.3,14.12,124.8,93,18.49
NO 15/9-F-12 H,2014-04-08 18:00:00,3461.3,11.43,97.9,106,6.8
NO 15/9-F-12 H,2014-04-09 00:00:00,3459.7,8.86,66.7,141,13.7
NO 15/9-F-12 H,2014-04-09 06:00:00,3473.1,11.24,85.7,150,6.84
NO 15/9-F-12 H,2014-04-09 12:00:00,3485.5,15.11,154.7,91,9.89
NO 15/9-F-12 H,2014-04-09 18:00:00,3482.4,5.78,140.0,89,9.83
NO 15/9-F-12 H,2014-04-10 00:00:00,3490.4,2.77,95.2,122,14.79
NO 15/9-F-12 H,2014-04-10 06:00:00,3485.4,14.64,97.6,89,7.45
NO 15/9-F-12 H,2014-04-10 12:00:00,3505.7,17.53,118.2,102,13.97
NO 15/9-F-12 H,2014-04-10 18:00:00,3512.3,20.44,132.7,61,11.91
NO 15/9-F-14 H,2014-01-01 00:00:00,1202.4,18.2,116.5,169,16.58
NO 15/9-F-14 H,2014-01-01 06:00:00,1202.0,22.26,124.8,94,11.44
NO 15/9-F-14 H,2014-01-01 12:00:00,1200.2,13.64,73.1,100,12.59
NO 15/9-F-14 H,2014-01-01 18:00:00,1205.7,13.04,124.4,103,13.28
NO 15/9-F-14 H,2014-01-02 00:00:00,1224.2,10.65,105.5,104,9.88
NO 15/9-F-14 H,2014-01-02 06:00:00,1223.2,14.35,96.5,128,11.51
NO 15/9-F-14 H,2014-01-02 12:00:00,1215.7,18.58,98.1,100,12.05
NO 15/9-F-14 H,2014-01-02 18:00:00,1214.4,6.23,65.5,75,14.37
NO 15/9-F-14 H,2014-01-03 00:00:00,1224.2,18.6,106.5,67,15.07
NO 15/9-F-14 H,2014-01-03 06:00:00,1230.0,10.85,122.5,112,16.94
NO 15/9-F-14 H,2014-01-03 12:00:00,1227.8,15.16,25.0,118,8.46
NO 15/9-F-14 H,2014-01-03 18:00:00,1219.0,4.29,86.5,54,14.8
NO 15/9-F-14 H,2014-01-04 00:00:00,1230.4,6.99,138.6,102,12.27
NO 15/9-F-14 H,2014-01-04 06:00:00,1233.8,19.27,29.7,119,12.18
NO 15/9-F-14 H,2014-01-04 12:00:00,1226.3,22.15,101.9,113,9.62
NO 15/9-F-14 H,2014-01-04 18:00:00,1238.7,19.35,138.2,46,14.04
NO 15/9-F-14 H,2014-01-05 00:00:00,1245.0,8.17,108.7,99,13.24
NO 15/9-F-14 H,2014-01-05 06:00:00,1247.0,18.22,106.9,91,10.22
NO 15/9-F-14 H,2014-01-05 12:00:00,1255.7,4.86,58.7,132,6.89
NO 15/9-F-14 H,2014-01-05 18:00:00,1236.8,26.16,81.9,119,16.31
NO 15/9-F-14 H,2014-01-06 00:00:00,1252.0,12.15,112.5,109,13.15
NO 15/9-F-14 H,2014-01-06 06:00:00,1248.6,9.73,67.7,110,13.39
NO 15/9-F-14 H,2014-01-06 12:00:00,1261.9,10.23,151.0,92,15.73
NO 15/9-F-14 H,2014-01-06 18:00:00,1265.7,20.19,65.5,122,3.63
NO 15/9-F-14 H,2014-01-07 00:00:00,1249.4,16.79,91.6,107,16.47
NO 15/9-F-14 H,2014-01-07 06:00:00,1259.7,18.93,132.1,126,11.13
NO 15/9-F-14 H,2014-01-07 12:00:00,1257.3,18.77,119.1,94,13.77
NO 15/9-F-14 H,2014-01-07 18:00:00,1266.8,9.68,132.6,75,17.6
NO 15/9-F-14 H,2014-01-08 00:00:00,1269.6,12.46,128.6,95,10.1
NO 15/9-F-14 H,2014-01-08 06:00:00,1283.0,14.34,161.6,105,10.25
NO 15/9-F-14 H,2014-01-08 12:00:00,1279.0,2.59,116.9,107,9.69
NO 15/9-F-14 H,2014-01-08 18:00:00,1286.0,19.05,121.0,106,13.79
NO 15/9-F-14 H,2014-01-09 00:00:00,1287.7,6.55,122.2,104,16.59
NO 15/9-F-14 H,2014-01-09 06:00:00,1274.1,10.93,134.6,104,16.19
NO 15/9-F-14 H,2014-01-09 12:00:00,1285.5,32.36,124.3,92,13.33
NO 15/9-F-14 H,2014-01-09 18:00:00,1295.2,18.5,99.4,99,11.16
NO 15/9-F-14 H,2014-01-10 00:00:00,1301.2,25.34,116.8,115,8.94
NO 15/9-F-14 H,2014-01-10 06:00:00,1298.6,6.06,77.1,109,9.33
NO 15/9-F-14 H,2014-01-10 12:00:00,1281.4,8.88,132.7,126,10.5
NO 15/9-F-14 H,2014-01-10 18:00:00,1301.1,1.0,73.9,67,17.59
NO 15/9-F-14 H,2014-01-11 00:00:00,1299.6,12.85,81.6,142,7.48
NO 15/9-F-14 H,2014-01-11 06:00:00,1308.2,16.11,90.0,72,8.76
NO 15/9-F-14 H,2014-01-11 12:00:00,1299.5,23.12,109.0,123,10.38
NO 15/9-F-14 H,2014-01-11 18:00:00,1308.3,9.89,102.4,127,10.32
NO 15/9-F-14 H,2014-01-12 00:00:00,1307.6,8.42,73.6,92,7.04
NO 15/9-F-14 H,2014-01-12 06:00:00,1322.8,29.8,123.0,71,14.62
NO 15/9-F-14 H,2014-01-12 12:00:00,1320.0,10.34,115.8,78,11.86
NO 15/9-F-14 H,2014-01-12 18:00:00,1315.6,17.07,106.0,124,16.1
NO 15/9-F-14 H,2014-01-13 00:00:00,1315.1,25.67,73.6,110,17.54
NO 15/9-F-14 H,2014-01-13 06:00:00,1319.2,11.26,150.3,108,9.94
NO 15/9-F-14 H,2014-01-13 12:00:00,1338.5,11.32,121.9,92,16.59
NO 15/9-F-14 H,2014-01-13 18:00:00,1326.0,19.89,103.4,75,12.78
NO 15/9-F-14 H,2014-01-14 00:00:00,1346.3,28.06,147.7,127,15.76
NO 15/9-F-14 H,2014-01-14 06:00:00,1334.1,27.39,122.8,147,13.47
NO 15/9-F-14 H,2014-01-14 12:00:00,1325.9,12.93,161.2,106,14.43
NO 15/9-F-14 H,2014-01-14 18:00:00,1346.7,17.08,135.8,107,8.87
NO 15/9-F-14 H,2014-01-15 00:00:00,1323.7,20.16,124.0,98,9.9
NO 15/9-F-14 H,2014-01-15 06:00:00,1343.5,19.83,87.3,92,5.44
NO 15/9-F-14 H,2014-01-15 12:00:00,1363.8,12.92,143.1,105,9.28
NO 15/9-F-14 H,2014-01-15 18:00:00,1361.1,26.66,131.0,88,13.93
NO 15/9-F-14 H,2014-01-16 00:00:00,1361.5,13.2,59.5,116,9.79
NO 15/9-F-14 H,2014-01-16 06:00:00,1360.3,26.95,152.5,83,7.98
NO 15/9-F-14 H,2014-01-16 12:00:00,1364.8,12.13,139.0,119,18.72
NO 15/9-F-14 H,2014-01-16 18:00:00,1351.0,16.02,71.8,97,7.64
NO 15/9-F-14 H,2014-01-17 00:00:00,1366.6,22.23,130.6,92,12.45
NO 15/9-F-14 H,2014-01-17 06:00:00,1365.7,24.54,155.7,100,11.62
NO 15/9-F-14 H,2014-01-17 12:00:00,1376.1,21.96,95.6,85,13.2
NO 15/9-F-14 H,2014-01-17 18:00:00,1381.0,14.12,101.2,142,12.0
NO 15/9-F-14 H,2014-01-18 00:00:00,1366.5,13.29,105.0,107,11.52
NO 15/9-F-14 H,2014-01-18 06:00:00,1361.0,15.23,64.9,79,17.3
NO 15/9-F-14 H,2014-01-18 12:00:00,1375.5,22.4,149.7,102,8.79
NO 15/9-F-14 H,2014-01-18 18:00:00,1389.7,21.75,141.3,87,22.64
NO 15/9-F-14 H,2014-01-19 00:00:00,1368.7,19.11,139.9,79,20.19
NO 15/9-F-14 H,2014-01-19 06:00:00,1380.9,16.08,132.2,102,14.44
NO 15/9-F-14 H,2014-01-19 12:00:00,1369.5,5.08,141.3,114,7.47
NO 15/9-F-14 H,2014-01-19 18:00:00,1382.3,22.82,114.8,138,10.04
NO 15/9-F-14 H,2014-01-20 00:00:00,1393.1,2.81,123.0,115,19.55
NO 15/9-F-14 H,2014-01-20 06:00:00,1392.4,10.62,128.8,128,13.63
NO 15/9-F-14 H,2014-01-20 12:00:00,1388.4,16.57,74.6,126,12.02
NO 15/9-F-14 H,2014-01-20 18:00:00,1409.6,31.14,152.2,94,10.97
NO 15/9-F-14 H,2014-01-21 00:00:00,1396.8,6.03,114.4,127,14.34
NO 15/9-F-14 H,2014-01-21 06:00:00,1387.4,23.86,97.1,130,12.19
NO 15/9-F-14 H,2014-01-21 12:00:00,1420.7,23.91,69.8,89,9.64
NO 15/9-F-14 H,2014-01-21 18:00:00,1416.2,20.55,67.4,102,16.06
NO 15/9-F-14 H,2014-01-22 00:00:00,1412.7,20.08,116.0,138,14.13
NO 15/9-F-14 H,2014-01-22 06:00:00,1405.0,16.93,106.8,144,18.15
NO 15/9-F-14 H,2014-01-22 12:00:00,1406.7,17.57,126.3,109,12.97
NO 15/9-F-14 H,2014-01-22 18:00:00,1418.7,14.03,130.8,88,10.08
NO 15/9-F-14 H,2014-01-23 00:00:00,1421.4,9.11,141.8,62,19.08
NO 15/9-F-14 H,2014-01-23 06:00:00,1411.2,10.81,78.6,104,8.44
NO 15/9-F-14 H,2014-01-23 12:00:00,1417.2,10.61,100.9,103,5.17
NO 15/9-F-14 H,2014-01-23 18:00:00,1431.6,17.92,96.6,62,12.73
NO 15/9-F-14 H,2014-01-24 00:00:00,1420.1,27.9,62.7,100,12.3
NO 15/9-F-14 H,2014-01-24 06:00:00,1441.5,24.31,82.8,127,9.62
NO 15/9-F-14 H,2014-01-24 12:00:00,1432.1,20.67,147.3,96,8.67
NO 15/9-F-14 H,2014-01-24 18:00:00,1446.8,17.15,118.8,79,13.94
NO 15/9-F-14 H,2014-01-25 00:00:00,1435.6,14.51,113.4,107,12.51
NO 15/9-F-14 H,2014-01-25 06:00:00,1448.1,11.1,133.1,81,19.66
NO 15/9-F-14 H,2014-01-25 12:00:00,1447.2,1.0,139.2,124,11.84
NO 15/9-F-14 H,2014-01-25 18:00:00,1461.2,6.64,117.1,83,11.52
NO 15/9-F-14 H,2014-01-26 00:00:00,1445.0,8.77,144.5,103,17.04
NO 15/9-F-14 H,2014-01-26 06:00:00,1469.3,14.66,61.9,108,16.83
NO 15/9-F-14 H,2014-01-26 12:00:00,1466.8,14.11,78.1,97,8.21
NO 15/9-F-14 H,2014-01-26 18:00:00,1452.4,21.61,80.7,83,11.96
NO 15/9-F-14 H,2014-01-27 00:00:00,1455.6,23.82,86.2,100,10.66
NO 15/9-F-14 H,2014-01-27 06:00:00,1465.6,12.44,49.5,74,8.94
NO 15/9-F-14 H,2014-01-27 12:00:00,1471.3,17.03,97.8,70,11.19
NO 15/9-F-14 H,2014-01-27 18:00:00,1460.0,17.2,161.9,112,9.75
NO 15/9-F-14 H,2014-01-28 00:00:00,1460.4,15.03,106.3,73,12.64
NO 15/9-F-14 H,2014-01-28 06:00:00,1458.8,24.85,154.0,45,12.5
NO 15/9-F-14 H,2014-01-28 12:00:00,1487.5,11.94,106.8,107,7.87
NO 15/9-F-14 H,2014-01-28 18:00:00,1477.6,13.04,107.1,144,8.02
NO 15/9-F-14 H,2014-01-29 00:00:00,1466.1,15.53,60.5,134,10.55
NO 15/9-F-14 H,2014-01-29 06:00:00,1480.5,16.43,105.2,74,13.3
NO 15/9-F-14 H,2014-01-29 12:00:00,1491.8,17.11,86.4,107,11.75
NO 15/9-F-14 H,2014-01-29 18:00:00,1491.0,26.05,142.3,122,13.78
NO 15/9-F-14 H,2014-01-30 00:00:00,1505.4,15.59,98.6,83,15.89
NO 15/9-F-14 H,2014-01-30 06:00:00,1494.4,7.09,111.9,77,11.54
NO 15/9-F-14 H,2014-01-30 12:00:00,1492.9,11.61,133.4,78,3.78
NO 15/9-F-14 H,2014-01-30 18:00:00,1500.1,17.62,144.5,91,13.25
NO 15/9-F-14 H,2014-01-31 00:00:00,1512.5,13.2,103.8,118,14.27
NO 15/9-F-14 H,2014-01-31 06:00:00,1508.0,19.86,114.8,108,12.74
NO 15/9-F-14 H,2014-01-31 12:00:00,1504.2,17.36,110.2,75,13.02
NO 15/9-F-14 H,2014-01-31 18:00:00,1499.3,17.0,120.9,130,14.98
NO 15/9-F-14 H,2014-02-01 00:00:00,1509.1,20.95,81.0,119,11.64
NO 15/9-F-14 H,2014-02-01 06:00:00,1502.3,8.41,146.2,73,7.34
NO 15/9-F-14 H,2014-02-01 12:00:00,1518.6,13.04,196.5,108,17.02
NO 15/9-F-14 H,2014-02-01 18:00:00,1521.0,15.92,90.0,123,8.25
NO 15/9-F-14 H,2014-02-02 00:00:00,1512.3,18.62,51.0,80,17.56
NO 15/9-F-14 H,2014-02-02 06:00:00,1516.4,26.43,87.2,121,15.67
NO 15/9-F-14 H,2014-02-02 12:00:00,1531.9,18.93,113.1,62,18.4
NO 15/9-F-14 H,2014-02-02 18:00:00,1527.4,10.26,143.5,128,11.79
NO 15/9-F-14 H,2014-02-03 00:00:00,1534.6,17.12,120.1,85,12.54
NO 15/9-F-14 H,2014-02-03 06:00:00,1528.0,17.75,158.5,138,9.19
NO 15/9-F-14 H,2014-02-03 12:00:00,1528.9,22.24,53.0,99,7.69
NO 15/9-F-14 H,2014-02-03 18:00:00,1535.4,21.61,129.5,69,10.0
NO 15/9-F-14 H,2014-02-04 00:00:00,1530.9,16.15,112.1,97,11.61
NO 15/9-F-14 H,2014-02-04 06:00:00,1538.2,4.0,158.1,129,15.89
NO 15/9-F-14 H,2014-02-04 12:00:00,1552.9,14.97,125.0,135,10.82
NO 15/9-F-14 H,2014-02-04 18:00:00,1542.7,13.99,55.4,108,12.02
NO 15/9-F-14 H,2014-02-05 00:00:00,1562.9,11.59,131.8,112,17.52
NO 15/9-F-14 H,2014-02-05 06:00:00,1560.4,7.7,98.2,122,11.9
NO 15/9-F-14 H,2014-02-05 12:00:00,1562.4,14.74,184.0,77,13.18
NO 15/9-F-14 H,2014-02-05 18:00:00,1560.5,9.67,144.4,91,14.2
NO 15/9-F-14 H,2014-02-06 00:00:00,1554.6,20.19,137.2,110,12.77
NO 15/9-F-14 H,2014-02-06 06:00:00,1554.1,9.5,114.4,108,14.42
NO 15/9-F-14 H,2014-02-06 12:00:00,1556.2,13.97,169.4,101,17.41
NO 15/9-F-14 H,2014-02-06 18:00:00,1569.4,32.88,169.2,121,12.32
NO 15/9-F-14 H,2014-02-07 00:00:00,1589.5,24.29,83.4,86,13.62
NO 15/9-F-14 H,2014-02-07 06:00:00,1576.6,17.14,121.5,126,11.14
NO 15/9-F-14 H,2014-02-07 12:00:00,1587.3,24.96,135.9,93,17.19
NO 15/9-F-14 H,2014-02-07 18:00:00,1576.6,22.44,125.2,80,7.72
NO 15/9-F-14 H,2014-02-08 00:00:00,1575.7,15.27,75.1,139,19.71
NO 15/9-F-14 H,2014-02-08 06:00:00,1589.2,9.74,167.5,111,13.03
NO 15/9-F-14 H,2014-02-08 12:00:00,1581.4,24.31,140.4,95,14.87
NO 15/9-F-14 H,2014-02-08 18:00:00,1585.5,20.81,186.3,117,14.95
NO 15/9-F-14 H,2014-02-09 00:00:00,1591.1,21.27,96.4,121,8.93
NO 15/9-F-14 H,2014-02-09 06:00:00,1584.2,31.69,123.0,104,19.37
NO 15/9-F-14 H,2014-02-09 12:00:00,1597.4,9.71,96.0,100,10.83
NO 15/9-F-14 H,2014-02-09 18:00:00,1596.7,26.69,83.6,114,9.11
NO 15/9-F-14 H,2014-02-10 00:00:00,1589.9,4.94,49.5,128,8.33
NO 15/9-F-14 H,2014-02-10 06:00:00,1603.2,10.75,125.9,121,9.59
NO 15/9-F-14 H,2014-02-10 12:00:00,1611.0,18.89,164.2,110,10.94
NO 15/9-F-14 H,2014-02-10 18:00:00,1601.4,6.15,119.6,104,15.85
NO 15/9-F-14 H,2014-02-11 00:00:00,1628.8,18.51,98.1,73,7.53
NO 15/9-F-14 H,2014-02-11 06:00:00,1602.7,15.82,113.6,105,10.56
NO 15/9-F-14 H,2014-02-11 12:00:00,1608.4,19.5,129.9,138,13.66
NO 15/9-F-14 H,2014-02-11 18:00:00,1622.5,15.34,128.1,96,16.0
NO 15/9-F-14 H,2014-02-12 00:00:00,1620.8,17.04,126.5,126,18.62
NO 15/9-F-14 H,2014-02-12 06:00:00,1615.1,16.39,105.3,115,10.49
NO 15/9-F-14 H,2014-02-12 12:00:00,1631.0,11.9,165.7,101,9.68
NO 15/9-F-14 H,2014-02-12 18:00:00,1618.6,12.63,95.3,96,6.58
NO 15/9-F-14 H,2014-02-13 00:00:00,1636.4,13.67,96.3,132,15.98
NO 15/9-F-14 H,2014-02-13 06:00:00,1642.7,11.31,70.3,90,15.31
NO 15/9-F-14 H,2014-02-13 12:00:00,1640.6,13.93,77.1,105,15.77
NO 15/9-F-14 H,2014-02-13 18:00:00,1639.4,12.54,98.7,90,11.34
NO 15/9-F-14 H,2014-02-14 00:00:00,1635.1,16.36,154.3,110,15.98
NO 15/9-F-14 H,2014-02-14 06:00:00,1635.4,16.8,87.1,134,9.23
NO 15/9-F-14 H,2014-02-14 12:00:00,1651.4,10.73,135.5,114,9.27
NO 15/9-F-14 H,2014-02-14 18:00:00,1654.0,5.74,142.8,127,13.38
NO 15/9-F-14 H,2014-02-15 00:00:00,1645.7,8.13,115.3,133,13.76
NO 15/9-F-14 H,2014-02-15 06:00:00,1654.5,10.53,138.8,147,20.38
NO 15/9-F-14 H,2014-02-15 12:00:00,1671.8,18.69,113.4,72,10.04
NO 15/9-F-14 H,2014-02-15 18:00:00,1654.7,23.98,138.5,108,10.04
NO 15/9-F-14 H,2014-02-16 00:00:00,1663.8,20.31,133.3,116,10.23
NO 15/9-F-14 H,2014-02-16 06:00:00,1665.9,10.27,76.0,56,10.29
NO 15/9-F-14 H,2014-02-16 12:00:00,1670.8,16.55,100.9,129,7.95
NO 15/9-F-14 H,2014-02-16 18:00:00,1681.9,24.22,140.1,77,22.0
NO 15/9-F-14 H,2014-02-17 00:00:00,1680.4,13.4,84.8,83,10.6
NO 15/9-F-14 H,2014-02-17 06:00:00,1666.2,12.47,97.5,111,16.78
NO 15/9-F-14 H,2014-02-17 12:00:00,1677.2,10.32,123.1,128,10.96
NO 15/9-F-14 H,2014-02-17 18:00:00,1660.4,10.09,120.1,35,12.48
NO 15/9-F-14 H,2014-02-18 00:00:00,1677.5,29.22,101.7,141,13.91
NO 15/9-F-14 H,2014-02-18 06:00:00,1667.6,13.41,121.9,114,10.51
NO 15/9-F-14 H,2014-02-18 12:00:00,1674.5,4.78,106.8,89,14.69
NO 15/9-F-14 H,2014-02-18 18:00:00,1690.4,19.76,101.7,116,13.96
NO 15/9-F-14 H,2014-02-19 00:00:00,1708.0,1.0,144.0,74,12.2
NO 15/9-F-14 H,2014-02-19 06:00:00,1696.7,26.23,140.1,75,13.2
NO 15/9-F-14 H,2014-02-19 12:00:00,1709.6,15.31,123.2,74,20.41
NO 15/9-F-14 H,2014-02-19 18:00:00,1680.3,18.07,118.9,125,12.05
NO 15/9-F-14 H,2014-02-20 00:00:00,1691.0,19.35,92.7,90,14.31
NO 15/9-F-14 H,2014-02-20 06:00:00,1696.5,15.05,113.6,113,8.54
NO 15/9-F-14 H,2014-02-20 12:00:00,1699.6,1.0,107.0,74,13.8
NO 15/9-F-14 H,2014-02-20 18:00:00,1715.8,22.75,109.2,73,12.13
NO 15/9-F-14 H,2014-02-21 00:00:00,1702.0,9.02,149.3,105,17.29
NO 15/9-F-14 H,2014-02-21 06:00:00,1705.4,9.28,114.4,88,14.35
NO 15/9-F-14 H,2014-02-21 12:00:00,1709.8,12.92,93.4,73,15.32
NO 15/9-F-14 H,2014-02-21 18:00:00,1700.0,19.34,98.3,88,14.14
NO 15/9-F-14 H,2014-02-22 00:00:00,1716.9,23.79,25.0,129,12.64
NO 15/9-F-14 H,2014-02-22 06:00:00,1726.1,18.47,101.9,83,13.58
NO 15/9-F-14 H,2014-02-22 12:00:00,1723.3,3.47,154.2,115,9.56
NO 15/9-F-14 H,2014-02-22 18:00:00,1728.1,19.13,70.1,118,14.82
NO 15/9-F-14 H,2014-02-23 00:00:00,1731.9,15.35,132.4,83,4.05
NO 15/9-F-14 H,2014-02-23 06:00:00,1728.8,20.06,145.3,132,12.46
NO 15/9-F-14 H,2014-02-23 12:00:00,1732.0,7.83,42.0,177,14.12
NO 15/9-F-14 H,2014-02-23 18:00:00,1736.0,17.89,95.3,109,13.09
NO 15/9-F-14 H,2014-02-24 00:00:00,1741.3,12.11,125.2,105,18.38
NO 15/9-F-14 H,2014-02-24 06:00:00,1738.7,3.4,102.5,106,12.72
NO 15/9-F-14 H,2014-02-24 12:00:00,1735.7,1.0,109.0,116,2.88
NO 15/9-F-14 H,2014-02-24 18:00:00,1750.6,24.16,135.8,154,9.69
NO 15/9-F-14 H,2014-02-25 00:00:00,1737.5,8.8,79.2,97,10.95
NO 15/9-F-14 H,2014-02-25 06:00:00,1747.2,1.0,84.5,122,9.52
NO 15/9-F-14 H,2014-02-25 12:00:00,1751.6,26.1,70.3,118,9.17
NO 15/9-F-14 H,2014-02-25 18:00:00,1750.3,16.84,116.6,116,5.49
NO 15/9-F-14 H,2014-02-26 00:00:00,1753.8,19.61,117.9,104,17.49
NO 15/9-F-14 H,2014-02-26 06:00:00,1767.4,25.97,161.7,74,16.77
NO 15/9-F-14 H,2014-02-26 12:00:00,1779.3,12.17,78.4,101,7.57
NO 15/9-F-14 H,2014-02-26 18:00:00,1755.3,13.42,136.9,94,14.08
NO 15/9-F-14 H,2014-02-27 00:00:00,1767.0,24.43,125.6,145,14.2
NO 15/9-F-14 H,2014-02-27 06:00:00,1773.6,6.09,96.8,104,13.29
NO 15/9-F-14 H,2014-02-27 12:00:00,1776.3,21.83,84.6,99,13.46
NO 15/9-F-14 H,2014-02-27 18:00:00,1764.7,17.37,170.2,66,15.51
NO 15/9-F-14 H,2014-02-28 00:00:00,1781.2,17.11,123.7,140,10.64
NO 15/9-F-14 H,2014-02-28 06:00:00,1783.0,5.36,69.3,93,13.08
NO 15/9-F-14 H,2014-02-28 12:00:00,1789.5,15.31,164.8,77,13.48
NO 15/9-F-14 H,2014-02-28 18:00:00,1778.6,8.71,90.9,116,15.74
NO 15/9-F-14 H,2014-03-01 00:00:00,1790.1,14.69,92.2,80,11.36
NO 15/9-F-14 H,2014-03-01 06:00:00,1786.0,13.69,139.3,76,19.5
NO 15/9-F-14 H,2014-03-01 12:00:00,1797.7,34.85,120.3,109,13.56
NO 15/9-F-14 H,2014-03-01 18:00:00,1811.4,19.07,89.2,108,11.82
NO 15/9-F-14 H,2014-03-02 00:00:00,1807.0,12.03,144.8,87,16.39
NO 15/9-F-14 H,2014-03-02 06:00:00,1799.2,17.88,146.0,102,11.58
NO 15/9-F-14 H,2014-03-02 12:00:00,1807.6,14.57,144.3,137,16.03
NO 15/9-F-14 H,2014-03-02 18:00:00,1809.5,1.0,148.6,105,13.21
NO 15/9-F-14 H,2014-03-03 00:00:00,1800.0,1.0,94.1,119,8.57
NO 15/9-F-14 H,2014-03-03 06:00:00,1830.1,1.0,112.4,81,14.44
NO 15/9-F-14 H,2014-03-03 12:00:00,1820.2,21.53,118.9,99,10.63
NO 15/9-F-14 H,2014-03-03 18:00:00,1825.9,15.6,92.0,108,16.04
NO 15/9-F-14 H,2014-03-04 00:00:00,1814.2,13.7,120.6,115,10.83
NO 15/9-F-14 H,2014-03-04 06:00:00,1813.1,15.38,93.7,85,14.69
NO 15/9-F-14 H,2014-03-04 12:00:00,1821.4,7.0,114.2,98,9.79
NO 15/9-F-14 H,2014-03-04 18:00:00,1828.8,17.44,69.5,80,8.88
NO 15/9-F-14 H,2014-03-05 00:00:00,1829.1,6.29,97.0,105,12.3
NO 15/9-F-14 H,2014-03-05 06:00:00,1824.7,15.94,104.3,105,17.06
NO 15/9-F-14 H,2014-03-05 12:00:00,1841.5,1.81,123.0,99,11.36
NO 15/9-F-14 H,2014-03-05 18:00:00,1833.3,8.99,54.5,104,7.52
NO 15/9-F-14 H,2014-03-06 00:00:00,1851.9,19.81,89.7,90,10.9
NO 15/9-F-14 H,2014-03-06 06:00:00,1841.5,18.73,136.3,118,10.78
NO 15/9-F-14 H,2014-03-06 12:00:00,1842.7,19.68,71.8,117,13.4
NO 15/9-F-14 H,2014-03-06 18:00:00,1846.6,18.67,90.9,100,16.79
NO 15/9-F-14 H,2014-03-07 00:00:00,1849.7,4.06,121.2,95,12.2
NO 15/9-F-14 H,2014-03-07 06:00:00,1855.4,17.03,82.2,116,8.47
NO 15/9-F-14 H,2014-03-07 12:00:00,1846.3,13.25,65.1,104,7.36
NO 15/9-F-14 H,2014-03-07 18:00:00,1872.9,17.51,173.7,96,10.0
NO 15/9-F-14 H,2014-03-08 00:00:00,1866.7,12.56,122.1,78,12.11
NO 15/9-F-14 H,2014-03-08 06:00:00,1873.7,28.44,133.2,83,13.41
NO 15/9-F-14 H,2014-03-08 12:00:00,1855.8,12.69,97.3,84,18.98
NO 15/9-F-14 H,2014-03-08 18:00:00,1871.3,1.0,141.7,93,17.95
NO 15/9-F-14 H,2014-03-09 00:00:00,1878.1,6.06,131.0,128,13.21
NO 15/9-F-14 H,2014-03-09 06:00:00,1884.9,17.02,89.5,90,11.01
NO 15/9-F-14 H,2014-03-09 12:00:00,1861.6,16.83,73.3,62,9.06
NO 15/9-F-14 H,2014-03-09 18:00:00,1870.9,18.56,93.8,91,13.62
NO 15/9-F-14 H,2014-03-10 00:00:00,1877.8,15.03,121.3,114,11.35
NO 15/9-F-14 H,2014-03-10 06:00:00,1885.9,6.63,68.8,68,14.46
NO 15/9-F-14 H,2014-03-10 12:00:00,1876.5,3.44,136.2,93,14.37
NO 15/9-F-14 H,2014-03-10 18:00:00,1897.9,18.44,110.4,113,13.65
NO 15/9-F-14 H,2014-03-11 00:00:00,1882.5,22.5,73.5,108,10.35
NO 15/9-F-14 H,2014-03-11 06:00:00,1877.4,10.73,99.2,133,7.57
NO 15/9-F-14 H,2014-03-11 12:00:00,1896.8,13.8,94.8,123,8.9
NO 15/9-F-14 H,2014-03-11 18:00:00,1894.5,13.05,142.9,125,12.41
NO 15/9-F-14 H,2014-03-12 00:00:00,1901.1,14.98,133.5,102,10.15
NO 15/9-F-14 H,2014-03-12 06:00:00,1901.9,4.83,120.5,80,13.57
NO 15/9-F-14 H,2014-03-12 12:00:00,1916.7,7.51,121.3,91,10.17
NO 15/9-F-14 H,2014-03-12 18:00:00,1913.4,29.3,105.9,134,6.31
NO 15/9-F-14 H,2014-03-13 00:00:00,1909.8,9.73,151.0,92,15.32
NO 15/9-F-14 H,2014-03-13 06:00:00,1902.3,2.99,112.4,93,14.34
NO 15/9-F-14 H,2014-03-13 12:00:00,1912.0,7.91,86.4,116,12.16
NO 15/9-F-14 H,2014-03-13 18:00:00,1914.4,22.77,78.3,115,11.24
NO 15/9-F-14 H,2014-03-14 00:00:00,1908.4,3.63,115.2,85,11.49
NO 15/9-F-14 H,2014-03-14 06:00:00,1929.4,1.75,74.2,126,14.23
NO 15/9-F-14 H,2014-03-14 12:00:00,1914.5,9.39,128.0,78,8.64
NO 15/9-F-14 H,2014-03-14 18:00:00,1917.0,11.4,105.5,75,11.34
NO 15/9-F-14 H,2014-03-15 00:00:00,1924.6,20.64,145.6,85,11.44
NO 15/9-F-14 H,2014-03-15 06:00:00,1923.9,5.71,108.2,57,14.19
NO 15/9-F-14 H,2014-03-15 12:00:00,1932.4,16.69,116.3,116,8.08
NO 15/9-F-14 H,2014-03-15 18:00:00,1926.6,21.71,128.8,95,16.73
NO 15/9-F-14 H,2014-03-16 00:00:00,1937.7,16.95,118.3,102,13.81
NO 15/9-F-14 H,2014-03-16 06:00:00,1940.8,20.13,51.2,75,11.84
NO 15/9-F-14 H,2014-03-16 12:00:00,1948.6,14.49,82.9,114,5.71
NO 15/9-F-14 H,2014-03-16 18:00:00,1950.2,21.04,137.0,90,12.4
NO 15/9-F-14 H,2014-03-17 00:00:00,1948.8,10.84,103.9,119,14.39
NO 15/9-F-14 H,2014-03-17 06:00:00,1955.8,14.94,58.2,142,13.29
NO 15/9-F-14 H,2014-03-17 12:00:00,1953.5,12.59,160.0,83,9.94
NO 15/9-F-14 H,2014-03-17 18:00:00,1969.1,26.26,124.5,106,14.13
NO 15/9-F-14 H,2014-03-18 00:00:00,1954.7,18.84,100.0,73,16.89
NO 15/9-F-14 H,2014-03-18 06:00:00,1958.6,16.78,140.0,84,14.19
NO 15/9-F-14 H,2014-03-18 12:00:00,1965.6,1.44,90.8,101,12.05
NO 15/9-F-14 H,2014-03-18 18:00:00,1962.0,24.17,71.7,102,13.05
NO 15/9-F-14 H,2014-03-19 00:00:00,1980.9,22.16,61.6,116,13.8
NO 15/9-F-14 H,2014-03-19 06:00:00,1978.1,1.0,146.6,141,11.22
NO 15/9-F-14 H,2014-03-19 12:00:00,1981.2,26.9,120.8,59,11.68
NO 15/9-F-14 H,2014-03-19 18:00:00,1982.4,19.58,124.7,130,12.4
NO 15/9-F-14 H,2014-03-20 00:00:00,1986.4,2.59,152.2,97,20.77
NO 15/9-F-14 H,2014-03-20 06:00:00,1977.5,15.69,133.2,79,4.4
NO 15/9-F-14 H,2014-03-20 12:00:00,1989.7,16.16,119.2,100,12.88
NO 15/9-F-14 H,2014-03-20 18:00:00,1979.5,18.59,116.9,135,13.61
NO 15/9-F-14 H,2014-03-21 00:00:00,1983.1,23.97,146.9,139,13.96
NO 15/9-F-14 H,2014-03-21 06:00:00,1996.2,24.88,114.8,96,9.02
NO 15/9-F-14 H,2014-03-21 12:00:00,1995.3,8.62,59.2,148,14.04
NO 15/9-F-14 H,2014-03-21 18:00:00,2000.2,27.36,99.3,76,12.79
NO 15/9-F-14 H,2014-03-22 00:00:00,1996.1,12.82,148.7,100,11.99
NO 15/9-F-14 H,2014-03-22 06:00:00,1997.2,31.28,60.5,98,14.41
NO 15/9-F-14 H,2014-03-22 12:00:00,2002.8,11.36,100.0,133,20.04
NO 15/9-F-14 H,2014-03-22 18:00:00,2008.7,22.13,95.2,143,15.1
NO 15/9-F-14 H,2014-03-23 00:00:00,2008.0,19.08,66.8,96,16.09
NO 15/9-F-14 H,2014-03-23 06:00:00,2019.8,12.74,130.0,107,14.27
NO 15/9-F-14 H,2014-03-23 12:00:00,2013.1,13.13,144.5,143,7.58
NO 15/9-F-14 H,2014-03-23 18:00:00,2005.4,13.04,137.3,133,10.35
NO 15/9-F-14 H,2014-03-24 00:00:00,2024.1,16.22,44.7,94,18.92
NO 15/9-F-14 H,2014-03-24 06:00:00,2032.5,14.94,56.4,124,11.63
NO 15/9-F-14 H,2014-03-24 12:00:00,2029.4,18.82,126.8,109,10.0
NO 15/9-F-14 H,2014-03-24 18:00:00,2035.0,3.64,117.7,124,9.86
NO 15/9-F-14 H,2014-03-25 00:00:00,2024.0,9.61,129.3,146,18.96
NO 15/9-F-14 H,2014-03-25 06:00:00,2035.9,7.59,133.9,108,14.48
NO 15/9-F-14 H,2014-03-25 12:00:00,2040.3,14.39,100.1,130,9.26
NO 15/9-F-14 H,2014-03-25 18:00:00,2037.8,17.15,165.2,104,15.43
NO 15/9-F-14 H,2014-03-26 00:00:00,2030.7,23.68,89.6,81,9.25
NO 15/9-F-14 H,2014-03-26 06:00:00,2044.1,29.35,103.6,106,10.46
NO 15/9-F-14 H,2014-03-26 12:00:00,2056.7,9.51,102.5,130,13.67
NO 15/9-F-14 H,2014-03-26 18:00:00,2044.2,18.64,102.3,121,13.91
NO 15/9-F-14 H,2014-03-27 00:00:00,2067.8,5.63,129.0,82,16.19
NO 15/9-F-14 H,2014-03-27 06:00:00,2051.8,14.95,87.9,116,9.06
NO 15/9-F-14 H,2014-03-27 12:00:00,2058.7,17.63,68.7,110,13.73
NO 15/9-F-14 H,2014-03-27 18:00:00,2050.1,8.14,85.2,85,8.22
NO 15/9-F-14 H,2014-03-28 00:00:00,2043.4,15.66,99.0,85,13.08
NO 15/9-F-14 H,2014-03-28 06:00:00,2070.5,5.31,122.8,133,20.92
NO 15/9-F-14 H,2014-03-28 12:00:00,2070.6,8.86,88.5,75,18.24
NO 15/9-F-14 H,2014-03-28 18:00:00,2045.2,27.64,165.0,90,19.38
NO 15/9-F-14 H,2014-03-29 00:00:00,2068.9,13.29,62.0,65,13.84
NO 15/9-F-14 H,2014-03-29 06:00:00,2069.9,4.74,140.7,127,19.37
NO 15/9-F-14 H,2014-03-29 12:00:00,2082.8,11.78,87.7,87,11.98
NO 15/9-F-14 H,2014-03-29 18:00:00,2083.8,10.39,110.1,130,11.96
NO 15/9-F-14 H,2014-03-30 00:00:00,2073.0,8.81,116.0,78,12.61
NO 15/9-F-14 H,2014-03-30 06:00:00,2091.0,24.16,94.1,86,11.8
NO 15/9-F-14 H,2014-03-30 12:00:00,2085.4,29.84,114.0,77,14.75
NO 15/9-F-14 H,2014-03-30 18:00:00,2089.1,19.23,158.8,111,8.98
NO 15/9-F-14 H,2014-03-31 00:00:00,2094.4,5.67,104.4,132,9.58
NO 15/9-F-14 H,2014-03-31 06:00:00,2100.1,17.79,97.5,114,17.61
NO 15/9-F-14 H,2014-03-31 12:00:00,2081.7,16.67,96.3,114,20.2
NO 15/9-F-14 H,2014-03-31 18:00:00,2091.0,12.15,126.0,126,16.32
NO 15/9-F-14 H,2014-04-01 00:00:00,2089.8,20.34,126.4,137,17.0
NO 15/9-F-14 H,2014-04-01 06:00:00,2107.7,11.83,128.6,112,11.51
NO 15/9-F-14 H,2014-04-01 12:00:00,2123.8,1.11,141.6,94,11.96
NO 15/9-F-14 H,2014-04-01 18:00:00,2099.4,17.29,87.9,115,17.23
NO 15/9-F-14 H,2014-04-02 00:00:00,2104.1,16.56,151.1,90,15.04
NO 15/9-F-14 H,2014-04-02 06:00:00,2119.0,14.58,52.8,130,11.78
NO 15/9-F-14 H,2014-04-02 12:00:00,2125.1,18.1,108.9,99,11.64
NO 15/9-F-14 H,2014-04-02 18:00:00,2122.5,11.91,106.1,92,10.33
NO 15/9-F-14 H,2014-04-03 00:00:00,2123.3,6.81,196.7,90,14.66
NO 15/9-F-14 H,2014-04-03 06:00:00,2111.6,6.31,112.2,84,10.22
NO 15/9-F-14 H,2014-04-03 12:00:00,2123.1,10.11,122.2,89,18.33
NO 15/9-F-14 H,2014-04-03 18:00:00,2127.7,15.89,58.3,113,18.55
NO 15/9-F-14 H,2014-04-04 00:00:00,2144.7,17.05,130.0,98,15.06
NO 15/9-F-14 H,2014-04-04 06:00:00,2132.3,21.82,122.2,134,17.36
NO 15/9-F-14 H,2014-04-04 12:00:00,2134.9,18.14,90.0,93,13.36
NO 15/9-F-14 H,2014-04-04 18:00:00,2136.5,14.13,89.9,123,10.79
NO 15/9-F-14 H,2014-04-05 00:00:00,2132.2,7.76,130.1,91,9.55
NO 15/9-F-14 H,2014-04-05 06:00:00,2159.5,15.67,199.4,93,13.68
NO 15/9-F-14 H,2014-04-05 12:00:00,2139.1,12.33,116.0,73,11.76
NO 15/9-F-14 H,2014-04-05 18:00:00,2140.8,22.23,75.4,137,6.23
NO 15/9-F-14 H,2014-04-06 00:00:00,2153.4,21.28,144.3,128,13.49
NO 15/9-F-14 H,2014-04-06 06:00:00,2146.1,17.26,137.1,74,14.97
NO 15/9-F-14 H,2014-04-06 12:00:00,2159.1,9.26,115.2,135,14.71
NO 15/9-F-14 H,2014-04-06 18:00:00,2169.7,9.19,162.5,76,10.35
NO 15/9-F-14 H,2014-04-07 00:00:00,2151.2,21.84,93.2,120,14.78
NO 15/9-F-14 H,2014-04-07 06:00:00,2160.4,15.85,134.7,94,10.52
NO 15/9-F-14 H,2014-04-07 12:00:00,2161.8,14.08,114.5,84,5.91
NO 15/9-F-14 H,2014-04-07 18:00:00,2170.6,23.12,142.6,107,10.22
NO 15/9-F-14 H,2014-04-08 00:00:00,2177.1,33.91,147.3,72,15.19
NO 15/9-F-14 H,2014-04-08 06:00:00,2165.2,13.02,165.7,117,9.39
NO 15/9-F-14 H,2014-04-08 12:00:00,2176.1,6.53,74.9,108,6.41
NO 15/9-F-14 H,2014-04-08 18:00:00,2173.8,1.0,100.5,78,11.23
NO 15/9-F-14 H,2014-04-09 00:00:00,2183.4,1.0,111.5,105,8.65
NO 15/9-F-14 H,2014-04-09 06:00:00,2175.5,1.59,112.6,130,3.98
NO 15/9-F-14 H,2014-04-09 12:00:00,2184.8,14.99,36.6,118,9.52
NO 15/9-F-14 H,2014-04-09 18:00:00,2194.1,14.71,73.7,130,15.16
NO 15/9-F-14 H,2014-04-10 00:00:00,2190.4,25.59,82.8,122,26.55
NO 15/9-F-14 H,2014-04-10 06:00:00,2199.0,4.66,111.1,92,8.62
NO 15/9-F-14 H,2014-04-10 12:00:00,2194.4,19.32,127.6,66,11.77
NO 15/9-F-14 H,2014-04-10 18:00:00,2205.0,2.41,43.2,118,14.75
NO 15/9-F-14 H,2014-04-11 00:00:00,2192.1,10.37,85.0,106,14.45
NO 15/9-F-14 H,2014-04-11 06:00:00,2195.8,32.97,126.3,145,17.82
NO 15/9-F-14 H,2014-04-11 12:00:00,2219.2,4.38,67.8,109,13.28
NO 15/9-F-14 H,2014-04-11 18:00:00,2208.9,5.73,93.4,95,10.41
NO 15/9-F-14 H,2014-04-12 00:00:00,2223.9,21.05,123.1,129,11.64
NO 15/9-F-14 H,2014-04-12 06:00:00,2224.4,8.74,123.8,147,18.14
NO 15/9-F-14 H,2014-04-12 12:00:00,2218.1,18.91,63.3,87,9.95
NO 15/9-F-14 H,2014-04-12 18:00:00,2209.8,21.91,198.8,87,12.16
NO 15/9-F-14 H,2014-04-13 00:00:00,2226.1,20.04,133.9,88,14.59
NO 15/9-F-14 H,2014-04-13 06:00:00,2218.1,28.11,70.7,99,11.87
NO 15/9-F-14 H,2014-04-13 12:00:00,2221.0,27.04,127.8,95,7.22
NO 15/9-F-14 H,2014-04-13 18:00:00,2220.9,10.18,91.7,78,9.09
NO 15/9-F-14 H,2014-04-14 00:00:00,2228.7,18.05,112.9,84,11.93
NO 15/9-F-14 H,2014-04-14 06:00:00,2232.0,16.83,88.1,86,13.55
NO 15/9-F-14 H,2014-04-14 12:00:00,2230.6,18.01,92.9,103,14.89
NO 15/9-F-14 H,2014-04-14 18:00:00,2226.6,18.33,75.2,100,10.12
NO 15/9-F-14 H,2014-04-15 00:00:00,2239.9,10.06,90.8,70,20.23
NO 15/9-F-14 H,2014-04-15 06:00:00,2232.5,14.62,154.0,108,3.95
NO 15/9-F-14 H,2014-04-15 12:00:00,2250.0,17.79,176.7,104,11.72
NO 15/9-F-14 H,2014-04-15 18:00:00,2242.4,11.8,107.6,136,10.83
NO 15/9-F-14 H,2014-04-16 00:00:00,2236.3,6.43,130.1,139,8.54
NO 15/9-F-14 H,2014-04-16 06:00:00,2243.3,31.77,102.0,137,13.52
NO 15/9-F-14 H,2014-04-16 12:00:00,2256.0,21.14,126.4,102,5.11
NO 15/9-F-14 H,2014-04-16 18:00:00,2261.4,1.0,120.5,100,14.92
NO 15/9-F-14 H,2014-04-17 00:00:00,2263.2,2.82,93.7,100,16.41
NO 15/9-F-14 H,2014-04-17 06:00:00,2253.7,21.67,71.8,83,13.64
NO 15/9-F-14 H,2014-04-17 12:00:00,2273.2,16.94,123.1,137,14.47
NO 15/9-F-14 H,2014-04-17 18:00:00,2276.9,20.51,141.8,95,8.2
NO 15/9-F-14 H,2014-04-18 00:00:00,2277.7,28.91,121.7,88,9.81
NO 15/9-F-14 H,2014-04-18 06:00:00,2279.8,20.34,66.5,61,8.54
NO 15/9-F-14 H,2014-04-18 12:00:00,2276.9,30.88,142.2,128,12.03
NO 15/9-F-14 H,2014-04-18 18:00:00,2283.5,18.09,124.2,101,12.66
NO 15/9-F-14 H,2014-04-19 00:00:00,2292.2,13.71,101.3,105,10.59
NO 15/9-F-14 H,2014-04-19 06:00:00,2284.7,13.28,99.4,96,14.46
NO 15/9-F-14 H,2014-04-19 12:00:00,2284.1,21.9,107.2,114,13.55
NO 15/9-F-14 H,2014-04-19 18:00:00,2282.8,18.3,115.6,99,11.42
NO 15/9-F-14 H,2014-04-20 00:00:00,2280.4,14.21,115.0,77,10.14
NO 15/9-F-14 H,2014-04-20 06:00:00,2307.4,3.92,88.0,107,13.96
NO 15/9-F-14 H,2014-04-20 12:00:00,2298.5,2.16,139.3,116,22.11
NO 15/9-F-14 H,2014-04-20 18:00:00,2312.2,24.03,69.6,93,20.74
NO 15/9-F-14 H,2014-04-21 00:00:00,2307.6,1.0,131.9,140,15.97
NO 15/9-F-14 H,2014-04-21 06:00:00,2309.0,13.55,140.1,116,12.16
NO 15/9-F-14 H,2014-04-21 12:00:00,2319.6,19.27,107.5,131,14.39
NO 15/9-F-14 H,2014-04-21 18:00:00,2308.9,11.32,140.4,71,11.73
NO 15/9-F-14 H,2014-04-22 00:00:00,2307.5,31.37,120.0,116,13.88
NO 15/9-F-14 H,2014-04-22 06:00:00,2304.6,12.84,101.6,90,15.21
NO 15/9-F-14 H,2014-04-22 12:00:00,2309.4,11.94,135.8,138,13.4
NO 15/9-F-14 H,2014-04-22 18:00:00,2308.9,14.2,111.2,94,11.2
NO 15/9-F-14 H,2014-04-23 00:00:00,2319.1,19.39,84.8,117,9.27
NO 15/9-F-14 H,2014-04-23 06:00:00,2311.2,15.51,49.6,122,18.12
NO 15/9-F-14 H,2014-04-23 12:00:00,2312.9,10.98,106.1,114,18.29
NO 15/9-F-14 H,2014-04-23 18:00:00,2312.9,20.51,72.7,104,16.74
NO 15/9-F-14 H,2014-04-24 00:00:00,2325.6,26.3,122.6,102,13.07
NO 15/9-F-14 H,2014-04-24 06:00:00,2331.5,16.63,122.7,90,10.61
NO 15/9-F-14 H,2014-04-24 12:00:00,2320.3,25.84,79.2,89,16.35
NO 15/9-F-14 H,2014-04-24 18:00:00,2333.8,8.62,98.6,105,7.58
NO 15/9-F-14 H,2014-04-25 00:00:00,2353.0,39.91,64.9,128,17.58
NO 15/9-F-14 H,2014-04-25 06:00:00,2354.1,10.82,107.2,87,9.65
NO 15/9-F-14 H,2014-04-25 12:00:00,2347.1,21.04,94.0,66,12.98
NO 15/9-F-14 H,2014-04-25 18:00:00,2344.5,16.29,125.4,62,21.39
NO 15/9-F-14 H,2014-04-26 00:00:00,2342.8,21.09,86.1,79,11.32
NO 15/9-F-14 H,2014-04-26 06:00:00,2352.2,24.04,139.4,89,13.77
NO 15/9-F-14 H,2014-04-26 12:00:00,2355.2,25.69,116.9,71,10.54
NO 15/9-F-14 H,2014-04-26 18:00:00,2365.6,7.63,92.5,111,16.2
NO 15/9-F-14 H,2014-04-27 00:00:00,2365.0,11.02,128.5,126,12.39
NO 15/9-F-14 H,2014-04-27 06:00:00,2364.3,2.64,80.9,112,8.98
NO 15/9-F-14 H,2014-04-27 12:00:00,2365.5,4.19,54.1,150,6.23
NO 15/9-F-14 H,2014-04-27 18:00:00,2361.4,18.77,163.8,120,15.63
NO 15/9-F-14 H,2014-04-28 00:00:00,2351.8,9.9,80.0,127,12.66
NO 15/9-F-14 H,2014-04-28 06:00:00,2378.7,17.91,104.6,107,18.26
NO 15/9-F-14 H,2014-04-28 12:00:00,2370.7,3.35,152.4,106,18.57
NO 15/9-F-14 H,2014-04-28 18:00:00,2385.7,20.95,98.5,135,16.36
NO 15/9-F-14 H,2014-04-29 00:00:00,2378.4,13.56,79.0,93,12.83
NO 15/9-F-14 H,2014-04-29 06:00:00,2382.0,11.38,152.0,98,20.37
NO 15/9-F-14 H,2014-04-29 12:00:00,2379.9,25.41,159.8,114,16.18
NO 15/9-F-14 H,2014-04-29 18:00:00,2398.6,20.0,94.2,130,16.39
NO 15/9-F-14 H,2014-04-30 00:00:00,2391.9,31.24,130.2,116,15.63
NO 15/9-F-14 H,2014-04-30 06:00:00,2384.1,1.03,129.4,113,11.21
NO 15/9-F-14 H,2014-04-30 12:00:00,2391.9,13.17,67.3,60,11.66
NO 15/9-F-14 H,2014-04-30 18:00:00,2386.3,25.53,85.1,125,11.71
NO 15/9-F-14 H,2014-05-01 00:00:00,2400.8,15.24,138.1,97,12.29
NO 15/9-F-14 H,2014-05-01 06:00:00,2392.4,7.95,141.0,113,18.8
NO 15/9-F-14 H,2014-05-01 12:00:00,2393.8,12.45,150.1,89,20.44
NO 15/9-F-14 H,2014-05-01 18:00:00,2424.7,14.19,112.5,112,19.48
NO 15/9-F-14 H,2014-05-02 00:00:00,2427.9,21.77,155.3,126,16.28
NO 15/9-F-14 H,2014-05-02 06:00:00,2413.2,16.19,95.9,135,15.18
NO 15/9-F-14 H,2014-05-02 12:00:00,2425.5,13.87,88.7,64,8.72
NO 15/9-F-14 H,2014-05-02 18:00:00,2414.2,8.59,116.6,76,9.36
NO 15/9-F-14 H,2014-05-03 00:00:00,2416.2,15.82,136.1,58,10.38
NO 15/9-F-14 H,2014-05-03 06:00:00,2428.0,8.56,114.4,134,12.26
NO 15/9-F-14 H,2014-05-03 12:00:00,2431.8,6.42,112.3,90,17.99
NO 15/9-F-14 H,2014-05-03 18:00:00,2427.7,12.61,124.1,75,7.17
NO 15/9-F-14 H,2014-05-04 00:00:00,2441.3,1.88,110.9,81,19.12
NO 15/9-F-14 H,2014-05-04 06:00:00,2445.2,11.25,128.2,94,14.51
NO 15/9-F-14 H,2014-05-04 12:00:00,2443.8,13.51,77.6,85,11.94
NO 15/9-F-14 H,2014-05-04 18:00:00,2438.4,6.87,99.6,123,11.18
NO 15/9-F-14 H,2014-05-05 00:00:00,2454.7,15.49,107.8,81,7.9
NO 15/9-F-14 H,2014-05-05 06:00:00,2454.1,20.9,144.6,77,16.19
NO 15/9-F-14 H,2014-05-05 12:00:00,2442.4,15.52,129.2,149,5.67
NO 15/9-F-14 H,2014-05-05 18:00:00,2450.5,11.74,124.0,123,9.06
NO 15/9-F-14 H,2014-05-06 00:00:00,2452.9,19.6,119.9,138,10.86
NO 15/9-F-14 H,2014-05-06 06:00:00,2434.4,19.82,114.3,85,10.35
NO 15/9-F-14 H,2014-05-06 12:00:00,2452.5,10.21,111.4,109,10.75
NO 15/9-F-14 H,2014-05-06 18:00:00,2460.1,21.28,105.7,131,13.41
NO 15/9-F-14 H,2014-05-07 00:00:00,2466.1,16.02,102.8,125,5.94
NO 15/9-F-14 H,2014-05-07 06:00:00,2472.4,18.63,137.0,124,13.67
NO 15/9-F-14 H,2014-05-07 12:00:00,2469.5,36.08,119.9,61,12.81
NO 15/9-F-14 H,2014-05-07 18:00:00,2460.1,16.47,91.2,140,11.5
NO 15/9-F-14 H,2014-05-08 00:00:00,2469.9,7.74,120.2,108,14.51
NO 15/9-F-14 H,2014-05-08 06:00:00,2488.2,1.0,90.3,113,16.51
NO 15/9-F-14 H,2014-05-08 12:00:00,2487.8,17.09,91.0,101,15.81
NO 15/9-F-14 H,2014-05-08 18:00:00,2476.0,20.37,137.1,134,18.42
NO 15/9-F-14 H,2014-05-09 00:00:00,2480.3,7.07,95.1,133,7.08
NO 15/9-F-14 H,2014-05-09 06:00:00,2489.2,21.92,70.1,129,12.61
NO 15/9-F-14 H,2014-05-09 12:00:00,2478.5,16.16,126.4,84,17.55
NO 15/9-F-14 H,2014-05-09 18:00:00,2489.4,23.34,55.5,146,8.76
NO 15/9-F-14 H,2014-05-10 00:00:00,2499.3,5.38,77.8,120,2.5
NO 15/9-F-14 H,2014-05-10 06:00:00,2485.5,11.32,97.3,95,7.43
NO 15/9-F-14 H,2014-05-10 12:00:00,2507.0,14.73,117.1,94,16.62
NO 15/9-F-14 H,2014-05-10 18:00:00,2498.0,8.05,108.0,113,7.05
NO 15/9-F-14 H,2014-05-11 00:00:00,2496.8,1.0,121.2,124,19.07
NO 15/9-F-14 H,2014-05-11 06:00:00,2490.3,14.45,116.1,89,13.97
NO 15/9-F-14 H,2014-05-11 12:00:00,2509.1,6.15,132.2,102,10.08
NO 15/9-F-14 H,2014-05-11 18:00:00,2511.3,18.27,135.6,154,13.59
NO 15/9-F-14 H,2014-05-12 00:00:00,2501.0,13.2,124.2,111,13.0
NO 15/9-F-14 H,2014-05-12 06:00:00,2494.9,32.64,154.8,126,13.87
NO 15/9-F-14 H,2014-05-12 12:00:00,2512.7,16.24,99.7,70,12.39
NO 15/9-F-14 H,2014-05-12 18:00:00,2506.6,15.01,102.5,129,13.97
NO 15/9-F-14 H,2014-05-13 00:00:00,2505.5,16.3,128.9,78,11.89
NO 15/9-F-14 H,2014-05-13 06:00:00,2523.4,7.94,145.0,91,8.53
NO 15/9-F-14 H,2014-05-13 12:00:00,2523.5,17.07,152.4,75,16.95
NO 15/9-F-14 H,2014-05-13 18:00:00,2521.5,13.77,94.8,137,16.72
NO 15/9-F-14 H,2014-05-14 00:00:00,2522.8,6.69,151.5,110,14.29
NO 15/9-F-14 H,2014-05-14 06:00:00,2536.1,9.36,103.7,140,10.36
NO 15/9-F-14 H,2014-05-14 12:00:00,2537.3,25.04,198.1,89,15.78
NO 15/9-F-14 H,2014-05-14 18:00:00,2548.2,22.51,120.5,69,13.24
NO 15/9-F-14 H,2014-05-15 00:00:00,2539.7,19.77,141.9,83,14.47
NO 15/9-F-14 H,2014-05-15 06:00:00,2527.7,17.63,164.0,129,14.75
NO 15/9-F-14 H,2014-05-15 12:00:00,2540.5,25.77,136.4,95,14.8
NO 15/9-F-14 H,2014-05-15 18:00:00,2540.8,15.27,131.8,152,11.2
NO 15/9-F-14 H,2014-05-16 00:00:00,2549.7,20.6,162.5,155,17.17
NO 15/9-F-14 H,2014-05-16 06:00:00,2542.7,12.78,87.5,86,3.97
NO 15/9-F-14 H,2014-05-16 12:00:00,2545.0,18.0,107.7,103,11.32
NO 15/9-F-14 H,2014-05-16 18:00:00,2548.5,15.42,101.8,103,12.02
NO 15/9-F-14 H,2014-05-17 00:00:00,2558.5,17.34,163.2,118,14.08
NO 15/9-F-14 H,2014-05-17 06:00:00,2568.7,6.73,110.1,136,12.21
NO 15/9-F-14 H,2014-05-17 12:00:00,2562.5,28.78,146.6,80,12.31
NO 15/9-F-14 H,2014-05-17 18:00:00,2565.5,18.8,144.5,100,11.54
NO 15/9-F-14 H,2014-05-18 00:00:00,2582.2,23.3,138.8,142,11.24
NO 15/9-F-14 H,2014-05-18 06:00:00,2584.0,5.66,149.1,118,12.34
NO 15/9-F-14 H,2014-05-18 12:00:00,2575.0,8.05,89.2,92,5.93
NO 15/9-F-14 H,2014-05-18 18:00:00,2571.8,22.71,136.5,93,10.15
NO 15/9-F-14 H,2014-05-19 00:00:00,2586.6,14.69,195.8,113,14.62
NO 15/9-F-14 H,2014-05-19 06:00:00,2583.7,8.51,89.4,140,10.8
NO 15/9-F-14 H,2014-05-19 12:00:00,2596.9,17.54,111.1,98,11.11
NO 15/9-F-14 H,2014-05-19 18:00:00,2591.1,20.16,79.4,126,12.33
NO 15/9-F-14 H,2014-05-20 00:00:00,2585.7,4.68,87.3,95,9.03
NO 15/9-F-14 H,2014-05-20 06:00:00,2588.4,6.55,126.7,142,13.55
NO 15/9-F-14 H,2014-05-20 12:00:00,2603.1,10.39,103.3,101,13.62
NO 15/9-F-14 H,2014-05-20 18:00:00,2595.3,28.68,127.0,130,14.09
NO 15/9-F-14 H,2014-05-21 00:00:00,2594.4,16.37,102.0,97,16.75
NO 15/9-F-14 H,2014-05-21 06:00:00,2618.1,21.27,149.8,109,11.73
NO 15/9-F-14 H,2014-05-21 12:00:00,2597.1,24.22,86.2,89,13.17
NO 15/9-F-14 H,2014-05-21 18:00:00,2598.3,16.72,83.1,100,9.58
NO 15/9-F-14 H,2014-05-22 00:00:00,2614.7,34.72,115.7,137,13.45
NO 15/9-F-14 H,2014-05-22 06:00:00,2609.8,18.93,103.0,124,19.12
NO 15/9-F-14 H,2014-05-22 12:00:00,2618.8,20.32,103.0,88,16.7
NO 15/9-F-14 H,2014-05-22 18:00:00,2616.1,8.28,97.8,122,14.35
NO 15/9-F-14 H,2014-05-23 00:00:00,2622.3,6.15,109.9,107,16.28
NO 15/9-F-14 H,2014-05-23 06:00:00,2623.2,14.73,81.1,148,16.7
NO 15/9-F-14 H,2014-05-23 12:00:00,2621.5,10.0,122.5,131,7.92
NO 15/9-F-14 H,2014-05-23 18:00:00,2634.7,18.78,98.5,87,11.85
NO 15/9-F-14 H,2014-05-24 00:00:00,2628.8,13.73,100.5,69,10.46
NO 15/9-F-14 H,2014-05-24 06:00:00,2634.5,13.16,93.2,98,14.27
NO 15/9-F-14 H,2014-05-24 12:00:00,2640.0,22.94,95.4,105,12.14
NO 15/9-F-14 H,2014-05-24 18:00:00,2633.3,22.92,105.4,113,10.75
NO 15/9-F-14 H,2014-05-25 00:00:00,2640.9,4.41,122.9,68,15.7
NO 15/9-F-14 H,2014-05-25 06:00:00,2651.8,14.51,88.0,97,7.45
NO 15/9-F-14 H,2014-05-25 12:00:00,2645.6,7.3,112.7,153,10.47
NO 15/9-F-14 H,2014-05-25 18:00:00,2652.4,21.19,64.0,114,8.53
NO 15/9-F-14 H,2014-05-26 00:00:00,2649.8,23.28,71.0,135,14.31
NO 15/9-F-14 H,2014-05-26 06:00:00,2657.2,1.0,92.4,93,8.38
NO 15/9-F-14 H,2014-05-26 12:00:00,2652.0,19.92,168.1,138,22.53
NO 15/9-F-14 H,2014-05-26 18:00:00,2658.9,1.0,66.2,101,15.89
NO 15/9-F-14 H,2014-05-27 00:00:00,2668.6,20.77,113.7,110,13.91
NO 15/9-F-14 H,2014-05-27 06:00:00,2674.4,33.92,160.9,108,10.36
NO 15/9-F-14 H,2014-05-27 12:00:00,2664.9,1.0,137.0,102,17.55
NO 15/9-F-14 H,2014-05-27 18:00:00,2668.2,21.42,101.6,136,22.12
NO 15/9-F-14 H,2014-05-28 00:00:00,2670.5,5.71,118.0,108,15.57
NO 15/9-F-14 H,2014-05-28 06:00:00,2679.8,28.36,95.9,115,3.9
NO 15/9-F-14 H,2014-05-28 12:00:00,2661.0,18.67,124.3,117,11.26
NO 15/9-F-14 H,2014-05-28 18:00:00,2688.7,25.57,119.6,73,10.62
NO 15/9-F-14 H,2014-05-29 00:00:00,2671.4,19.89,140.0,94,12.84
NO 15/9-F-14 H,2014-05-29 06:00:00,2680.0,11.8,56.5,104,8.52
NO 15/9-F-14 H,2014-05-29 12:00:00,2693.9,8.87,103.2,85,8.9
NO 15/9-F-14 H,2014-05-29 18:00:00,2688.6,20.74,69.5,86,9.5
NO 15/9-F-14 H,2014-05-30 00:00:00,2691.6,20.78,139.8,146,11.85
NO 15/9-F-14 H,2014-05-30 06:00:00,2695.1,14.29,90.4,88,18.75
NO 15/9-F-14 H,2014-05-30 12:00:00,2698.5,7.98,121.1,109,13.13
NO 15/9-F-14 H,2014-05-30 18:00:00,2696.8,11.2,158.7,128,11.89
NO 15/9-F-14 H,2014-05-31 00:00:00,2700.1,28.76,143.2,108,7.81
NO 15/9-F-14 H,2014-05-31 06:00:00,2713.0,18.79,135.7,109,12.72
NO 15/9-F-14 H,2014-05-31 12:00:00,2715.0,15.28,124.1,111,15.43
NO 15/9-F-14 H,2014-05-31 18:00:00,2727.1,6.75,119.2,96,14.65
NO 15/9-F-14 H,2014-06-01 00:00:00,2723.2,2.53,124.2,109,14.88
NO 15/9-F-14 H,2014-06-01 06:00:00,2719.2,30.45,60.8,112,9.47
NO 15/9-F-14 H,2014-06-01 12:00:00,2723.1,25.29,118.1,114,10.99
NO 15/9-F-14 H,2014-06-01 18:00:00,2723.4,8.11,125.9,117,8.2
NO 15/9-F-14 H,2014-06-02 00:00:00,2722.7,16.68,114.4,108,11.92
NO 15/9-F-14 H,2014-06-02 06:00:00,2713.9,12.05,80.3,94,14.01
NO 15/9-F-14 H,2014-06-02 12:00:00,2728.9,28.53,130.1,65,16.87
NO 15/9-F-14 H,2014-06-02 18:00:00,2723.4,17.55,153.3,147,17.65
NO 15/9-F-14 H,2014-06-03 00:00:00,2735.1,17.29,115.1,127,11.53
NO 15/9-F-14 H,2014-06-03 06:00:00,2741.3,14.22,145.7,126,11.3
NO 15/9-F-14 H,2014-06-03 12:00:00,2724.0,20.73,88.1,93,14.64
NO 15/9-F-14 H,2014-06-03 18:00:00,2745.8,30.32,148.7,110,7.4
NO 15/9-F-14 H,2014-06-04 00:00:00,2739.7,11.67,120.5,113,11.97
NO 15/9-F-14 H,2014-06-04 06:00:00,2751.1,3.06,97.4,102,9.77
NO 15/9-F-14 H,2014-06-04 12:00:00,2752.9,18.68,84.9,100,10.85
NO 15/9-F-14 H,2014-06-04 18:00:00,2741.4,1.26,102.7,102,16.22
NO 15/9-F-14 H,2014-06-05 00:00:00,2748.0,19.36,118.9,98,14.38
NO 15/9-F-14 H,2014-06-05 06:00:00,2757.4,16.99,58.4,75,4.23
NO 15/9-F-14 H,2014-06-05 12:00:00,2744.9,22.36,32.5,152,14.07
NO 15/9-F-14 H,2014-06-05 18:00:00,2757.6,14.2,136.8,83,10.26
NO 15/9-F-14 H,2014-06-06 00:00:00,2772.6,17.6,101.3,101,10.19
NO 15/9-F-14 H,2014-06-06 06:00:00,2771.3,11.49,116.4,135,13.26
NO 15/9-F-14 H,2014-06-06 12:00:00,2778.9,10.95,131.5,88,11.93
NO 15/9-F-14 H,2014-06-06 18:00:00,2764.4,31.14,88.0,113,11.31
NO 15/9-F-14 H,2014-06-07 00:00:00,2765.5,11.03,105.6,60,8.83
NO 15/9-F-14 H,2014-06-07 06:00:00,2777.7,19.85,107.2,76,6.28
NO 15/9-F-14 H,2014-06-07 12:00:00,2771.8,11.47,106.0,102,17.1
NO 15/9-F-14 H,2014-06-07 18:00:00,2769.3,10.2,112.6,108,6.19
NO 15/9-F-14 H,2014-06-08 00:00:00,2791.8,20.32,98.8,110,11.53
NO 15/9-F-14 H,2014-06-08 06:00:00,2791.7,21.76,118.5,120,14.38
NO 15/9-F-14 H,2014-06-08 12:00:00,2784.8,12.55,84.5,73,2.99
NO 15/9-F-14 H,2014-06-08 18:00:00,2792.9,17.77,87.2,132,12.87
NO 15/9-F-14 H,2014-06-09 00:00:00,2804.3,23.68,139.8,106,11.46
NO 15/9-F-14 H,2014-06-09 06:00:00,2787.8,18.4,107.2,74,10.12
NO 15/9-F-14 H,2014-06-09 12:00:00,2807.7,14.36,124.7,77,10.33
NO 15/9-F-14 H,2014-06-09 18:00:00,2790.3,22.1,86.7,82,17.18
NO 15/9-F-14 H,2014-06-10 00:00:00,2792.3,17.11,82.0,117,11.36
NO 15/9-F-14 H,2014-06-10 06:00:00,2805.3,14.58,97.9,96,16.38
NO 15/9-F-14 H,2014-06-10 12:00:00,2802.5,23.18,191.9,80,17.65
NO 15/9-F-14 H,2014-06-10 18:00:00,2808.1,15.95,128.0,93,15.49
NO 15/9-F-14 H,2014-06-11 00:00:00,2809.4,9.18,154.4,80,11.81
NO 15/9-F-14 H,2014-06-11 06:00:00,2821.5,14.55,77.7,122,17.58
NO 15/9-F-14 H,2014-06-11 12:00:00,2813.0,18.19,90.2,73,20.89
NO 15/9-F-14 H,2014-06-11 18:00:00,2808.9,35.96,144.8,127,15.91
NO 15/9-F-14 H,2014-06-12 00:00:00,2820.5,10.01,124.1,97,13.34
NO 15/9-F-14 H,2014-06-12 06:00:00,2843.1,30.12,100.1,90,8.17
NO 15/9-F-14 H,2014-06-12 12:00:00,2817.2,16.31,95.6,68,10.96
NO 15/9-F-14 H,2014-06-12 18:00:00,2830.1,14.6,116.8,101,10.17
NO 15/9-F-14 H,2014-06-13 00:00:00,2821.2,15.75,117.7,83,13.14
NO 15/9-F-14 H,2014-06-13 06:00:00,2821.5,20.28,95.1,91,10.46
NO 15/9-F-14 H,2014-06-13 12:00:00,2831.4,20.22,64.6,103,6.95
NO 15/9-F-14 H,2014-06-13 18:00:00,2845.6,18.32,111.2,127,10.1
NO 15/9-F-14 H,2014-06-14 00:00:00,2852.4,21.22,95.6,91,9.77
NO 15/9-F-14 H,2014-06-14 06:00:00,2844.7,12.55,112.5,82,11.05
NO 15/9-F-14 H,2014-06-14 12:00:00,2845.1,21.41,116.5,134,14.78
NO 15/9-F-14 H,2014-06-14 18:00:00,2853.0,17.24,116.4,120,12.98
NO 15/9-F-14 H,2014-06-15 00:00:00,2846.6,18.01,134.8,89,19.85
NO 15/9-F-14 H,2014-06-15 06:00:00,2852.9,19.83,74.7,135,8.26
NO 15/9-F-14 H,2014-06-15 12:00:00,2862.1,21.49,78.6,76,12.63
NO 15/9-F-14 H,2014-06-15 18:00:00,2846.2,24.58,117.4,94,8.82
NO 15/9-F-14 H,2014-06-16 00:00:00,2856.7,22.99,130.1,93,12.44
NO 15/9-F-14 H,2014-06-16 06:00:00,2862.4,23.42,157.8,116,13.1
NO 15/9-F-14 H,2014-06-16 12:00:00,2870.0,10.69,95.7,141,13.12
NO 15/9-F-14 H,2014-06-16 18:00:00,2855.9,17.26,167.3,61,20.18
NO 15/9-F-14 H,2014-06-17 00:00:00,2856.9,8.43,72.6,77,7.07
NO 15/9-F-14 H,2014-06-17 06:00:00,2857.4,20.92,133.0,127,9.35
NO 15/9-F-14 H,2014-06-17 12:00:00,2869.9,19.02,125.7,100,16.78
NO 15/9-F-14 H,2014-06-17 18:00:00,2884.7,9.89,46.9,128,14.6
NO 15/9-F-14 H,2014-06-18 00:00:00,2885.0,11.59,115.3,103,11.54
NO 15/9-F-14 H,2014-06-18 06:00:00,2891.0,17.48,118.0,98,12.5
NO 15/9-F-14 H,2014-06-18 12:00:00,2885.1,4.93,94.3,90,12.14
NO 15/9-F-14 H,2014-06-18 18:00:00,2887.6,15.68,137.0,100,10.81
NO 15/9-F-14 H,2014-06-19 00:00:00,2890.3,21.5,134.9,102,9.78
NO 15/9-F-14 H,2014-06-19 06:00:00,2890.1,24.26,97.1,114,9.49
NO 15/9-F-14 H,2014-06-19 12:00:00,2916.7,19.15,105.1,118,11.32
NO 15/9-F-14 H,2014-06-19 18:00:00,2902.0,26.82,113.9,109,14.83
NO 15/9-F-14 H,2014-06-20 00:00:00,2894.5,26.37,108.3,86,12.61
NO 15/9-F-14 H,2014-06-20 06:00:00,2902.2,3.55,73.4,147,12.73
NO 15/9-F-14 H,2014-06-20 12:00:00,2913.7,15.23,93.0,67,16.6
NO 15/9-F-14 H,2014-06-20 18:00:00,2893.5,16.5,83.1,93,10.0
NO 15/9-F-14 H,2014-06-21 00:00:00,2909.3,17.74,157.1,75,14.36
NO 15/9-F-14 H,2014-06-21 06:00:00,2922.8,11.88,81.5,85,18.38
NO 15/9-F-14 H,2014-06-21 12:00:00,2921.3,3.8,108.9,102,10.9
NO 15/9-F-14 H,2014-06-21 18:00:00,2915.3,20.67,133.8,128,18.93
NO 15/9-F-14 H,2014-06-22 00:00:00,2928.4,22.86,129.3,66,11.08
NO 15/9-F-14 H,2014-06-22 06:00:00,2923.1,19.06,130.9,78,11.23
NO 15/9-F-14 H,2014-06-22 12:00:00,2918.6,20.05,106.2,111,13.74
NO 15/9-F-14 H,2014-06-22 18:00:00,2927.3,14.02,136.9,94,12.81
NO 15/9-F-14 H,2014-06-23 00:00:00,2942.0,14.12,76.9,65,10.61
NO 15/9-F-14 H,2014-06-23 06:00:00,2937.6,1.0,160.8,122,14.12
NO 15/9-F-14 H,2014-06-23 12:00:00,2936.3,16.97,72.1,160,15.74
NO 15/9-F-14 H,2014-06-23 18:00:00,2926.8,14.49,131.1,76,11.44
NO 15/9-F-14 H,2014-06-24 00:00:00,2938.7,16.39,77.3,79,9.33
NO 15/9-F-14 H,2014-06-24 06:00:00,2950.2,12.42,154.6,113,14.65
NO 15/9-F-14 H,2014-06-24 12:00:00,2953.7,3.8,100.2,75,13.61
NO 15/9-F-14 H,2014-06-24 18:00:00,2935.6,11.83,151.7,101,10.51
NO 15/9-F-14 H,2014-06-25 00:00:00,2943.0,23.24,114.0,80,6.95
NO 15/9-F-14 H,2014-06-25 06:00:00,2951.9,14.12,128.5,107,10.59
NO 15/9-F-14 H,2014-06-25 12:00:00,2953.5,14.91,85.7,85,5.82
NO 15/9-F-14 H,2014-06-25 18:00:00,2964.0,12.83,134.1,101,12.71
NO 15/9-F-14 H,2014-06-26 00:00:00,2949.0,26.56,168.6,91,14.03
NO 15/9-F-14 H,2014-06-26 06:00:00,2958.3,30.42,77.7,69,9.77
NO 15/9-F-14 H,2014-06-26 12:00:00,2973.1,11.83,159.1,84,9.56
NO 15/9-F-14 H,2014-06-26 18:00:00,2976.3,36.95,100.5,112,13.83
NO 15/9-F-14 H,2014-06-27 00:00:00,2959.8,21.13,118.5,85,13.41
NO 15/9-F-14 H,2014-06-27 06:00:00,2978.8,18.65,112.4,100,16.78
NO 15/9-F-14 H,2014-06-27 12:00:00,2965.1,7.63,137.9,111,15.7
NO 15/9-F-14 H,2014-06-27 18:00:00,2983.8,12.24,137.8,112,11.22
NO 15/9-F-14 H,2014-06-28 00:00:00,2987.0,3.96,49.7,102,9.07
NO 15/9-F-14 H,2014-06-28 06:00:00,2985.3,11.68,91.5,101,12.14
NO 15/9-F-14 H,2014-06-28 12:00:00,2978.7,21.61,88.3,115,8.49
NO 15/9-F-14 H,2014-06-28 18:00:00,2973.1,1.0,127.7,82,17.11
NO 15/9-F-14 H,2014-06-29 00:00:00,3003.0,10.02,103.6,71,14.96
NO 15/9-F-14 H,2014-06-29 06:00:00,2982.2,19.33,124.9,119,8.42
NO 15/9-F-14 H,2014-06-29 12:00:00,2991.1,16.29,89.3,133,10.77
NO 15/9-F-14 H,2014-06-29 18:00:00,2996.8,19.97,132.6,75,9.2
NO 15/9-F-14 H,2014-06-30 00:00:00,3001.8,14.98,149.7,105,16.53
NO 15/9-F-14 H,2014-06-30 06:00:00,3008.3,13.13,103.4,125,15.24
NO 15/9-F-14 H,2014-06-30 12:00:00,3009.9,8.1,141.5,124,8.39
NO 15/9-F-14 H,2014-06-30 18:00:00,3010.7,19.53,112.6,133,20.57
NO 15/9-F-14 H,2014-07-01 00:00:00,3009.9,23.9,80.3,53,9.94
NO 15/9-F-14 H,2014-07-01 06:00:00,3006.7,26.1,139.0,83,13.41
NO 15/9-F-14 H,2014-07-01 12:00:00,3024.5,18.76,102.3,110,6.99
NO 15/9-F-14 H,2014-07-01 18:00:00,3022.1,1.0,107.5,115,9.56
NO 15/9-F-14 H,2014-07-02 00:00:00,3027.2,10.68,146.2,83,16.39
NO 15/9-F-14 H,2014-07-02 06:00:00,3022.3,22.87,107.9,98,7.84
NO 15/9-F-14 H,2014-07-02 12:00:00,3032.3,19.37,95.6,91,7.35
NO 15/9-F-14 H,2014-07-02 18:00:00,3009.5,23.49,129.9,100,14.25
NO 15/9-F-14 H,2014-07-03 00:00:00,3040.2,10.32,143.1,100,12.03
NO 15/9-F-14 H,2014-07-03 06:00:00,3032.4,9.71,135.4,123,10.0
NO 15/9-F-14 H,2014-07-03 12:00:00,3032.9,19.66,116.0,69,19.04
NO 15/9-F-14 H,2014-07-03 18:00:00,3034.8,17.41,96.5,66,10.44
NO 15/9-F-14 H,2014-07-04 00:00:00,3036.4,14.59,110.3,116,12.29
NO 15/9-F-14 H,2014-07-04 06:00:00,3044.2,5.77,109.2,107,16.25
NO 15/9-F-14 H,2014-07-04 12:00:00,3048.3,15.21,95.5,104,8.19
NO 15/9-F-14 H,2014-07-04 18:00:00,3061.9,14.76,115.8,125,19.12
NO 15/9-F-14 H,2014-07-05 00:00:00,3051.8,18.02,119.5,107,13.22
NO 15/9-F-14 H,2014-07-05 06:00:00,3044.7,11.1,131.0,102,11.46
NO 15/9-F-14 H,2014-07-05 12:00:00,3074.6,19.47,92.0,117,8.71
NO 15/9-F-14 H,2014-07-05 18:00:00,3058.7,7.85,88.8,83,13.46
NO 15/9-F-14 H,2014-07-06 00:00:00,3060.3,21.79,98.1,118,2.5
NO 15/9-F-14 H,2014-07-06 06:00:00,3059.8,3.16,105.1,100,18.84
NO 15/9-F-14 H,2014-07-06 12:00:00,3055.4,17.5,144.5,116,17.21
NO 15/9-F-14 H,2014-07-06 18:00:00,3078.8,16.18,98.3,105,11.95
NO 15/9-F-14 H,2014-07-07 00:00:00,3062.0,12.96,114.6,128,18.56
NO 15/9-F-14 H,2014-07-07 06:00:00,3082.1,25.0,182.6,108,14.44
NO 15/9-F-14 H,2014-07-07 12:00:00,3074.3,19.49,92.0,74,9.5
NO 15/9-F-14 H,2014-07-07 18:00:00,3083.7,3.21,121.6,94,15.17
NO 15/9-F-14 H,2014-07-08 00:00:00,3079.1,23.49,86.2,113,11.97
NO 15/9-F-14 H,2014-07-08 06:00:00,3086.7,12.66,90.0,118,11.44
NO 15/9-F-14 H,2014-07-08 12:00:00,3086.5,17.46,119.0,98,18.56
NO 15/9-F-14 H,2014-07-08 18:00:00,3089.3,20.85,66.1,120,7.89
NO 15/9-F-14 H,2014-07-09 00:00:00,3101.6,19.29,132.2,96,13.26
NO 15/9-F-14 H,2014-07-09 06:00:00,3094.2,23.86,117.5,115,18.49
NO 15/9-F-14 H,2014-07-09 12:00:00,3087.8,8.63,86.2,123,8.97
NO 15/9-F-14 H,2014-07-09 18:00:00,3086.3,16.15,131.9,122,15.29
NO 15/9-F-14 H,2014-07-10 00:00:00,3097.0,3.78,122.3,79,8.05
NO 15/9-F-14 H,2014-07-10 06:00:00,3109.2,21.08,132.9,142,8.59
NO 15/9-F-14 H,2014-07-10 12:00:00,3111.4,12.44,114.4,67,5.16
NO 15/9-F-14 H,2014-07-10 18:00:00,3115.5,9.28,150.9,93,12.76
NO 15/9-F-14 H,2014-07-11 00:00:00,3114.9,12.02,104.2,90,10.72
NO 15/9-F-14 H,2014-07-11 06:00:00,3117.2,5.32,94.2,154,13.96
NO 15/9-F-14 H,2014-07-11 12:00:00,3110.6,21.13,108.6,94,13.59
NO 15/9-F-14 H,2014-07-11 18:00:00,3123.7,7.18,178.6,89,16.99
NO 15/9-F-14 H,2014-07-12 00:00:00,3133.6,8.92,133.6,111,11.24
NO 15/9-F-14 H,2014-07-12 06:00:00,3123.1,21.38,95.1,62,15.03
NO 15/9-F-14 H,2014-07-12 12:00:00,3131.9,13.8,106.0,108,11.27
NO 15/9-F-14 H,2014-07-12 18:00:00,3124.5,10.28,98.7,104,5.08
NO 15/9-F-14 H,2014-07-13 00:00:00,3140.0,16.86,134.7,92,16.19
NO 15/9-F-14 H,2014-07-13 06:00:00,3139.4,19.69,90.9,144,10.51
NO 15/9-F-14 H,2014-07-13 12:00:00,3137.7,16.05,63.0,95,13.25
NO 15/9-F-14 H,2014-07-13 18:00:00,3131.6,16.95,120.6,179,18.02
NO 15/9-F-14 H,2014-07-14 00:00:00,3144.4,19.98,127.1,87,12.99
NO 15/9-F-14 H,2014-07-14 06:00:00,3157.4,21.86,119.9,115,15.36
NO 15/9-F-14 H,2014-07-14 12:00:00,3147.6,26.67,89.9,112,15.72
NO 15/9-F-14 H,2014-07-14 18:00:00,3167.5,5.89,80.5,92,8.76
NO 15/9-F-14 H,2014-07-15 00:00:00,3141.4,20.85,143.2,96,11.91
NO 15/9-F-14 H,2014-07-15 06:00:00,3148.2,21.79,167.6,145,15.79
NO 15/9-F-14 H,2014-07-15 12:00:00,3151.1,25.08,140.7,117,16.18
NO 15/9-F-14 H,2014-07-15 18:00:00,3159.3,26.56,159.9,137,16.47
NO 15/9-F-14 H,2014-07-16 00:00:00,3169.1,1.6,104.3,86,7.88
NO 15/9-F-14 H,2014-07-16 06:00:00,3159.9,15.11,105.5,80,15.7
NO 15/9-F-14 H,2014-07-16 12:00:00,3166.8,10.96,117.5,149,10.96
NO 15/9-F-14 H,2014-07-16 18:00:00,3173.8,4.55,157.1,82,14.46
NO 15/9-F-14 H,2014-07-17 00:00:00,3172.8,6.2,130.8,70,15.98
NO 15/9-F-14 H,2014-07-17 06:00:00,3174.8,6.2,143.5,79,15.77
NO 15/9-F-14 H,2014-07-17 12:00:00,3176.1,13.78,90.9,118,10.34
NO 15/9-F-14 H,2014-07-17 18:00:00,3190.6,15.58,130.4,62,19.23
NO 15/9-F-14 H,2014-07-18 00:00:00,3175.4,23.55,66.1,109,13.27
NO 15/9-F-14 H,2014-07-18 06:00:00,3196.6,23.72,104.0,130,20.96
NO 15/9-F-14 H,2014-07-18 12:00:00,3182.0,13.76,109.7,102,10.04
NO 15/9-F-14 H,2014-07-18 18:00:00,3194.5,3.52,116.4,128,18.5
NO 15/9-F-14 H,2014-07-19 00:00:00,3196.2,22.45,111.6,86,17.09
NO 15/9-F-14 H,2014-07-19 06:00:00,3194.2,20.6,96.0,113,10.66
NO 15/9-F-14 H,2014-07-19 12:00:00,3197.1,10.19,90.2,113,15.21
NO 15/9-F-14 H,2014-07-19 18:00:00,3202.9,12.27,114.2,95,9.95
NO 15/9-F-14 H,2014-07-20 00:00:00,3200.1,10.32,50.3,85,16.29
NO 15/9-F-14 H,2014-07-20 06:00:00,3199.2,11.86,167.0,107,12.56
NO 15/9-F-14 H,2014-07-20 12:00:00,3215.7,14.56,85.7,114,4.05
NO 15/9-F-14 H,2014-07-20 18:00:00,3206.8,27.88,113.3,81,13.61
NO 15/9-F-14 H,2014-07-21 00:00:00,3212.2,14.76,118.2,95,14.34
NO 15/9-F-14 H,2014-07-21 06:00:00,3212.6,16.24,105.8,135,9.33
NO 15/9-F-14 H,2014-07-21 12:00:00,3219.0,12.03,222.1,136,12.31
NO 15/9-F-14 H,2014-07-21 18:00:00,3225.1,7.95,109.8,104,15.69
NO 15/9-F-14 H,2014-07-22 00:00:00,3216.1,9.88,92.7,82,8.35
NO 15/9-F-14 H,2014-07-22 06:00:00,3205.9,17.77,71.1,102,6.74
NO 15/9-F-14 H,2014-07-22 12:00:00,3244.2,22.42,45.8,101,10.52
NO 15/9-F-14 H,2014-07-22 18:00:00,3219.8,7.91,155.9,76,13.63
NO 15/9-F-14 H,2014-07-23 00:00:00,3233.7,11.13,162.0,94,14.68
NO 15/9-F-14 H,2014-07-23 06:00:00,3226.7,18.47,153.6,89,13.09
NO 15/9-F-14 H,2014-07-23 12:00:00,3236.3,17.03,92.2,136,11.38
NO 15/9-F-14 H,2014-07-23 18:00:00,3224.6,20.58,104.4,76,12.35
NO 15/9-F-14 H,2014-07-24 00:00:00,3257.9,10.83,118.5,102,15.5
NO 15/9-F-14 H,2014-07-24 06:00:00,3242.6,10.55,140.4,92,13.46
NO 15/9-F-14 H,2014-07-24 12:00:00,3245.6,14.29,102.4,115,15.15
NO 15/9-F-14 H,2014-07-24 18:00:00,3255.8,24.78,72.4,167,15.09
NO 15/9-F-14 H,2014-07-25 00:00:00,3246.1,17.05,134.6,117,18.26
NO 15/9-F-14 H,2014-07-25 06:00:00,3240.5,12.2,65.0,75,11.82
NO 15/9-F-14 H,2014-07-25 12:00:00,3267.5,18.77,98.9,81,8.15
NO 15/9-F-14 H,2014-07-25 18:00:00,3242.8,22.5,172.3,119,11.47
NO 15/9-F-14 H,2014-07-26 00:00:00,3263.6,5.21,100.8,117,16.07
NO 15/9-F-14 H,2014-07-26 06:00:00,3252.4,6.31,105.6,86,21.05
NO 15/9-F-14 H,2014-07-26 12:00:00,3269.9,19.6,121.4,94,9.14
NO 15/9-F-14 H,2014-07-26 18:00:00,3274.1,15.03,104.2,105,15.97
NO 15/9-F-14 H,2014-07-27 00:00:00,3270.4,13.76,63.1,99,14.69
NO 15/9-F-14 H,2014-07-27 06:00:00,3269.7,2.81,58.1,133,12.81
NO 15/9-F-14 H,2014-07-27 12:00:00,3270.5,22.74,95.5,73,11.96
NO 15/9-F-14 H,2014-07-27 18:00:00,3279.0,24.78,74.5,99,19.08
NO 15/9-F-14 H,2014-07-28 00:00:00,3278.4,12.72,97.2,109,14.38
NO 15/9-F-14 H,2014-07-28 06:00:00,3276.7,31.16,135.4,115,12.1
NO 15/9-F-14 H,2014-07-28 12:00:00,3284.4,12.77,109.8,130,14.76
NO 15/9-F-14 H,2014-07-28 18:00:00,3285.7,8.02,154.0,149,18.52
NO 15/9-F-14 H,2014-07-29 00:00:00,3313.9,19.18,99.0,139,8.29
NO 15/9-F-14 H,2014-07-29 06:00:00,3291.5,19.11,103.8,64,13.84
NO 15/9-F-14 H,2014-07-29 12:00:00,3292.6,25.1,116.5,115,9.02
NO 15/9-F-14 H,2014-07-29 18:00:00,3304.8,13.17,65.5,108,13.52
NO 15/9-F-14 H,2014-07-30 00:00:00,3317.0,7.15,105.3,125,18.04
NO 15/9-F-14 H,2014-07-30 06:00:00,3297.6,6.68,163.2,115,18.38
NO 15/9-F-14 H,2014-07-30 12:00:00,3305.5,9.36,75.2,120,12.76
NO 15/9-F-14 H,2014-07-30 18:00:00,3303.7,7.34,141.7,109,12.36
NO 15/9-F-14 H,2014-07-31 00:00:00,3321.5,2.75,130.9,117,12.01
NO 15/9-F-14 H,2014-07-31 06:00:00,3320.1,8.74,117.8,153,17.29
NO 15/9-F-14 H,2014-07-31 12:00:00,3322.0,10.85,127.0,97,14.93
NO 15/9-F-14 H,2014-07-31 18:00:00,3312.6,21.22,173.4,110,6.53
NO 15/9-F-14 H,2014-08-01 00:00:00,3322.7,14.85,82.4,103,13.82
NO 15/9-F-14 H,2014-08-01 06:00:00,3333.1,22.59,162.7,133,11.61
NO 15/9-F-14 H,2014-08-01 12:00:00,3339.5,9.27,118.0,117,17.27
NO 15/9-F-14 H,2014-08-01 18:00:00,3327.0,12.0,111.9,96,9.36
NO 15/9-F-14 H,2014-08-02 00:00:00,3336.3,19.76,124.4,122,13.63
NO 15/9-F-14 H,2014-08-02 06:00:00,3342.5,16.22,145.2,63,10.24
NO 15/9-F-14 H,2014-08-02 12:00:00,3339.1,18.33,127.2,95,9.8
NO 15/9-F-14 H,2014-08-02 18:00:00,3348.3,24.91,87.3,118,6.43
NO 15/9-F-14 H,2014-08-03 00:00:00,3326.3,11.91,132.9,67,14.26
NO 15/9-F-14 H,2014-08-03 06:00:00,3349.3,22.41,135.5,84,10.69
NO 15/9-F-14 H,2014-08-03 12:00:00,3347.4,20.16,125.0,132,8.17
NO 15/9-F-14 H,2014-08-03 18:00:00,3355.8,5.45,95.5,83,11.3
NO 15/9-F-14 H,2014-08-04 00:00:00,3369.2,14.96,70.2,97,12.99
NO 15/9-F-14 H,2014-08-04 06:00:00,3360.5,9.94,108.6,113,13.82
NO 15/9-F-14 H,2014-08-04 12:00:00,3344.0,20.45,145.8,112,11.97
NO 15/9-F-14 H,2014-08-04 18:00:00,3351.3,16.01,131.3,128,20.24
NO 15/9-F-14 H,2014-08-05 00:00:00,3367.6,16.93,116.1,82,6.05
NO 15/9-F-14 H,2014-08-05 06:00:00,3370.5,28.46,170.2,137,14.92
NO 15/9-F-14 H,2014-08-05 12:00:00,3380.7,22.63,139.2,102,10.47
NO 15/9-F-14 H,2014-08-05 18:00:00,3376.6,13.39,119.2,65,15.61
NO 15/9-F-14 H,2014-08-06 00:00:00,3364.3,15.5,67.4,114,12.62
NO 15/9-F-14 H,2014-08-06 06:00:00,3392.5,26.43,93.7,44,9.67
NO 15/9-F-14 H,2014-08-06 12:00:00,3374.2,17.8,119.1,90,14.39
NO 15/9-F-14 H,2014-08-06 18:00:00,3381.6,12.58,58.8,94,19.14
NO 15/9-F-14 H,2014-08-07 00:00:00,3376.5,18.79,106.5,86,12.5
NO 15/9-F-14 H,2014-08-07 06:00:00,3390.3,18.02,131.9,102,16.82
NO 15/9-F-14 H,2014-08-07 12:00:00,3399.2,7.25,90.0,111,7.05
NO 15/9-F-14 H,2014-08-07 18:00:00,3401.0,5.36,141.5,110,11.71
NO 15/9-F-14 H,2014-08-08 00:00:00,3392.3,10.6,86.3,80,6.75
NO 15/9-F-14 H,2014-08-08 06:00:00,3394.3,10.03,152.6,107,10.53
NO 15/9-F-14 H,2014-08-08 12:00:00,3403.0,11.17,123.1,103,13.16
NO 15/9-F-14 H,2014-08-08 18:00:00,3397.5,1.0,149.7,109,13.57
NO 15/9-F-14 H,2014-08-09 00:00:00,3410.1,23.48,78.3,85,17.23
NO 15/9-F-14 H,2014-08-09 06:00:00,3415.3,11.71,95.5,87,9.27
NO 15/9-F-14 H,2014-08-09 12:00:00,3410.0,16.38,151.4,94,14.48
NO 15/9-F-14 H,2014-08-09 18:00:00,3405.2,16.99,116.7,122,16.32
NO 15/9-F-14 H,2014-08-10 00:00:00,3411.6,24.14,140.9,144,8.14
NO 15/9-F-14 H,2014-08-10 06:00:00,3425.5,13.35,94.8,86,14.05
NO 15/9-F-14 H,2014-08-10 12:00:00,3440.8,15.3,193.9,81,6.64
NO 15/9-F-14 H,2014-08-10 18:00:00,3425.9,24.8,140.2,95,11.32
NO 15/9-F-14 H,2014-08-11 00:00:00,3417.3,9.54,138.5,156,13.05
NO 15/9-F-14 H,2014-08-11 06:00:00,3418.9,5.25,93.7,76,11.29
NO 15/9-F-14 H,2014-08-11 12:00:00,3427.3,6.32,121.8,131,11.44
NO 15/9-F-14 H,2014-08-11 18:00:00,3436.9,9.94,133.4,84,9.15
NO 15/9-F-14 H,2014-08-12 00:00:00,3421.7,11.96,118.2,114,15.53
NO 15/9-F-14 H,2014-08-12 06:00:00,3435.6,19.42,160.1,133,16.19
NO 15/9-F-14 H,2014-08-12 12:00:00,3442.1,25.24,34.5,101,11.92
NO 15/9-F-14 H,2014-08-12 18:00:00,3445.9,13.4,111.1,107,15.9
NO 15/9-F-14 H,2014-08-13 00:00:00,3442.7,20.82,143.5,138,17.17
NO 15/9-F-14 H,2014-08-13 06:00:00,3433.0,9.87,96.8,86,11.49
NO 15/9-F-14 H,2014-08-13 12:00:00,3459.0,23.05,98.3,116,8.97
NO 15/9-F-14 H,2014-08-13 18:00:00,3461.0,13.37,113.5,145,5.41
NO 15/9-F-14 H,2014-08-14 00:00:00,3453.4,19.3,154.5,84,10.58
NO 15/9-F-14 H,2014-08-14 06:00:00,3451.2,6.77,153.5,92,18.7
NO 15/9-F-14 H,2014-08-14 12:00:00,3455.6,23.19,132.9,105,10.42
NO 15/9-F-14 H,2014-08-14 18:00:00,3457.2,19.53,102.2,127,10.15
NO 15/9-F-14 H,2014-08-15 00:00:00,3463.6,8.03,130.2,87,7.16
NO 15/9-F-14 H,2014-08-15 06:00:00,3467.8,13.8,160.1,116,15.86
NO 15/9-F-14 H,2014-08-15 12:00:00,3456.7,14.67,78.9,153,16.78
NO 15/9-F-14 H,2014-08-15 18:00:00,3457.2,10.92,164.7,110,14.58
NO 15/9-F-14 H,2014-08-16 00:00:00,3470.0,15.35,99.3,109,10.05
NO 15/9-F-14 H,2014-08-16 06:00:00,3475.7,1.16,116.6,93,14.37
NO 15/9-F-14 H,2014-08-16 12:00:00,3466.1,11.99,111.6,161,15.87
NO 15/9-F-14 H,2014-08-16 18:00:00,3481.9,25.78,104.4,105,10.04
NO 15/9-F-14 H,2014-08-17 00:00:00,3490.6,19.34,95.8,134,21.34
NO 15/9-F-14 H,2014-08-17 06:00:00,3480.6,11.52,118.4,102,16.47
NO 15/9-F-14 H,2014-08-17 12:00:00,3494.8,15.8,174.9,108,9.01
NO 15/9-F-14 H,2014-08-17 18:00:00,3482.7,16.82,96.9,81,13.12
NO 15/9-F-14 H,2014-08-18 00:00:00,3495.7,18.97,122.7,74,10.91
NO 15/9-F-14 H,2014-08-18 06:00:00,3485.7,17.77,100.9,140,14.02
NO 15/9-F-14 H,2014-08-18 12:00:00,3495.3,2.25,115.5,89,13.21
NO 15/9-F-14 H,2014-08-18 18:00:00,3489.6,20.87,58.4,80,10.73
NO 15/9-F-14 H,2014-08-19 00:00:00,3501.4,18.53,157.9,132,8.76
NO 15/9-F-14 H,2014-08-19 06:00:00,3508.9,18.21,125.1,101,15.2
NO 15/9-F-14 H,2014-08-19 12:00:00,3517.7,10.03,105.5,133,14.95
NO 15/9-F-14 H,2014-08-19 18:00:00,3503.2,1.0,117.2,82,18.76
NO 15/9-F-14 H,2014-08-20 00:00:00,3508.6,21.82,106.9,126,10.75
NO 15/9-F-14 H,2014-08-20 06:00:00,3500.3,21.44,124.8,121,7.81
NO 15/9-F-14 H,2014-08-20 12:00:00,3521.6,17.32,91.3,94,11.5
NO 15/9-F-14 H,2014-08-20 18:00:00,3512.3,13.0,101.0,106,13.5
NO 15/9-F-14 H,2014-08-21 00:00:00,3514.9,9.52,104.4,108,17.49
NO 15/9-F-14 H,2014-08-21 06:00:00,3523.4,11.6,149.2,80,10.5
NO 15/9-F-14 H,2014-08-21 12:00:00,3536.7,17.39,131.5,84,9.21
NO 15/9-F-14 H,2014-08-21 18:00:00,3522.1,28.44,119.9,87,14.86
NO 15/9-F-14 H,2014-08-22 00:00:00,3541.1,24.56,152.1,75,10.95
NO 15/9-F-14 H,2014-08-22 06:00:00,3540.4,9.53,123.6,104,8.87
NO 15/9-F-14 H,2014-08-22 12:00:00,3537.3,10.24,96.3,74,17.11
NO 15/9-F-14 H,2014-08-22 18:00:00,3546.6,13.69,102.3,135,7.87
NO 15/9-F-14 H,2014-08-23 00:00:00,3541.7,18.84,159.0,121,21.07
NO 15/9-F-14 H,2014-08-23 06:00:00,3535.4,11.61,104.8,106,13.49
NO 15/9-F-14 H,2014-08-23 12:00:00,3547.0,9.37,137.9,93,11.16
NO 15/9-F-14 H,2014-08-23 18:00:00,3548.3,4.88,159.9,114,12.3
NO 15/9-F-14 H,2014-08-24 00:00:00,3542.7,4.96,158.9,95,12.27
NO 15/9-F-14 H,2014-08-24 06:00:00,3562.7,15.29,148.1,125,12.67
NO 15/9-F-14 H,2014-08-24 12:00:00,3550.7,21.38,124.6,79,10.45
NO 15/9-F-14 H,2014-08-24 18:00:00,3546.7,14.39,100.9,106,12.66
NO 15/9-F-14 H,2014-08-25 00:00:00,3554.8,36.09,104.8,124,10.22
NO 15/9-F-14 H,2014-08-25 06:00:00,3567.6,17.08,82.9,119,10.81
NO 15/9-F-14 H,2014-08-25 12:00:00,3575.9,11.63,109.6,86,20.47
NO 15/9-F-14 H,2014-08-25 18:00:00,3571.6,25.01,150.3,140,12.92
NO 15/9-F-14 H,2014-08-26 00:00:00,3573.3,25.14,107.5,77,3.27
NO 15/9-F-14 H,2014-08-26 06:00:00,3592.7,33.95,104.0,93,7.78
NO 15/9-F-14 H,2014-08-26 12:00:00,3569.8,25.49,109.8,117,13.33
NO 15/9-F-14 H,2014-08-26 18:00:00,3575.1,17.74,133.8,110,13.81
NO 15/9-F-14 H,2014-08-27 00:00:00,3579.8,13.65,118.6,113,13.28
NO 15/9-F-14 H,2014-08-27 06:00:00,3575.4,6.4,119.3,126,10.5
NO 15/9-F-14 H,2014-08-27 12:00:00,3582.1,6.8,146.1,96,8.55
NO 15/9-F-14 H,2014-08-27 18:00:00,3603.7,12.09,106.7,104,9.7
NO 15/9-F-14 H,2014-08-28 00:00:00,3590.9,20.37,105.4,90,14.56
NO 15/9-F-14 H,2014-08-28 06:00:00,3597.3,5.99,152.4,89,14.04
NO 15/9-F-14 H,2014-08-28 12:00:00,3588.9,20.98,143.8,95,15.01
NO 15/9-F-14 H,2014-08-28 18:00:00,3598.1,16.53,113.7,120,18.87
NO 15/9-F-14 H,2014-08-29 00:00:00,3611.5,8.11,83.6,109,15.18
NO 15/9-F-14 H,2014-08-29 06:00:00,3600.1,26.13,162.1,106,15.4
NO 15/9-F-14 H,2014-08-29 12:00:00,3621.8,18.2,75.3,161,11.82
NO 15/9-F-14 H,2014-08-29 18:00:00,3612.7,24.04,155.4,105,14.22
NO 15/9-F-14 H,2014-08-30 00:00:00,3623.6,4.94,182.5,95,18.5
NO 15/9-F-14 H,2014-08-30 06:00:00,3622.3,4.23,113.0,108,6.39
NO 15/9-F-14 H,2014-08-30 12:00:00,3623.2,8.74,44.0,103,12.99
NO 15/9-F-14 H,2014-08-30 18:00:00,3623.6,8.68,107.1,104,15.89
NO 15/9-F-14 H,2014-08-31 00:00:00,3625.2,17.61,151.1,106,12.34
NO 15/9-F-14 H,2014-08-31 06:00:00,3634.7,23.23,140.5,68,10.66
NO 15/9-F-14 H,2014-08-31 12:00:00,3621.7,3.54,128.7,95,19.8
NO 15/9-F-14 H,2014-08-31 18:00:00,3633.3,17.07,153.3,117,9.17
NO 15/9-F-14 H,2014-09-01 00:00:00,3621.3,22.95,154.4,110,14.12
NO 15/9-F-14 H,2014-09-01 06:00:00,3647.6,20.09,85.7,129,17.43
NO 15/9-F-14 H,2014-09-01 12:00:00,3643.6,14.04,138.3,107,11.95
NO 15/9-F-14 H,2014-09-01 18:00:00,3643.8,15.48,116.5,92,8.4
NO 15/9-F-14 H,2014-09-02 00:00:00,3637.8,17.62,160.3,82,12.56
NO 15/9-F-14 H,2014-09-02 06:00:00,3644.5,23.98,116.6,130,15.65
NO 15/9-F-14 H,2014-09-02 12:00:00,3650.8,18.08,91.6,105,10.54
NO 15/9-F-14 H,2014-09-02 18:00:00,3631.6,10.83,121.6,105,8.67
NO 15/9-F-14 H,2014-09-03 00:00:00,3656.1,31.31,111.2,93,10.05
NO 15/9-F-14 H,2014-09-03 06:00:00,3651.4,21.99,121.3,149,15.71
NO 15/9-F-14 H,2014-09-03 12:00:00,3668.0,1.0,134.9,66,9.06
NO 15/9-F-14 H,2014-09-03 18:00:00,3665.8,8.2,135.5,115,8.22
NO 15/9-F-14 H,2014-09-04 00:00:00,3667.4,12.78,155.8,111,10.65
NO 15/9-F-14 H,2014-09-04 06:00:00,3674.0,11.2,129.1,111,17.52
NO 15/9-F-14 H,2014-09-04 12:00:00,3674.2,16.61,87.7,128,15.35
NO 15/9-F-14 H,2014-09-04 18:00:00,3688.0,28.63,146.9,102,16.25
NO 15/9-F-14 H,2014-09-05 00:00:00,3676.4,8.71,109.0,123,12.02
NO 15/9-F-14 H,2014-09-05 06:00:00,3686.1,13.35,98.6,93,15.37
NO 15/9-F-14 H,2014-09-05 12:00:00,3690.2,8.51,82.4,83,17.35
NO 15/9-F-14 H,2014-09-05 18:00:00,3679.4,11.98,126.2,125,11.76
NO 15/9-F-14 H,2014-09-06 00:00:00,3690.3,25.37,97.8,113,16.75
NO 15/9-F-14 H,2014-09-06 06:00:00,3689.8,30.64,137.1,117,11.01
NO 15/9-F-14 H,2014-09-06 12:00:00,3685.4,21.55,112.0,102,9.71
NO 15/9-F-14 H,2014-09-06 18:00:00,3697.7,15.84,123.0,107,6.74
NO 15/9-F-14 H,2014-09-07 00:00:00,3697.8,8.9,128.4,85,15.38
NO 15/9-F-14 H,2014-09-07 06:00:00,3716.2,1.0,161.2,108,17.36
NO 15/9-F-14 H,2014-09-07 12:00:00,3703.8,24.58,134.1,40,15.78
NO 15/9-F-14 H,2014-09-07 18:00:00,3707.6,15.08,119.5,112,6.99
NO 15/9-F-14 H,2014-09-08 00:00:00,3713.1,7.76,25.6,104,17.71
NO 15/9-F-14 H,2014-09-08 06:00:00,3708.8,10.87,129.1,124,8.32
NO 15/9-F-14 H,2014-09-08 12:00:00,3708.9,16.85,138.9,105,11.06
NO 15/9-F-14 H,2014-09-08 18:00:00,3710.6,18.69,86.0,137,12.25
NO 15/9-F-14 H,2014-09-09 00:00:00,3700.6,28.84,140.9,87,15.81
NO 15/9-F-14 H,2014-09-09 06:00:00,3712.0,12.03,94.4,96,13.65
NO 15/9-F-14 H,2014-09-09 12:00:00,3731.0,2.58,131.9,89,18.94
NO 15/9-F-14 H,2014-09-09 18:00:00,3725.6,27.16,158.3,132,6.47
NO 15/9-F-14 H,2014-09-10 00:00:00,3720.9,30.72,126.3,144,22.2
NO 15/9-F-14 H,2014-09-10 06:00:00,3735.3,17.23,66.2,103,15.3
NO 15/9-F-14 H,2014-09-10 12:00:00,3739.5,13.83,89.9,135,13.23
NO 15/9-F-14 H,2014-09-10 18:00:00,3731.6,13.5,117.2,105,16.28
NO 15/9-F-14 H,2014-09-11 00:00:00,3751.8,23.88,144.7,95,17.16
NO 15/9-F-14 H,2014-09-11 06:00:00,3736.9,12.95,129.8,111,9.68
NO 15/9-F-14 H,2014-09-11 12:00:00,3735.5,17.18,124.1,128,19.89
NO 15/9-F-14 H,2014-09-11 18:00:00,3742.3,31.9,109.4,79,14.26
NO 15/9-F-14 H,2014-09-12 00:00:00,3744.7,13.98,111.1,108,12.96
NO 15/9-F-14 H,2014-09-12 06:00:00,3749.2,8.61,97.9,141,12.04
NO 15/9-F-14 H,2014-09-12 12:00:00,3747.7,14.14,179.6,102,13.86
NO 15/9-F-14 H,2014-09-12 18:00:00,3758.2,7.57,164.0,141,9.23
NO 15/9-F-14 H,2014-09-13 00:00:00,3743.3,15.42,124.6,100,16.81
NO 15/9-F-14 H,2014-09-13 06:00:00,3756.3,14.61,127.1,115,13.63
NO 15/9-F-14 H,2014-09-13 12:00:00,3756.1,2.32,95.4,84,13.59
NO 15/9-F-14 H,2014-09-13 18:00:00,3763.6,14.28,107.8,109,12.83
NO 15/9-F-14 H,2014-09-14 00:00:00,3746.3,6.57,79.9,130,13.0
NO 15/9-F-14 H,2014-09-14 06:00:00,3768.4,14.84,139.5,102,13.74
NO 15/9-F-14 H,2014-09-14 12:00:00,3768.2,17.55,146.9,135,10.81
NO 15/9-F-14 H,2014-09-14 18:00:00,3757.0,23.68,105.4,121,10.75
NO 15/9-F-14 H,2014-09-15 00:00:00,3775.3,6.64,146.8,146,12.5
NO 15/9-F-14 H,2014-09-15 06:00:00,3774.7,23.99,101.6,113,13.08
NO 15/9-F-14 H,2014-09-15 12:00:00,3788.5,14.41,111.9,82,17.35
NO 15/9-F-14 H,2014-09-15 18:00:00,3781.4,10.55,155.1,92,11.71
NO 15/9-F-14 H,2014-09-16 00:00:00,3786.7,20.2,148.6,136,8.47
NO 15/9-F-14 H,2014-09-16 06:00:00,3793.8,10.21,164.7,84,14.33
NO 15/9-F-14 H,2014-09-16 12:00:00,3792.5,11.16,97.3,50,15.58
NO 15/9-F-14 H,2014-09-16 18:00:00,3786.4,4.75,117.2,80,14.78
NO 15/9-F-14 H,2014-09-17 00:00:00,3798.9,15.8,58.3,83,8.32
NO 15/9-F-14 H,2014-09-17 06:00:00,3795.9,16.31,74.2,105,14.12
NO 15/9-F-14 H,2014-09-17 12:00:00,3793.8,13.84,139.3,58,9.71
NO 15/9-F-14 H,2014-09-17 18:00:00,3802.1,20.4,158.6,80,20.36
NO 15/9-F-14 H,2014-09-18 00:00:00,3791.5,24.92,144.2,121,11.95
NO 15/9-F-14 H,2014-09-18 06:00:00,3800.3,11.58,166.8,117,16.84
NO 15/9-F-14 H,2014-09-18 12:00:00,3796.6,24.95,103.7,94,12.33
NO 15/9-F-14 H,2014-09-18 18:00:00,3809.4,18.84,103.6,92,16.74
NO 15/9-F-14 H,2014-09-19 00:00:00,3801.7,6.89,95.2,107,20.71
NO 15/9-F-14 H,2014-09-19 06:00:00,3817.4,16.01,86.7,65,6.53
NO 15/9-F-14 H,2014-09-19 12:00:00,3825.5,18.77,100.0,85,11.29
NO 15/9-F-14 H,2014-09-19 18:00:00,3826.4,10.53,64.8,117,13.01
NO 15/9-F-14 H,2014-09-20 00:00:00,3811.8,24.56,135.2,74,9.59
NO 15/9-F-14 H,2014-09-20 06:00:00,3813.6,22.28,125.0,110,6.07
NO 15/9-F-14 H,2014-09-20 12:00:00,3822.3,13.66,145.4,72,16.27
NO 15/9-F-14 H,2014-09-20 18:00:00,3828.9,16.71,60.3,108,9.53
NO 15/9-F-14 H,2014-09-21 00:00:00,3820.1,11.15,126.7,81,13.76
NO 15/9-F-14 H,2014-09-21 06:00:00,3829.3,12.43,82.1,76,14.67
NO 15/9-F-14 H,2014-09-21 12:00:00,3831.9,14.44,129.0,137,14.92
NO 15/9-F-14 H,2014-09-21 18:00:00,3836.3,22.02,127.6,76,12.41
NO 15/9-F-14 H,2014-09-22 00:00:00,3825.1,3.12,91.0,127,14.52
NO 15/9-F-14 H,2014-09-22 06:00:00,3833.1,15.15,148.4,125,10.99
NO 15/9-F-14 H,2014-09-22 12:00:00,3842.9,19.95,62.1,94,13.36
NO 15/9-F-14 H,2014-09-22 18:00:00,3843.2,12.38,137.0,114,14.16
NO 15/9-F-14 H,2014-09-23 00:00:00,3850.8,21.72,111.2,138,15.98
NO 15/9-F-14 H,2014-09-23 06:00:00,3850.9,24.33,137.9,64,14.85
NO 15/9-F-14 H,2014-09-23 12:00:00,3858.1,16.81,120.8,95,20.87
NO 15/9-F-14 H,2014-09-23 18:00:00,3847.3,25.46,99.8,71,7.84
NO 15/9-F-14 H,2014-09-24 00:00:00,3860.5,22.89,88.6,119,12.04
NO 15/9-F-14 H,2014-09-24 06:00:00,3852.1,19.45,115.6,97,16.49
NO 15/9-F-14 H,2014-09-24 12:00:00,3871.6,20.66,125.9,117,12.44
NO 15/9-F-14 H,2014-09-24 18:00:00,3877.5,8.42,129.3,111,9.12
NO 15/9-F-14 H,2014-09-25 00:00:00,3865.3,18.78,132.6,92,17.43
NO 15/9-F-14 H,2014-09-25 06:00:00,3873.8,16.69,76.7,108,16.1
NO 15/9-F-14 H,2014-09-25 12:00:00,3880.8,17.25,93.8,104,13.24
NO 15/9-F-14 H,2014-09-25 18:00:00,3877.0,8.44,29.4,159,12.35
NO 15/9-F-14 H,2014-09-26 00:00:00,3883.1,17.56,99.6,105,17.44
NO 15/9-F-14 H,2014-09-26 06:00:00,3878.2,18.4,76.3,148,12.24
NO 15/9-F-14 H,2014-09-26 12:00:00,3899.7,12.24,103.9,94,12.01
NO 15/9-F-14 H,2014-09-26 18:00:00,3889.0,22.96,125.1,120,14.81
NO 15/9-F-14 H,2014-09-27 00:00:00,3889.8,29.42,84.9,113,16.23
NO 15/9-F-14 H,2014-09-27 06:00:00,3900.7,16.1,90.8,92,9.92
NO 15/9-F-14 H,2014-09-27 12:00:00,3901.9,18.38,69.0,131,15.12
NO 15/9-F-14 H,2014-09-27 18:00:00,3886.7,4.72,68.6,159,13.67
NO 15/9-F-14 H,2014-09-28 00:00:00,3910.9,18.29,186.0,78,10.07
NO 15/9-F-14 H,2014-09-28 06:00:00,3902.9,12.4,104.5,117,15.95
NO 15/9-F-14 H,2014-09-28 12:00:00,3892.7,31.85,139.6,109,10.73
NO 15/9-F-14 H,2014-09-28 18:00:00,3907.7,31.76,136.9,69,12.57
NO 15/9-F-14 H,2014-09-29 00:00:00,3904.3,21.61,94.3,143,11.4
NO 15/9-F-14 H,2014-09-29 06:00:00,3918.2,10.41,125.1,77,16.8
NO 15/9-F-14 H,2014-09-29 12:00:00,3923.8,16.9,138.8,113,13.69
NO 15/9-F-14 H,2014-09-29 18:00:00,3919.8,25.61,106.6,124,14.21
NO 15/9-F-14 H,2014-09-30 00:00:00,3917.4,16.78,110.6,83,14.21
NO 15/9-F-14 H,2014-09-30 06:00:00,3917.0,7.25,62.0,113,7.13
NO 15/9-F-14 H,2014-09-30 12:00:00,3930.6,25.57,96.8,108,10.67
NO 15/9-F-14 H,2014-09-30 18:00:00,3928.6,16.44,138.7,127,11.49
NO 15/9-F-14 H,2014-10-01 00:00:00,3921.6,10.76,31.3,137,10.15
NO 15/9-F-14 H,2014-10-01 06:00:00,3940.7,16.51,144.9,150,8.77
NO 15/9-F-14 H,2014-10-01 12:00:00,3931.1,11.03,100.2,70,12.84
NO 15/9-F-14 H,2014-10-01 18:00:00,3944.4,12.81,107.3,87,13.12
NO 15/9-F-14 H,2014-10-02 00:00:00,3938.0,16.98,120.7,94,15.39
NO 15/9-F-14 H,2014-10-02 06:00:00,3939.1,18.25,98.6,99,11.3
NO 15/9-F-14 H,2014-10-02 12:00:00,3948.7,6.95,104.6,83,13.04
NO 15/9-F-14 H,2014-10-02 18:00:00,3966.2,15.08,82.4,116,8.88
NO 15/9-F-14 H,2014-10-03 00:00:00,3955.8,13.68,72.5,92,10.46
NO 15/9-F-14 H,2014-10-03 06:00:00,3948.6,30.47,74.2,102,8.44
NO 15/9-F-14 H,2014-10-03 12:00:00,3963.8,24.26,172.9,97,19.47
NO 15/9-F-14 H,2014-10-03 18:00:00,3957.6,17.34,107.8,97,8.0
NO 15/9-F-14 H,2014-10-04 00:00:00,3974.1,13.07,104.9,105,13.19
NO 15/9-F-14 H,2014-10-04 06:00:00,3952.8,20.72,153.4,147,15.62
NO 15/9-F-14 H,2014-10-04 12:00:00,3980.7,9.19,77.3,100,14.12
NO 15/9-F-14 H,2014-10-04 18:00:00,3975.3,8.86,104.5,105,9.77
NO 15/9-F-14 H,2014-10-05 00:00:00,3965.0,22.94,52.8,128,20.36
NO 15/9-F-14 H,2014-10-05 06:00:00,3965.5,16.2,103.1,105,12.36
NO 15/9-F-14 H,2014-10-05 12:00:00,3985.0,18.21,121.3,88,15.93
NO 15/9-F-14 H,2014-10-05 18:00:00,3976.0,8.51,113.2,119,17.21
NO 15/9-F-14 H,2014-10-06 00:00:00,3973.0,15.14,142.3,101,15.98
NO 15/9-F-14 H,2014-10-06 06:00:00,3986.3,17.39,136.1,122,15.15
NO 15/9-F-14 H,2014-10-06 12:00:00,3991.6,10.28,93.0,102,9.78
NO 15/9-F-14 H,2014-10-06 18:00:00,3993.9,29.0,97.5,99,13.8
NO 15/9-F-14 H,2014-10-07 00:00:00,3983.0,10.52,83.3,113,12.68
NO 15/9-F-14 H,2014-10-07 06:00:00,3989.8,19.86,129.1,154,14.83
NO 15/9-F-14 H,2014-10-07 12:00:00,3998.3,4.24,108.8,121,13.99
NO 15/9-F-14 H,2014-10-07 18:00:00,3990.6,14.07,56.8,104,15.18
NO 15/9-F-14 H,2014-10-08 00:00:00,4000.6,22.27,97.6,136,13.03
NO 15/9-F-14 H,2014-10-08 06:00:00,4004.8,16.77,122.0,103,8.76
NO 15/9-F-14 H,2014-10-08 12:00:00,4007.4,8.98,82.8,95,13.91
NO 15/9-F-14 H,2014-10-08 18:00:00,3994.2,21.22,61.7,67,13.21
NO 15/9-F-14 H,2014-10-09 00:00:00,4008.6,20.39,108.4,79,9.38
NO 15/9-F-14 H,2014-10-09 06:00:00,4009.0,8.81,94.6,142,12.93
NO 15/9-F-14 H,2014-10-09 12:00:00,4011.8,16.9,80.4,125,11.6
NO 15/9-F-14 H,2014-10-09 18:00:00,4031.3,16.56,114.4,88,12.63
NO 15/9-F-14 H,2014-10-10 00:00:00,4026.1,16.86,54.8,93,9.75
NO 15/9-F-14 H,2014-10-10 06:00:00,4020.7,10.08,122.5,80,12.18
NO 15/9-F-14 H,2014-10-10 12:00:00,4038.2,12.59,121.1,160,13.5
NO 15/9-F-14 H,2014-10-10 18:00:00,4041.5,22.53,166.1,70,14.26
NO 15/9-F-14 H,2014-10-11 00:00:00,4031.0,14.6,77.6,113,12.18
NO 15/9-F-14 H,2014-10-11 06:00:00,4028.7,1.97,158.3,115,14.84
NO 15/9-F-14 H,2014-10-11 12:00:00,4041.7,18.68,91.3,134,11.66
NO 15/9-F-14 H,2014-10-11 18:00:00,4028.3,20.5,78.6,131,9.95
NO 15/9-F-14 H,2014-10-12 00:00:00,4043.6,15.17,118.0,145,10.14
NO 15/9-F-14 H,2014-10-12 06:00:00,4041.7,18.26,96.8,155,13.39
NO 15/9-F-14 H,2014-10-12 12:00:00,4033.5,27.11,177.8,72,17.29
NO 15/9-F-14 H,2014-10-12 18:00:00,4060.7,15.66,98.7,82,6.1
NO 15/9-F-14 H,2014-10-13 00:00:00,4044.0,22.13,141.7,113,10.89
NO 15/9-F-14 H,2014-10-13 06:00:00,4036.1,6.25,100.5,101,12.41
NO 15/9-F-14 H,2014-10-13 12:00:00,4055.2,17.67,178.3,112,13.31
NO 15/9-F-14 H,2014-10-13 18:00:00,4047.7,18.12,142.4,132,12.49
NO 15/9-F-14 H,2014-10-14 00:00:00,4075.6,3.52,110.7,63,7.78
NO 15/9-F-14 H,2014-10-14 06:00:00,4059.7,10.96,122.2,105,10.61
NO 15/9-F-14 H,2014-10-14 12:00:00,4084.4,14.41,127.4,115,11.66
NO 15/9-F-14 H,2014-10-14 18:00:00,4054.7,5.92,81.5,48,21.71
NO 15/9-F-14 H,2014-10-15 00:00:00,4090.0,3.71,99.3,123,9.21
NO 15/9-F-14 H,2014-10-15 06:00:00,4073.0,19.04,137.6,142,16.47
NO 15/9-F-14 H,2014-10-15 12:00:00,4073.9,2.71,120.9,130,12.16
NO 15/9-F-14 H,2014-10-15 18:00:00,4078.4,20.96,117.8,119,19.58
NO 15/9-F-14 H,2014-10-16 00:00:00,4088.8,17.17,149.8,114,14.06
NO 15/9-F-14 H,2014-10-16 06:00:00,4077.5,11.7,71.2,148,16.79
NO 15/9-F-14 H,2014-10-16 12:00:00,4093.8,8.99,52.7,102,11.45
NO 15/9-F-14 H,2014-10-16 18:00:00,4084.3,13.53,141.4,97,13.07
NO 15/9-F-14 H,2014-10-17 00:00:00,4086.9,21.1,125.4,106,12.71
NO 15/9-F-14 H,2014-10-17 06:00:00,4092.5,12.11,147.7,89,7.49
NO 15/9-F-14 H,2014-10-17 12:00:00,4102.9,8.05,101.7,119,11.52
NO 15/9-F-14 H,2014-10-17 18:00:00,4092.2,6.74,88.1,97,13.36
NO 15/9-F-14 H,2014-10-18 00:00:00,4117.6,38.7,158.9,124,12.66
NO 15/9-F-14 H,2014-10-18 06:00:00,4100.2,22.16,156.3,114,13.21
NO 15/9-F-14 H,2014-10-18 12:00:00,4124.8,3.39,101.2,89,11.68
NO 15/9-F-14 H,2014-10-18 18:00:00,4102.4,20.07,125.0,83,2.5
NO 15/9-F-14 H,2014-10-19 00:00:00,4131.1,24.94,142.7,115,18.17
NO 15/9-F-14 H,2014-10-19 06:00:00,4123.3,12.47,124.3,89,15.29
NO 15/9-F-14 H,2014-10-19 12:00:00,4130.6,11.1,118.6,118,11.94
NO 15/9-F-14 H,2014-10-19 18:00:00,4109.0,11.25,84.6,89,17.98
NO 15/9-F-14 H,2014-10-20 00:00:00,4115.3,8.48,104.7,116,13.65
NO 15/9-F-14 H,2014-10-20 06:00:00,4117.1,6.01,102.0,115,9.25
NO 15/9-F-14 H,2014-10-20 12:00:00,4127.0,19.67,87.5,150,13.53
NO 15/9-F-14 H,2014-10-20 18:00:00,4135.6,18.04,82.0,111,18.14
NO 15/9-F-14 H,2014-10-21 00:00:00,4140.5,19.71,101.4,104,12.21
NO 15/9-F-14 H,2014-10-21 06:00:00,4138.9,17.15,104.1,69,17.45
NO 15/9-F-14 H,2014-10-21 12:00:00,4142.4,17.34,173.1,117,19.26
NO 15/9-F-14 H,2014-10-21 18:00:00,4151.4,16.27,115.2,118,15.72
NO 15/9-F-14 H,2014-10-22 00:00:00,4142.5,20.61,150.5,130,7.65
NO 15/9-F-14 H,2014-10-22 06:00:00,4141.5,8.9,110.7,119,15.38
NO 15/9-F-14 H,2014-10-22 12:00:00,4152.6,7.08,169.9,121,11.79
NO 15/9-F-14 H,2014-10-22 18:00:00,4154.0,1.0,69.7,89,9.97
NO 15/9-F-14 H,2014-10-23 00:00:00,4141.4,23.06,153.8,127,12.15
NO 15/9-F-14 H,2014-10-23 06:00:00,4156.3,26.07,53.6,54,7.37
NO 15/9-F-14 H,2014-10-23 12:00:00,4177.8,16.44,110.8,108,10.34
NO 15/9-F-14 H,2014-10-23 18:00:00,4160.5,11.12,121.8,98,17.74
NO 15/9-F-14 H,2014-10-24 00:00:00,4170.9,17.74,74.4,94,13.09
NO 15/9-F-14 H,2014-10-24 06:00:00,4163.4,11.16,146.4,83,10.22
NO 15/9-F-14 H,2014-10-24 12:00:00,4180.7,12.93,132.9,129,18.24
NO 15/9-F-14 H,2014-10-24 18:00:00,4175.0,14.06,82.7,106,7.59
NO 15/9-F-14 H,2014-10-25 00:00:00,4167.8,21.62,130.8,107,6.76
NO 15/9-F-14 H,2014-10-25 06:00:00,4182.9,9.06,134.5,112,15.76
NO 15/9-F-14 H,2014-10-25 12:00:00,4192.5,7.2,148.3,112,13.12
NO 15/9-F-14 H,2014-10-25 18:00:00,4185.0,9.79,97.9,130,16.4
NO 15/9-F-14 H,2014-10-26 00:00:00,4183.3,21.42,71.2,105,15.78
NO 15/9-F-14 H,2014-10-26 06:00:00,4190.7,14.01,111.5,148,19.21
NO 15/9-F-14 H,2014-10-26 12:00:00,4189.9,10.85,123.5,98,14.6
NO 15/9-F-14 H,2014-10-26 18:00:00,4197.1,5.8,194.0,124,12.36
NO 15/9-F-14 H,2014-10-27 00:00:00,4189.9,15.22,132.0,105,15.63
NO 15/9-F-14 H,2014-10-27 06:00:00,4187.3,21.09,166.4,132,14.08
NO 15/9-F-14 H,2014-10-27 12:00:00,4206.3,12.13,130.4,114,12.04
NO 15/9-F-14 H,2014-10-27 18:00:00,4218.0,25.09,87.7,163,10.22
NO 15/9-F-15 D,2014-01-01 00:00:00,1200.0,5.57,163.5,86,16.42
NO 15/9-F-15 D,2014-01-01 06:00:00,1216.7,24.75,78.5,97,12.96
NO 15/9-F-15 D,2014-01-01 12:00:00,1213.7,10.88,129.4,80,15.46
NO 15/9-F-15 D,2014-01-01 18:00:00,1213.8,6.06,86.8,88,7.04
NO 15/9-F-15 D,2014-01-02 00:00:00,1237.7,8.21,132.8,103,13.56
NO 15/9-F-15 D,2014-01-02 06:00:00,1235.1,6.37,148.0,142,9.44
NO 15/9-F-15 D,2014-01-02 12:00:00,1240.7,10.59,135.3,105,11.2
NO 15/9-F-15 D,2014-01-02 18:00:00,1250.5,20.31,71.9,125,5.96
NO 15/9-F-15 D,2014-01-03 00:00:00,1254.8,20.01,140.2,92,12.76
NO 15/9-F-15 D,2014-01-03 06:00:00,1260.5,5.79,184.3,99,9.38
NO 15/9-F-15 D,2014-01-03 12:00:00,1266.6,11.04,110.8,115,14.12
NO 15/9-F-15 D,2014-01-03 18:00:00,1280.0,17.01,128.4,106,13.14
NO 15/9-F-15 D,2014-01-04 00:00:00,1280.3,1.52,142.5,84,13.25
NO 15/9-F-15 D,2014-01-04 06:00:00,1289.0,19.67,86.5,87,7.37
NO 15/9-F-15 D,2014-01-04 12:00:00,1302.6,7.29,184.2,141,18.97
NO 15/9-F-15 D,2014-01-04 18:00:00,1296.8,12.1,136.8,100,13.73
NO 15/9-F-15 D,2014-01-05 00:00:00,1308.9,14.31,103.3,96,18.93
NO 15/9-F-15 D,2014-01-05 06:00:00,1319.4,14.88,110.3,101,15.58
NO 15/9-F-15 D,2014-01-05 12:00:00,1326.8,14.81,62.9,97,16.94
NO 15/9-F-15 D,2014-01-05 18:00:00,1319.1,19.33,76.5,88,18.77
NO 15/9-F-15 D,2014-01-06 00:00:00,1338.0,12.19,92.5,106,16.67
NO 15/9-F-15 D,2014-01-06 06:00:00,1338.9,9.83,127.0,112,10.09
NO 15/9-F-15 D,2014-01-06 12:00:00,1348.6,17.48,134.5,66,12.2
NO 15/9-F-15 D,2014-01-06 18:00:00,1355.1,14.41,105.1,103,8.78
NO 15/9-F-15 D,2014-01-07 00:00:00,1363.1,17.3,116.8,114,8.29
NO 15/9-F-15 D,2014-01-07 06:00:00,1366.2,10.79,105.9,77,13.69
NO 15/9-F-15 D,2014-01-07 12:00:00,1379.0,7.94,53.7,89,8.36
NO 15/9-F-15 D,2014-01-07 18:00:00,1387.4,28.73,154.2,110,12.96
NO 15/9-F-15 D,2014-01-08 00:00:00,1404.4,17.93,100.1,123,11.19
NO 15/9-F-15 D,2014-01-08 06:00:00,1389.0,14.15,130.1,81,11.49
NO 15/9-F-15 D,2014-01-08 12:00:00,1408.4,12.17,103.1,125,13.07
NO 15/9-F-15 D,2014-01-08 18:00:00,1401.3,29.55,206.6,137,14.24
NO 15/9-F-15 D,2014-01-09 00:00:00,1414.5,7.54,91.2,111,10.29
NO 15/9-F-15 D,2014-01-09 06:00:00,1414.8,21.33,119.9,108,15.38
NO 15/9-F-15 D,2014-01-09 12:00:00,1438.1,2.71,86.1,116,10.9
NO 15/9-F-15 D,2014-01-09 18:00:00,1436.8,9.71,68.3,114,13.67
NO 15/9-F-15 D,2014-01-10 00:00:00,1445.0,11.01,88.6,135,3.93
NO 15/9-F-15 D,2014-01-10 06:00:00,1452.2,12.47,70.8,74,9.98
NO 15/9-F-15 D,2014-01-10 12:00:00,1452.0,23.01,82.1,94,11.22
NO 15/9-F-15 D,2014-01-10 18:00:00,1471.4,9.91,98.5,118,11.37
NO 15/9-F-15 D,2014-01-11 00:00:00,1477.1,14.13,171.3,146,9.91
NO 15/9-F-15 D,2014-01-11 06:00:00,1475.8,20.72,99.3,150,17.92
NO 15/9-F-15 D,2014-01-11 12:00:00,1492.7,3.16,148.0,96,18.89
NO 15/9-F-15 D,2014-01-11 18:00:00,1503.5,20.62,168.8,98,13.27
NO 15/9-F-15 D,2014-01-12 00:00:00,1503.9,19.66,76.9,114,14.15
NO 15/9-F-15 D,2014-01-12 06:00:00,1510.6,10.14,33.9,109,15.41
NO 15/9-F-15 D,2014-01-12 12:00:00,1507.9,17.3,115.2,106,14.88
NO 15/9-F-15 D,2014-01-12 18:00:00,1528.8,9.87,89.4,106,17.58
NO 15/9-F-15 D,2014-01-13 00:00:00,1526.8,10.65,91.1,143,13.98
NO 15/9-F-15 D,2014-01-13 06:00:00,1528.1,3.92,147.6,108,16.05
NO 15/9-F-15 D,2014-01-13 12:00:00,1542.1,6.07,100.7,143,13.41
NO 15/9-F-15 D,2014-01-13 18:00:00,1550.2,10.64,161.3,112,4.63
NO 15/9-F-15 D,2014-01-14 00:00:00,1566.1,17.76,104.6,129,16.49
NO 15/9-F-15 D,2014-01-14 06:00:00,1568.3,23.87,147.8,120,15.59
NO 15/9-F-15 D,2014-01-14 12:00:00,1560.0,9.23,127.2,92,21.49
NO 15/9-F-15 D,2014-01-14 18:00:00,1578.0,12.21,76.8,62,8.2
NO 15/9-F-15 D,2014-01-15 00:00:00,1599.4,8.2,104.0,95,11.01
NO 15/9-F-15 D,2014-01-15 06:00:00,1596.9,17.69,107.9,104,16.57
NO 15/9-F-15 D,2014-01-15 12:00:00,1600.6,10.69,109.6,90,17.19
NO 15/9-F-15 D,2014-01-15 18:00:00,1607.7,17.33,124.8,79,13.89
NO 15/9-F-15 D,2014-01-16 00:00:00,1608.2,22.65,85.3,92,8.53
NO 15/9-F-15 D,2014-01-16 06:00:00,1633.7,6.13,101.0,119,10.89
NO 15/9-F-15 D,2014-01-16 12:00:00,1630.4,29.77,98.8,111,11.24
NO 15/9-F-15 D,2014-01-16 18:00:00,1636.2,11.79,67.2,105,14.72
NO 15/9-F-15 D,2014-01-17 00:00:00,1641.1,19.34,124.2,126,12.08
NO 15/9-F-15 D,2014-01-17 06:00:00,1651.3,17.89,100.2,114,14.85
NO 15/9-F-15 D,2014-01-17 12:00:00,1647.8,17.44,155.5,141,9.46
NO 15/9-F-15 D,2014-01-17 18:00:00,1663.3,21.27,95.6,95,7.62
NO 15/9-F-15 D,2014-01-18 00:00:00,1665.5,15.57,74.5,140,14.33
NO 15/9-F-15 D,2014-01-18 06:00:00,1657.6,18.18,97.3,140,8.97
NO 15/9-F-15 D,2014-01-18 12:00:00,1678.5,11.14,89.3,94,9.15
NO 15/9-F-15 D,2014-01-18 18:00:00,1680.6,13.15,107.9,122,17.81
NO 15/9-F-15 D,2014-01-19 00:00:00,1690.8,13.98,163.6,121,14.64
NO 15/9-F-15 D,2014-01-19 06:00:00,1706.3,21.63,164.3,87,18.0
NO 15/9-F-15 D,2014-01-19 12:00:00,1703.8,19.6,133.0,116,14.25
NO 15/9-F-15 D,2014-01-19 18:00:00,1716.2,21.07,138.7,143,10.76
NO 15/9-F-15 D,2014-01-20 00:00:00,1712.4,6.39,67.6,85,12.59
NO 15/9-F-15 D,2014-01-20 06:00:00,1737.6,13.33,96.1,127,5.89
NO 15/9-F-15 D,2014-01-20 12:00:00,1749.8,1.0,129.9,134,15.01
NO 15/9-F-15 D,2014-01-20 18:00:00,1750.4,14.17,125.1,120,13.23
NO 15/9-F-15 D,2014-01-21 00:00:00,1762.2,9.61,142.0,67,14.12
NO 15/9-F-15 D,2014-01-21 06:00:00,1755.4,17.0,102.9,123,14.0
NO 15/9-F-15 D,2014-01-21 12:00:00,1774.0,8.81,55.7,94,12.55
NO 15/9-F-15 D,2014-01-21 18:00:00,1783.6,13.56,135.2,127,15.92
NO 15/9-F-15 D,2014-01-22 00:00:00,1778.0,9.68,101.4,132,16.88
NO 15/9-F-15 D,2014-01-22 06:00:00,1780.8,19.46,148.2,116,19.62
NO 15/9-F-15 D,2014-01-22 12:00:00,1785.4,34.66,104.1,123,4.11
NO 15/9-F-15 D,2014-01-22 18:00:00,1799.6,14.47,133.5,63,18.91
NO 15/9-F-15 D,2014-01-23 00:00:00,1785.7,13.69,144.8,50,9.25
NO 15/9-F-15 D,2014-01-23 06:00:00,1826.3,23.38,115.5,118,14.37
NO 15/9-F-15 D,2014-01-23 12:00:00,1825.1,15.85,186.1,119,16.07
NO 15/9-F-15 D,2014-01-23 18:00:00,1829.5,6.48,157.0,133,2.82
NO 15/9-F-15 D,2014-01-24 00:00:00,1846.4,18.0,119.6,90,18.85
NO 15/9-F-15 D,2014-01-24 06:00:00,1847.1,10.8,131.5,77,12.03
NO 15/9-F-15 D,2014-01-24 12:00:00,1837.4,8.56,147.2,113,8.13
NO 15/9-F-15 D,2014-01-24 18:00:00,1849.0,16.06,144.3,83,11.02
NO 15/9-F-15 D,2014-01-25 00:00:00,1864.1,13.95,125.8,110,18.39
NO 15/9-F-15 D,2014-01-25 06:00:00,1875.1,10.33,150.1,114,18.23
NO 15/9-F-15 D,2014-01-25 12:00:00,1876.5,20.52,113.3,98,15.85
NO 15/9-F-15 D,2014-01-25 18:00:00,1879.1,21.25,148.2,96,8.45
NO 15/9-F-15 D,2014-01-26 00:00:00,1877.4,15.53,143.6,87,12.82
NO 15/9-F-15 D,2014-01-26 06:00:00,1883.8,26.31,82.8,110,10.16
NO 15/9-F-15 D,2014-01-26 12:00:00,1895.3,11.54,112.2,122,7.95
NO 15/9-F-15 D,2014-01-26 18:00:00,1905.8,16.02,167.5,142,15.12
NO 15/9-F-15 D,2014-01-27 00:00:00,1914.5,16.29,25.0,44,11.62
NO 15/9-F-15 D,2014-01-27 06:00:00,1906.9,10.87,28.9,117,13.45
NO 15/9-F-15 D,2014-01-27 12:00:00,1933.9,16.18,104.0,88,17.09
NO 15/9-F-15 D,2014-01-27 18:00:00,1952.2,19.78,108.4,86,8.58
NO 15/9-F-15 D,2014-01-28 00:00:00,1952.6,17.91,138.6,107,9.84
NO 15/9-F-15 D,2014-01-28 06:00:00,1958.1,7.37,109.4,103,15.36
NO 15/9-F-15 D,2014-01-28 12:00:00,1957.0,9.56,124.4,158,15.03
NO 15/9-F-15 D,2014-01-28 18:00:00,1966.7,9.04,91.8,87,10.01
NO 15/9-F-15 D,2014-01-29 00:00:00,1979.1,17.51,136.9,86,18.78
NO 15/9-F-15 D,2014-01-29 06:00:00,1961.7,13.99,169.5,152,8.78
NO 15/9-F-15 D,2014-01-29 12:00:00,1990.7,27.7,87.7,104,9.22
NO 15/9-F-15 D,2014-01-29 18:00:00,1989.6,20.67,95.3,109,11.67
NO 15/9-F-15 D,2014-01-30 00:00:00,1997.0,9.38,97.1,148,10.66
NO 15/9-F-15 D,2014-01-30 06:00:00,1993.9,22.53,80.0,107,13.2
NO 15/9-F-15 D,2014-01-30 12:00:00,2004.8,18.34,106.1,116,15.82
NO 15/9-F-15 D,2014-01-30 18:00:00,2021.6,10.44,146.8,91,4.58
NO 15/9-F-15 D,2014-01-31 00:00:00,2024.1,26.5,69.9,119,9.76
NO 15/9-F-15 D,2014-01-31 06:00:00,2025.4,12.1,149.0,128,14.76
NO 15/9-F-15 D,2014-01-31 12:00:00,2041.9,11.51,180.9,141,7.86
NO 15/9-F-15 D,2014-01-31 18:00:00,2042.3,24.72,45.9,111,15.04
NO 15/9-F-15 D,2014-02-01 00:00:00,2043.0,5.24,99.5,64,11.69
NO 15/9-F-15 D,2014-02-01 06:00:00,2077.9,27.45,117.4,96,5.91
NO 15/9-F-15 D,2014-02-01 12:00:00,2061.8,21.32,128.0,54,15.22
NO 15/9-F-15 D,2014-02-01 18:00:00,2083.6,18.11,77.7,84,6.21
NO 15/9-F-15 D,2014-02-02 00:00:00,2070.5,9.05,113.6,125,10.96
NO 15/9-F-15 D,2014-02-02 06:00:00,2089.9,8.75,152.0,93,8.79
NO 15/9-F-15 D,2014-02-02 12:00:00,2097.6,19.59,148.7,123,16.63
NO 15/9-F-15 D,2014-02-02 18:00:00,2110.8,25.24,99.5,115,11.95
NO 15/9-F-15 D,2014-02-03 00:00:00,2105.4,16.45,150.6,101,15.99
NO 15/9-F-15 D,2014-02-03 06:00:00,2115.7,21.23,134.9,126,14.88
NO 15/9-F-15 D,2014-02-03 12:00:00,2118.1,10.73,98.3,105,13.88
NO 15/9-F-15 D,2014-02-03 18:00:00,2136.9,26.48,104.1,105,10.16
NO 15/9-F-15 D,2014-02-04 00:00:00,2123.0,12.85,148.5,100,13.13
NO 15/9-F-15 D,2014-02-04 06:00:00,2140.6,27.29,78.1,124,14.33
NO 15/9-F-15 D,2014-02-04 12:00:00,2150.9,22.16,101.5,76,18.4
NO 15/9-F-15 D,2014-02-04 18:00:00,2165.6,1.25,111.2,94,14.5
NO 15/9-F-15 D,2014-02-05 00:00:00,2150.4,3.06,77.5,77,13.54
NO 15/9-F-15 D,2014-02-05 06:00:00,2162.0,3.83,63.3,131,15.06
NO 15/9-F-15 D,2014-02-05 12:00:00,2181.1,18.61,43.9,65,7.75
NO 15/9-F-15 D,2014-02-05 18:00:00,2179.4,5.18,126.8,96,14.11
NO 15/9-F-15 D,2014-02-06 00:00:00,2204.8,9.71,47.4,74,12.57
NO 15/9-F-15 D,2014-02-06 06:00:00,2196.1,24.83,135.4,97,14.27
NO 15/9-F-15 D,2014-02-06 12:00:00,2191.8,16.36,116.8,88,11.9
NO 15/9-F-15 D,2014-02-06 18:00:00,2219.9,12.0,107.4,72,12.31
NO 15/9-F-15 D,2014-02-07 00:00:00,2226.8,8.11,90.4,94,17.71
NO 15/9-F-15 D,2014-02-07 06:00:00,2214.7,30.21,141.8,118,15.14
NO 15/9-F-15 D,2014-02-07 12:00:00,2226.5,20.71,115.7,125,17.7
NO 15/9-F-15 D,2014-02-07 18:00:00,2232.1,14.06,144.7,130,18.26
NO 15/9-F-15 D,2014-02-08 00:00:00,2244.4,26.32,140.0,87,12.29
NO 15/9-F-15 D,2014-02-08 06:00:00,2253.2,25.71,65.2,104,15.25
NO 15/9-F-15 D,2014-02-08 12:00:00,2272.0,16.15,76.7,92,16.73
NO 15/9-F-15 D,2014-02-08 18:00:00,2252.4,25.03,64.8,99,6.93
NO 15/9-F-15 D,2014-02-09 00:00:00,2272.8,15.89,85.0,107,9.08
NO 15/9-F-15 D,2014-02-09 06:00:00,2270.1,21.03,96.7,88,9.05
NO 15/9-F-15 D,2014-02-09 12:00:00,2293.5,5.35,73.3,81,11.37
NO 15/9-F-15 D,2014-02-09 18:00:00,2290.2,6.04,91.1,127,16.68
NO 15/9-F-15 D,2014-02-10 00:00:00,2299.0,4.32,156.3,108,15.37
NO 15/9-F-15 D,2014-02-10 06:00:00,2314.1,28.59,127.5,50,12.19
NO 15/9-F-15 D,2014-02-10 12:00:00,2307.9,18.44,120.1,102,7.11
NO 15/9-F-15 D,2014-02-10 18:00:00,2329.9,25.44,87.1,91,11.85
NO 15/9-F-15 D,2014-02-11 00:00:00,2332.8,13.74,115.4,74,10.76
NO 15/9-F-15 D,2014-02-11 06:00:00,2337.8,11.73,100.1,112,12.48
NO 15/9-F-15 D,2014-02-11 12:00:00,2328.3,20.43,139.0,91,12.67
NO 15/9-F-15 D,2014-02-11 18:00:00,2348.8,6.79,121.8,88,14.92
NO 15/9-F-15 D,2014-02-12 00:00:00,2341.5,2.91,67.3,103,14.33
NO 15/9-F-15 D,2014-02-12 06:00:00,2357.5,24.23,103.6,86,12.03
NO 15/9-F-15 D,2014-02-12 12:00:00,2370.9,12.15,85.4,98,12.44
NO 15/9-F-15 D,2014-02-12 18:00:00,2366.1,2.94,160.4,102,13.14
NO 15/9-F-15 D,2014-02-13 00:00:00,2373.1,10.77,108.2,78,12.21
NO 15/9-F-15 D,2014-02-13 06:00:00,2383.9,18.59,97.5,105,10.81
NO 15/9-F-15 D,2014-02-13 12:00:00,2400.6,5.92,122.7,140,11.55
NO 15/9-F-15 D,2014-02-13 18:00:00,2410.1,18.91,106.7,123,10.5
NO 15/9-F-15 D,2014-02-14 00:00:00,2413.4,16.53,159.8,113,9.43
NO 15/9-F-15 D,2014-02-14 06:00:00,2424.7,16.62,105.5,106,14.76
NO 15/9-F-15 D,2014-02-14 12:00:00,2436.1,17.48,117.5,93,15.6
NO 15/9-F-15 D,2014-02-14 18:00:00,2416.4,15.01,119.4,101,12.92
NO 15/9-F-15 D,2014-02-15 00:00:00,2435.5,11.6,48.3,116,16.58
NO 15/9-F-15 D,2014-02-15 06:00:00,2449.9,21.08,119.5,114,14.32
NO 15/9-F-15 D,2014-02-15 12:00:00,2457.6,23.93,86.1,125,15.47
NO 15/9-F-15 D,2014-02-15 18:00:00,2463.3,10.1,107.0,45,7.35
NO 15/9-F-15 D,2014-02-16 00:00:00,2470.7,10.78,98.9,97,15.0
NO 15/9-F-15 D,2014-02-16 06:00:00,2472.4,18.09,71.6,108,10.55
NO 15/9-F-15 D,2014-02-16 12:00:00,2475.3,15.93,123.3,115,14.89
NO 15/9-F-15 D,2014-02-16 18:00:00,2489.4,18.08,143.5,118,11.03
NO 15/9-F-15 D,2014-02-17 00:00:00,2480.9,22.92,120.6,125,14.0
NO 15/9-F-15 D,2014-02-17 06:00:00,2508.5,18.09,128.1,79,11.11
NO 15/9-F-15 D,2014-02-17 12:00:00,2512.1,11.84,156.1,167,8.78
NO 15/9-F-15 D,2014-02-17 18:00:00,2518.2,16.78,79.0,51,14.76
NO 15/9-F-15 D,2014-02-18 00:00:00,2528.3,3.93,132.1,85,11.56
NO 15/9-F-15 D,2014-02-18 06:00:00,2525.6,12.21,155.4,87,7.69
NO 15/9-F-15 D,2014-02-18 12:00:00,2541.3,13.21,100.8,105,12.52
NO 15/9-F-15 D,2014-02-18 18:00:00,2538.9,37.88,80.8,85,11.73
NO 15/9-F-15 D,2014-02-19 00:00:00,2538.7,26.76,197.1,103,19.67
NO 15/9-F-15 D,2014-02-19 06:00:00,2552.7,3.86,110.1,80,17.8
NO 15/9-F-15 D,2014-02-19 12:00:00,2560.0,17.7,156.0,59,18.59
NO 15/9-F-15 D,2014-02-19 18:00:00,2558.4,23.59,129.5,94,11.07
NO 15/9-F-15 D,2014-02-20 00:00:00,2583.8,23.04,77.2,123,13.27
NO 15/9-F-15 D,2014-02-20 06:00:00,2572.2,12.61,110.1,150,8.87
NO 15/9-F-15 D,2014-02-20 12:00:00,2604.2,19.3,88.4,111,12.66
NO 15/9-F-15 D,2014-02-20 18:00:00,2593.9,9.34,101.9,110,13.41
NO 15/9-F-15 D,2014-02-21 00:00:00,2601.0,11.07,91.9,89,13.51
NO 15/9-F-15 D,2014-02-21 06:00:00,2606.3,10.87,122.4,97,19.06
NO 15/9-F-15 D,2014-02-21 12:00:00,2624.9,18.1,127.4,126,12.86
NO 15/9-F-15 D,2014-02-21 18:00:00,2631.6,15.66,113.6,85,13.7
NO 15/9-F-15 D,2014-02-22 00:00:00,2646.3,14.48,138.2,126,18.39
NO 15/9-F-15 D,2014-02-22 06:00:00,2627.8,14.8,157.0,87,15.6
NO 15/9-F-15 D,2014-02-22 12:00:00,2645.1,16.92,64.3,168,13.49
NO 15/9-F-15 D,2014-02-22 18:00:00,2654.9,14.46,112.3,114,19.8
NO 15/9-F-15 D,2014-02-23 00:00:00,2659.4,17.56,151.5,103,21.11
NO 15/9-F-15 D,2014-02-23 06:00:00,2656.8,5.88,203.8,110,11.95
NO 15/9-F-15 D,2014-02-23 12:00:00,2670.4,13.11,128.5,128,12.72
NO 15/9-F-15 D,2014-02-23 18:00:00,2674.3,14.63,151.9,99,19.17
NO 15/9-F-15 D,2014-02-24 00:00:00,2685.7,10.94,147.8,113,15.71
NO 15/9-F-15 D,2014-02-24 06:00:00,2688.0,35.01,80.8,103,10.17
NO 15/9-F-15 D,2014-02-24 12:00:00,2696.2,20.35,129.5,84,9.04
NO 15/9-F-15 D,2014-02-24 18:00:00,2714.4,19.49,129.6,68,15.55
NO 15/9-F-15 D,2014-02-25 00:00:00,2699.4,18.24,120.8,103,11.79
NO 15/9-F-15 D,2014-02-25 06:00:00,2714.6,9.0,123.4,116,3.99
NO 15/9-F-15 D,2014-02-25 12:00:00,2733.6,9.84,141.5,124,10.26
NO 15/9-F-15 D,2014-02-25 18:00:00,2728.3,10.63,99.2,116,10.41
NO 15/9-F-15 D,2014-02-26 00:00:00,2736.5,11.99,152.4,94,10.77
NO 15/9-F-15 D,2014-02-26 06:00:00,2750.5,12.39,150.1,89,12.21
NO 15/9-F-15 D,2014-02-26 12:00:00,2756.9,22.66,94.4,112,11.23
NO 15/9-F-15 D,2014-02-26 18:00:00,2763.1,10.61,81.6,72,13.7
NO 15/9-F-15 D,2014-02-27 00:00:00,2769.1,21.14,33.8,147,11.04
NO 15/9-F-15 D,2014-02-27 06:00:00,2773.7,18.36,112.0,117,8.25
NO 15/9-F-15 D,2014-02-27 12:00:00,2786.7,10.98,93.1,86,12.24
NO 15/9-F-15 D,2014-02-27 18:00:00,2783.3,23.79,152.4,106,10.56
NO 15/9-F-15 D,2014-02-28 00:00:00,2797.9,16.9,116.5,90,11.85
NO 15/9-F-15 D,2014-02-28 06:00:00,2803.3,15.6,128.7,73,11.13
NO 15/9-F-15 D,2014-02-28 12:00:00,2821.1,34.58,108.4,106,12.42
NO 15/9-F-15 D,2014-02-28 18:00:00,2806.6,22.14,90.7,80,14.36
NO 15/9-F-15 D,2014-03-01 00:00:00,2816.8,15.26,125.8,87,17.72
NO 15/9-F-15 D,2014-03-01 06:00:00,2820.1,18.83,123.4,128,20.19
NO 15/9-F-15 D,2014-03-01 12:00:00,2844.6,30.07,86.2,103,12.79
NO 15/9-F-15 D,2014-03-01 18:00:00,2848.8,16.2,124.7,130,10.88
NO 15/9-F-15 D,2014-03-02 00:00:00,2840.5,17.6,136.7,103,9.58
NO 15/9-F-15 D,2014-03-02 06:00:00,2853.0,13.19,196.2,158,9.77
NO 15/9-F-15 D,2014-03-02 12:00:00,2876.0,15.44,112.1,146,11.63
NO 15/9-F-15 D,2014-03-02 18:00:00,2883.0,17.77,91.6,112,12.73
NO 15/9-F-15 D,2014-03-03 00:00:00,2873.7,23.99,103.7,124,8.52
NO 15/9-F-15 D,2014-03-03 06:00:00,2880.3,10.1,135.5,133,15.63
NO 15/9-F-15 D,2014-03-03 12:00:00,2901.3,12.98,156.5,123,14.15
NO 15/9-F-15 D,2014-03-03 18:00:00,2899.3,33.39,94.9,137,7.52
NO 15/9-F-15 D,2014-03-04 00:00:00,2903.7,1.32,119.2,93,20.31
NO 15/9-F-15 D,2014-03-04 06:00:00,2912.4,15.58,84.3,85,17.01
NO 15/9-F-15 D,2014-03-04 12:00:00,2919.6,29.98,140.7,93,17.9
NO 15/9-F-15 D,2014-03-04 18:00:00,2916.4,7.29,67.5,105,10.26
NO 15/9-F-15 D,2014-03-05 00:00:00,2923.1,16.38,78.5,87,13.77
NO 15/9-F-15 D,2014-03-05 06:00:00,2934.0,14.16,61.9,120,16.12
NO 15/9-F-15 D,2014-03-05 12:00:00,2941.1,18.9,184.3,159,15.53
NO 15/9-F-15 D,2014-03-05 18:00:00,2950.8,18.51,87.5,113,12.34
NO 15/9-F-15 D,2014-03-06 00:00:00,2961.7,5.73,67.5,115,9.15
NO 15/9-F-15 D,2014-03-06 06:00:00,2970.1,11.58,49.1,87,15.56
NO 15/9-F-15 D,2014-03-06 12:00:00,2986.4,11.42,142.1,99,6.63
NO 15/9-F-15 D,2014-03-06 18:00:00,2981.7,16.6,158.0,126,17.41
NO 15/9-F-15 D,2014-03-07 00:00:00,2977.1,12.47,48.4,121,6.0
NO 15/9-F-15 D,2014-03-07 06:00:00,2993.4,9.47,99.1,93,17.86
NO 15/9-F-15 D,2014-03-07 12:00:00,3001.4,22.78,72.1,134,6.37
NO 15/9-F-15 D,2014-03-07 18:00:00,3006.5,23.81,105.9,124,16.51
NO 15/9-F-15 D,2014-03-08 00:00:00,3015.4,21.3,133.3,128,14.99
NO 15/9-F-15 D,2014-03-08 06:00:00,3024.2,3.06,153.6,142,14.54
NO 15/9-F-15 D,2014-03-08 12:00:00,3030.8,8.46,143.6,113,9.1
NO 15/9-F-15 D,2014-03-08 18:00:00,3036.3,22.02,82.0,75,11.87
NO 15/9-F-15 D,2014-03-09 00:00:00,3057.5,23.11,140.5,114,13.99
NO 15/9-F-15 D,2014-03-09 06:00:00,3041.6,20.66,160.1,100,15.75
NO 15/9-F-15 D,2014-03-09 12:00:00,3054.6,15.92,90.9,100,15.97
NO 15/9-F-15 D,2014-03-09 18:00:00,3057.9,13.62,113.6,113,15.73
NO 15/9-F-15 D,2014-03-10 00:00:00,3074.9,16.14,88.2,61,15.07
NO 15/9-F-15 D,2014-03-10 06:00:00,3065.9,14.91,96.8,95,16.12
NO 15/9-F-15 D,2014-03-10 12:00:00,3086.8,13.07,117.1,101,14.09
NO 15/9-F-15 D,2014-03-10 18:00:00,3081.3,1.0,158.7,91,14.75
NO 15/9-F-15 D,2014-03-11 00:00:00,3094.9,16.39,73.3,94,17.12
NO 15/9-F-15 D,2014-03-11 06:00:00,3113.6,17.82,148.7,174,14.54
NO 15/9-F-15 D,2014-03-11 12:00:00,3112.8,12.46,95.3,106,14.19
NO 15/9-F-15 D,2014-03-11 18:00:00,3125.4,10.75,172.4,92,11.1
NO 15/9-F-15 D,2014-03-12 00:00:00,3124.6,16.15,121.3,75,12.84
NO 15/9-F-15 D,2014-03-12 06:00:00,3139.8,10.29,121.0,96,18.69
NO 15/9-F-15 D,2014-03-12 12:00:00,3156.4,19.84,126.4,94,8.12
NO 15/9-F-15 D,2014-03-12 18:00:00,3144.7,20.34,85.2,83,12.6
NO 15/9-F-15 D,2014-03-13 00:00:00,3163.3,20.84,78.2,72,16.83
NO 15/9-F-15 D,2014-03-13 06:00:00,3154.5,9.44,102.7,126,16.69
NO 15/9-F-15 D,2014-03-13 12:00:00,3150.4,1.0,88.1,110,14.87
NO 15/9-F-15 D,2014-03-13 18:00:00,3175.1,26.03,131.3,101,9.06
NO 15/9-F-15 D,2014-03-14 00:00:00,3183.0,36.24,133.3,126,18.31
NO 15/9-F-15 D,2014-03-14 06:00:00,3195.8,14.86,96.1,81,12.57
NO 15/9-F-15 D,2014-03-14 12:00:00,3199.9,27.84,110.5,86,10.46
NO 15/9-F-15 D,2014-03-14 18:00:00,3198.2,24.69,136.7,87,7.0
NO 15/9-F-15 D,2014-03-15 00:00:00,3202.6,10.92,82.7,111,19.87
NO 15/9-F-15 D,2014-03-15 06:00:00,3227.2,21.34,64.5,89,12.67
NO 15/9-F-15 D,2014-03-15 12:00:00,3231.8,23.56,146.0,154,9.87
NO 15/9-F-15 D,2014-03-15 18:00:00,3232.2,20.11,86.4,129,7.24
NO 15/9-F-15 D,2014-03-16 00:00:00,3238.0,13.65,97.4,118,7.95
NO 15/9-F-15 D,2014-03-16 06:00:00,3239.0,11.56,115.0,90,15.16
NO 15/9-F-15 D,2014-03-16 12:00:00,3243.7,10.67,80.9,121,8.76
NO 15/9-F-15 D,2014-03-16 18:00:00,3244.6,8.41,138.9,65,14.07
NO 15/9-F-15 D,2014-03-17 00:00:00,3258.4,19.63,81.0,143,13.1
NO 15/9-F-15 D,2014-03-17 06:00:00,3261.3,15.31,53.1,84,15.11
NO 15/9-F-15 D,2014-03-17 12:00:00,3283.8,15.97,114.2,56,12.89
NO 15/9-F-15 D,2014-03-17 18:00:00,3286.6,18.91,72.0,85,12.67
NO 15/9-F-15 D,2014-03-18 00:00:00,3292.3,26.31,70.7,95,12.83
NO 15/9-F-15 D,2014-03-18 06:00:00,3297.5,7.43,137.5,85,12.74
NO 15/9-F-15 D,2014-03-18 12:00:00,3310.5,15.85,130.1,109,12.03
NO 15/9-F-15 D,2014-03-18 18:00:00,3310.6,11.35,112.0,71,10.92
NO 15/9-F-15 D,2014-03-19 00:00:00,3310.9,12.91,114.9,76,13.47
NO 15/9-F-15 D,2014-03-19 06:00:00,3320.9,29.89,63.1,94,10.86
NO 15/9-F-15 D,2014-03-19 12:00:00,3337.9,24.55,127.3,124,13.33
NO 15/9-F-15 D,2014-03-19 18:00:00,3359.3,23.84,140.0,97,15.82
NO 15/9-F-15 D,2014-03-20 00:00:00,3348.2,7.82,150.3,91,10.94
NO 15/9-F-15 D,2014-03-20 06:00:00,3358.7,16.17,173.2,126,20.23
NO 15/9-F-15 D,2014-03-20 12:00:00,3355.3,12.36,124.4,80,9.79
NO 15/9-F-15 D,2014-03-20 18:00:00,3355.6,11.25,56.2,141,8.41
NO 15/9-F-15 D,2014-03-21 00:00:00,3367.8,15.59,141.6,120,14.45
NO 15/9-F-15 D,2014-03-21 06:00:00,3388.5,12.73,124.8,96,12.34
NO 15/9-F-15 D,2014-03-21 12:00:00,3393.9,13.9,123.4,113,12.46
NO 15/9-F-15 D,2014-03-21 18:00:00,3392.3,16.03,72.7,54,15.8
NO 15/9-F-15 D,2014-03-22 00:00:00,3398.6,11.23,73.4,98,11.96
NO 15/9-F-15 D,2014-03-22 06:00:00,3397.4,7.38,94.1,97,22.5
NO 15/9-F-15 D,2014-03-22 12:00:00,3411.9,15.34,115.1,107,6.93
NO 15/9-F-15 D,2014-03-22 18:00:00,3413.0,15.26,81.7,74,11.68
NO 15/9-F-15 D,2014-03-23 00:00:00,3420.7,11.35,124.8,68,13.34
NO 15/9-F-15 D,2014-03-23 06:00:00,3437.0,4.02,36.6,75,6.12
NO 15/9-F-15 D,2014-03-23 12:00:00,3448.4,18.14,112.5,116,12.71
NO 15/9-F-15 D,2014-03-23 18:00:00,3450.2,1.0,68.0,106,15.33
NO 15/9-F-15 D,2014-03-24 00:00:00,3459.6,22.98,103.0,108,10.58
NO 15/9-F-15 D,2014-03-24 06:00:00,3474.2,28.64,101.5,99,13.95
NO 15/9-F-15 D,2014-03-24 12:00:00,3474.1,16.8,186.6,82,7.97
NO 15/9-F-15 D,2014-03-24 18:00:00,3481.7,12.39,130.0,112,18.91
NO 15/9-F-15 D,2014-03-25 00:00:00,3482.5,18.35,49.0,105,12.21
NO 15/9-F-15 D,2014-03-25 06:00:00,3479.1,15.86,80.6,65,19.12
NO 15/9-F-15 D,2014-03-25 12:00:00,3482.6,12.52,109.9,97,14.22
NO 15/9-F-15 D,2014-03-25 18:00:00,3516.3,12.71,150.6,155,17.25
NO 15/9-F-15 D,2014-03-26 00:00:00,3519.1,10.57,99.9,70,13.53
NO 15/9-F-15 D,2014-03-26 06:00:00,3521.6,21.67,141.1,127,12.94
NO 15/9-F-15 D,2014-03-26 12:00:00,3535.1,22.89,123.9,112,9.79
NO 15/9-F-15 D,2014-03-26 18:00:00,3534.9,15.79,99.7,110,15.27
NO 15/9-F-15 D,2014-03-27 00:00:00,3542.3,5.7,124.2,118,15.16
NO 15/9-F-15 D,2014-03-27 06:00:00,3531.7,26.64,104.0,127,16.15
NO 15/9-F-15 D,2014-03-27 12:00:00,3542.3,18.12,113.3,94,19.38
NO 15/9-F-15 D,2014-03-27 18:00:00,3553.1,7.34,116.3,116,17.85
NO 15/9-F-15 D,2014-03-28 00:00:00,3568.4,14.58,140.2,124,3.41
NO 15/9-F-15 D,2014-03-28 06:00:00,3568.0,13.11,137.4,114,14.95
NO 15/9-F-15 D,2014-03-28 12:00:00,3577.9,14.14,132.1,110,16.33
NO 15/9-F-15 D,2014-03-28 18:00:00,3596.3,14.25,98.1,130,16.03
NO 15/9-F-15 D,2014-03-29 00:00:00,3597.3,22.83,202.9,95,7.91
NO 15/9-F-15 D,2014-03-29 06:00:00,3602.1,27.91,146.0,110,10.61
